Indian Institute of Technology Bhubaneswar	Civil Engineering (4 Years, Bachelor of Technology) 	AI 	OBC-NCL 	Gender-Neutral 	4402 	5414
Indian Institute of Technology Bhubaneswar	Civil Engineering (4 Years, Bachelor of Technology) 	AI 	OBC-NCL 	Female-only (including Supernumerary) 	8189 	8600
Indian Institute of Technology Bhubaneswar	Computer Science and Engineering (4 Years, Bachelor of Technology) 	AI 	OBC-NCL 	Gender-Neutral 	984 	1510
Indian Institute of Technology Bhubaneswar	Computer Science and Engineering (4 Years, Bachelor of Technology) 	AI 	OBC-NCL 	Female-only (including Supernumerary) 	2515 	3264
Indian Institute of Technology Bhubaneswar	Electrical Engineering (4 Years, Bachelor of Technology) 	AI 	OBC-NCL 	Gender-Neutral 	2573 	3215
Indian Institute of Technology Bhubaneswar	Electrical Engineering (4 Years, Bachelor of Technology) 	AI 	OBC-NCL 	Female-only (including Supernumerary) 	5062 	5488
Indian Institute of Technology Bhubaneswar	Electronics and Communication Engineering (4 Years, Bachelor of Technology) 	AI 	OBC-NCL 	Gender-Neutral 	1763 	2248
Indian Institute of Technology Bhubaneswar	Electronics and Communication Engineering (4 Years, Bachelor of Technology) 	AI 	OBC-NCL 	Female-only (including Supernumerary) 	3747 	4785
Indian Institute of Technology Bhubaneswar	Engineering Physics (4 Years, Bachelor of Technology) 	AI 	OBC-NCL 	Gender-Neutral 	3628 	4834
Indian Institute of Technology Bhubaneswar	Engineering Physics (4 Years, Bachelor of Technology) 	AI 	OBC-NCL 	Female-only (including Supernumerary) 	6849 	6849
Indian Institute of Technology Bhubaneswar	Mathematics and Computing (4 Years, Bachelor of Technology) 	AI 	OBC-NCL 	Gender-Neutral 	1664 	2092
Indian Institute of Technology Bhubaneswar	Mathematics and Computing (4 Years, Bachelor of Technology) 	AI 	OBC-NCL 	Female-only (including Supernumerary) 	4715 	4715
Indian Institute of Technology Bhubaneswar	Mechanical Engineering (4 Years, Bachelor of Technology) 	AI 	OBC-NCL 	Gender-Neutral 	3085 	4142
Indian Institute of Technology Bhubaneswar	Mechanical Engineering (4 Years, Bachelor of Technology) 	AI 	OBC-NCL 	Female-only (including Supernumerary) 	6760 	7664
Indian Institute of Technology Bhubaneswar	Metallurgical and Materials Engineering (4 Years, Bachelor of Technology) 	AI 	OBC-NCL 	Gender-Neutral 	5336 	5774
Indian Institute of Technology Bhubaneswar	Metallurgical and Materials Engineering (4 Years, Bachelor of Technology) 	AI 	OBC-NCL 	Female-only (including Supernumerary) 	8849 	9160
Indian Institute of Technology Bombay	Aerospace Engineering (4 Years, Bachelor of Technology) 	AI 	OBC-NCL 	Gender-Neutral 	928 	1295
Indian Institute of Technology Bombay	Aerospace Engineering (4 Years, Bachelor of Technology) 	AI 	OBC-NCL 	Female-only (including Supernumerary) 	2823 	3571
Indian Institute of Technology Bombay	Applied Geophysics (4 Years, Bachelor of Science) 	AI 	OBC-NCL 	Gender-Neutral 	2786 	4014
Indian Institute of Technology Bombay	Applied Geophysics (4 Years, Bachelor of Science) 	AI 	OBC-NCL 	Female-only (including Supernumerary) 	5934 	5934
Indian Institute of Technology Bombay	BS in Mathematics (4 Years, Bachelor of Science) 	AI 	OBC-NCL 	Gender-Neutral 	742 	1018
Indian Institute of Technology Bombay	BS in Mathematics (4 Years, Bachelor of Science) 	AI 	OBC-NCL 	Female-only (including Supernumerary) 	4453 	4453
Indian Institute of Technology Bombay	Chemical Engineering (4 Years, Bachelor of Technology) 	AI 	OBC-NCL 	Gender-Neutral 	800 	1255
Indian Institute of Technology Bombay	Chemical Engineering (4 Years, Bachelor of Technology) 	AI 	OBC-NCL 	Female-only (including Supernumerary) 	2840 	3552
Indian Institute of Technology Bombay	Chemistry (4 Years, Bachelor of Science) 	AI 	OBC-NCL 	Gender-Neutral 	2801 	3637
Indian Institute of Technology Bombay	Chemistry (4 Years, Bachelor of Science) 	AI 	OBC-NCL 	Female-only (including Supernumerary) 	6467 	6573
Indian Institute of Technology Bombay	Civil Engineering (4 Years, Bachelor of Technology) 	AI 	OBC-NCL 	Gender-Neutral 	973 	1829
Indian Institute of Technology Bombay	Civil Engineering (4 Years, Bachelor of Technology) 	AI 	OBC-NCL 	Female-only (including Supernumerary) 	3469 	4597
Indian Institute of Technology Bombay	Computer Science and Engineering (4 Years, Bachelor of Technology) 	AI 	OBC-NCL 	Gender-Neutral 	6 	54
Indian Institute of Technology Bombay	Computer Science and Engineering (4 Years, Bachelor of Technology) 	AI 	OBC-NCL 	Female-only (including Supernumerary) 	70 	331
Indian Institute of Technology Bombay	Economics (4 Years, Bachelor of Science) 	AI 	OBC-NCL 	Gender-Neutral 	993 	1405
Indian Institute of Technology Bombay	Economics (4 Years, Bachelor of Science) 	AI 	OBC-NCL 	Female-only (including Supernumerary) 	2899 	3344
Indian Institute of Technology Bombay	Electrical Engineering (4 Years, Bachelor of Technology) 	AI 	OBC-NCL 	Gender-Neutral 	122 	339
Indian Institute of Technology Bombay	Electrical Engineering (4 Years, Bachelor of Technology) 	AI 	OBC-NCL 	Female-only (including Supernumerary) 	588 	1117
Indian Institute of Technology Bombay	Electrical Engineering (5 Years, Bachelor and Master of Technology (Dual Degree)) 	AI 	OBC-NCL 	Gender-Neutral 	417 	549
Indian Institute of Technology Bombay	Electrical Engineering (5 Years, Bachelor and Master of Technology (Dual Degree)) 	AI 	OBC-NCL 	Female-only (including Supernumerary) 	1211 	1545
Indian Institute of Technology Bombay	Energy Engineering (4 Years, Bachelor of Technology) 	AI 	OBC-NCL 	Gender-Neutral 	1089 	1455
Indian Institute of Technology Bombay	Energy Engineering (4 Years, Bachelor of Technology) 	AI 	OBC-NCL 	Female-only (including Supernumerary) 	3365 	3818
Indian Institute of Technology Bombay	Engineering Physics (4 Years, Bachelor of Technology) 	AI 	OBC-NCL 	Gender-Neutral 	269 	1247
Indian Institute of Technology Bombay	Engineering Physics (4 Years, Bachelor of Technology) 	AI 	OBC-NCL 	Female-only (including Supernumerary) 	1588 	3828
Indian Institute of Technology Bombay	Environmental Science and Engineering (4 Years, Bachelor of Technology) 	AI 	OBC-NCL 	Gender-Neutral 	2015 	2587
Indian Institute of Technology Bombay	Environmental Science and Engineering (4 Years, Bachelor of Technology) 	AI 	OBC-NCL 	Female-only (including Supernumerary) 	5175 	5253
Indian Institute of Technology Bombay	Industrial Engineering and Operations Research (4 Years, Bachelor of Technology) 	AI 	OBC-NCL 	Gender-Neutral 	668 	974
Indian Institute of Technology Bombay	Industrial Engineering and Operations Research (4 Years, Bachelor of Technology) 	AI 	OBC-NCL 	Female-only (including Supernumerary) 	2844 	2913
Indian Institute of Technology Bombay	Mechanical Engineering (4 Years, Bachelor of Technology) 	AI 	OBC-NCL 	Gender-Neutral 	335 	946
Indian Institute of Technology Bombay	Mechanical Engineering (4 Years, Bachelor of Technology) 	AI 	OBC-NCL 	Female-only (including Supernumerary) 	1158 	2632
Indian Institute of Technology Bombay	Metallurgical Engineering and Materials Science (4 Years, Bachelor of Technology) 	AI 	OBC-NCL 	Gender-Neutral 	1356 	2159
Indian Institute of Technology Bombay	Metallurgical Engineering and Materials Science (4 Years, Bachelor of Technology) 	AI 	OBC-NCL 	Female-only (including Supernumerary) 	3893 	4903
Indian Institute of Technology Mandi	B.Tech in General Engineering (4 Years, Bachelor of Technology) 	AI 	OBC-NCL 	Gender-Neutral 	4150 	4674
Indian Institute of Technology Mandi	B.Tech in General Engineering (4 Years, Bachelor of Technology) 	AI 	OBC-NCL 	Female-only (including Supernumerary) 	9103 	9476
Indian Institute of Technology Mandi	B.Tech in Materials Science and Engineering (4 Years, Bachelor of Technology) 	AI 	OBC-NCL 	Gender-Neutral 	4835 	5451
Indian Institute of Technology Mandi	B.Tech in Materials Science and Engineering (4 Years, Bachelor of Technology) 	AI 	OBC-NCL 	Female-only (including Supernumerary) 	9183 	9922
Indian Institute of Technology Mandi	B.Tech in Mathematics and Computing (4 Years, Bachelor of Technology) 	AI 	OBC-NCL 	Gender-Neutral 	1498 	1935
Indian Institute of Technology Mandi	B.Tech in Mathematics and Computing (4 Years, Bachelor of Technology) 	AI 	OBC-NCL 	Female-only (including Supernumerary) 	4094 	4949
Indian Institute of Technology Mandi	B.Tech in Microelectronics & VLSI (4 Years, Bachelor of Technology) 	AI 	OBC-NCL 	Gender-Neutral 	1975 	2842
Indian Institute of Technology Mandi	B.Tech in Microelectronics & VLSI (4 Years, Bachelor of Technology) 	AI 	OBC-NCL 	Female-only (including Supernumerary) 	6323 	6451
Indian Institute of Technology Mandi	Bio Engineering (4 Years, Bachelor of Technology) 	AI 	OBC-NCL 	Gender-Neutral 	5377 	5772
Indian Institute of Technology Mandi	Bio Engineering (4 Years, Bachelor of Technology) 	AI 	OBC-NCL 	Female-only (including Supernumerary) 	9009 	10160
Indian Institute of Technology Mandi	BS in Chemical Sciences (4 Years, Bachelor of Science) 	AI 	OBC-NCL 	Gender-Neutral 	5718 	6092
Indian Institute of Technology Mandi	BS in Chemical Sciences (4 Years, Bachelor of Science) 	AI 	OBC-NCL 	Female-only (including Supernumerary) 	10467 	10536
Indian Institute of Technology Mandi	Civil Engineering (4 Years, Bachelor of Technology) 	AI 	OBC-NCL 	Gender-Neutral 	4433 	5093
Indian Institute of Technology Mandi	Civil Engineering (4 Years, Bachelor of Technology) 	AI 	OBC-NCL 	Female-only (including Supernumerary) 	8286 	8761
Indian Institute of Technology Mandi	Computer Science and Engineering (4 Years, Bachelor of Technology) 	AI 	OBC-NCL 	Gender-Neutral 	904 	1454
Indian Institute of Technology Mandi	Computer Science and Engineering (4 Years, Bachelor of Technology) 	AI 	OBC-NCL 	Female-only (including Supernumerary) 	3513 	3841
Indian Institute of Technology Mandi	Data Science and Artificial Intelligence (4 Years, Bachelor of Technology) 	AI 	OBC-NCL 	Gender-Neutral 	1474 	1782
Indian Institute of Technology Mandi	Data Science and Artificial Intelligence (4 Years, Bachelor of Technology) 	AI 	OBC-NCL 	Female-only (including Supernumerary) 	4364 	4773
Indian Institute of Technology Mandi	Electrical Engineering (4 Years, Bachelor of Technology) 	AI 	OBC-NCL 	Gender-Neutral 	2504 	3288
Indian Institute of Technology Mandi	Electrical Engineering (4 Years, Bachelor of Technology) 	AI 	OBC-NCL 	Female-only (including Supernumerary) 	6397 	6755
Indian Institute of Technology Mandi	Engineering Physics (4 Years, Bachelor of Technology) 	AI 	OBC-NCL 	Gender-Neutral 	4046 	4854
Indian Institute of Technology Mandi	Engineering Physics (4 Years, Bachelor of Technology) 	AI 	OBC-NCL 	Female-only (including Supernumerary) 	7637 	8218
Indian Institute of Technology Mandi	Mechanical Engineering (4 Years, Bachelor of Technology) 	AI 	OBC-NCL 	Gender-Neutral 	3470 	4165
Indian Institute of Technology Mandi	Mechanical Engineering (4 Years, Bachelor of Technology) 	AI 	OBC-NCL 	Female-only (including Supernumerary) 	7239 	8444
Indian Institute of Technology Delhi	Abu Dhabi Campus - Chemical Engineering (4 Years, Bachelor of Technology) 	AI 	OBC-NCL 	Gender-Neutral 	2006 	2006
Indian Institute of Technology Delhi	Abu Dhabi Campus - Chemical Engineering (4 Years, Bachelor of Technology) 	AI 	OBC-NCL 	Female-only (including Supernumerary) 	5884 	5884
Indian Institute of Technology Delhi	Abu Dhabi Campus - Computer Science and Engineering (4 Years, Bachelor of Technology) 	AI 	OBC-NCL 	Gender-Neutral 	591 	591
Indian Institute of Technology Delhi	Abu Dhabi Campus - Computer Science and Engineering (4 Years, Bachelor of Technology) 	AI 	OBC-NCL 	Female-only (including Supernumerary) 	5340 	5340
Indian Institute of Technology Delhi	Abu Dhabi Campus - Energy Engineering (4 Years, Bachelor of Technology) 	AI 	OBC-NCL 	Gender-Neutral 	1710 	1870
Indian Institute of Technology Delhi	Abu Dhabi Campus - Energy Engineering (4 Years, Bachelor of Technology) 	AI 	OBC-NCL 	Female-only (including Supernumerary) 	6493 	6493
Indian Institute of Technology Delhi	Biotechnology and Biochemical Engineering (4 Years, Bachelor of Technology) 	AI 	OBC-NCL 	Gender-Neutral 	1465 	2586
Indian Institute of Technology Delhi	Biotechnology and Biochemical Engineering (4 Years, Bachelor of Technology) 	AI 	OBC-NCL 	Female-only (including Supernumerary) 	5965 	6046
Indian Institute of Technology Delhi	Chemical Engineering (4 Years, Bachelor of Technology) 	AI 	OBC-NCL 	Gender-Neutral 	840 	1257
Indian Institute of Technology Delhi	Chemical Engineering (4 Years, Bachelor of Technology) 	AI 	OBC-NCL 	Female-only (including Supernumerary) 	3352 	3795
Indian Institute of Technology Delhi	Chemical Engineering (5 Years, Bachelor and Master of Technology (Dual Degree)) 	AI 	OBC-NCL 	Gender-Neutral 	1383 	1898
Indian Institute of Technology Delhi	Chemical Engineering (5 Years, Bachelor and Master of Technology (Dual Degree)) 	AI 	OBC-NCL 	Female-only (including Supernumerary) 	3814 	5110
Indian Institute of Technology Delhi	Chemistry (4 Years, Bachelor of Science) 	AI 	OBC-NCL 	Gender-Neutral 	3547 	4458
Indian Institute of Technology Delhi	Chemistry (4 Years, Bachelor of Science) 	AI 	OBC-NCL 	Female-only (including Supernumerary) 	8247 	8744
Indian Institute of Technology Delhi	Civil Engineering (4 Years, Bachelor of Technology) 	AI 	OBC-NCL 	Gender-Neutral 	1054 	2003
Indian Institute of Technology Delhi	Civil Engineering (4 Years, Bachelor of Technology) 	AI 	OBC-NCL 	Female-only (including Supernumerary) 	3597 	4703
Indian Institute of Technology Delhi	Computer Science and Engineering (4 Years, Bachelor of Technology) 	AI 	OBC-NCL 	Gender-Neutral 	55 	91
Indian Institute of Technology Delhi	Computer Science and Engineering (4 Years, Bachelor of Technology) 	AI 	OBC-NCL 	Female-only (including Supernumerary) 	246 	551
Indian Institute of Technology Delhi	Computer Science and Engineering (5 Years, Bachelor and Master of Technology (Dual Degree)) 	AI 	OBC-NCL 	Gender-Neutral 	105 	195
Indian Institute of Technology Delhi	Computer Science and Engineering (5 Years, Bachelor and Master of Technology (Dual Degree)) 	AI 	OBC-NCL 	Female-only (including Supernumerary) 	679 	718
Indian Institute of Technology Delhi	Design (4 Years, Bachelor of Technology) 	AI 	OBC-NCL 	Gender-Neutral 	4920 	9728
Indian Institute of Technology Delhi	Design (4 Years, Bachelor of Technology) 	AI 	OBC-NCL 	Female-only (including Supernumerary) 	8592 	8592
Indian Institute of Technology Delhi	Electrical Engineering (4 Years, Bachelor of Technology) 	AI 	OBC-NCL 	Gender-Neutral 	255 	410
Indian Institute of Technology Delhi	Electrical Engineering (4 Years, Bachelor of Technology) 	AI 	OBC-NCL 	Female-only (including Supernumerary) 	1254 	1484
Indian Institute of Technology Delhi	Electrical Engineering (Power and Automation) (4 Years, Bachelor of Technology) 	AI 	OBC-NCL 	Gender-Neutral 	413 	501
Indian Institute of Technology Delhi	Electrical Engineering (Power and Automation) (4 Years, Bachelor of Technology) 	AI 	OBC-NCL 	Female-only (including Supernumerary) 	1673 	1759
Indian Institute of Technology Delhi	Energy Engineering (4 Years, Bachelor of Technology) 	AI 	OBC-NCL 	Gender-Neutral 	1345 	1643
Indian Institute of Technology Delhi	Energy Engineering (4 Years, Bachelor of Technology) 	AI 	OBC-NCL 	Female-only (including Supernumerary) 	4047 	4389
Indian Institute of Technology Delhi	Engineering and Computational Mechanics (4 Years, Bachelor of Technology) 	AI 	OBC-NCL 	Gender-Neutral 	521 	744
Indian Institute of Technology Delhi	Engineering and Computational Mechanics (4 Years, Bachelor of Technology) 	AI 	OBC-NCL 	Female-only (including Supernumerary) 	1970 	2408
Indian Institute of Technology Delhi	Engineering Physics (4 Years, Bachelor of Technology) 	AI 	OBC-NCL 	Gender-Neutral 	1252 	1586
Indian Institute of Technology Delhi	Engineering Physics (4 Years, Bachelor of Technology) 	AI 	OBC-NCL 	Female-only (including Supernumerary) 	4360 	4738
Indian Institute of Technology Delhi	Materials Engineering (4 Years, Bachelor of Technology) 	AI 	OBC-NCL 	Gender-Neutral 	1979 	2397
Indian Institute of Technology Delhi	Materials Engineering (4 Years, Bachelor of Technology) 	AI 	OBC-NCL 	Female-only (including Supernumerary) 	4908 	4991
Indian Institute of Technology Delhi	Mathematics and Computing (4 Years, Bachelor of Technology) 	AI 	OBC-NCL 	Gender-Neutral 	96 	240
Indian Institute of Technology Delhi	Mathematics and Computing (4 Years, Bachelor of Technology) 	AI 	OBC-NCL 	Female-only (including Supernumerary) 	701 	1107
Indian Institute of Technology Delhi	Mathematics and Computing (5 Years, Bachelor and Master of Technology (Dual Degree)) 	AI 	OBC-NCL 	Gender-Neutral 	241 	317
Indian Institute of Technology Delhi	Mathematics and Computing (5 Years, Bachelor and Master of Technology (Dual Degree)) 	AI 	OBC-NCL 	Female-only (including Supernumerary) 	1023 	1249
Indian Institute of Technology Delhi	Mechanical Engineering (4 Years, Bachelor of Technology) 	AI 	OBC-NCL 	Gender-Neutral 	448 	995
Indian Institute of Technology Delhi	Mechanical Engineering (4 Years, Bachelor of Technology) 	AI 	OBC-NCL 	Female-only (including Supernumerary) 	1559 	3359
Indian Institute of Technology Delhi	Production and Industrial Engineering (4 Years, Bachelor of Technology) 	AI 	OBC-NCL 	Gender-Neutral 	1340 	1974
Indian Institute of Technology Delhi	Production and Industrial Engineering (4 Years, Bachelor of Technology) 	AI 	OBC-NCL 	Female-only (including Supernumerary) 	5178 	5502
Indian Institute of Technology Delhi	Textile Technology (4 Years, Bachelor of Technology) 	AI 	OBC-NCL 	Gender-Neutral 	2409 	3079
Indian Institute of Technology Delhi	Textile Technology (4 Years, Bachelor of Technology) 	AI 	OBC-NCL 	Female-only (including Supernumerary) 	5645 	6368
Indian Institute of Technology Indore	Chemical Engineering (4 Years, Bachelor of Technology) 	AI 	OBC-NCL 	Gender-Neutral 	2811 	3502
Indian Institute of Technology Indore	Chemical Engineering (4 Years, Bachelor of Technology) 	AI 	OBC-NCL 	Female-only (including Supernumerary) 	6614 	6970
Indian Institute of Technology Indore	Civil Engineering (4 Years, Bachelor of Technology) 	AI 	OBC-NCL 	Gender-Neutral 	3189 	3937
Indian Institute of Technology Indore	Civil Engineering (4 Years, Bachelor of Technology) 	AI 	OBC-NCL 	Female-only (including Supernumerary) 	7675 	7952
Indian Institute of Technology Indore	Computer Science and Engineering (4 Years, Bachelor of Technology) 	AI 	OBC-NCL 	Gender-Neutral 	425 	585
Indian Institute of Technology Indore	Computer Science and Engineering (4 Years, Bachelor of Technology) 	AI 	OBC-NCL 	Female-only (including Supernumerary) 	1900 	2106
Indian Institute of Technology Indore	Electrical Engineering (4 Years, Bachelor of Technology) 	AI 	OBC-NCL 	Gender-Neutral 	1063 	1651
Indian Institute of Technology Indore	Electrical Engineering (4 Years, Bachelor of Technology) 	AI 	OBC-NCL 	Female-only (including Supernumerary) 	2698 	4037
Indian Institute of Technology Indore	Engineering Physics (4 Years, Bachelor of Technology) 	AI 	OBC-NCL 	Gender-Neutral 	3329 	3586
Indian Institute of Technology Indore	Engineering Physics (4 Years, Bachelor of Technology) 	AI 	OBC-NCL 	Female-only (including Supernumerary) 	7948 	7948
Indian Institute of Technology Indore	Mathematics and Computing (4 Years, Bachelor of Technology) 	AI 	OBC-NCL 	Gender-Neutral 	855 	999
Indian Institute of Technology Indore	Mathematics and Computing (4 Years, Bachelor of Technology) 	AI 	OBC-NCL 	Female-only (including Supernumerary) 	2246 	2488
Indian Institute of Technology Indore	Mechanical Engineering (4 Years, Bachelor of Technology) 	AI 	OBC-NCL 	Gender-Neutral 	2249 	2937
Indian Institute of Technology Indore	Mechanical Engineering (4 Years, Bachelor of Technology) 	AI 	OBC-NCL 	Female-only (including Supernumerary) 	5816 	7110
Indian Institute of Technology Indore	Metallurgical Engineering and Materials Science (4 Years, Bachelor of Technology) 	AI 	OBC-NCL 	Gender-Neutral 	3993 	4698
Indian Institute of Technology Indore	Metallurgical Engineering and Materials Science (4 Years, Bachelor of Technology) 	AI 	OBC-NCL 	Female-only (including Supernumerary) 	8111 	8462
Indian Institute of Technology Indore	Space Science and Engineering (4 Years, Bachelor of Technology) 	AI 	OBC-NCL 	Gender-Neutral 	2569 	3048
Indian Institute of Technology Indore	Space Science and Engineering (4 Years, Bachelor of Technology) 	AI 	OBC-NCL 	Female-only (including Supernumerary) 	6205 	6205
Indian Institute of Technology Kharagpur	Aerospace Engineering (4 Years, Bachelor of Technology) 	AI 	OBC-NCL 	Gender-Neutral 	1818 	2264
Indian Institute of Technology Kharagpur	Aerospace Engineering (4 Years, Bachelor of Technology) 	AI 	OBC-NCL 	Female-only (including Supernumerary) 	4002 	4993
Indian Institute of Technology Kharagpur	Agricultural and Food Engineering (4 Years, Bachelor of Technology) 	AI 	OBC-NCL 	Gender-Neutral 	3070 	4752
Indian Institute of Technology Kharagpur	Agricultural and Food Engineering (4 Years, Bachelor of Technology) 	AI 	OBC-NCL 	Female-only (including Supernumerary) 	7011 	8479
Indian Institute of Technology Kharagpur	Applied Geology (4 Years, Bachelor of Science) 	AI 	OBC-NCL 	Gender-Neutral 	3570 	5621
Indian Institute of Technology Kharagpur	Applied Geology (4 Years, Bachelor of Science) 	AI 	OBC-NCL 	Female-only (including Supernumerary) 	9334 	10019
Indian Institute of Technology Kharagpur	Architecture (5 Years, Bachelor of Architecture) 	AI 	OBC-NCL 	Gender-Neutral 	5668 	6770
Indian Institute of Technology Kharagpur	Artificial Intelligence (4 Years, Bachelor of Technology) 	AI 	OBC-NCL 	Gender-Neutral 	218 	381
Indian Institute of Technology Kharagpur	Artificial Intelligence (4 Years, Bachelor of Technology) 	AI 	OBC-NCL 	Female-only (including Supernumerary) 	1056 	1146
Indian Institute of Technology Kharagpur	Biotechnology and Biochemical Engineering (4 Years, Bachelor of Technology) 	AI 	OBC-NCL 	Gender-Neutral 	3286 	3746
Indian Institute of Technology Kharagpur	Biotechnology and Biochemical Engineering (4 Years, Bachelor of Technology) 	AI 	OBC-NCL 	Female-only (including Supernumerary) 	6803 	7510
Indian Institute of Technology Kharagpur	Chemical Engineering (4 Years, Bachelor of Technology) 	AI 	OBC-NCL 	Gender-Neutral 	1906 	2325
Indian Institute of Technology Kharagpur	Chemical Engineering (4 Years, Bachelor of Technology) 	AI 	OBC-NCL 	Female-only (including Supernumerary) 	4139 	5343
Indian Institute of Technology Kharagpur	Chemistry (4 Years, Bachelor of Science) 	AI 	OBC-NCL 	Gender-Neutral 	4745 	5584
Indian Institute of Technology Kharagpur	Chemistry (4 Years, Bachelor of Science) 	AI 	OBC-NCL 	Female-only (including Supernumerary) 	8928 	8982
Indian Institute of Technology Kharagpur	Civil Engineering (4 Years, Bachelor of Technology) 	AI 	OBC-NCL 	Gender-Neutral 	2456 	3042
Indian Institute of Technology Kharagpur	Civil Engineering (4 Years, Bachelor of Technology) 	AI 	OBC-NCL 	Female-only (including Supernumerary) 	4969 	6283
Indian Institute of Technology Kharagpur	Computer Science and Engineering (4 Years, Bachelor of Technology) 	AI 	OBC-NCL 	Gender-Neutral 	94 	212
Indian Institute of Technology Kharagpur	Computer Science and Engineering (4 Years, Bachelor of Technology) 	AI 	OBC-NCL 	Female-only (including Supernumerary) 	583 	842
Indian Institute of Technology Kharagpur	Economics (4 Years, Bachelor of Science) 	AI 	OBC-NCL 	Gender-Neutral 	2200 	2677
Indian Institute of Technology Kharagpur	Economics (4 Years, Bachelor of Science) 	AI 	OBC-NCL 	Female-only (including Supernumerary) 	5844 	6381
Indian Institute of Technology Kharagpur	Electrical Engineering (4 Years, Bachelor of Technology) 	AI 	OBC-NCL 	Gender-Neutral 	700 	884
Indian Institute of Technology Kharagpur	Electrical Engineering (4 Years, Bachelor of Technology) 	AI 	OBC-NCL 	Female-only (including Supernumerary) 	2267 	2711
Indian Institute of Technology Kharagpur	Electronics and Electrical Communication Engineering (4 Years, Bachelor of Technology) 	AI 	OBC-NCL 	Gender-Neutral 	415 	646
Indian Institute of Technology Kharagpur	Electronics and Electrical Communication Engineering (4 Years, Bachelor of Technology) 	AI 	OBC-NCL 	Female-only (including Supernumerary) 	1467 	1798
Indian Institute of Technology Kharagpur	Exploration Geophysics (4 Years, Bachelor of Science) 	AI 	OBC-NCL 	Gender-Neutral 	4503 	5210
Indian Institute of Technology Kharagpur	Exploration Geophysics (4 Years, Bachelor of Science) 	AI 	OBC-NCL 	Female-only (including Supernumerary) 	8732 	9204
Indian Institute of Technology Kharagpur	Industrial and Systems Engineering (4 Years, Bachelor of Technology) 	AI 	OBC-NCL 	Gender-Neutral 	1185 	2086
Indian Institute of Technology Kharagpur	Industrial and Systems Engineering (4 Years, Bachelor of Technology) 	AI 	OBC-NCL 	Female-only (including Supernumerary) 	3805 	6079
Indian Institute of Technology Kharagpur	Instrumentation Engineering (4 Years, Bachelor of Technology) 	AI 	OBC-NCL 	Gender-Neutral 	890 	1227
Indian Institute of Technology Kharagpur	Instrumentation Engineering (4 Years, Bachelor of Technology) 	AI 	OBC-NCL 	Female-only (including Supernumerary) 	3342 	3619
Indian Institute of Technology Kharagpur	Manufacturing Science and Engineering (4 Years, Bachelor of Technology) 	AI 	OBC-NCL 	Gender-Neutral 	2449 	3176
Indian Institute of Technology Kharagpur	Manufacturing Science and Engineering (4 Years, Bachelor of Technology) 	AI 	OBC-NCL 	Female-only (including Supernumerary) 	5331 	6353
Indian Institute of Technology Kharagpur	Mathematics and Computing (4 Years, Bachelor of Science) 	AI 	OBC-NCL 	Gender-Neutral 	523 	751
Indian Institute of Technology Kharagpur	Mathematics and Computing (4 Years, Bachelor of Science) 	AI 	OBC-NCL 	Female-only (including Supernumerary) 	1968 	2575
Indian Institute of Technology Kharagpur	Mechanical Engineering (4 Years, Bachelor of Technology) 	AI 	OBC-NCL 	Gender-Neutral 	1040 	1700
Indian Institute of Technology Kharagpur	Mechanical Engineering (4 Years, Bachelor of Technology) 	AI 	OBC-NCL 	Female-only (including Supernumerary) 	3627 	4820
Indian Institute of Technology Kharagpur	Metallurgical and Materials Engineering (4 Years, Bachelor of Technology) 	AI 	OBC-NCL 	Gender-Neutral 	2389 	3389
Indian Institute of Technology Kharagpur	Metallurgical and Materials Engineering (4 Years, Bachelor of Technology) 	AI 	OBC-NCL 	Female-only (including Supernumerary) 	6558 	6973
Indian Institute of Technology Kharagpur	Mining Engineering (4 Years, Bachelor of Technology) 	AI 	OBC-NCL 	Gender-Neutral 	3182 	4043
Indian Institute of Technology Kharagpur	Mining Engineering (4 Years, Bachelor of Technology) 	AI 	OBC-NCL 	Female-only (including Supernumerary) 	7623 	8146
Indian Institute of Technology Kharagpur	Ocean Engineering and Naval Architecture (4 Years, Bachelor of Technology) 	AI 	OBC-NCL 	Gender-Neutral 	2895 	4206
Indian Institute of Technology Kharagpur	Ocean Engineering and Naval Architecture (4 Years, Bachelor of Technology) 	AI 	OBC-NCL 	Female-only (including Supernumerary) 	7037 	7905
Indian Institute of Technology Kharagpur	Physics (4 Years, Bachelor of Science) 	AI 	OBC-NCL 	Gender-Neutral 	3861 	4707
Indian Institute of Technology Kharagpur	Physics (4 Years, Bachelor of Science) 	AI 	OBC-NCL 	Female-only (including Supernumerary) 	8620 	8640
Indian Institute of Technology Hyderabad	Artificial Intelligence (4 Years, Bachelor of Technology) 	AI 	OBC-NCL 	Gender-Neutral 	309 	380
Indian Institute of Technology Hyderabad	Artificial Intelligence (4 Years, Bachelor of Technology) 	AI 	OBC-NCL 	Female-only (including Supernumerary) 	1039 	1039
Indian Institute of Technology Hyderabad	Biomedical Engineering (4 Years, Bachelor of Technology) 	AI 	OBC-NCL 	Gender-Neutral 	3670 	4107
Indian Institute of Technology Hyderabad	Biomedical Engineering (4 Years, Bachelor of Technology) 	AI 	OBC-NCL 	Female-only (including Supernumerary) 	6414 	6457
Indian Institute of Technology Hyderabad	Biotechnology and Bioinformatics (4 Years, Bachelor of Technology) 	AI 	OBC-NCL 	Gender-Neutral 	3378 	4030
Indian Institute of Technology Hyderabad	Biotechnology and Bioinformatics (4 Years, Bachelor of Technology) 	AI 	OBC-NCL 	Female-only (including Supernumerary) 	6479 	6570
Indian Institute of Technology Hyderabad	Chemical Engineering (4 Years, Bachelor of Technology) 	AI 	OBC-NCL 	Gender-Neutral 	2158 	2453
Indian Institute of Technology Hyderabad	Chemical Engineering (4 Years, Bachelor of Technology) 	AI 	OBC-NCL 	Female-only (including Supernumerary) 	4379 	4864
Indian Institute of Technology Hyderabad	Civil Engineering (4 Years, Bachelor of Technology) 	AI 	OBC-NCL 	Gender-Neutral 	2749 	3453
Indian Institute of Technology Hyderabad	Civil Engineering (4 Years, Bachelor of Technology) 	AI 	OBC-NCL 	Female-only (including Supernumerary) 	5461 	6304
Indian Institute of Technology Hyderabad	Computational Engineering (4 Years, Bachelor of Technology) 	AI 	OBC-NCL 	Gender-Neutral 	839 	945
Indian Institute of Technology Hyderabad	Computational Engineering (4 Years, Bachelor of Technology) 	AI 	OBC-NCL 	Female-only (including Supernumerary) 	1806 	2257
Indian Institute of Technology Hyderabad	Computer Science and Engineering (4 Years, Bachelor of Technology) 	AI 	OBC-NCL 	Gender-Neutral 	133 	293
Indian Institute of Technology Hyderabad	Computer Science and Engineering (4 Years, Bachelor of Technology) 	AI 	OBC-NCL 	Female-only (including Supernumerary) 	647 	887
Indian Institute of Technology Hyderabad	Electrical Engineering (4 Years, Bachelor of Technology) 	AI 	OBC-NCL 	Gender-Neutral 	671 	1024
Indian Institute of Technology Hyderabad	Electrical Engineering (4 Years, Bachelor of Technology) 	AI 	OBC-NCL 	Female-only (including Supernumerary) 	1519 	2388
Indian Institute of Technology Hyderabad	Electrical Engineering (IC Design and Technology) (4 Years, Bachelor of Technology) 	AI 	OBC-NCL 	Gender-Neutral 	657 	860
Indian Institute of Technology Hyderabad	Electrical Engineering (IC Design and Technology) (4 Years, Bachelor of Technology) 	AI 	OBC-NCL 	Female-only (including Supernumerary) 	2363 	2498
Indian Institute of Technology Hyderabad	Engineering Physics (4 Years, Bachelor of Technology) 	AI 	OBC-NCL 	Gender-Neutral 	1896 	2572
Indian Institute of Technology Hyderabad	Engineering Physics (4 Years, Bachelor of Technology) 	AI 	OBC-NCL 	Female-only (including Supernumerary) 	4418 	5436
Indian Institute of Technology Hyderabad	Engineering Science (4 Years, Bachelor of Technology) 	AI 	OBC-NCL 	Gender-Neutral 	1232 	1880
Indian Institute of Technology Hyderabad	Engineering Science (4 Years, Bachelor of Technology) 	AI 	OBC-NCL 	Female-only (including Supernumerary) 	3364 	4160
Indian Institute of Technology Hyderabad	Industrial Chemistry (4 Years, Bachelor of Technology) 	AI 	OBC-NCL 	Gender-Neutral 	2965 	3992
Indian Institute of Technology Hyderabad	Industrial Chemistry (4 Years, Bachelor of Technology) 	AI 	OBC-NCL 	Female-only (including Supernumerary) 	6337 	6401
Indian Institute of Technology Hyderabad	Materials Science and Metallurgical Engineering (4 Years, Bachelor of Technology) 	AI 	OBC-NCL 	Gender-Neutral 	2630 	3429
Indian Institute of Technology Hyderabad	Materials Science and Metallurgical Engineering (4 Years, Bachelor of Technology) 	AI 	OBC-NCL 	Female-only (including Supernumerary) 	6227 	6349
Indian Institute of Technology Hyderabad	Mathematics and Computing (4 Years, Bachelor of Technology) 	AI 	OBC-NCL 	Gender-Neutral 	409 	441
Indian Institute of Technology Hyderabad	Mathematics and Computing (4 Years, Bachelor of Technology) 	AI 	OBC-NCL 	Female-only (including Supernumerary) 	1397 	1451
Indian Institute of Technology Hyderabad	Mechanical Engineering (4 Years, Bachelor of Technology) 	AI 	OBC-NCL 	Gender-Neutral 	1572 	2005
Indian Institute of Technology Hyderabad	Mechanical Engineering (4 Years, Bachelor of Technology) 	AI 	OBC-NCL 	Female-only (including Supernumerary) 	2483 	4827
Indian Institute of Technology Jodhpur	Artificial Intelligence and Data Science (4 Years, Bachelor of Technology) 	AI 	OBC-NCL 	Gender-Neutral 	1597 	1828
Indian Institute of Technology Jodhpur	Artificial Intelligence and Data Science (4 Years, Bachelor of Technology) 	AI 	OBC-NCL 	Female-only (including Supernumerary) 	4156 	4556
Indian Institute of Technology Jodhpur	Bio Engineering (4 Years, Bachelor of Technology) 	AI 	OBC-NCL 	Gender-Neutral 	5116 	5790
Indian Institute of Technology Jodhpur	Bio Engineering (4 Years, Bachelor of Technology) 	AI 	OBC-NCL 	Female-only (including Supernumerary) 	9342 	9578
Indian Institute of Technology Jodhpur	Chemical Engineering (4 Years, Bachelor of Technology) 	AI 	OBC-NCL 	Gender-Neutral 	4077 	4490
Indian Institute of Technology Jodhpur	Chemical Engineering (4 Years, Bachelor of Technology) 	AI 	OBC-NCL 	Female-only (including Supernumerary) 	7281 	8275
Indian Institute of Technology Jodhpur	Chemistry with Specialization (4 Years, Bachelor of Science) 	AI 	OBC-NCL 	Gender-Neutral 	5230 	6135
Indian Institute of Technology Jodhpur	Chemistry with Specialization (4 Years, Bachelor of Science) 	AI 	OBC-NCL 	Female-only (including Supernumerary) 	9061 	9061
Indian Institute of Technology Jodhpur	Civil and Infrastructure Engineering (4 Years, Bachelor of Technology) 	AI 	OBC-NCL 	Gender-Neutral 	3793 	4930
Indian Institute of Technology Jodhpur	Civil and Infrastructure Engineering (4 Years, Bachelor of Technology) 	AI 	OBC-NCL 	Female-only (including Supernumerary) 	8221 	8693
Indian Institute of Technology Jodhpur	Computer Science and Engineering (4 Years, Bachelor of Technology) 	AI 	OBC-NCL 	Gender-Neutral 	809 	1440
Indian Institute of Technology Jodhpur	Computer Science and Engineering (4 Years, Bachelor of Technology) 	AI 	OBC-NCL 	Female-only (including Supernumerary) 	3290 	3668
Indian Institute of Technology Jodhpur	Electrical Engineering (4 Years, Bachelor of Technology) 	AI 	OBC-NCL 	Gender-Neutral 	2328 	3000
Indian Institute of Technology Jodhpur	Electrical Engineering (4 Years, Bachelor of Technology) 	AI 	OBC-NCL 	Female-only (including Supernumerary) 	4853 	6186
Indian Institute of Technology Jodhpur	Electronics Engineering (4 Years, Bachelor of Technology) 	AI 	OBC-NCL 	Gender-Neutral 	1963 	2857
Indian Institute of Technology Jodhpur	Electronics Engineering (4 Years, Bachelor of Technology) 	AI 	OBC-NCL 	Female-only (including Supernumerary) 	6356 	6541
Indian Institute of Technology Jodhpur	Materials Engineering (4 Years, Bachelor of Technology) 	AI 	OBC-NCL 	Gender-Neutral 	5205 	5605
Indian Institute of Technology Jodhpur	Materials Engineering (4 Years, Bachelor of Technology) 	AI 	OBC-NCL 	Female-only (including Supernumerary) 	9308 	9511
Indian Institute of Technology Jodhpur	Mechanical Engineering (4 Years, Bachelor of Technology) 	AI 	OBC-NCL 	Gender-Neutral 	3065 	4024
Indian Institute of Technology Jodhpur	Mechanical Engineering (4 Years, Bachelor of Technology) 	AI 	OBC-NCL 	Female-only (including Supernumerary) 	6306 	7890
Indian Institute of Technology Jodhpur	Physics with Specialization (4 Years, Bachelor of Science) 	AI 	OBC-NCL 	Gender-Neutral 	5244 	5988
Indian Institute of Technology Jodhpur	Physics with Specialization (4 Years, Bachelor of Science) 	AI 	OBC-NCL 	Female-only (including Supernumerary) 	9285 	9285
Indian Institute of Technology Kanpur	Aerospace Engineering (4 Years, Bachelor of Technology) 	AI 	OBC-NCL 	Gender-Neutral 	1346 	1889
Indian Institute of Technology Kanpur	Aerospace Engineering (4 Years, Bachelor of Technology) 	AI 	OBC-NCL 	Female-only (including Supernumerary) 	3717 	4594
Indian Institute of Technology Kanpur	Biological Sciences and Bioengineering (4 Years, Bachelor of Technology) 	AI 	OBC-NCL 	Gender-Neutral 	3150 	3458
Indian Institute of Technology Kanpur	Biological Sciences and Bioengineering (4 Years, Bachelor of Technology) 	AI 	OBC-NCL 	Female-only (including Supernumerary) 	5899 	7359
Indian Institute of Technology Kanpur	Chemical Engineering (4 Years, Bachelor of Technology) 	AI 	OBC-NCL 	Gender-Neutral 	1300 	1976
Indian Institute of Technology Kanpur	Chemical Engineering (4 Years, Bachelor of Technology) 	AI 	OBC-NCL 	Female-only (including Supernumerary) 	4038 	4961
Indian Institute of Technology Kanpur	Chemistry (4 Years, Bachelor of Science) 	AI 	OBC-NCL 	Gender-Neutral 	3621 	4632
Indian Institute of Technology Kanpur	Chemistry (4 Years, Bachelor of Science) 	AI 	OBC-NCL 	Female-only (including Supernumerary) 	6920 	8526
Indian Institute of Technology Kanpur	Civil Engineering (4 Years, Bachelor of Technology) 	AI 	OBC-NCL 	Gender-Neutral 	1966 	2651
Indian Institute of Technology Kanpur	Civil Engineering (4 Years, Bachelor of Technology) 	AI 	OBC-NCL 	Female-only (including Supernumerary) 	4877 	5823
Indian Institute of Technology Kanpur	Computer Science and Engineering (4 Years, Bachelor of Technology) 	AI 	OBC-NCL 	Gender-Neutral 	88 	142
Indian Institute of Technology Kanpur	Computer Science and Engineering (4 Years, Bachelor of Technology) 	AI 	OBC-NCL 	Female-only (including Supernumerary) 	568 	706
Indian Institute of Technology Kanpur	Earth Sciences (4 Years, Bachelor of Science) 	AI 	OBC-NCL 	Gender-Neutral 	3854 	4786
Indian Institute of Technology Kanpur	Earth Sciences (4 Years, Bachelor of Science) 	AI 	OBC-NCL 	Female-only (including Supernumerary) 	8106 	8187
Indian Institute of Technology Kanpur	Economics (4 Years, Bachelor of Science) 	AI 	OBC-NCL 	Gender-Neutral 	1325 	1969
Indian Institute of Technology Kanpur	Economics (4 Years, Bachelor of Science) 	AI 	OBC-NCL 	Female-only (including Supernumerary) 	3843 	4805
Indian Institute of Technology Kanpur	Electrical Engineering (4 Years, Bachelor of Technology) 	AI 	OBC-NCL 	Gender-Neutral 	280 	724
Indian Institute of Technology Kanpur	Electrical Engineering (4 Years, Bachelor of Technology) 	AI 	OBC-NCL 	Female-only (including Supernumerary) 	1654 	2378
Indian Institute of Technology Kanpur	Materials Science and Engineering (4 Years, Bachelor of Technology) 	AI 	OBC-NCL 	Gender-Neutral 	2539 	3047
Indian Institute of Technology Kanpur	Materials Science and Engineering (4 Years, Bachelor of Technology) 	AI 	OBC-NCL 	Female-only (including Supernumerary) 	5978 	6716
Indian Institute of Technology Kanpur	Mathematics and Scientific Computing (4 Years, Bachelor of Science) 	AI 	OBC-NCL 	Gender-Neutral 	359 	670
Indian Institute of Technology Kanpur	Mathematics and Scientific Computing (4 Years, Bachelor of Science) 	AI 	OBC-NCL 	Female-only (including Supernumerary) 	1947 	2415
Indian Institute of Technology Kanpur	Mechanical Engineering (4 Years, Bachelor of Technology) 	AI 	OBC-NCL 	Gender-Neutral 	1059 	1358
Indian Institute of Technology Kanpur	Mechanical Engineering (4 Years, Bachelor of Technology) 	AI 	OBC-NCL 	Female-only (including Supernumerary) 	3484 	4172
Indian Institute of Technology Kanpur	Physics (4 Years, Bachelor of Science) 	AI 	OBC-NCL 	Gender-Neutral 	3012 	3829
Indian Institute of Technology Kanpur	Physics (4 Years, Bachelor of Science) 	AI 	OBC-NCL 	Female-only (including Supernumerary) 	7155 	8002
Indian Institute of Technology Kanpur	Statistics and Data Science (4 Years, Bachelor of Science) 	AI 	OBC-NCL 	Gender-Neutral 	638 	704
Indian Institute of Technology Kanpur	Statistics and Data Science (4 Years, Bachelor of Science) 	AI 	OBC-NCL 	Female-only (including Supernumerary) 	1714 	1871
Indian Institute of Technology Madras	Aerospace Engineering (4 Years, Bachelor of Technology) 	AI 	OBC-NCL 	Gender-Neutral 	968 	1508
Indian Institute of Technology Madras	Aerospace Engineering (4 Years, Bachelor of Technology) 	AI 	OBC-NCL 	Female-only (including Supernumerary) 	1543 	2517
Indian Institute of Technology Madras	Aerospace Engineering (5 Years, Bachelor and Master of Technology (Dual Degree)) 	AI 	OBC-NCL 	Gender-Neutral 	785 	1472
Indian Institute of Technology Madras	Aerospace Engineering (5 Years, Bachelor and Master of Technology (Dual Degree)) 	AI 	OBC-NCL 	Female-only (including Supernumerary) 	3023 	3023
Indian Institute of Technology Madras	Artificial Intelligence and Data Analytics (4 Years, Bachelor of Technology) 	AI 	OBC-NCL 	Gender-Neutral 	98 	165
Indian Institute of Technology Madras	Artificial Intelligence and Data Analytics (4 Years, Bachelor of Technology) 	AI 	OBC-NCL 	Female-only (including Supernumerary) 	500 	611
Indian Institute of Technology Madras	Biological Engineering (4 Years, Bachelor of Technology) 	AI 	OBC-NCL 	Gender-Neutral 	2709 	3160
Indian Institute of Technology Madras	Biological Engineering (4 Years, Bachelor of Technology) 	AI 	OBC-NCL 	Female-only (including Supernumerary) 	5286 	5286
Indian Institute of Technology Madras	Biological Science (4 Years, Bachelor of Science) 	AI 	OBC-NCL 	Gender-Neutral 	3669 	4374
Indian Institute of Technology Madras	Biological Science (4 Years, Bachelor of Science) 	AI 	OBC-NCL 	Female-only (including Supernumerary) 	6299 	6299
Indian Institute of Technology Madras	Chemical Engineering (4 Years, Bachelor of Technology) 	AI 	OBC-NCL 	Gender-Neutral 	1341 	1869
Indian Institute of Technology Madras	Chemical Engineering (4 Years, Bachelor of Technology) 	AI 	OBC-NCL 	Female-only (including Supernumerary) 	2717 	3820
Indian Institute of Technology Madras	Civil Engineering (4 Years, Bachelor of Technology) 	AI 	OBC-NCL 	Gender-Neutral 	1765 	2403
Indian Institute of Technology Madras	Civil Engineering (4 Years, Bachelor of Technology) 	AI 	OBC-NCL 	Female-only (including Supernumerary) 	3594 	4270
Indian Institute of Technology Madras	Computational Engineering and Mechanics (4 Years, Bachelor of Technology) 	AI 	OBC-NCL 	Gender-Neutral 	397 	741
Indian Institute of Technology Madras	Computational Engineering and Mechanics (4 Years, Bachelor of Technology) 	AI 	OBC-NCL 	Female-only (including Supernumerary) 	1749 	1874
Indian Institute of Technology Madras	Computer Science and Engineering (4 Years, Bachelor of Technology) 	AI 	OBC-NCL 	Gender-Neutral 	26 	87
Indian Institute of Technology Madras	Computer Science and Engineering (4 Years, Bachelor of Technology) 	AI 	OBC-NCL 	Female-only (including Supernumerary) 	176 	561
Indian Institute of Technology Madras	Electrical Engineering (4 Years, Bachelor of Technology) 	AI 	OBC-NCL 	Gender-Neutral 	136 	396
Indian Institute of Technology Madras	Electrical Engineering (4 Years, Bachelor of Technology) 	AI 	OBC-NCL 	Female-only (including Supernumerary) 	566 	1450
Indian Institute of Technology Madras	Engineering Design (5 Years, Bachelor and Master of Technology (Dual Degree)) 	AI 	OBC-NCL 	Gender-Neutral 	1105 	1466
Indian Institute of Technology Madras	Engineering Design (5 Years, Bachelor and Master of Technology (Dual Degree)) 	AI 	OBC-NCL 	Female-only (including Supernumerary) 	2276 	3216
Indian Institute of Technology Madras	Engineering Physics (4 Years, Bachelor of Technology) 	AI 	OBC-NCL 	Gender-Neutral 	464 	1011
Indian Institute of Technology Madras	Engineering Physics (4 Years, Bachelor of Technology) 	AI 	OBC-NCL 	Female-only (including Supernumerary) 	1386 	2841
Indian Institute of Technology Madras	Instrumentation and Biomedical Engineering (4 Years, Bachelor of Technology) 	AI 	OBC-NCL 	Gender-Neutral 	1548 	2242
Indian Institute of Technology Madras	Instrumentation and Biomedical Engineering (4 Years, Bachelor of Technology) 	AI 	OBC-NCL 	Female-only (including Supernumerary) 	2911 	3943
Indian Institute of Technology Madras	Mechanical Engineering (4 Years, Bachelor of Technology) 	AI 	OBC-NCL 	Gender-Neutral 	453 	1070
Indian Institute of Technology Madras	Mechanical Engineering (4 Years, Bachelor of Technology) 	AI 	OBC-NCL 	Female-only (including Supernumerary) 	1555 	3309
Indian Institute of Technology Madras	Metallurgical and Materials Engineering (4 Years, Bachelor of Technology) 	AI 	OBC-NCL 	Gender-Neutral 	1815 	2343
Indian Institute of Technology Madras	Metallurgical and Materials Engineering (4 Years, Bachelor of Technology) 	AI 	OBC-NCL 	Female-only (including Supernumerary) 	3910 	4822
Indian Institute of Technology Madras	Naval Architecture and Ocean Engineering (4 Years, Bachelor of Technology) 	AI 	OBC-NCL 	Gender-Neutral 	1960 	3131
Indian Institute of Technology Madras	Naval Architecture and Ocean Engineering (4 Years, Bachelor of Technology) 	AI 	OBC-NCL 	Female-only (including Supernumerary) 	4075 	6399
Indian Institute of Technology Madras	Physics (4 Years, Bachelor of Science) 	AI 	OBC-NCL 	Gender-Neutral 	1534 	2420
Indian Institute of Technology Madras	Physics (4 Years, Bachelor of Science) 	AI 	OBC-NCL 	Female-only (including Supernumerary) 	5549 	5549
Indian Institute of Technology Gandhinagar	Artificial Intelligence (4 Years, Bachelor of Technology) 	AI 	OBC-NCL 	Gender-Neutral 	921 	1140
Indian Institute of Technology Gandhinagar	Artificial Intelligence (4 Years, Bachelor of Technology) 	AI 	OBC-NCL 	Female-only (including Supernumerary) 	2686 	2821
Indian Institute of Technology Gandhinagar	Chemical Engineering (4 Years, Bachelor of Technology) 	AI 	OBC-NCL 	Gender-Neutral 	3229 	3681
Indian Institute of Technology Gandhinagar	Chemical Engineering (4 Years, Bachelor of Technology) 	AI 	OBC-NCL 	Female-only (including Supernumerary) 	5327 	6911
Indian Institute of Technology Gandhinagar	Civil Engineering (4 Years, Bachelor of Technology) 	AI 	OBC-NCL 	Gender-Neutral 	4053 	4296
Indian Institute of Technology Gandhinagar	Civil Engineering (4 Years, Bachelor of Technology) 	AI 	OBC-NCL 	Female-only (including Supernumerary) 	7261 	7922
Indian Institute of Technology Gandhinagar	Computer Science and Engineering (4 Years, Bachelor of Technology) 	AI 	OBC-NCL 	Gender-Neutral 	589 	805
Indian Institute of Technology Gandhinagar	Computer Science and Engineering (4 Years, Bachelor of Technology) 	AI 	OBC-NCL 	Female-only (including Supernumerary) 	1882 	2635
Indian Institute of Technology Gandhinagar	Electrical Engineering (4 Years, Bachelor of Technology) 	AI 	OBC-NCL 	Gender-Neutral 	1648 	1973
Indian Institute of Technology Gandhinagar	Electrical Engineering (4 Years, Bachelor of Technology) 	AI 	OBC-NCL 	Female-only (including Supernumerary) 	4441 	4655
Indian Institute of Technology Gandhinagar	Integrated Circuit Design & Technology (4 Years, Bachelor of Technology) 	AI 	OBC-NCL 	Gender-Neutral 	1391 	2245
Indian Institute of Technology Gandhinagar	Integrated Circuit Design & Technology (4 Years, Bachelor of Technology) 	AI 	OBC-NCL 	Female-only (including Supernumerary) 	4946 	4946
Indian Institute of Technology Gandhinagar	Materials Engineering (4 Years, Bachelor of Technology) 	AI 	OBC-NCL 	Gender-Neutral 	4127 	4914
Indian Institute of Technology Gandhinagar	Materials Engineering (4 Years, Bachelor of Technology) 	AI 	OBC-NCL 	Female-only (including Supernumerary) 	8438 	8901
Indian Institute of Technology Gandhinagar	Mechanical Engineering (4 Years, Bachelor of Technology) 	AI 	OBC-NCL 	Gender-Neutral 	2376 	3099
Indian Institute of Technology Gandhinagar	Mechanical Engineering (4 Years, Bachelor of Technology) 	AI 	OBC-NCL 	Female-only (including Supernumerary) 	6297 	7216
Indian Institute of Technology Patna	Artificial Intelligence and Data Science (4 Years, Bachelor of Technology) 	AI 	OBC-NCL 	Gender-Neutral 	1494 	1862
Indian Institute of Technology Patna	Artificial Intelligence and Data Science (4 Years, Bachelor of Technology) 	AI 	OBC-NCL 	Female-only (including Supernumerary) 	3742 	3917
Indian Institute of Technology Patna	B. Tech in CE. - M. Tech. in Geotechnical Engineering (5 Years, B.Tech. + M.Tech./MS (Dual Degree)) 	AI 	OBC-NCL 	Gender-Neutral 	5684 	5850
Indian Institute of Technology Patna	B. Tech in CE. - M. Tech. in Geotechnical Engineering (5 Years, B.Tech. + M.Tech./MS (Dual Degree)) 	AI 	OBC-NCL 	Female-only (including Supernumerary) 	9844 	9844
Indian Institute of Technology Patna	B. Tech in CE. - M. Tech. in Structural Engineering (5 Years, B.Tech. + M.Tech./MS (Dual Degree)) 	AI 	OBC-NCL 	Gender-Neutral 	5138 	5413
Indian Institute of Technology Patna	B. Tech in CE. - M. Tech. in Structural Engineering (5 Years, B.Tech. + M.Tech./MS (Dual Degree)) 	AI 	OBC-NCL 	Female-only (including Supernumerary) 	9278 	9278
Indian Institute of Technology Patna	B. Tech. (CSE) and M.Tech in CSE (5 Years, B.Tech. + M.Tech./MS (Dual Degree)) 	AI 	OBC-NCL 	Gender-Neutral 	1606 	1657
Indian Institute of Technology Patna	B. Tech. (ECE) -M. Tech. in VLSI (5 Years, B.Tech. + M.Tech./MS (Dual Degree)) 	AI 	OBC-NCL 	Gender-Neutral 	2469 	2673
Indian Institute of Technology Patna	B. Tech. (ECE) -M. Tech. in VLSI (5 Years, B.Tech. + M.Tech./MS (Dual Degree)) 	AI 	OBC-NCL 	Female-only (including Supernumerary) 	6345 	6345
Indian Institute of Technology Patna	B. Tech. (EEE)-M. Tech. in (Power &. Control) (5 Years, B.Tech. + M.Tech./MS (Dual Degree)) 	AI 	OBC-NCL 	Gender-Neutral 	3208 	3319
Indian Institute of Technology Patna	B. Tech. (EEE)-M. Tech. in (Power &. Control) (5 Years, B.Tech. + M.Tech./MS (Dual Degree)) 	AI 	OBC-NCL 	Female-only (including Supernumerary) 	7992 	7992
Indian Institute of Technology Patna	B. Tech. (Mathematics & Computing) M. Tech. in (Mathematics & Computing) (5 Years, B.Tech. + M.Tech./MS (Dual Degree)) 	AI 	OBC-NCL 	Gender-Neutral 	2212 	2538
Indian Institute of Technology Patna	B. Tech. (Mathematics & Computing) M. Tech. in (Mathematics & Computing) (5 Years, B.Tech. + M.Tech./MS (Dual Degree)) 	AI 	OBC-NCL 	Female-only (including Supernumerary) 	6029 	6029
Indian Institute of Technology Patna	B. Tech. (ME) - M. Tech. in Mechatronics (5 Years, B.Tech. + M.Tech./MS (Dual Degree)) 	AI 	OBC-NCL 	Gender-Neutral 	4212 	4301
Indian Institute of Technology Patna	B. Tech. (ME) - M. Tech. in Mechatronics (5 Years, B.Tech. + M.Tech./MS (Dual Degree)) 	AI 	OBC-NCL 	Female-only (including Supernumerary) 	8205 	8205
Indian Institute of Technology Patna	B.Tech (Artificial Intelligence and Data Science) - MBA in Digital Business Management (IIM Bodh Gaya) (5 Years, Bachelor of Technology and MBA (Dual Degree)) 	AI 	OBC-NCL 	Gender-Neutral 	2201 	2201
Indian Institute of Technology Patna	B.Tech (Artificial Intelligence and Data Science) - MBA in Digital Business Management (IIM Bodh Gaya) (5 Years, Bachelor of Technology and MBA (Dual Degree)) 	AI 	OBC-NCL 	Female-only (including Supernumerary) 	5873 	5873
Indian Institute of Technology Patna	B.Tech (Chemical Engineering) - MBA in Hospital and Health Care Management (IIM Bodh Gaya) (5 Years, Bachelor of Technology and MBA (Dual Degree)) 	AI 	OBC-NCL 	Gender-Neutral 	4636 	4636
Indian Institute of Technology Patna	B.Tech (Chemical Engineering) - MBA in Hospital and Health Care Management (IIM Bodh Gaya) (5 Years, Bachelor of Technology and MBA (Dual Degree)) 	AI 	OBC-NCL 	Female-only (including Supernumerary) 	10346 	10346
Indian Institute of Technology Patna	B.Tech (Chemical Science and Technology) - MBA in Hospital and Health Care Management (IIM Bodh Gaya) (5 Years, Bachelor of Technology and MBA (Dual Degree)) 	AI 	OBC-NCL 	Gender-Neutral 	4725 	4725
Indian Institute of Technology Patna	B.Tech (Civil Engineering) - MBA (IIM Bodh Gaya) (5 Years, Bachelor of Technology and MBA (Dual Degree)) 	AI 	OBC-NCL 	Gender-Neutral 	5135 	5135
Indian Institute of Technology Patna	B.Tech (Civil Engineering) - MBA (IIM Bodh Gaya) (5 Years, Bachelor of Technology and MBA (Dual Degree)) 	AI 	OBC-NCL 	Female-only (including Supernumerary) 	9888 	9888
Indian Institute of Technology Patna	B.Tech (Computer Science and Engineering) - MBA in Digital Business Management (IIM Bodh Gaya) (5 Years, Bachelor of Technology and MBA (Dual Degree)) 	AI 	OBC-NCL 	Gender-Neutral 	1885 	1885
Indian Institute of Technology Patna	B.Tech (Electrical and Electronics Engineering) - MBA (IIM Bodh Gaya) (5 Years, Bachelor of Technology and MBA (Dual Degree)) 	AI 	OBC-NCL 	Gender-Neutral 	3257 	3257
Indian Institute of Technology Patna	B.Tech (Electronics and Communication Engineering) - MBA in Hospital and Healthcare Management (IIM Bodh Gaya) (5 Years, Bachelor of Technology and MBA (Dual Degree)) 	AI 	OBC-NCL 	Gender-Neutral 	2877 	2877
Indian Institute of Technology Patna	B.Tech (Engineering Physics) - MBA (IIM Bodh Gaya) (5 Years, Bachelor of Technology and MBA (Dual Degree)) 	AI 	OBC-NCL 	Gender-Neutral 	5044 	5044
Indian Institute of Technology Patna	B.Tech (Engineering Physics) - MBA (IIM Bodh Gaya) (5 Years, Bachelor of Technology and MBA (Dual Degree)) 	AI 	OBC-NCL 	Female-only (including Supernumerary) 	10497 	10497
Indian Institute of Technology Patna	B.Tech (Mathematics and Computing) - MBA in Digital Business Management (IIM Bodh Gaya) (5 Years, Bachelor of Technology and MBA (Dual Degree)) 	AI 	OBC-NCL 	Gender-Neutral 	2757 	2757
Indian Institute of Technology Patna	B.Tech (Mathematics and Computing) - MBA in Digital Business Management (IIM Bodh Gaya) (5 Years, Bachelor of Technology and MBA (Dual Degree)) 	AI 	OBC-NCL 	Female-only (including Supernumerary) 	5361 	5361
Indian Institute of Technology Patna	B.Tech (Mechanical Engineering) - MBA (IIM Mumbai) (5 Years, Bachelor of Technology and MBA (Dual Degree)) 	AI 	OBC-NCL 	Gender-Neutral 	3720 	4001
Indian Institute of Technology Patna	B.Tech (Mechanical Engineering) - MBA (IIM Mumbai) (5 Years, Bachelor of Technology and MBA (Dual Degree)) 	AI 	OBC-NCL 	Female-only (including Supernumerary) 	8449 	8449
Indian Institute of Technology Patna	B.Tech (Metallurgical and Materials Engineering) - MBA (IIM Bodh Gaya) (5 Years, Bachelor of Technology and MBA (Dual Degree)) 	AI 	OBC-NCL 	Gender-Neutral 	5758 	5758
Indian Institute of Technology Patna	B.Tech. in Electronics and Communication Engineering and M.Tech. in Communication Systems (5 Years, Bachelor and Master of Technology (Dual Degree)) 	AI 	OBC-NCL 	Gender-Neutral 	2459 	2712
Indian Institute of Technology Patna	BS in Economics with MBA (IIM Bodh Gaya) (5 Years, Bachelor of Science and MBA (Dual Degree)) 	AI 	OBC-NCL 	Gender-Neutral 	4287 	4287
Indian Institute of Technology Patna	Chemical Engineering (4 Years, Bachelor of Technology) 	AI 	OBC-NCL 	Gender-Neutral 	4320 	4878
Indian Institute of Technology Patna	Chemical Engineering (4 Years, Bachelor of Technology) 	AI 	OBC-NCL 	Female-only (including Supernumerary) 	7942 	9151
Indian Institute of Technology Patna	Chemical Science and Technology (4 Years, Bachelor of Technology) 	AI 	OBC-NCL 	Gender-Neutral 	4899 	5515
Indian Institute of Technology Patna	Chemical Science and Technology (4 Years, Bachelor of Technology) 	AI 	OBC-NCL 	Female-only (including Supernumerary) 	8942 	9199
Indian Institute of Technology Patna	Civil Engineering (4 Years, Bachelor of Technology) 	AI 	OBC-NCL 	Gender-Neutral 	4691 	5243
Indian Institute of Technology Patna	Civil Engineering (4 Years, Bachelor of Technology) 	AI 	OBC-NCL 	Female-only (including Supernumerary) 	8805 	9442
Indian Institute of Technology Patna	Computer Science and Engineering (4 Years, Bachelor of Technology) 	AI 	OBC-NCL 	Gender-Neutral 	689 	1312
Indian Institute of Technology Patna	Computer Science and Engineering (4 Years, Bachelor of Technology) 	AI 	OBC-NCL 	Female-only (including Supernumerary) 	2944 	3306
Indian Institute of Technology Patna	Economics (4 Years, Bachelor of Science) 	AI 	OBC-NCL 	Gender-Neutral 	4239 	5535
Indian Institute of Technology Patna	Economics (4 Years, Bachelor of Science) 	AI 	OBC-NCL 	Female-only (including Supernumerary) 	7282 	7282
Indian Institute of Technology Patna	Electrical and Electronics Engineering (4 Years, Bachelor of Technology) 	AI 	OBC-NCL 	Gender-Neutral 	2316 	2827
Indian Institute of Technology Patna	Electrical and Electronics Engineering (4 Years, Bachelor of Technology) 	AI 	OBC-NCL 	Female-only (including Supernumerary) 	4967 	5440
Indian Institute of Technology Patna	Electronics and Communication Engineering (4 Years, Bachelor of Technology) 	AI 	OBC-NCL 	Gender-Neutral 	2121 	2461
Indian Institute of Technology Patna	Electronics and Communication Engineering (4 Years, Bachelor of Technology) 	AI 	OBC-NCL 	Female-only (including Supernumerary) 	4634 	4959
Indian Institute of Technology Patna	Engineering Physics (4 Years, Bachelor of Technology) 	AI 	OBC-NCL 	Gender-Neutral 	4700 	5475
Indian Institute of Technology Patna	Engineering Physics (4 Years, Bachelor of Technology) 	AI 	OBC-NCL 	Female-only (including Supernumerary) 	8601 	9005
Indian Institute of Technology Patna	Mathematics and Computing (4 Years, Bachelor of Technology) 	AI 	OBC-NCL 	Gender-Neutral 	1353 	2095
Indian Institute of Technology Patna	Mathematics and Computing (4 Years, Bachelor of Technology) 	AI 	OBC-NCL 	Female-only (including Supernumerary) 	4233 	4606
Indian Institute of Technology Patna	Mechanical Engineering (4 Years, Bachelor of Technology) 	AI 	OBC-NCL 	Gender-Neutral 	3396 	4286
Indian Institute of Technology Patna	Mechanical Engineering (4 Years, Bachelor of Technology) 	AI 	OBC-NCL 	Female-only (including Supernumerary) 	6895 	8475
Indian Institute of Technology Patna	Metallurgical and Materials Engineering (4 Years, Bachelor of Technology) 	AI 	OBC-NCL 	Gender-Neutral 	5177 	5617
Indian Institute of Technology Patna	Metallurgical and Materials Engineering (4 Years, Bachelor of Technology) 	AI 	OBC-NCL 	Female-only (including Supernumerary) 	9602 	9621
Indian Institute of Technology Roorkee	Architecture (5 Years, Bachelor of Architecture) 	AI 	OBC-NCL 	Gender-Neutral 	5425 	6497
Indian Institute of Technology Roorkee	Architecture (5 Years, Bachelor of Architecture) 	AI 	OBC-NCL 	Female-only (including Supernumerary) 	10955 	12609
Indian Institute of Technology Roorkee	Biosciences and Bioengineering (4 Years, Bachelor of Technology) 	AI 	OBC-NCL 	Gender-Neutral 	3449 	3569
Indian Institute of Technology Roorkee	Biosciences and Bioengineering (4 Years, Bachelor of Technology) 	AI 	OBC-NCL 	Female-only (including Supernumerary) 	6261 	7210
Indian Institute of Technology Roorkee	Chemical Engineering (4 Years, Bachelor of Technology) 	AI 	OBC-NCL 	Gender-Neutral 	1847 	2253
Indian Institute of Technology Roorkee	Chemical Engineering (4 Years, Bachelor of Technology) 	AI 	OBC-NCL 	Female-only (including Supernumerary) 	4055 	5240
Indian Institute of Technology Roorkee	Chemical Sciences (5 Years, Bachelor of Science and Master of Science (Dual Degree)) 	AI 	OBC-NCL 	Gender-Neutral 	4356 	4943
Indian Institute of Technology Roorkee	Chemical Sciences (5 Years, Bachelor of Science and Master of Science (Dual Degree)) 	AI 	OBC-NCL 	Female-only (including Supernumerary) 	8773 	8806
Indian Institute of Technology Roorkee	Civil Engineering (4 Years, Bachelor of Technology) 	AI 	OBC-NCL 	Gender-Neutral 	2300 	2967
Indian Institute of Technology Roorkee	Civil Engineering (4 Years, Bachelor of Technology) 	AI 	OBC-NCL 	Female-only (including Supernumerary) 	3485 	6229
Indian Institute of Technology Roorkee	Computer Science and Engineering (4 Years, Bachelor of Technology) 	AI 	OBC-NCL 	Gender-Neutral 	157 	253
Indian Institute of Technology Roorkee	Computer Science and Engineering (4 Years, Bachelor of Technology) 	AI 	OBC-NCL 	Female-only (including Supernumerary) 	845 	1038
Indian Institute of Technology Roorkee	Data Science and Artificial Intelligence (4 Years, Bachelor of Technology) 	AI 	OBC-NCL 	Gender-Neutral 	268 	387
Indian Institute of Technology Roorkee	Data Science and Artificial Intelligence (4 Years, Bachelor of Technology) 	AI 	OBC-NCL 	Female-only (including Supernumerary) 	1319 	1696
Indian Institute of Technology Roorkee	Economics (5 Years, Bachelor of Science and Master of Science (Dual Degree)) 	AI 	OBC-NCL 	Gender-Neutral 	2000 	2847
Indian Institute of Technology Roorkee	Economics (5 Years, Bachelor of Science and Master of Science (Dual Degree)) 	AI 	OBC-NCL 	Female-only (including Supernumerary) 	5298 	5911
Indian Institute of Technology Roorkee	Electrical Engineering (4 Years, Bachelor of Technology) 	AI 	OBC-NCL 	Gender-Neutral 	740 	979
Indian Institute of Technology Roorkee	Electrical Engineering (4 Years, Bachelor of Technology) 	AI 	OBC-NCL 	Female-only (including Supernumerary) 	2496 	2912
Indian Institute of Technology Roorkee	Electronics and Communication Engineering (4 Years, Bachelor of Technology) 	AI 	OBC-NCL 	Gender-Neutral 	366 	721
Indian Institute of Technology Roorkee	Electronics and Communication Engineering (4 Years, Bachelor of Technology) 	AI 	OBC-NCL 	Female-only (including Supernumerary) 	1808 	2161
Indian Institute of Technology Roorkee	Energy Engineering (4 Years, Bachelor of Technology) 	AI 	OBC-NCL 	Gender-Neutral 	1768 	2446
Indian Institute of Technology Roorkee	Energy Engineering (4 Years, Bachelor of Technology) 	AI 	OBC-NCL 	Female-only (including Supernumerary) 	5506 	5506
Indian Institute of Technology Roorkee	Engineering Physics (4 Years, Bachelor of Technology) 	AI 	OBC-NCL 	Gender-Neutral 	1872 	2365
Indian Institute of Technology Roorkee	Engineering Physics (4 Years, Bachelor of Technology) 	AI 	OBC-NCL 	Female-only (including Supernumerary) 	5296 	6251
Indian Institute of Technology Roorkee	Geological Technology (5 Years, Integrated Master of Technology) 	AI 	OBC-NCL 	Gender-Neutral 	4089 	4297
Indian Institute of Technology Roorkee	Geological Technology (5 Years, Integrated Master of Technology) 	AI 	OBC-NCL 	Female-only (including Supernumerary) 	8207 	8510
Indian Institute of Technology Roorkee	Geophysical Technology (5 Years, Integrated Master of Technology) 	AI 	OBC-NCL 	Gender-Neutral 	3482 	4074
Indian Institute of Technology Roorkee	Geophysical Technology (5 Years, Integrated Master of Technology) 	AI 	OBC-NCL 	Female-only (including Supernumerary) 	7127 	7221
Indian Institute of Technology Roorkee	Mathematics & Computing (5 Years, Bachelor of Science and Master of Science (Dual Degree)) 	AI 	OBC-NCL 	Gender-Neutral 	683 	846
Indian Institute of Technology Roorkee	Mathematics & Computing (5 Years, Bachelor of Science and Master of Science (Dual Degree)) 	AI 	OBC-NCL 	Female-only (including Supernumerary) 	2115 	2707
Indian Institute of Technology Roorkee	Mechanical Engineering (4 Years, Bachelor of Technology) 	AI 	OBC-NCL 	Gender-Neutral 	1180 	1840
Indian Institute of Technology Roorkee	Mechanical Engineering (4 Years, Bachelor of Technology) 	AI 	OBC-NCL 	Female-only (including Supernumerary) 	4178 	5321
Indian Institute of Technology Roorkee	Metallurgical and Materials Engineering (4 Years, Bachelor of Technology) 	AI 	OBC-NCL 	Gender-Neutral 	3088 	3447
Indian Institute of Technology Roorkee	Metallurgical and Materials Engineering (4 Years, Bachelor of Technology) 	AI 	OBC-NCL 	Female-only (including Supernumerary) 	5692 	7087
Indian Institute of Technology Roorkee	Physics (5 Years, Bachelor of Science and Master of Science (Dual Degree)) 	AI 	OBC-NCL 	Gender-Neutral 	4195 	4586
Indian Institute of Technology Roorkee	Physics (5 Years, Bachelor of Science and Master of Science (Dual Degree)) 	AI 	OBC-NCL 	Female-only (including Supernumerary) 	6839 	8829
Indian Institute of Technology Roorkee	Production and Industrial Engineering (4 Years, Bachelor of Technology) 	AI 	OBC-NCL 	Gender-Neutral 	2416 	2826
Indian Institute of Technology Roorkee	Production and Industrial Engineering (4 Years, Bachelor of Technology) 	AI 	OBC-NCL 	Female-only (including Supernumerary) 	5548 	6339
Indian Institute of Technology (ISM) Dhanbad	Applied Geology (5 Years, Integrated Master of Technology) 	AI 	OBC-NCL 	Gender-Neutral 	5797 	6098
Indian Institute of Technology (ISM) Dhanbad	Applied Geology (5 Years, Integrated Master of Technology) 	AI 	OBC-NCL 	Female-only (including Supernumerary) 	10208 	10208
Indian Institute of Technology (ISM) Dhanbad	Applied Geophysics (5 Years, Integrated Master of Technology) 	AI 	OBC-NCL 	Gender-Neutral 	5769 	6145
Indian Institute of Technology (ISM) Dhanbad	Applied Geophysics (5 Years, Integrated Master of Technology) 	AI 	OBC-NCL 	Female-only (including Supernumerary) 	10063 	10063
Indian Institute of Technology (ISM) Dhanbad	B.Tech Mining Engineering and MBA in Logistic and Supply Chain Management (IIM Mumbai) (5 Years, Integrated B. Tech. and MBA) 	AI 	OBC-NCL 	Gender-Neutral 	5410 	6033
Indian Institute of Technology (ISM) Dhanbad	B.Tech Mining Engineering and MBA in Logistic and Supply Chain Management (IIM Mumbai) (5 Years, Integrated B. Tech. and MBA) 	AI 	OBC-NCL 	Female-only (including Supernumerary) 	9644 	9877
Indian Institute of Technology (ISM) Dhanbad	Chemical Science (5 Years, Integrated Bachelor of Science-Master of Science) 	AI 	OBC-NCL 	Gender-Neutral 	5626 	6289
Indian Institute of Technology (ISM) Dhanbad	Chemical Science (5 Years, Integrated Bachelor of Science-Master of Science) 	AI 	OBC-NCL 	Female-only (including Supernumerary) 	10044 	10044
Indian Institute of Technology (ISM) Dhanbad	Chemical Engineering (4 Years, Bachelor of Technology) 	AI 	OBC-NCL 	Gender-Neutral 	3207 	4339
Indian Institute of Technology (ISM) Dhanbad	Chemical Engineering (4 Years, Bachelor of Technology) 	AI 	OBC-NCL 	Female-only (including Supernumerary) 	7152 	7304
Indian Institute of Technology (ISM) Dhanbad	Civil Engineering (4 Years, Bachelor of Technology) 	AI 	OBC-NCL 	Gender-Neutral 	4054 	4638
Indian Institute of Technology (ISM) Dhanbad	Civil Engineering (4 Years, Bachelor of Technology) 	AI 	OBC-NCL 	Female-only (including Supernumerary) 	7613 	8238
Indian Institute of Technology (ISM) Dhanbad	Computer Science and Engineering (4 Years, Bachelor of Technology) 	AI 	OBC-NCL 	Gender-Neutral 	733 	1311
Indian Institute of Technology (ISM) Dhanbad	Computer Science and Engineering (4 Years, Bachelor of Technology) 	AI 	OBC-NCL 	Female-only (including Supernumerary) 	2032 	2992
Indian Institute of Technology (ISM) Dhanbad	Electrical Engineering (4 Years, Bachelor of Technology) 	AI 	OBC-NCL 	Gender-Neutral 	1995 	2771
Indian Institute of Technology (ISM) Dhanbad	Electrical Engineering (4 Years, Bachelor of Technology) 	AI 	OBC-NCL 	Female-only (including Supernumerary) 	5328 	6343
Indian Institute of Technology (ISM) Dhanbad	Electronics and Communication Engineering (4 Years, Bachelor of Technology) 	AI 	OBC-NCL 	Gender-Neutral 	1501 	2072
Indian Institute of Technology (ISM) Dhanbad	Electronics and Communication Engineering (4 Years, Bachelor of Technology) 	AI 	OBC-NCL 	Female-only (including Supernumerary) 	3554 	4582
Indian Institute of Technology (ISM) Dhanbad	Engineering Physics (4 Years, Bachelor of Technology) 	AI 	OBC-NCL 	Gender-Neutral 	4140 	4405
Indian Institute of Technology (ISM) Dhanbad	Engineering Physics (4 Years, Bachelor of Technology) 	AI 	OBC-NCL 	Female-only (including Supernumerary) 	7945 	8279
Indian Institute of Technology (ISM) Dhanbad	Environmental Engineering (4 Years, Bachelor of Technology) 	AI 	OBC-NCL 	Gender-Neutral 	4705 	5742
Indian Institute of Technology (ISM) Dhanbad	Environmental Engineering (4 Years, Bachelor of Technology) 	AI 	OBC-NCL 	Female-only (including Supernumerary) 	9024 	9749
Indian Institute of Technology (ISM) Dhanbad	Mathematics and Computing (4 Years, Bachelor of Technology) 	AI 	OBC-NCL 	Gender-Neutral 	1446 	1628
Indian Institute of Technology (ISM) Dhanbad	Mathematics and Computing (4 Years, Bachelor of Technology) 	AI 	OBC-NCL 	Female-only (including Supernumerary) 	3445 	3964
Indian Institute of Technology (ISM) Dhanbad	Mechanical Engineering (4 Years, Bachelor of Technology) 	AI 	OBC-NCL 	Gender-Neutral 	2839 	3743
Indian Institute of Technology (ISM) Dhanbad	Mechanical Engineering (4 Years, Bachelor of Technology) 	AI 	OBC-NCL 	Female-only (including Supernumerary) 	6941 	7792
Indian Institute of Technology (ISM) Dhanbad	Mineral and Metallurgical Engineering (4 Years, Bachelor of Technology) 	AI 	OBC-NCL 	Gender-Neutral 	4755 	5301
Indian Institute of Technology (ISM) Dhanbad	Mineral and Metallurgical Engineering (4 Years, Bachelor of Technology) 	AI 	OBC-NCL 	Female-only (including Supernumerary) 	7501 	8428
Indian Institute of Technology (ISM) Dhanbad	Mining Engineering (4 Years, Bachelor of Technology) 	AI 	OBC-NCL 	Gender-Neutral 	4330 	5419
Indian Institute of Technology (ISM) Dhanbad	Mining Engineering (4 Years, Bachelor of Technology) 	AI 	OBC-NCL 	Female-only (including Supernumerary) 	8249 	9620
Indian Institute of Technology (ISM) Dhanbad	Mining Machinery Engineering (4 Years, Bachelor of Technology) 	AI 	OBC-NCL 	Gender-Neutral 	4865 	5725
Indian Institute of Technology (ISM) Dhanbad	Mining Machinery Engineering (4 Years, Bachelor of Technology) 	AI 	OBC-NCL 	Female-only (including Supernumerary) 	9723 	9947
Indian Institute of Technology (ISM) Dhanbad	Petroleum Engineering (4 Years, Bachelor of Technology) 	AI 	OBC-NCL 	Gender-Neutral 	3377 	4717
Indian Institute of Technology (ISM) Dhanbad	Petroleum Engineering (4 Years, Bachelor of Technology) 	AI 	OBC-NCL 	Female-only (including Supernumerary) 	6991 	9036
Indian Institute of Technology (ISM) Dhanbad	Physical Science (5 Years, Integrated Bachelor of Science-Master of Science) 	AI 	OBC-NCL 	Gender-Neutral 	6183 	6413
Indian Institute of Technology (ISM) Dhanbad	Physical Science (5 Years, Integrated Bachelor of Science-Master of Science) 	AI 	OBC-NCL 	Female-only (including Supernumerary) 	10220 	10220
Indian Institute of Technology Ropar	Artificial Intelligence and Data Engineering (4 Years, Bachelor of Technology) 	AI 	OBC-NCL 	Gender-Neutral 	1120 	1609
Indian Institute of Technology Ropar	Artificial Intelligence and Data Engineering (4 Years, Bachelor of Technology) 	AI 	OBC-NCL 	Female-only (including Supernumerary) 	3557 	4293
Indian Institute of Technology Ropar	Chemical Engineering (4 Years, Bachelor of Technology) 	AI 	OBC-NCL 	Gender-Neutral 	3095 	3942
Indian Institute of Technology Ropar	Chemical Engineering (4 Years, Bachelor of Technology) 	AI 	OBC-NCL 	Female-only (including Supernumerary) 	8246 	8452
Indian Institute of Technology Ropar	Civil Engineering (4 Years, Bachelor of Technology) 	AI 	OBC-NCL 	Gender-Neutral 	4229 	4439
Indian Institute of Technology Ropar	Civil Engineering (4 Years, Bachelor of Technology) 	AI 	OBC-NCL 	Female-only (including Supernumerary) 	8254 	8750
Indian Institute of Technology Ropar	Computer Science and Engineering (4 Years, Bachelor of Technology) 	AI 	OBC-NCL 	Gender-Neutral 	696 	1253
Indian Institute of Technology Ropar	Computer Science and Engineering (4 Years, Bachelor of Technology) 	AI 	OBC-NCL 	Female-only (including Supernumerary) 	2668 	3550
Indian Institute of Technology Ropar	Digital Agriculture (4 Years, Bachelor of Technology) 	AI 	OBC-NCL 	Gender-Neutral 	4401 	5699
Indian Institute of Technology Ropar	Digital Agriculture (4 Years, Bachelor of Technology) 	AI 	OBC-NCL 	Female-only (including Supernumerary) 	9118 	9118
Indian Institute of Technology Ropar	Electrical Engineering (4 Years, Bachelor of Technology) 	AI 	OBC-NCL 	Gender-Neutral 	1552 	2859
Indian Institute of Technology Ropar	Electrical Engineering (4 Years, Bachelor of Technology) 	AI 	OBC-NCL 	Female-only (including Supernumerary) 	5137 	6627
Indian Institute of Technology Ropar	Electrical Engineering (Integrated Circuit Design and Technology) (4 Years, Bachelor of Technology) 	AI 	OBC-NCL 	Gender-Neutral 	2168 	2487
Indian Institute of Technology Ropar	Electrical Engineering (Integrated Circuit Design and Technology) (4 Years, Bachelor of Technology) 	AI 	OBC-NCL 	Female-only (including Supernumerary) 	6307 	6307
Indian Institute of Technology Ropar	Engineering Physics (4 Years, Bachelor of Technology) 	AI 	OBC-NCL 	Gender-Neutral 	4248 	4553
Indian Institute of Technology Ropar	Engineering Physics (4 Years, Bachelor of Technology) 	AI 	OBC-NCL 	Female-only (including Supernumerary) 	8224 	8224
Indian Institute of Technology Ropar	Mathematics and Computing (4 Years, Bachelor of Technology) 	AI 	OBC-NCL 	Gender-Neutral 	1504 	1983
Indian Institute of Technology Ropar	Mathematics and Computing (4 Years, Bachelor of Technology) 	AI 	OBC-NCL 	Female-only (including Supernumerary) 	3766 	4915
Indian Institute of Technology Ropar	Mechanical Engineering (4 Years, Bachelor of Technology) 	AI 	OBC-NCL 	Gender-Neutral 	3168 	3835
Indian Institute of Technology Ropar	Mechanical Engineering (4 Years, Bachelor of Technology) 	AI 	OBC-NCL 	Female-only (including Supernumerary) 	7807 	8380
Indian Institute of Technology Ropar	Metallurgical and Materials Engineering (4 Years, Bachelor of Technology) 	AI 	OBC-NCL 	Gender-Neutral 	4731 	5192
Indian Institute of Technology Ropar	Metallurgical and Materials Engineering (4 Years, Bachelor of Technology) 	AI 	OBC-NCL 	Female-only (including Supernumerary) 	8709 	9123
Indian Institute of Technology (BHU) Varanasi	Architecture (5 Years, Bachelor of Architecture) 	AI 	OBC-NCL 	Gender-Neutral 	6799 	6900
Indian Institute of Technology (BHU) Varanasi	Biochemical Engineering (4 Years, Bachelor of Technology) 	AI 	OBC-NCL 	Gender-Neutral 	4723 	5337
Indian Institute of Technology (BHU) Varanasi	Biochemical Engineering (4 Years, Bachelor of Technology) 	AI 	OBC-NCL 	Female-only (including Supernumerary) 	8973 	8973
Indian Institute of Technology (BHU) Varanasi	Bioengineering (4 Years, Bachelor of Technology) 	AI 	OBC-NCL 	Gender-Neutral 	4128 	4677
Indian Institute of Technology (BHU) Varanasi	Bioengineering (4 Years, Bachelor of Technology) 	AI 	OBC-NCL 	Female-only (including Supernumerary) 	9094 	9094
Indian Institute of Technology (BHU) Varanasi	Ceramic Engineering (4 Years, Bachelor of Technology) 	AI 	OBC-NCL 	Gender-Neutral 	4044 	4990
Indian Institute of Technology (BHU) Varanasi	Ceramic Engineering (4 Years, Bachelor of Technology) 	AI 	OBC-NCL 	Female-only (including Supernumerary) 	9063 	10000
Indian Institute of Technology (BHU) Varanasi	Chemical Engineering (4 Years, Bachelor of Technology) 	AI 	OBC-NCL 	Gender-Neutral 	2819 	3434
Indian Institute of Technology (BHU) Varanasi	Chemical Engineering (4 Years, Bachelor of Technology) 	AI 	OBC-NCL 	Female-only (including Supernumerary) 	4271 	7240
Indian Institute of Technology (BHU) Varanasi	Civil Engineering (4 Years, Bachelor of Technology) 	AI 	OBC-NCL 	Gender-Neutral 	3330 	3888
Indian Institute of Technology (BHU) Varanasi	Civil Engineering (4 Years, Bachelor of Technology) 	AI 	OBC-NCL 	Female-only (including Supernumerary) 	7255 	7860
Indian Institute of Technology (BHU) Varanasi	Computer Science and Engineering (4 Years, Bachelor of Technology) 	AI 	OBC-NCL 	Gender-Neutral 	334 	528
Indian Institute of Technology (BHU) Varanasi	Computer Science and Engineering (4 Years, Bachelor of Technology) 	AI 	OBC-NCL 	Female-only (including Supernumerary) 	1097 	1832
Indian Institute of Technology (BHU) Varanasi	Electrical Engineering (4 Years, Bachelor of Technology) 	AI 	OBC-NCL 	Gender-Neutral 	1061 	1491
Indian Institute of Technology (BHU) Varanasi	Electrical Engineering (4 Years, Bachelor of Technology) 	AI 	OBC-NCL 	Female-only (including Supernumerary) 	2528 	4023
Indian Institute of Technology (BHU) Varanasi	Electronics Engineering (4 Years, Bachelor of Technology) 	AI 	OBC-NCL 	Gender-Neutral 	816 	1261
Indian Institute of Technology (BHU) Varanasi	Electronics Engineering (4 Years, Bachelor of Technology) 	AI 	OBC-NCL 	Female-only (including Supernumerary) 	2555 	3392
Indian Institute of Technology (BHU) Varanasi	Engineering Physics (4 Years, Bachelor of Technology) 	AI 	OBC-NCL 	Gender-Neutral 	2954 	4059
Indian Institute of Technology (BHU) Varanasi	Engineering Physics (4 Years, Bachelor of Technology) 	AI 	OBC-NCL 	Female-only (including Supernumerary) 	7709 	7907
Indian Institute of Technology (BHU) Varanasi	Industrial Chemistry (4 Years, Bachelor of Technology) 	AI 	OBC-NCL 	Gender-Neutral 	4438 	4859
Indian Institute of Technology (BHU) Varanasi	Industrial Chemistry (4 Years, Bachelor of Technology) 	AI 	OBC-NCL 	Female-only (including Supernumerary) 	7816 	8751
Indian Institute of Technology (BHU) Varanasi	Materials Science and Technology (4 Years, Bachelor of Technology) 	AI 	OBC-NCL 	Gender-Neutral 	3759 	4740
Indian Institute of Technology (BHU) Varanasi	Materials Science and Technology (4 Years, Bachelor of Technology) 	AI 	OBC-NCL 	Female-only (including Supernumerary) 	7513 	7657
Indian Institute of Technology (BHU) Varanasi	Mathematics and Computing (4 Years, Bachelor of Technology) 	AI 	OBC-NCL 	Gender-Neutral 	576 	883
Indian Institute of Technology (BHU) Varanasi	Mathematics and Computing (4 Years, Bachelor of Technology) 	AI 	OBC-NCL 	Female-only (including Supernumerary) 	2137 	2664
Indian Institute of Technology (BHU) Varanasi	Mechanical Engineering (4 Years, Bachelor of Technology) 	AI 	OBC-NCL 	Gender-Neutral 	2045 	2829
Indian Institute of Technology (BHU) Varanasi	Mechanical Engineering (4 Years, Bachelor of Technology) 	AI 	OBC-NCL 	Female-only (including Supernumerary) 	5979 	7099
Indian Institute of Technology (BHU) Varanasi	Metallurgical Engineering (4 Years, Bachelor of Technology) 	AI 	OBC-NCL 	Gender-Neutral 	3456 	4561
Indian Institute of Technology (BHU) Varanasi	Metallurgical Engineering (4 Years, Bachelor of Technology) 	AI 	OBC-NCL 	Female-only (including Supernumerary) 	8175 	8690
Indian Institute of Technology (BHU) Varanasi	Mining Engineering (4 Years, Bachelor of Technology) 	AI 	OBC-NCL 	Gender-Neutral 	4608 	5319
Indian Institute of Technology (BHU) Varanasi	Mining Engineering (4 Years, Bachelor of Technology) 	AI 	OBC-NCL 	Female-only (including Supernumerary) 	8188 	9767
Indian Institute of Technology (BHU) Varanasi	Pharmaceutical Engineering & Technology (4 Years, Bachelor of Technology) 	AI 	OBC-NCL 	Gender-Neutral 	4978 	5591
Indian Institute of Technology (BHU) Varanasi	Pharmaceutical Engineering & Technology (4 Years, Bachelor of Technology) 	AI 	OBC-NCL 	Female-only (including Supernumerary) 	9112 	9686
Indian Institute of Technology Guwahati	Biosciences and Bioengineering (4 Years, Bachelor of Technology) 	AI 	OBC-NCL 	Gender-Neutral 	3465 	4310
Indian Institute of Technology Guwahati	Biosciences and Bioengineering (4 Years, Bachelor of Technology) 	AI 	OBC-NCL 	Female-only (including Supernumerary) 	7587 	8108
Indian Institute of Technology Guwahati	Chemical Engineering (4 Years, Bachelor of Technology) 	AI 	OBC-NCL 	Gender-Neutral 	2259 	2519
Indian Institute of Technology Guwahati	Chemical Engineering (4 Years, Bachelor of Technology) 	AI 	OBC-NCL 	Female-only (including Supernumerary) 	5545 	6044
Indian Institute of Technology Guwahati	Chemical Science and Technology (4 Years, Bachelor of Technology) 	AI 	OBC-NCL 	Gender-Neutral 	2355 	3161
Indian Institute of Technology Guwahati	Chemical Science and Technology (4 Years, Bachelor of Technology) 	AI 	OBC-NCL 	Female-only (including Supernumerary) 	6462 	6793
Indian Institute of Technology Guwahati	Civil Engineering (4 Years, Bachelor of Technology) 	AI 	OBC-NCL 	Gender-Neutral 	2689 	3439
Indian Institute of Technology Guwahati	Civil Engineering (4 Years, Bachelor of Technology) 	AI 	OBC-NCL 	Female-only (including Supernumerary) 	6238 	6609
Indian Institute of Technology Guwahati	Computer Science and Engineering (4 Years, Bachelor of Technology) 	AI 	OBC-NCL 	Gender-Neutral 	254 	336
Indian Institute of Technology Guwahati	Computer Science and Engineering (4 Years, Bachelor of Technology) 	AI 	OBC-NCL 	Female-only (including Supernumerary) 	918 	1302
Indian Institute of Technology Guwahati	Data Science and Artificial Intelligence (4 Years, Bachelor of Technology) 	AI 	OBC-NCL 	Gender-Neutral 	388 	452
Indian Institute of Technology Guwahati	Data Science and Artificial Intelligence (4 Years, Bachelor of Technology) 	AI 	OBC-NCL 	Female-only (including Supernumerary) 	1490 	1604
Indian Institute of Technology Guwahati	Electronics and Communication Engineering (4 Years, Bachelor of Technology) 	AI 	OBC-NCL 	Gender-Neutral 	686 	796
Indian Institute of Technology Guwahati	Electronics and Communication Engineering (4 Years, Bachelor of Technology) 	AI 	OBC-NCL 	Female-only (including Supernumerary) 	2099 	2460
Indian Institute of Technology Guwahati	Electronics and Electrical Engineering (4 Years, Bachelor of Technology) 	AI 	OBC-NCL 	Gender-Neutral 	807 	996
Indian Institute of Technology Guwahati	Electronics and Electrical Engineering (4 Years, Bachelor of Technology) 	AI 	OBC-NCL 	Female-only (including Supernumerary) 	2663 	3281
Indian Institute of Technology Guwahati	Energy Engineering (4 Years, Bachelor of Technology) 	AI 	OBC-NCL 	Gender-Neutral 	2704 	2836
Indian Institute of Technology Guwahati	Energy Engineering (4 Years, Bachelor of Technology) 	AI 	OBC-NCL 	Female-only (including Supernumerary) 	6346 	6346
Indian Institute of Technology Guwahati	Engineering Physics (4 Years, Bachelor of Technology) 	AI 	OBC-NCL 	Gender-Neutral 	2627 	3406
Indian Institute of Technology Guwahati	Engineering Physics (4 Years, Bachelor of Technology) 	AI 	OBC-NCL 	Female-only (including Supernumerary) 	6468 	6923
Indian Institute of Technology Guwahati	Mathematics and Computing (4 Years, Bachelor of Technology) 	AI 	OBC-NCL 	Gender-Neutral 	470 	560
Indian Institute of Technology Guwahati	Mathematics and Computing (4 Years, Bachelor of Technology) 	AI 	OBC-NCL 	Female-only (including Supernumerary) 	1858 	2250
Indian Institute of Technology Guwahati	Mechanical Engineering (4 Years, Bachelor of Technology) 	AI 	OBC-NCL 	Gender-Neutral 	1879 	2231
Indian Institute of Technology Guwahati	Mechanical Engineering (4 Years, Bachelor of Technology) 	AI 	OBC-NCL 	Female-only (including Supernumerary) 	5215 	5800
Indian Institute of Technology Bhilai	Computer Science and Engineering (4 Years, Bachelor of Technology) 	AI 	OBC-NCL 	Gender-Neutral 	1987 	2832
Indian Institute of Technology Bhilai	Computer Science and Engineering (4 Years, Bachelor of Technology) 	AI 	OBC-NCL 	Female-only (including Supernumerary) 	3819 	4045
Indian Institute of Technology Bhilai	Data Science and Artificial Intelligence (4 Years, Bachelor of Technology) 	AI 	OBC-NCL 	Gender-Neutral 	2301 	3135
Indian Institute of Technology Bhilai	Data Science and Artificial Intelligence (4 Years, Bachelor of Technology) 	AI 	OBC-NCL 	Female-only (including Supernumerary) 	4962 	5099
Indian Institute of Technology Bhilai	Electrical Engineering (4 Years, Bachelor of Technology) 	AI 	OBC-NCL 	Gender-Neutral 	3566 	4149
Indian Institute of Technology Bhilai	Electrical Engineering (4 Years, Bachelor of Technology) 	AI 	OBC-NCL 	Female-only (including Supernumerary) 	6658 	7350
Indian Institute of Technology Bhilai	Electronics and Communication Engineering (4 Years, Bachelor of Technology) 	AI 	OBC-NCL 	Gender-Neutral 	2878 	3474
Indian Institute of Technology Bhilai	Electronics and Communication Engineering (4 Years, Bachelor of Technology) 	AI 	OBC-NCL 	Female-only (including Supernumerary) 	4668 	6563
Indian Institute of Technology Bhilai	Materials Science and Metallurgical Engineering (4 Years, Bachelor of Technology) 	AI 	OBC-NCL 	Gender-Neutral 	5646 	6053
Indian Institute of Technology Bhilai	Materials Science and Metallurgical Engineering (4 Years, Bachelor of Technology) 	AI 	OBC-NCL 	Female-only (including Supernumerary) 	9804 	9804
Indian Institute of Technology Bhilai	Mechanical Engineering (4 Years, Bachelor of Technology) 	AI 	OBC-NCL 	Gender-Neutral 	4481 	4924
Indian Institute of Technology Bhilai	Mechanical Engineering (4 Years, Bachelor of Technology) 	AI 	OBC-NCL 	Female-only (including Supernumerary) 	8890 	9522
Indian Institute of Technology Bhilai	Mechatronics Engineering (4 Years, Bachelor of Technology) 	AI 	OBC-NCL 	Gender-Neutral 	3062 	4573
Indian Institute of Technology Bhilai	Mechatronics Engineering (4 Years, Bachelor of Technology) 	AI 	OBC-NCL 	Female-only (including Supernumerary) 	8909 	9054
Indian Institute of Technology Goa	Computer Science and Engineering (4 Years, Bachelor of Technology) 	AI 	OBC-NCL 	Gender-Neutral 	1785 	2247
Indian Institute of Technology Goa	Computer Science and Engineering (4 Years, Bachelor of Technology) 	AI 	OBC-NCL 	Female-only (including Supernumerary) 	4193 	4459
Indian Institute of Technology Goa	Electrical Engineering (4 Years, Bachelor of Technology) 	AI 	OBC-NCL 	Gender-Neutral 	3371 	3680
Indian Institute of Technology Goa	Electrical Engineering (4 Years, Bachelor of Technology) 	AI 	OBC-NCL 	Female-only (including Supernumerary) 	6634 	6763
Indian Institute of Technology Goa	Mathematics and Computing (4 Years, Bachelor of Technology) 	AI 	OBC-NCL 	Gender-Neutral 	2373 	3060
Indian Institute of Technology Goa	Mathematics and Computing (4 Years, Bachelor of Technology) 	AI 	OBC-NCL 	Female-only (including Supernumerary) 	4604 	5097
Indian Institute of Technology Goa	Mechanical Engineering (4 Years, Bachelor of Technology) 	AI 	OBC-NCL 	Gender-Neutral 	4262 	4688
Indian Institute of Technology Goa	Mechanical Engineering (4 Years, Bachelor of Technology) 	AI 	OBC-NCL 	Female-only (including Supernumerary) 	8071 	8445
Indian Institute of Technology Palakkad	Civil Engineering (4 Years, Bachelor of Technology) 	AI 	OBC-NCL 	Gender-Neutral 	5021 	5841
Indian Institute of Technology Palakkad	Civil Engineering (4 Years, Bachelor of Technology) 	AI 	OBC-NCL 	Female-only (including Supernumerary) 	8916 	9084
Indian Institute of Technology Palakkad	Computer Science and Engineering (4 Years, Bachelor of Technology) 	AI 	OBC-NCL 	Gender-Neutral 	1942 	2379
Indian Institute of Technology Palakkad	Computer Science and Engineering (4 Years, Bachelor of Technology) 	AI 	OBC-NCL 	Female-only (including Supernumerary) 	3301 	3301
Indian Institute of Technology Palakkad	Data Science and Engineering (4 Years, Bachelor of Technology) 	AI 	OBC-NCL 	Gender-Neutral 	2584 	3120
Indian Institute of Technology Palakkad	Data Science and Engineering (4 Years, Bachelor of Technology) 	AI 	OBC-NCL 	Female-only (including Supernumerary) 	4673 	4821
Indian Institute of Technology Palakkad	Electrical Engineering (4 Years, Bachelor of Technology) 	AI 	OBC-NCL 	Gender-Neutral 	2764 	3719
Indian Institute of Technology Palakkad	Electrical Engineering (4 Years, Bachelor of Technology) 	AI 	OBC-NCL 	Female-only (including Supernumerary) 	6407 	6637
Indian Institute of Technology Palakkad	Mechanical Engineering (4 Years, Bachelor of Technology) 	AI 	OBC-NCL 	Gender-Neutral 	3145 	4475
Indian Institute of Technology Palakkad	Mechanical Engineering (4 Years, Bachelor of Technology) 	AI 	OBC-NCL 	Female-only (including Supernumerary) 	8471 	8517
Indian Institute of Technology Tirupati	Chemical Engineering (4 Years, Bachelor of Technology) 	AI 	OBC-NCL 	Gender-Neutral 	4554 	5522
Indian Institute of Technology Tirupati	Chemical Engineering (4 Years, Bachelor of Technology) 	AI 	OBC-NCL 	Female-only (including Supernumerary) 	7450 	7705
Indian Institute of Technology Tirupati	Civil Engineering (4 Years, Bachelor of Technology) 	AI 	OBC-NCL 	Gender-Neutral 	4842 	5495
Indian Institute of Technology Tirupati	Civil Engineering (4 Years, Bachelor of Technology) 	AI 	OBC-NCL 	Female-only (including Supernumerary) 	8013 	8294
Indian Institute of Technology Tirupati	Computer Science and Engineering (4 Years, Bachelor of Technology) 	AI 	OBC-NCL 	Gender-Neutral 	1579 	2113
Indian Institute of Technology Tirupati	Computer Science and Engineering (4 Years, Bachelor of Technology) 	AI 	OBC-NCL 	Female-only (including Supernumerary) 	2134 	2675
Indian Institute of Technology Tirupati	Electrical Engineering (4 Years, Bachelor of Technology) 	AI 	OBC-NCL 	Gender-Neutral 	2639 	3580
Indian Institute of Technology Tirupati	Electrical Engineering (4 Years, Bachelor of Technology) 	AI 	OBC-NCL 	Female-only (including Supernumerary) 	5141 	6080
Indian Institute of Technology Tirupati	Engineering Physics (4 Years, Bachelor of Technology) 	AI 	OBC-NCL 	Gender-Neutral 	4689 	5055
Indian Institute of Technology Tirupati	Mechanical Engineering (4 Years, Bachelor of Technology) 	AI 	OBC-NCL 	Gender-Neutral 	3736 	4355
Indian Institute of Technology Tirupati	Mechanical Engineering (4 Years, Bachelor of Technology) 	AI 	OBC-NCL 	Female-only (including Supernumerary) 	7461 	8018
Indian Institute of Technology Jammu	Chemical Engineering (4 Years, Bachelor of Technology) 	AI 	OBC-NCL 	Gender-Neutral 	4515 	5939
Indian Institute of Technology Jammu	Chemical Engineering (4 Years, Bachelor of Technology) 	AI 	OBC-NCL 	Female-only (including Supernumerary) 	9381 	9664
Indian Institute of Technology Jammu	Civil Engineering (4 Years, Bachelor of Technology) 	AI 	OBC-NCL 	Gender-Neutral 	5512 	5886
Indian Institute of Technology Jammu	Civil Engineering (4 Years, Bachelor of Technology) 	AI 	OBC-NCL 	Female-only (including Supernumerary) 	9830 	9831
Indian Institute of Technology Jammu	Computer Science and Engineering (4 Years, Bachelor of Technology) 	AI 	OBC-NCL 	Gender-Neutral 	2057 	2736
Indian Institute of Technology Jammu	Computer Science and Engineering (4 Years, Bachelor of Technology) 	AI 	OBC-NCL 	Female-only (including Supernumerary) 	5067 	5225
Indian Institute of Technology Jammu	Electrical Engineering (4 Years, Bachelor of Technology) 	AI 	OBC-NCL 	Gender-Neutral 	3435 	4230
Indian Institute of Technology Jammu	Electrical Engineering (4 Years, Bachelor of Technology) 	AI 	OBC-NCL 	Female-only (including Supernumerary) 	6925 	8157
Indian Institute of Technology Jammu	Engineering Physics (4 Years, Bachelor of Technology) 	AI 	OBC-NCL 	Gender-Neutral 	5630 	6065
Indian Institute of Technology Jammu	Engineering Physics (4 Years, Bachelor of Technology) 	AI 	OBC-NCL 	Female-only (including Supernumerary) 	9469 	9469
Indian Institute of Technology Jammu	Materials Engineering (4 Years, Bachelor of Technology) 	AI 	OBC-NCL 	Gender-Neutral 	5936 	6153
Indian Institute of Technology Jammu	Materials Engineering (4 Years, Bachelor of Technology) 	AI 	OBC-NCL 	Female-only (including Supernumerary) 	10183 	10345
Indian Institute of Technology Jammu	Mathematics and Computing (4 Years, Bachelor of Technology) 	AI 	OBC-NCL 	Gender-Neutral 	2987 	3289
Indian Institute of Technology Jammu	Mathematics and Computing (4 Years, Bachelor of Technology) 	AI 	OBC-NCL 	Female-only (including Supernumerary) 	6284 	7085
Indian Institute of Technology Jammu	Mechanical Engineering (4 Years, Bachelor of Technology) 	AI 	OBC-NCL 	Gender-Neutral 	4661 	5235
Indian Institute of Technology Jammu	Mechanical Engineering (4 Years, Bachelor of Technology) 	AI 	OBC-NCL 	Female-only (including Supernumerary) 	8757 	9537
Indian Institute of Technology Dharwad	Chemical and Biochemical Engineering (4 Years, Bachelor of Technology) 	AI 	OBC-NCL 	Gender-Neutral 	5564 	6021
Indian Institute of Technology Dharwad	Chemical and Biochemical Engineering (4 Years, Bachelor of Technology) 	AI 	OBC-NCL 	Female-only (including Supernumerary) 	9345 	9938
Indian Institute of Technology Dharwad	Civil and Infrastructure Engineering (4 Years, Bachelor of Technology) 	AI 	OBC-NCL 	Gender-Neutral 	5796 	5868
Indian Institute of Technology Dharwad	Civil and Infrastructure Engineering (4 Years, Bachelor of Technology) 	AI 	OBC-NCL 	Female-only (including Supernumerary) 	8085 	9519
Indian Institute of Technology Dharwad	Computer Science and Engineering (4 Years, Bachelor of Technology) 	AI 	OBC-NCL 	Gender-Neutral 	2273 	2603
Indian Institute of Technology Dharwad	Computer Science and Engineering (4 Years, Bachelor of Technology) 	AI 	OBC-NCL 	Female-only (including Supernumerary) 	4021 	4431
Indian Institute of Technology Dharwad	Electrical and Electronics Engineering (4 Years, Bachelor of Technology) 	AI 	OBC-NCL 	Gender-Neutral 	3595 	4020
Indian Institute of Technology Dharwad	Electrical and Electronics Engineering (4 Years, Bachelor of Technology) 	AI 	OBC-NCL 	Female-only (including Supernumerary) 	6540 	7036
Indian Institute of Technology Dharwad	Electronics and Communication Engineering (4 Years, Bachelor of Technology) 	AI 	OBC-NCL 	Gender-Neutral 	2986 	3510
Indian Institute of Technology Dharwad	Electronics and Communication Engineering (4 Years, Bachelor of Technology) 	AI 	OBC-NCL 	Female-only (including Supernumerary) 	5384 	5960
Indian Institute of Technology Dharwad	Engineering Physics (4 Years, Bachelor of Technology) 	AI 	OBC-NCL 	Gender-Neutral 	4861 	5959
Indian Institute of Technology Dharwad	Engineering Physics (4 Years, Bachelor of Technology) 	AI 	OBC-NCL 	Female-only (including Supernumerary) 	9349 	9612
Indian Institute of Technology Dharwad	Interdisciplinary Sciences (5 Years, Bachelor of Science and Master of Science (Dual Degree)) 	AI 	OBC-NCL 	Gender-Neutral 	6100 	6478
Indian Institute of Technology Dharwad	Interdisciplinary Sciences (5 Years, Bachelor of Science and Master of Science (Dual Degree)) 	AI 	OBC-NCL 	Female-only (including Supernumerary) 	10541 	10692
Indian Institute of Technology Dharwad	Mathematics and Computing (4 Years, Bachelor of Technology) 	AI 	OBC-NCL 	Gender-Neutral 	2362 	3178
Indian Institute of Technology Dharwad	Mathematics and Computing (4 Years, Bachelor of Technology) 	AI 	OBC-NCL 	Female-only (including Supernumerary) 	5463 	5470
Indian Institute of Technology Dharwad	Mechanical Engineering (4 Years, Bachelor of Technology) 	AI 	OBC-NCL 	Gender-Neutral 	4422 	5174
Indian Institute of Technology Dharwad	Mechanical Engineering (4 Years, Bachelor of Technology) 	AI 	OBC-NCL 	Female-only (including Supernumerary) 	8099 	8844
Dr. B R Ambedkar National Institute of Technology, Jalandhar	Bio Technology (4 Years, Bachelor of Technology) 	HS 	OBC-NCL 	Gender-Neutral 	33291 	60996
Dr. B R Ambedkar National Institute of Technology, Jalandhar	Bio Technology (4 Years, Bachelor of Technology) 	HS 	OBC-NCL 	Female-only (including Supernumerary) 	52894 	72072
Dr. B R Ambedkar National Institute of Technology, Jalandhar	Bio Technology (4 Years, Bachelor of Technology) 	OS 	OBC-NCL 	Gender-Neutral 	14730 	16401
Dr. B R Ambedkar National Institute of Technology, Jalandhar	Bio Technology (4 Years, Bachelor of Technology) 	OS 	OBC-NCL 	Female-only (including Supernumerary) 	20557 	21981
Dr. B R Ambedkar National Institute of Technology, Jalandhar	Chemical Engineering (4 Years, Bachelor of Technology) 	HS 	OBC-NCL 	Gender-Neutral 	41120 	49321
Dr. B R Ambedkar National Institute of Technology, Jalandhar	Chemical Engineering (4 Years, Bachelor of Technology) 	HS 	OBC-NCL 	Female-only (including Supernumerary) 	37359 	44470
Dr. B R Ambedkar National Institute of Technology, Jalandhar	Chemical Engineering (4 Years, Bachelor of Technology) 	OS 	OBC-NCL 	Gender-Neutral 	11598 	12334
Dr. B R Ambedkar National Institute of Technology, Jalandhar	Chemical Engineering (4 Years, Bachelor of Technology) 	OS 	OBC-NCL 	Female-only (including Supernumerary) 	18859 	19143
Dr. B R Ambedkar National Institute of Technology, Jalandhar	Civil Engineering (4 Years, Bachelor of Technology) 	HS 	OBC-NCL 	Gender-Neutral 	34344 	51132
Dr. B R Ambedkar National Institute of Technology, Jalandhar	Civil Engineering (4 Years, Bachelor of Technology) 	HS 	OBC-NCL 	Female-only (including Supernumerary) 	43683 	63114
Dr. B R Ambedkar National Institute of Technology, Jalandhar	Civil Engineering (4 Years, Bachelor of Technology) 	OS 	OBC-NCL 	Gender-Neutral 	12844 	14121
Dr. B R Ambedkar National Institute of Technology, Jalandhar	Civil Engineering (4 Years, Bachelor of Technology) 	OS 	OBC-NCL 	Female-only (including Supernumerary) 	20034 	20097
Dr. B R Ambedkar National Institute of Technology, Jalandhar	Computer Science and Engineering (4 Years, Bachelor of Technology) 	HS 	OBC-NCL 	Gender-Neutral 	4840 	8919
Dr. B R Ambedkar National Institute of Technology, Jalandhar	Computer Science and Engineering (4 Years, Bachelor of Technology) 	HS 	OBC-NCL 	Female-only (including Supernumerary) 	4979 	10562
Dr. B R Ambedkar National Institute of Technology, Jalandhar	Computer Science and Engineering (4 Years, Bachelor of Technology) 	OS 	OBC-NCL 	Gender-Neutral 	3422 	3876
Dr. B R Ambedkar National Institute of Technology, Jalandhar	Computer Science and Engineering (4 Years, Bachelor of Technology) 	OS 	OBC-NCL 	Female-only (including Supernumerary) 	6820 	7634
Dr. B R Ambedkar National Institute of Technology, Jalandhar	Data Science and Engineering (4 Years, Bachelor of Technology) 	HS 	OBC-NCL 	Gender-Neutral 	9473 	19709
Dr. B R Ambedkar National Institute of Technology, Jalandhar	Data Science and Engineering (4 Years, Bachelor of Technology) 	HS 	OBC-NCL 	Female-only (including Supernumerary) 	23221 	23221
Dr. B R Ambedkar National Institute of Technology, Jalandhar	Data Science and Engineering (4 Years, Bachelor of Technology) 	OS 	OBC-NCL 	Gender-Neutral 	4917 	5555
Dr. B R Ambedkar National Institute of Technology, Jalandhar	Data Science and Engineering (4 Years, Bachelor of Technology) 	OS 	OBC-NCL 	Female-only (including Supernumerary) 	9265 	9265
Dr. B R Ambedkar National Institute of Technology, Jalandhar	Electrical Engineering (4 Years, Bachelor of Technology) 	HS 	OBC-NCL 	Gender-Neutral 	22454 	27518
Dr. B R Ambedkar National Institute of Technology, Jalandhar	Electrical Engineering (4 Years, Bachelor of Technology) 	HS 	OBC-NCL 	Female-only (including Supernumerary) 	30017 	30017
Dr. B R Ambedkar National Institute of Technology, Jalandhar	Electrical Engineering (4 Years, Bachelor of Technology) 	OS 	OBC-NCL 	Gender-Neutral 	5961 	7084
Dr. B R Ambedkar National Institute of Technology, Jalandhar	Electrical Engineering (4 Years, Bachelor of Technology) 	OS 	OBC-NCL 	Female-only (including Supernumerary) 	12913 	12913
Dr. B R Ambedkar National Institute of Technology, Jalandhar	Electronics and Communication Engineering (4 Years, Bachelor of Technology) 	HS 	OBC-NCL 	Gender-Neutral 	9081 	23520
Dr. B R Ambedkar National Institute of Technology, Jalandhar	Electronics and Communication Engineering (4 Years, Bachelor of Technology) 	HS 	OBC-NCL 	Female-only (including Supernumerary) 	22397 	24627
Dr. B R Ambedkar National Institute of Technology, Jalandhar	Electronics and Communication Engineering (4 Years, Bachelor of Technology) 	OS 	OBC-NCL 	Gender-Neutral 	4886 	5790
Dr. B R Ambedkar National Institute of Technology, Jalandhar	Electronics and Communication Engineering (4 Years, Bachelor of Technology) 	OS 	OBC-NCL 	Female-only (including Supernumerary) 	11351 	11408
Dr. B R Ambedkar National Institute of Technology, Jalandhar	Electronics and VLSI Engineering (4 Years, Bachelor of Technology) 	HS 	OBC-NCL 	Gender-Neutral 	23783 	25114
Dr. B R Ambedkar National Institute of Technology, Jalandhar	Electronics and VLSI Engineering (4 Years, Bachelor of Technology) 	HS 	OBC-NCL 	Female-only (including Supernumerary) 	25671 	25671
Dr. B R Ambedkar National Institute of Technology, Jalandhar	Electronics and VLSI Engineering (4 Years, Bachelor of Technology) 	OS 	OBC-NCL 	Gender-Neutral 	5928 	6176
Dr. B R Ambedkar National Institute of Technology, Jalandhar	Electronics and VLSI Engineering (4 Years, Bachelor of Technology) 	OS 	OBC-NCL 	Female-only (including Supernumerary) 	12282 	12282
Dr. B R Ambedkar National Institute of Technology, Jalandhar	Industrial and Production Engineering (4 Years, Bachelor of Technology) 	HS 	OBC-NCL 	Gender-Neutral 	46217 	56244
Dr. B R Ambedkar National Institute of Technology, Jalandhar	Industrial and Production Engineering (4 Years, Bachelor of Technology) 	HS 	OBC-NCL 	Female-only (including Supernumerary) 	70716 	74351
Dr. B R Ambedkar National Institute of Technology, Jalandhar	Industrial and Production Engineering (4 Years, Bachelor of Technology) 	OS 	OBC-NCL 	Gender-Neutral 	13203 	15870
Dr. B R Ambedkar National Institute of Technology, Jalandhar	Industrial and Production Engineering (4 Years, Bachelor of Technology) 	OS 	OBC-NCL 	Female-only (including Supernumerary) 	21413 	22374
Dr. B R Ambedkar National Institute of Technology, Jalandhar	Information Technology (4 Years, Bachelor of Technology) 	HS 	OBC-NCL 	Gender-Neutral 	9123 	16759
Dr. B R Ambedkar National Institute of Technology, Jalandhar	Information Technology (4 Years, Bachelor of Technology) 	HS 	OBC-NCL 	Female-only (including Supernumerary) 	11219 	20479
Dr. B R Ambedkar National Institute of Technology, Jalandhar	Information Technology (4 Years, Bachelor of Technology) 	OS 	OBC-NCL 	Gender-Neutral 	4042 	5165
Dr. B R Ambedkar National Institute of Technology, Jalandhar	Information Technology (4 Years, Bachelor of Technology) 	OS 	OBC-NCL 	Female-only (including Supernumerary) 	8458 	8853
Dr. B R Ambedkar National Institute of Technology, Jalandhar	Instrumentation and Control Engineering (4 Years, Bachelor of Technology) 	HS 	OBC-NCL 	Gender-Neutral 	25707 	39530
Dr. B R Ambedkar National Institute of Technology, Jalandhar	Instrumentation and Control Engineering (4 Years, Bachelor of Technology) 	HS 	OBC-NCL 	Female-only (including Supernumerary) 	45649 	60462
Dr. B R Ambedkar National Institute of Technology, Jalandhar	Instrumentation and Control Engineering (4 Years, Bachelor of Technology) 	OS 	OBC-NCL 	Gender-Neutral 	8106 	9630
Dr. B R Ambedkar National Institute of Technology, Jalandhar	Instrumentation and Control Engineering (4 Years, Bachelor of Technology) 	OS 	OBC-NCL 	Female-only (including Supernumerary) 	16580 	16580
Dr. B R Ambedkar National Institute of Technology, Jalandhar	Mathematics and Computing (4 Years, Bachelor of Technology) 	HS 	OBC-NCL 	Gender-Neutral 	12994 	23392
Dr. B R Ambedkar National Institute of Technology, Jalandhar	Mathematics and Computing (4 Years, Bachelor of Technology) 	HS 	OBC-NCL 	Female-only (including Supernumerary) 	23380 	23380
Dr. B R Ambedkar National Institute of Technology, Jalandhar	Mathematics and Computing (4 Years, Bachelor of Technology) 	OS 	OBC-NCL 	Gender-Neutral 	4955 	5712
Dr. B R Ambedkar National Institute of Technology, Jalandhar	Mathematics and Computing (4 Years, Bachelor of Technology) 	OS 	OBC-NCL 	Female-only (including Supernumerary) 	9610 	9610
Dr. B R Ambedkar National Institute of Technology, Jalandhar	Mechanical Engineering (4 Years, Bachelor of Technology) 	HS 	OBC-NCL 	Gender-Neutral 	27625 	40223
Dr. B R Ambedkar National Institute of Technology, Jalandhar	Mechanical Engineering (4 Years, Bachelor of Technology) 	HS 	OBC-NCL 	Female-only (including Supernumerary) 	30929 	52625
Dr. B R Ambedkar National Institute of Technology, Jalandhar	Mechanical Engineering (4 Years, Bachelor of Technology) 	OS 	OBC-NCL 	Gender-Neutral 	9202 	10357
Dr. B R Ambedkar National Institute of Technology, Jalandhar	Mechanical Engineering (4 Years, Bachelor of Technology) 	OS 	OBC-NCL 	Female-only (including Supernumerary) 	18156 	18509
Dr. B R Ambedkar National Institute of Technology, Jalandhar	Textile Technology (4 Years, Bachelor of Technology) 	HS 	OBC-NCL 	Gender-Neutral 	59147 	70356
Dr. B R Ambedkar National Institute of Technology, Jalandhar	Textile Technology (4 Years, Bachelor of Technology) 	HS 	OBC-NCL 	Female-only (including Supernumerary) 	41751 	80022
Dr. B R Ambedkar National Institute of Technology, Jalandhar	Textile Technology (4 Years, Bachelor of Technology) 	OS 	OBC-NCL 	Gender-Neutral 	16183 	17223
Dr. B R Ambedkar National Institute of Technology, Jalandhar	Textile Technology (4 Years, Bachelor of Technology) 	OS 	OBC-NCL 	Female-only (including Supernumerary) 	22723 	22723
Malaviya National Institute of Technology Jaipur	Architecture (5 Years, Bachelor of Architecture) 	HS 	OBC-NCL 	Gender-Neutral 	670 	1569
Malaviya National Institute of Technology Jaipur	Architecture (5 Years, Bachelor of Architecture) 	HS 	OBC-NCL 	Female-only (including Supernumerary) 	648 	772
Malaviya National Institute of Technology Jaipur	Architecture (5 Years, Bachelor of Architecture) 	OS 	OBC-NCL 	Gender-Neutral 	168 	415
Malaviya National Institute of Technology Jaipur	Architecture (5 Years, Bachelor of Architecture) 	OS 	OBC-NCL 	Female-only (including Supernumerary) 	260 	298
Malaviya National Institute of Technology Jaipur	Artificial Intelligence and Data Engineering (4 Years, Bachelor of Technology) 	HS 	OBC-NCL 	Gender-Neutral 	1512 	2359
Malaviya National Institute of Technology Jaipur	Artificial Intelligence and Data Engineering (4 Years, Bachelor of Technology) 	HS 	OBC-NCL 	Female-only (including Supernumerary) 	5722 	5722
Malaviya National Institute of Technology Jaipur	Artificial Intelligence and Data Engineering (4 Years, Bachelor of Technology) 	OS 	OBC-NCL 	Gender-Neutral 	1531 	2522
Malaviya National Institute of Technology Jaipur	Artificial Intelligence and Data Engineering (4 Years, Bachelor of Technology) 	OS 	OBC-NCL 	Female-only (including Supernumerary) 	3526 	3526
Malaviya National Institute of Technology Jaipur	Chemical Engineering (4 Years, Bachelor of Technology) 	HS 	OBC-NCL 	Gender-Neutral 	8085 	9370
Malaviya National Institute of Technology Jaipur	Chemical Engineering (4 Years, Bachelor of Technology) 	HS 	OBC-NCL 	Female-only (including Supernumerary) 	11820 	13276
Malaviya National Institute of Technology Jaipur	Chemical Engineering (4 Years, Bachelor of Technology) 	OS 	OBC-NCL 	Gender-Neutral 	7348 	9129
Malaviya National Institute of Technology Jaipur	Chemical Engineering (4 Years, Bachelor of Technology) 	OS 	OBC-NCL 	Female-only (including Supernumerary) 	15201 	16976
Malaviya National Institute of Technology Jaipur	Civil Engineering (4 Years, Bachelor of Technology) 	HS 	OBC-NCL 	Gender-Neutral 	8279 	9900
Malaviya National Institute of Technology Jaipur	Civil Engineering (4 Years, Bachelor of Technology) 	HS 	OBC-NCL 	Female-only (including Supernumerary) 	11840 	14747
Malaviya National Institute of Technology Jaipur	Civil Engineering (4 Years, Bachelor of Technology) 	OS 	OBC-NCL 	Gender-Neutral 	10145 	11115
Malaviya National Institute of Technology Jaipur	Civil Engineering (4 Years, Bachelor of Technology) 	OS 	OBC-NCL 	Female-only (including Supernumerary) 	15499 	19632
Malaviya National Institute of Technology Jaipur	Computer Science and Engineering (4 Years, Bachelor of Technology) 	HS 	OBC-NCL 	Gender-Neutral 	1337 	1922
Malaviya National Institute of Technology Jaipur	Computer Science and Engineering (4 Years, Bachelor of Technology) 	HS 	OBC-NCL 	Female-only (including Supernumerary) 	3361 	3752
Malaviya National Institute of Technology Jaipur	Computer Science and Engineering (4 Years, Bachelor of Technology) 	OS 	OBC-NCL 	Gender-Neutral 	1268 	2102
Malaviya National Institute of Technology Jaipur	Computer Science and Engineering (4 Years, Bachelor of Technology) 	OS 	OBC-NCL 	Female-only (including Supernumerary) 	2068 	3427
Malaviya National Institute of Technology Jaipur	Electrical Engineering (4 Years, Bachelor of Technology) 	HS 	OBC-NCL 	Gender-Neutral 	3907 	5173
Malaviya National Institute of Technology Jaipur	Electrical Engineering (4 Years, Bachelor of Technology) 	HS 	OBC-NCL 	Female-only (including Supernumerary) 	8761 	9442
Malaviya National Institute of Technology Jaipur	Electrical Engineering (4 Years, Bachelor of Technology) 	OS 	OBC-NCL 	Gender-Neutral 	4344 	5097
Malaviya National Institute of Technology Jaipur	Electrical Engineering (4 Years, Bachelor of Technology) 	OS 	OBC-NCL 	Female-only (including Supernumerary) 	8119 	9891
Malaviya National Institute of Technology Jaipur	Electronics and Communication Engineering (4 Years, Bachelor of Technology) 	HS 	OBC-NCL 	Gender-Neutral 	2648 	3569
Malaviya National Institute of Technology Jaipur	Electronics and Communication Engineering (4 Years, Bachelor of Technology) 	HS 	OBC-NCL 	Female-only (including Supernumerary) 	5883 	7920
Malaviya National Institute of Technology Jaipur	Electronics and Communication Engineering (4 Years, Bachelor of Technology) 	OS 	OBC-NCL 	Gender-Neutral 	2769 	3714
Malaviya National Institute of Technology Jaipur	Electronics and Communication Engineering (4 Years, Bachelor of Technology) 	OS 	OBC-NCL 	Female-only (including Supernumerary) 	5033 	6233
Malaviya National Institute of Technology Jaipur	Mechanical Engineering (4 Years, Bachelor of Technology) 	HS 	OBC-NCL 	Gender-Neutral 	6456 	7279
Malaviya National Institute of Technology Jaipur	Mechanical Engineering (4 Years, Bachelor of Technology) 	HS 	OBC-NCL 	Female-only (including Supernumerary) 	9455 	12497
Malaviya National Institute of Technology Jaipur	Mechanical Engineering (4 Years, Bachelor of Technology) 	OS 	OBC-NCL 	Gender-Neutral 	5457 	7694
Malaviya National Institute of Technology Jaipur	Mechanical Engineering (4 Years, Bachelor of Technology) 	OS 	OBC-NCL 	Female-only (including Supernumerary) 	14204 	16428
Malaviya National Institute of Technology Jaipur	Metallurgical and Materials Engineering (4 Years, Bachelor of Technology) 	HS 	OBC-NCL 	Gender-Neutral 	9488 	11376
Malaviya National Institute of Technology Jaipur	Metallurgical and Materials Engineering (4 Years, Bachelor of Technology) 	HS 	OBC-NCL 	Female-only (including Supernumerary) 	13575 	18919
Malaviya National Institute of Technology Jaipur	Metallurgical and Materials Engineering (4 Years, Bachelor of Technology) 	OS 	OBC-NCL 	Gender-Neutral 	11127 	13697
Malaviya National Institute of Technology Jaipur	Metallurgical and Materials Engineering (4 Years, Bachelor of Technology) 	OS 	OBC-NCL 	Female-only (including Supernumerary) 	20519 	20825
Maulana Azad National Institute of Technology Bhopal	Architecture (5 Years, Bachelor of Architecture) 	HS 	OBC-NCL 	Gender-Neutral 	1814 	4864
Maulana Azad National Institute of Technology Bhopal	Architecture (5 Years, Bachelor of Architecture) 	HS 	OBC-NCL 	Female-only (including Supernumerary) 	1043 	1571
Maulana Azad National Institute of Technology Bhopal	Architecture (5 Years, Bachelor of Architecture) 	OS 	OBC-NCL 	Gender-Neutral 	284 	538
Maulana Azad National Institute of Technology Bhopal	Architecture (5 Years, Bachelor of Architecture) 	OS 	OBC-NCL 	Female-only (including Supernumerary) 	390 	458
Maulana Azad National Institute of Technology Bhopal	B. Tech. and M. Tech. in Engineering and Computational Mechanics (Dual Degree) (5 Years, Bachelor and Master of Technology (Dual Degree)) 	HS 	OBC-NCL 	Gender-Neutral 	10498 	12706
Maulana Azad National Institute of Technology Bhopal	B. Tech. and M. Tech. in Engineering and Computational Mechanics (Dual Degree) (5 Years, Bachelor and Master of Technology (Dual Degree)) 	HS 	OBC-NCL 	Female-only (including Supernumerary) 	25758 	25758
Maulana Azad National Institute of Technology Bhopal	B. Tech. and M. Tech. in Engineering and Computational Mechanics (Dual Degree) (5 Years, Bachelor and Master of Technology (Dual Degree)) 	OS 	OBC-NCL 	Gender-Neutral 	6052 	7810
Maulana Azad National Institute of Technology Bhopal	B. Tech. and M. Tech. in Engineering and Computational Mechanics (Dual Degree) (5 Years, Bachelor and Master of Technology (Dual Degree)) 	OS 	OBC-NCL 	Female-only (including Supernumerary) 	14657 	14657
Maulana Azad National Institute of Technology Bhopal	Chemical Engineering (4 Years, Bachelor of Technology) 	HS 	OBC-NCL 	Gender-Neutral 	13251 	14796
Maulana Azad National Institute of Technology Bhopal	Chemical Engineering (4 Years, Bachelor of Technology) 	HS 	OBC-NCL 	Female-only (including Supernumerary) 	17222 	18713
Maulana Azad National Institute of Technology Bhopal	Chemical Engineering (4 Years, Bachelor of Technology) 	OS 	OBC-NCL 	Gender-Neutral 	10320 	11566
Maulana Azad National Institute of Technology Bhopal	Chemical Engineering (4 Years, Bachelor of Technology) 	OS 	OBC-NCL 	Female-only (including Supernumerary) 	16014 	18707
Maulana Azad National Institute of Technology Bhopal	Civil Engineering (4 Years, Bachelor of Technology) 	HS 	OBC-NCL 	Gender-Neutral 	13852 	16590
Maulana Azad National Institute of Technology Bhopal	Civil Engineering (4 Years, Bachelor of Technology) 	HS 	OBC-NCL 	Female-only (including Supernumerary) 	23264 	23318
Maulana Azad National Institute of Technology Bhopal	Civil Engineering (4 Years, Bachelor of Technology) 	OS 	OBC-NCL 	Gender-Neutral 	12604 	13623
Maulana Azad National Institute of Technology Bhopal	Civil Engineering (4 Years, Bachelor of Technology) 	OS 	OBC-NCL 	Female-only (including Supernumerary) 	20032 	20537
Maulana Azad National Institute of Technology Bhopal	Computer Science and Engineering (4 Years, Bachelor of Technology) 	HS 	OBC-NCL 	Gender-Neutral 	2629 	4437
Maulana Azad National Institute of Technology Bhopal	Computer Science and Engineering (4 Years, Bachelor of Technology) 	HS 	OBC-NCL 	Female-only (including Supernumerary) 	5431 	9029
Maulana Azad National Institute of Technology Bhopal	Computer Science and Engineering (4 Years, Bachelor of Technology) 	OS 	OBC-NCL 	Gender-Neutral 	2582 	3393
Maulana Azad National Institute of Technology Bhopal	Computer Science and Engineering (4 Years, Bachelor of Technology) 	OS 	OBC-NCL 	Female-only (including Supernumerary) 	4644 	6707
Maulana Azad National Institute of Technology Bhopal	Electrical Engineering (4 Years, Bachelor of Technology) 	HS 	OBC-NCL 	Gender-Neutral 	6751 	8082
Maulana Azad National Institute of Technology Bhopal	Electrical Engineering (4 Years, Bachelor of Technology) 	HS 	OBC-NCL 	Female-only (including Supernumerary) 	13340 	17171
Maulana Azad National Institute of Technology Bhopal	Electrical Engineering (4 Years, Bachelor of Technology) 	OS 	OBC-NCL 	Gender-Neutral 	6232 	6908
Maulana Azad National Institute of Technology Bhopal	Electrical Engineering (4 Years, Bachelor of Technology) 	OS 	OBC-NCL 	Female-only (including Supernumerary) 	12023 	12451
Maulana Azad National Institute of Technology Bhopal	Electronics and Communication Engineering (4 Years, Bachelor of Technology) 	HS 	OBC-NCL 	Gender-Neutral 	4498 	6149
Maulana Azad National Institute of Technology Bhopal	Electronics and Communication Engineering (4 Years, Bachelor of Technology) 	HS 	OBC-NCL 	Female-only (including Supernumerary) 	11191 	13055
Maulana Azad National Institute of Technology Bhopal	Electronics and Communication Engineering (4 Years, Bachelor of Technology) 	OS 	OBC-NCL 	Gender-Neutral 	3796 	5410
Maulana Azad National Institute of Technology Bhopal	Electronics and Communication Engineering (4 Years, Bachelor of Technology) 	OS 	OBC-NCL 	Female-only (including Supernumerary) 	6991 	9941
Maulana Azad National Institute of Technology Bhopal	Energy and Electrical Vehicle Engineering (4 Years, Bachelor of Technology) 	HS 	OBC-NCL 	Gender-Neutral 	13406 	14133
Maulana Azad National Institute of Technology Bhopal	Energy and Electrical Vehicle Engineering (4 Years, Bachelor of Technology) 	HS 	OBC-NCL 	Female-only (including Supernumerary) 	20798 	20798
Maulana Azad National Institute of Technology Bhopal	Energy and Electrical Vehicle Engineering (4 Years, Bachelor of Technology) 	OS 	OBC-NCL 	Gender-Neutral 	7225 	8270
Maulana Azad National Institute of Technology Bhopal	Energy and Electrical Vehicle Engineering (4 Years, Bachelor of Technology) 	OS 	OBC-NCL 	Female-only (including Supernumerary) 	14650 	14650
Maulana Azad National Institute of Technology Bhopal	Materials Science and Metallurgical Engineering (4 Years, Bachelor of Technology) 	HS 	OBC-NCL 	Gender-Neutral 	15432 	17490
Maulana Azad National Institute of Technology Bhopal	Materials Science and Metallurgical Engineering (4 Years, Bachelor of Technology) 	HS 	OBC-NCL 	Female-only (including Supernumerary) 	24368 	26022
Maulana Azad National Institute of Technology Bhopal	Materials Science and Metallurgical Engineering (4 Years, Bachelor of Technology) 	OS 	OBC-NCL 	Gender-Neutral 	13368 	15406
Maulana Azad National Institute of Technology Bhopal	Materials Science and Metallurgical Engineering (4 Years, Bachelor of Technology) 	OS 	OBC-NCL 	Female-only (including Supernumerary) 	20814 	21422
Maulana Azad National Institute of Technology Bhopal	Mathematics and Data Science (5 Years, Bachelor and Master of Technology (Dual Degree)) 	HS 	OBC-NCL 	Gender-Neutral 	4493 	5791
Maulana Azad National Institute of Technology Bhopal	Mathematics and Data Science (5 Years, Bachelor and Master of Technology (Dual Degree)) 	HS 	OBC-NCL 	Female-only (including Supernumerary) 	10185 	10185
Maulana Azad National Institute of Technology Bhopal	Mathematics and Data Science (5 Years, Bachelor and Master of Technology (Dual Degree)) 	OS 	OBC-NCL 	Gender-Neutral 	4973 	5386
Maulana Azad National Institute of Technology Bhopal	Mathematics and Data Science (5 Years, Bachelor and Master of Technology (Dual Degree)) 	OS 	OBC-NCL 	Female-only (including Supernumerary) 	11981 	11981
Maulana Azad National Institute of Technology Bhopal	Mechanical Engineering (4 Years, Bachelor of Technology) 	HS 	OBC-NCL 	Gender-Neutral 	9802 	12902
Maulana Azad National Institute of Technology Bhopal	Mechanical Engineering (4 Years, Bachelor of Technology) 	HS 	OBC-NCL 	Female-only (including Supernumerary) 	17404 	22328
Maulana Azad National Institute of Technology Bhopal	Mechanical Engineering (4 Years, Bachelor of Technology) 	OS 	OBC-NCL 	Gender-Neutral 	8277 	9616
Maulana Azad National Institute of Technology Bhopal	Mechanical Engineering (4 Years, Bachelor of Technology) 	OS 	OBC-NCL 	Female-only (including Supernumerary) 	16064 	19396
Maulana Azad National Institute of Technology Bhopal	Planning (4 Years, Bachelor of Planning) 	HS 	OBC-NCL 	Gender-Neutral 	1686 	2885
Maulana Azad National Institute of Technology Bhopal	Planning (4 Years, Bachelor of Planning) 	HS 	OBC-NCL 	Female-only (including Supernumerary) 	1364 	1364
Maulana Azad National Institute of Technology Bhopal	Planning (4 Years, Bachelor of Planning) 	OS 	OBC-NCL 	Gender-Neutral 	253 	351
Maulana Azad National Institute of Technology Bhopal	Planning (4 Years, Bachelor of Planning) 	OS 	OBC-NCL 	Female-only (including Supernumerary) 	413 	434
Motilal Nehru National Institute of Technology Allahabad	Bio Technology (4 Years, Bachelor of Technology) 	HS 	OBC-NCL 	Gender-Neutral 	11427 	14119
Motilal Nehru National Institute of Technology Allahabad	Bio Technology (4 Years, Bachelor of Technology) 	OS 	OBC-NCL 	Gender-Neutral 	11339 	13898
Motilal Nehru National Institute of Technology Allahabad	Bio Technology (4 Years, Bachelor of Technology) 	OS 	OBC-NCL 	Female-only (including Supernumerary) 	18439 	18439
Motilal Nehru National Institute of Technology Allahabad	Chemical Engineering (4 Years, Bachelor of Technology) 	HS 	OBC-NCL 	Gender-Neutral 	6558 	7855
Motilal Nehru National Institute of Technology Allahabad	Chemical Engineering (4 Years, Bachelor of Technology) 	HS 	OBC-NCL 	Female-only (including Supernumerary) 	12503 	12503
Motilal Nehru National Institute of Technology Allahabad	Chemical Engineering (4 Years, Bachelor of Technology) 	OS 	OBC-NCL 	Gender-Neutral 	7122 	8317
Motilal Nehru National Institute of Technology Allahabad	Chemical Engineering (4 Years, Bachelor of Technology) 	OS 	OBC-NCL 	Female-only (including Supernumerary) 	12974 	12974
Motilal Nehru National Institute of Technology Allahabad	Civil Engineering (4 Years, Bachelor of Technology) 	HS 	OBC-NCL 	Gender-Neutral 	8110 	9864
Motilal Nehru National Institute of Technology Allahabad	Civil Engineering (4 Years, Bachelor of Technology) 	HS 	OBC-NCL 	Female-only (including Supernumerary) 	16920 	18469
Motilal Nehru National Institute of Technology Allahabad	Civil Engineering (4 Years, Bachelor of Technology) 	OS 	OBC-NCL 	Gender-Neutral 	8724 	10173
Motilal Nehru National Institute of Technology Allahabad	Civil Engineering (4 Years, Bachelor of Technology) 	OS 	OBC-NCL 	Female-only (including Supernumerary) 	15276 	18044
Motilal Nehru National Institute of Technology Allahabad	Computer Science and Engineering (4 Years, Bachelor of Technology) 	HS 	OBC-NCL 	Gender-Neutral 	1423 	2599
Motilal Nehru National Institute of Technology Allahabad	Computer Science and Engineering (4 Years, Bachelor of Technology) 	HS 	OBC-NCL 	Female-only (including Supernumerary) 	3013 	5629
Motilal Nehru National Institute of Technology Allahabad	Computer Science and Engineering (4 Years, Bachelor of Technology) 	OS 	OBC-NCL 	Gender-Neutral 	978 	1653
Motilal Nehru National Institute of Technology Allahabad	Computer Science and Engineering (4 Years, Bachelor of Technology) 	OS 	OBC-NCL 	Female-only (including Supernumerary) 	2623 	3916
Motilal Nehru National Institute of Technology Allahabad	Electrical Engineering (4 Years, Bachelor of Technology) 	HS 	OBC-NCL 	Gender-Neutral 	3851 	4845
Motilal Nehru National Institute of Technology Allahabad	Electrical Engineering (4 Years, Bachelor of Technology) 	HS 	OBC-NCL 	Female-only (including Supernumerary) 	10211 	10837
Motilal Nehru National Institute of Technology Allahabad	Electrical Engineering (4 Years, Bachelor of Technology) 	OS 	OBC-NCL 	Gender-Neutral 	3964 	4672
Motilal Nehru National Institute of Technology Allahabad	Electrical Engineering (4 Years, Bachelor of Technology) 	OS 	OBC-NCL 	Female-only (including Supernumerary) 	8505 	10236
Motilal Nehru National Institute of Technology Allahabad	Electronics and Communication Engineering (4 Years, Bachelor of Technology) 	HS 	OBC-NCL 	Gender-Neutral 	2626 	3676
Motilal Nehru National Institute of Technology Allahabad	Electronics and Communication Engineering (4 Years, Bachelor of Technology) 	HS 	OBC-NCL 	Female-only (including Supernumerary) 	6315 	6959
Motilal Nehru National Institute of Technology Allahabad	Electronics and Communication Engineering (4 Years, Bachelor of Technology) 	OS 	OBC-NCL 	Gender-Neutral 	1937 	2976
Motilal Nehru National Institute of Technology Allahabad	Electronics and Communication Engineering (4 Years, Bachelor of Technology) 	OS 	OBC-NCL 	Female-only (including Supernumerary) 	4930 	7166
Motilal Nehru National Institute of Technology Allahabad	Engineering and Computational Mechanics (4 Years, Bachelor of Technology) 	HS 	OBC-NCL 	Gender-Neutral 	4821 	5090
Motilal Nehru National Institute of Technology Allahabad	Engineering and Computational Mechanics (4 Years, Bachelor of Technology) 	HS 	OBC-NCL 	Female-only (including Supernumerary) 	12755 	12755
Motilal Nehru National Institute of Technology Allahabad	Engineering and Computational Mechanics (4 Years, Bachelor of Technology) 	OS 	OBC-NCL 	Gender-Neutral 	4626 	5065
Motilal Nehru National Institute of Technology Allahabad	Engineering and Computational Mechanics (4 Years, Bachelor of Technology) 	OS 	OBC-NCL 	Female-only (including Supernumerary) 	10918 	10918
Motilal Nehru National Institute of Technology Allahabad	Materials Engineering (4 Years, Bachelor of Technology) 	HS 	OBC-NCL 	Gender-Neutral 	11892 	13739
Motilal Nehru National Institute of Technology Allahabad	Materials Engineering (4 Years, Bachelor of Technology) 	HS 	OBC-NCL 	Female-only (including Supernumerary) 	17414 	17414
Motilal Nehru National Institute of Technology Allahabad	Materials Engineering (4 Years, Bachelor of Technology) 	OS 	OBC-NCL 	Gender-Neutral 	12487 	13728
Motilal Nehru National Institute of Technology Allahabad	Materials Engineering (4 Years, Bachelor of Technology) 	OS 	OBC-NCL 	Female-only (including Supernumerary) 	19975 	19975
Motilal Nehru National Institute of Technology Allahabad	Mechanical Engineering (4 Years, Bachelor of Technology) 	HS 	OBC-NCL 	Gender-Neutral 	5727 	7261
Motilal Nehru National Institute of Technology Allahabad	Mechanical Engineering (4 Years, Bachelor of Technology) 	HS 	OBC-NCL 	Female-only (including Supernumerary) 	13602 	14828
Motilal Nehru National Institute of Technology Allahabad	Mechanical Engineering (4 Years, Bachelor of Technology) 	OS 	OBC-NCL 	Gender-Neutral 	5357 	7523
Motilal Nehru National Institute of Technology Allahabad	Mechanical Engineering (4 Years, Bachelor of Technology) 	OS 	OBC-NCL 	Female-only (including Supernumerary) 	12682 	14887
Motilal Nehru National Institute of Technology Allahabad	Production and Industrial Engineering (4 Years, Bachelor of Technology) 	HS 	OBC-NCL 	Gender-Neutral 	10871 	13250
Motilal Nehru National Institute of Technology Allahabad	Production and Industrial Engineering (4 Years, Bachelor of Technology) 	OS 	OBC-NCL 	Gender-Neutral 	10090 	13199
Motilal Nehru National Institute of Technology Allahabad	Production and Industrial Engineering (4 Years, Bachelor of Technology) 	OS 	OBC-NCL 	Female-only (including Supernumerary) 	18444 	18444
National Institute of Technology Agartala	Biotechnology and Biochemical Engineering (4 Years, Bachelor of Technology) 	OS 	OBC-NCL 	Gender-Neutral 	18273 	19157
National Institute of Technology Agartala	Biotechnology and Biochemical Engineering (4 Years, Bachelor of Technology) 	OS 	OBC-NCL 	Female-only (including Supernumerary) 	25531 	27060
National Institute of Technology Agartala	Chemical Engineering (4 Years, Bachelor of Technology) 	OS 	OBC-NCL 	Gender-Neutral 	15745 	17385
National Institute of Technology Agartala	Chemical Engineering (4 Years, Bachelor of Technology) 	OS 	OBC-NCL 	Female-only (including Supernumerary) 	22336 	24006
National Institute of Technology Agartala	Chemistry (5 Years, Bachelor of Science and Master of Science (Dual Degree)) 	OS 	OBC-NCL 	Gender-Neutral 	19314 	20171
National Institute of Technology Agartala	Civil Engineering (4 Years, Bachelor of Technology) 	OS 	OBC-NCL 	Gender-Neutral 	16506 	17508
National Institute of Technology Agartala	Civil Engineering (4 Years, Bachelor of Technology) 	OS 	OBC-NCL 	Female-only (including Supernumerary) 	23826 	25202
National Institute of Technology Agartala	Computational Mathematics (5 Years, Bachelor and Master of Technology (Dual Degree)) 	OS 	OBC-NCL 	Gender-Neutral 	10214 	12747
National Institute of Technology Agartala	Computer Science and Engineering (4 Years, Bachelor of Technology) 	OS 	OBC-NCL 	Gender-Neutral 	5971 	7008
National Institute of Technology Agartala	Computer Science and Engineering (4 Years, Bachelor of Technology) 	OS 	OBC-NCL 	Female-only (including Supernumerary) 	12666 	14489
National Institute of Technology Agartala	Electrical Engineering (4 Years, Bachelor of Technology) 	OS 	OBC-NCL 	Gender-Neutral 	10154 	11994
National Institute of Technology Agartala	Electrical Engineering (4 Years, Bachelor of Technology) 	OS 	OBC-NCL 	Female-only (including Supernumerary) 	19037 	20885
National Institute of Technology Agartala	Electronics and Communication Engineering (4 Years, Bachelor of Technology) 	OS 	OBC-NCL 	Gender-Neutral 	7943 	9087
National Institute of Technology Agartala	Electronics and Communication Engineering (4 Years, Bachelor of Technology) 	OS 	OBC-NCL 	Female-only (including Supernumerary) 	14871 	16533
National Institute of Technology Agartala	Electronics and Instrumentation Engineering (4 Years, Bachelor of Technology) 	OS 	OBC-NCL 	Gender-Neutral 	10744 	12558
National Institute of Technology Agartala	Electronics and Instrumentation Engineering (4 Years, Bachelor of Technology) 	OS 	OBC-NCL 	Female-only (including Supernumerary) 	17229 	19532
National Institute of Technology Agartala	Engineering Physics (5 Years, Bachelor and Master of Technology (Dual Degree)) 	OS 	OBC-NCL 	Gender-Neutral 	17151 	18484
National Institute of Technology Agartala	Mathematics & Computing (5 Years, Bachelor of Science and Master of Science (Dual Degree)) 	OS 	OBC-NCL 	Gender-Neutral 	13531 	15014
National Institute of Technology Agartala	Mechanical Engineering (4 Years, Bachelor of Technology) 	OS 	OBC-NCL 	Gender-Neutral 	13326 	15850
National Institute of Technology Agartala	Mechanical Engineering (4 Years, Bachelor of Technology) 	OS 	OBC-NCL 	Female-only (including Supernumerary) 	22224 	23243
National Institute of Technology Agartala	Physics (5 Years, Bachelor of Science and Master of Science (Dual Degree)) 	OS 	OBC-NCL 	Gender-Neutral 	18381 	19734
National Institute of Technology Agartala	Production Engineering (4 Years, Bachelor of Technology) 	OS 	OBC-NCL 	Gender-Neutral 	17876 	18793
National Institute of Technology Agartala	Production Engineering (4 Years, Bachelor of Technology) 	OS 	OBC-NCL 	Female-only (including Supernumerary) 	26463 	27504
National Institute of Technology Calicut	Architecture (5 Years, Bachelor of Architecture) 	HS 	OBC-NCL 	Gender-Neutral 	53 	85
National Institute of Technology Calicut	Architecture (5 Years, Bachelor of Architecture) 	HS 	OBC-NCL 	Female-only (including Supernumerary) 	58 	58
National Institute of Technology Calicut	Architecture (5 Years, Bachelor of Architecture) 	OS 	OBC-NCL 	Gender-Neutral 	145 	254
National Institute of Technology Calicut	Architecture (5 Years, Bachelor of Architecture) 	OS 	OBC-NCL 	Female-only (including Supernumerary) 	157 	188
National Institute of Technology Calicut	Bio Technology (4 Years, Bachelor of Technology) 	HS 	OBC-NCL 	Gender-Neutral 	12107 	13267
National Institute of Technology Calicut	Bio Technology (4 Years, Bachelor of Technology) 	HS 	OBC-NCL 	Female-only (including Supernumerary) 	13133 	13133
National Institute of Technology Calicut	Bio Technology (4 Years, Bachelor of Technology) 	OS 	OBC-NCL 	Gender-Neutral 	11653 	12175
National Institute of Technology Calicut	Bio Technology (4 Years, Bachelor of Technology) 	OS 	OBC-NCL 	Female-only (including Supernumerary) 	15508 	15508
National Institute of Technology Calicut	Chemical Engineering (4 Years, Bachelor of Technology) 	HS 	OBC-NCL 	Gender-Neutral 	7148 	8587
National Institute of Technology Calicut	Chemical Engineering (4 Years, Bachelor of Technology) 	HS 	OBC-NCL 	Female-only (including Supernumerary) 	10614 	11325
National Institute of Technology Calicut	Chemical Engineering (4 Years, Bachelor of Technology) 	OS 	OBC-NCL 	Gender-Neutral 	7025 	8232
National Institute of Technology Calicut	Chemical Engineering (4 Years, Bachelor of Technology) 	OS 	OBC-NCL 	Female-only (including Supernumerary) 	14040 	14627
National Institute of Technology Calicut	Civil Engineering (4 Years, Bachelor of Technology) 	HS 	OBC-NCL 	Gender-Neutral 	11979 	13847
National Institute of Technology Calicut	Civil Engineering (4 Years, Bachelor of Technology) 	HS 	OBC-NCL 	Female-only (including Supernumerary) 	12483 	13708
National Institute of Technology Calicut	Civil Engineering (4 Years, Bachelor of Technology) 	OS 	OBC-NCL 	Gender-Neutral 	9211 	10644
National Institute of Technology Calicut	Civil Engineering (4 Years, Bachelor of Technology) 	OS 	OBC-NCL 	Female-only (including Supernumerary) 	15265 	16243
National Institute of Technology Calicut	Computer Science and Engineering (4 Years, Bachelor of Technology) 	HS 	OBC-NCL 	Gender-Neutral 	1843 	2881
National Institute of Technology Calicut	Computer Science and Engineering (4 Years, Bachelor of Technology) 	HS 	OBC-NCL 	Female-only (including Supernumerary) 	4023 	4572
National Institute of Technology Calicut	Computer Science and Engineering (4 Years, Bachelor of Technology) 	OS 	OBC-NCL 	Gender-Neutral 	1147 	1790
National Institute of Technology Calicut	Computer Science and Engineering (4 Years, Bachelor of Technology) 	OS 	OBC-NCL 	Female-only (including Supernumerary) 	3326 	4157
National Institute of Technology Calicut	Electrical and Electronics Engineering (4 Years, Bachelor of Technology) 	HS 	OBC-NCL 	Gender-Neutral 	4313 	5091
National Institute of Technology Calicut	Electrical and Electronics Engineering (4 Years, Bachelor of Technology) 	HS 	OBC-NCL 	Female-only (including Supernumerary) 	7155 	7896
National Institute of Technology Calicut	Electrical and Electronics Engineering (4 Years, Bachelor of Technology) 	OS 	OBC-NCL 	Gender-Neutral 	3093 	4430
National Institute of Technology Calicut	Electrical and Electronics Engineering (4 Years, Bachelor of Technology) 	OS 	OBC-NCL 	Female-only (including Supernumerary) 	6845 	8562
National Institute of Technology Calicut	Electronics and Communication Engineering (4 Years, Bachelor of Technology) 	HS 	OBC-NCL 	Gender-Neutral 	3107 	4292
National Institute of Technology Calicut	Electronics and Communication Engineering (4 Years, Bachelor of Technology) 	HS 	OBC-NCL 	Female-only (including Supernumerary) 	5849 	6356
National Institute of Technology Calicut	Electronics and Communication Engineering (4 Years, Bachelor of Technology) 	OS 	OBC-NCL 	Gender-Neutral 	2202 	2961
National Institute of Technology Calicut	Electronics and Communication Engineering (4 Years, Bachelor of Technology) 	OS 	OBC-NCL 	Female-only (including Supernumerary) 	4482 	6261
National Institute of Technology Calicut	Energy Engineering (4 Years, Bachelor of Technology) 	HS 	OBC-NCL 	Gender-Neutral 	8711 	10531
National Institute of Technology Calicut	Energy Engineering (4 Years, Bachelor of Technology) 	HS 	OBC-NCL 	Female-only (including Supernumerary) 	14418 	14418
National Institute of Technology Calicut	Energy Engineering (4 Years, Bachelor of Technology) 	OS 	OBC-NCL 	Gender-Neutral 	8362 	9199
National Institute of Technology Calicut	Energy Engineering (4 Years, Bachelor of Technology) 	OS 	OBC-NCL 	Female-only (including Supernumerary) 	13691 	13691
National Institute of Technology Calicut	Engineering Physics (4 Years, Bachelor of Technology) 	HS 	OBC-NCL 	Gender-Neutral 	7751 	9160
National Institute of Technology Calicut	Engineering Physics (4 Years, Bachelor of Technology) 	HS 	OBC-NCL 	Female-only (including Supernumerary) 	8599 	8599
National Institute of Technology Calicut	Engineering Physics (4 Years, Bachelor of Technology) 	OS 	OBC-NCL 	Gender-Neutral 	5936 	6894
National Institute of Technology Calicut	Engineering Physics (4 Years, Bachelor of Technology) 	OS 	OBC-NCL 	Female-only (including Supernumerary) 	13244 	13244
National Institute of Technology Calicut	Materials Science and Engineering (4 Years, Bachelor of Technology) 	HS 	OBC-NCL 	Gender-Neutral 	11216 	12068
National Institute of Technology Calicut	Materials Science and Engineering (4 Years, Bachelor of Technology) 	HS 	OBC-NCL 	Female-only (including Supernumerary) 	14338 	14338
National Institute of Technology Calicut	Materials Science and Engineering (4 Years, Bachelor of Technology) 	OS 	OBC-NCL 	Gender-Neutral 	10077 	10182
National Institute of Technology Calicut	Materials Science and Engineering (4 Years, Bachelor of Technology) 	OS 	OBC-NCL 	Female-only (including Supernumerary) 	16975 	16975
National Institute of Technology Calicut	Mechanical Engineering (4 Years, Bachelor of Technology) 	HS 	OBC-NCL 	Gender-Neutral 	5554 	6859
National Institute of Technology Calicut	Mechanical Engineering (4 Years, Bachelor of Technology) 	HS 	OBC-NCL 	Female-only (including Supernumerary) 	10583 	11658
National Institute of Technology Calicut	Mechanical Engineering (4 Years, Bachelor of Technology) 	OS 	OBC-NCL 	Gender-Neutral 	5246 	6547
National Institute of Technology Calicut	Mechanical Engineering (4 Years, Bachelor of Technology) 	OS 	OBC-NCL 	Female-only (including Supernumerary) 	9673 	13234
National Institute of Technology Calicut	Production Engineering (4 Years, Bachelor of Technology) 	HS 	OBC-NCL 	Gender-Neutral 	10400 	12387
National Institute of Technology Calicut	Production Engineering (4 Years, Bachelor of Technology) 	HS 	OBC-NCL 	Female-only (including Supernumerary) 	12586 	12586
National Institute of Technology Calicut	Production Engineering (4 Years, Bachelor of Technology) 	OS 	OBC-NCL 	Gender-Neutral 	10378 	11227
National Institute of Technology Calicut	Production Engineering (4 Years, Bachelor of Technology) 	OS 	OBC-NCL 	Female-only (including Supernumerary) 	16212 	18426
National Institute of Technology Delhi	Aerospace Engineering (4 Years, Bachelor of Technology) 	HS 	OBC-NCL 	Gender-Neutral 	11444 	14872
National Institute of Technology Delhi	Aerospace Engineering (4 Years, Bachelor of Technology) 	OS 	OBC-NCL 	Gender-Neutral 	3955 	4728
National Institute of Technology Delhi	Artificial Intelligence and Data Science (4 Years, Bachelor of Technology) 	HS 	OBC-NCL 	Gender-Neutral 	5998 	7231
National Institute of Technology Delhi	Artificial Intelligence and Data Science (4 Years, Bachelor of Technology) 	HS 	OBC-NCL 	Female-only (including Supernumerary) 	14443 	14443
National Institute of Technology Delhi	Artificial Intelligence and Data Science (4 Years, Bachelor of Technology) 	OS 	OBC-NCL 	Gender-Neutral 	2220 	2371
National Institute of Technology Delhi	Artificial Intelligence and Data Science (4 Years, Bachelor of Technology) 	OS 	OBC-NCL 	Female-only (including Supernumerary) 	5997 	5997
National Institute of Technology Delhi	Civil Engineering (4 Years, Bachelor of Technology) 	HS 	OBC-NCL 	Gender-Neutral 	16042 	16398
National Institute of Technology Delhi	Civil Engineering (4 Years, Bachelor of Technology) 	HS 	OBC-NCL 	Female-only (including Supernumerary) 	26866 	26866
National Institute of Technology Delhi	Civil Engineering (4 Years, Bachelor of Technology) 	OS 	OBC-NCL 	Gender-Neutral 	7608 	9569
National Institute of Technology Delhi	Computer Science and Engineering (4 Years, Bachelor of Technology) 	HS 	OBC-NCL 	Gender-Neutral 	2272 	7180
National Institute of Technology Delhi	Computer Science and Engineering (4 Years, Bachelor of Technology) 	HS 	OBC-NCL 	Female-only (including Supernumerary) 	6699 	9726
National Institute of Technology Delhi	Computer Science and Engineering (4 Years, Bachelor of Technology) 	OS 	OBC-NCL 	Gender-Neutral 	2594 	3085
National Institute of Technology Delhi	Computer Science and Engineering (4 Years, Bachelor of Technology) 	OS 	OBC-NCL 	Female-only (including Supernumerary) 	3739 	4822
National Institute of Technology Delhi	Electrical Engineering (4 Years, Bachelor of Technology) 	HS 	OBC-NCL 	Gender-Neutral 	8898 	10988
National Institute of Technology Delhi	Electrical Engineering (4 Years, Bachelor of Technology) 	HS 	OBC-NCL 	Female-only (including Supernumerary) 	22499 	25036
National Institute of Technology Delhi	Electrical Engineering (4 Years, Bachelor of Technology) 	OS 	OBC-NCL 	Gender-Neutral 	4674 	5674
National Institute of Technology Delhi	Electrical Engineering (4 Years, Bachelor of Technology) 	OS 	OBC-NCL 	Female-only (including Supernumerary) 	11230 	11230
National Institute of Technology Delhi	Electronics and Communication Engineering (4 Years, Bachelor of Technology) 	HS 	OBC-NCL 	Gender-Neutral 	5795 	8638
National Institute of Technology Delhi	Electronics and Communication Engineering (4 Years, Bachelor of Technology) 	HS 	OBC-NCL 	Female-only (including Supernumerary) 	19260 	19609
National Institute of Technology Delhi	Electronics and Communication Engineering (4 Years, Bachelor of Technology) 	OS 	OBC-NCL 	Gender-Neutral 	3668 	4020
National Institute of Technology Delhi	Mechanical Engineering (4 Years, Bachelor of Technology) 	HS 	OBC-NCL 	Gender-Neutral 	13319 	14248
National Institute of Technology Delhi	Mechanical Engineering (4 Years, Bachelor of Technology) 	HS 	OBC-NCL 	Female-only (including Supernumerary) 	25365 	25365
National Institute of Technology Delhi	Mechanical Engineering (4 Years, Bachelor of Technology) 	OS 	OBC-NCL 	Gender-Neutral 	6095 	7226
National Institute of Technology Delhi	Mechanical Engineering (4 Years, Bachelor of Technology) 	OS 	OBC-NCL 	Female-only (including Supernumerary) 	11918 	14292
National Institute of Technology Delhi	VLSI Design and Technology (4 Years, Bachelor of Technology) 	HS 	OBC-NCL 	Gender-Neutral 	8655 	8712
National Institute of Technology Delhi	VLSI Design and Technology (4 Years, Bachelor of Technology) 	HS 	OBC-NCL 	Female-only (including Supernumerary) 	25157 	25157
National Institute of Technology Delhi	VLSI Design and Technology (4 Years, Bachelor of Technology) 	OS 	OBC-NCL 	Gender-Neutral 	5124 	5254
National Institute of Technology Durgapur	B.Tech in Mathematics and Computing (4 Years, Bachelor of Technology) 	HS 	OBC-NCL 	Gender-Neutral 	10937 	15258
National Institute of Technology Durgapur	B.Tech in Mathematics and Computing (4 Years, Bachelor of Technology) 	HS 	OBC-NCL 	Female-only (including Supernumerary) 	12922 	19337
National Institute of Technology Durgapur	B.Tech in Mathematics and Computing (4 Years, Bachelor of Technology) 	OS 	OBC-NCL 	Gender-Neutral 	3775 	4300
National Institute of Technology Durgapur	B.Tech in Mathematics and Computing (4 Years, Bachelor of Technology) 	OS 	OBC-NCL 	Female-only (including Supernumerary) 	8962 	9593
National Institute of Technology Durgapur	Bio Technology (4 Years, Bachelor of Technology) 	HS 	OBC-NCL 	Gender-Neutral 	29666 	33516
National Institute of Technology Durgapur	Bio Technology (4 Years, Bachelor of Technology) 	HS 	OBC-NCL 	Female-only (including Supernumerary) 	36636 	42357
National Institute of Technology Durgapur	Bio Technology (4 Years, Bachelor of Technology) 	OS 	OBC-NCL 	Gender-Neutral 	14413 	16498
National Institute of Technology Durgapur	Bio Technology (4 Years, Bachelor of Technology) 	OS 	OBC-NCL 	Female-only (including Supernumerary) 	21566 	22715
National Institute of Technology Durgapur	Biotechnology (5 Years, Bachelor and Master of Technology (Dual Degree)) 	HS 	OBC-NCL 	Gender-Neutral 	34895 	34895
National Institute of Technology Durgapur	Chemical Engineering (4 Years, Bachelor of Technology) 	HS 	OBC-NCL 	Gender-Neutral 	22906 	25222
National Institute of Technology Durgapur	Chemical Engineering (4 Years, Bachelor of Technology) 	HS 	OBC-NCL 	Female-only (including Supernumerary) 	30708 	34937
National Institute of Technology Durgapur	Chemical Engineering (4 Years, Bachelor of Technology) 	OS 	OBC-NCL 	Gender-Neutral 	9992 	11505
National Institute of Technology Durgapur	Chemical Engineering (4 Years, Bachelor of Technology) 	OS 	OBC-NCL 	Female-only (including Supernumerary) 	16182 	16773
National Institute of Technology Durgapur	Chemical Engineering (5 Years, Bachelor and Master of Technology (Dual Degree)) 	HS 	OBC-NCL 	Gender-Neutral 	25607 	25607
National Institute of Technology Durgapur	Chemical Engineering (5 Years, Bachelor and Master of Technology (Dual Degree)) 	OS 	OBC-NCL 	Gender-Neutral 	13398 	13398
National Institute of Technology Durgapur	Chemistry (5 Years, Integrated Master of Science) 	HS 	OBC-NCL 	Gender-Neutral 	38174 	38349
National Institute of Technology Durgapur	Chemistry (5 Years, Integrated Master of Science) 	OS 	OBC-NCL 	Gender-Neutral 	17644 	17936
National Institute of Technology Durgapur	Chemistry (5 Years, Integrated Master of Science) 	OS 	OBC-NCL 	Female-only (including Supernumerary) 	24871 	24871
National Institute of Technology Durgapur	Civil Engineering (4 Years, Bachelor of Technology) 	HS 	OBC-NCL 	Gender-Neutral 	22230 	29144
National Institute of Technology Durgapur	Civil Engineering (4 Years, Bachelor of Technology) 	HS 	OBC-NCL 	Female-only (including Supernumerary) 	28096 	40463
National Institute of Technology Durgapur	Civil Engineering (4 Years, Bachelor of Technology) 	OS 	OBC-NCL 	Gender-Neutral 	12017 	13555
National Institute of Technology Durgapur	Civil Engineering (4 Years, Bachelor of Technology) 	OS 	OBC-NCL 	Female-only (including Supernumerary) 	19121 	20903
National Institute of Technology Durgapur	Computer Science and Engineering (4 Years, Bachelor of Technology) 	HS 	OBC-NCL 	Gender-Neutral 	2922 	7980
National Institute of Technology Durgapur	Computer Science and Engineering (4 Years, Bachelor of Technology) 	HS 	OBC-NCL 	Female-only (including Supernumerary) 	10551 	14371
National Institute of Technology Durgapur	Computer Science and Engineering (4 Years, Bachelor of Technology) 	OS 	OBC-NCL 	Gender-Neutral 	2327 	3281
National Institute of Technology Durgapur	Computer Science and Engineering (4 Years, Bachelor of Technology) 	OS 	OBC-NCL 	Female-only (including Supernumerary) 	5494 	6855
National Institute of Technology Durgapur	Electrical Engineering (4 Years, Bachelor of Technology) 	HS 	OBC-NCL 	Gender-Neutral 	12768 	15323
National Institute of Technology Durgapur	Electrical Engineering (4 Years, Bachelor of Technology) 	HS 	OBC-NCL 	Female-only (including Supernumerary) 	20961 	26056
National Institute of Technology Durgapur	Electrical Engineering (4 Years, Bachelor of Technology) 	OS 	OBC-NCL 	Gender-Neutral 	5367 	6533
National Institute of Technology Durgapur	Electrical Engineering (4 Years, Bachelor of Technology) 	OS 	OBC-NCL 	Female-only (including Supernumerary) 	9803 	10294
National Institute of Technology Durgapur	Electronics and Communication Engineering (4 Years, Bachelor of Technology) 	HS 	OBC-NCL 	Gender-Neutral 	7624 	12452
National Institute of Technology Durgapur	Electronics and Communication Engineering (4 Years, Bachelor of Technology) 	HS 	OBC-NCL 	Female-only (including Supernumerary) 	15002 	19153
National Institute of Technology Durgapur	Electronics and Communication Engineering (4 Years, Bachelor of Technology) 	OS 	OBC-NCL 	Gender-Neutral 	3626 	4612
National Institute of Technology Durgapur	Electronics and Communication Engineering (4 Years, Bachelor of Technology) 	OS 	OBC-NCL 	Female-only (including Supernumerary) 	6965 	8166
National Institute of Technology Durgapur	Mechanical Engineering (4 Years, Bachelor of Technology) 	HS 	OBC-NCL 	Gender-Neutral 	15691 	22289
National Institute of Technology Durgapur	Mechanical Engineering (4 Years, Bachelor of Technology) 	HS 	OBC-NCL 	Female-only (including Supernumerary) 	26782 	33183
National Institute of Technology Durgapur	Mechanical Engineering (4 Years, Bachelor of Technology) 	OS 	OBC-NCL 	Gender-Neutral 	7944 	9526
National Institute of Technology Durgapur	Mechanical Engineering (4 Years, Bachelor of Technology) 	OS 	OBC-NCL 	Female-only (including Supernumerary) 	16996 	18232
National Institute of Technology Durgapur	Metallurgical and Materials Engineering (4 Years, Bachelor of Technology) 	HS 	OBC-NCL 	Gender-Neutral 	24560 	28912
National Institute of Technology Durgapur	Metallurgical and Materials Engineering (4 Years, Bachelor of Technology) 	HS 	OBC-NCL 	Female-only (including Supernumerary) 	34910 	34910
National Institute of Technology Durgapur	Metallurgical and Materials Engineering (4 Years, Bachelor of Technology) 	OS 	OBC-NCL 	Gender-Neutral 	13475 	15390
National Institute of Technology Durgapur	Metallurgical and Materials Engineering (4 Years, Bachelor of Technology) 	OS 	OBC-NCL 	Female-only (including Supernumerary) 	20422 	20422
National Institute of Technology Goa	Civil Engineering (4 Years, Bachelor of Technology) 	GO 	OBC-NCL 	Gender-Neutral 	74228 	223951
National Institute of Technology Goa	Civil Engineering (4 Years, Bachelor of Technology) 	GO 	OBC-NCL 	Female-only (including Supernumerary) 	208237 	208237
National Institute of Technology Goa	Civil Engineering (4 Years, Bachelor of Technology) 	HS 	OBC-NCL 	Gender-Neutral 	56200 	56200
National Institute of Technology Goa	Civil Engineering (4 Years, Bachelor of Technology) 	OS 	OBC-NCL 	Gender-Neutral 	13296 	15136
National Institute of Technology Goa	Civil Engineering (4 Years, Bachelor of Technology) 	OS 	OBC-NCL 	Female-only (including Supernumerary) 	19159 	19159
National Institute of Technology Goa	Computer Science and Engineering (4 Years, Bachelor of Technology) 	GO 	OBC-NCL 	Gender-Neutral 	10509 	56604
National Institute of Technology Goa	Computer Science and Engineering (4 Years, Bachelor of Technology) 	GO 	OBC-NCL 	Female-only (including Supernumerary) 	33807 	33807
National Institute of Technology Goa	Computer Science and Engineering (4 Years, Bachelor of Technology) 	HS 	OBC-NCL 	Gender-Neutral 	12567 	12567
National Institute of Technology Goa	Computer Science and Engineering (4 Years, Bachelor of Technology) 	OS 	OBC-NCL 	Gender-Neutral 	4021 	4846
National Institute of Technology Goa	Computer Science and Engineering (4 Years, Bachelor of Technology) 	OS 	OBC-NCL 	Female-only (including Supernumerary) 	8120 	8120
National Institute of Technology Goa	Electrical and Electronics Engineering (4 Years, Bachelor of Technology) 	GO 	OBC-NCL 	Gender-Neutral 	88752 	149441
National Institute of Technology Goa	Electrical and Electronics Engineering (4 Years, Bachelor of Technology) 	GO 	OBC-NCL 	Female-only (including Supernumerary) 	101156 	101156
National Institute of Technology Goa	Electrical and Electronics Engineering (4 Years, Bachelor of Technology) 	HS 	OBC-NCL 	Gender-Neutral 	27441 	27441
National Institute of Technology Goa	Electrical and Electronics Engineering (4 Years, Bachelor of Technology) 	OS 	OBC-NCL 	Gender-Neutral 	6438 	8293
National Institute of Technology Goa	Electrical and Electronics Engineering (4 Years, Bachelor of Technology) 	OS 	OBC-NCL 	Female-only (including Supernumerary) 	12560 	14231
National Institute of Technology Goa	Electronics and Communication Engineering (4 Years, Bachelor of Technology) 	GO 	OBC-NCL 	Gender-Neutral 	66862 	94815
National Institute of Technology Goa	Electronics and Communication Engineering (4 Years, Bachelor of Technology) 	HS 	OBC-NCL 	Gender-Neutral 	20787 	20787
National Institute of Technology Goa	Electronics and Communication Engineering (4 Years, Bachelor of Technology) 	OS 	OBC-NCL 	Gender-Neutral 	5218 	6192
National Institute of Technology Goa	Electronics and Communication Engineering (4 Years, Bachelor of Technology) 	OS 	OBC-NCL 	Female-only (including Supernumerary) 	11606 	11606
National Institute of Technology Goa	Mechanical Engineering (4 Years, Bachelor of Technology) 	GO 	OBC-NCL 	Gender-Neutral 	102058 	231075
National Institute of Technology Goa	Mechanical Engineering (4 Years, Bachelor of Technology) 	GO 	OBC-NCL 	Female-only (including Supernumerary) 	94870 	94870
National Institute of Technology Goa	Mechanical Engineering (4 Years, Bachelor of Technology) 	HS 	OBC-NCL 	Female-only (including Supernumerary) 	43297 	43297
National Institute of Technology Goa	Mechanical Engineering (4 Years, Bachelor of Technology) 	OS 	OBC-NCL 	Gender-Neutral 	10033 	10506
National Institute of Technology Goa	Mechanical Engineering (4 Years, Bachelor of Technology) 	OS 	OBC-NCL 	Female-only (including Supernumerary) 	17602 	17602
National Institute of Technology Hamirpur	Architecture (5 Years, Bachelor of Architecture) 	HS 	OBC-NCL 	Gender-Neutral 	6865 	19098
National Institute of Technology Hamirpur	Architecture (5 Years, Bachelor of Architecture) 	HS 	OBC-NCL 	Female-only (including Supernumerary) 	16069 	17486
National Institute of Technology Hamirpur	Architecture (5 Years, Bachelor of Architecture) 	OS 	OBC-NCL 	Gender-Neutral 	531 	613
National Institute of Technology Hamirpur	Architecture (5 Years, Bachelor of Architecture) 	OS 	OBC-NCL 	Female-only (including Supernumerary) 	511 	511
National Institute of Technology Hamirpur	Chemical Engineering (4 Years, Bachelor of Technology) 	HS 	OBC-NCL 	Gender-Neutral 	78983 	112864
National Institute of Technology Hamirpur	Chemical Engineering (4 Years, Bachelor of Technology) 	HS 	OBC-NCL 	Female-only (including Supernumerary) 	161753 	208658
National Institute of Technology Hamirpur	Chemical Engineering (4 Years, Bachelor of Technology) 	OS 	OBC-NCL 	Gender-Neutral 	11786 	13024
National Institute of Technology Hamirpur	Chemical Engineering (4 Years, Bachelor of Technology) 	OS 	OBC-NCL 	Female-only (including Supernumerary) 	18956 	19636
National Institute of Technology Hamirpur	Civil Engineering (4 Years, Bachelor of Technology) 	HS 	OBC-NCL 	Gender-Neutral 	71652 	143740
National Institute of Technology Hamirpur	Civil Engineering (4 Years, Bachelor of Technology) 	HS 	OBC-NCL 	Female-only (including Supernumerary) 	141529 	171453
National Institute of Technology Hamirpur	Civil Engineering (4 Years, Bachelor of Technology) 	OS 	OBC-NCL 	Gender-Neutral 	13857 	15119
National Institute of Technology Hamirpur	Civil Engineering (4 Years, Bachelor of Technology) 	OS 	OBC-NCL 	Female-only (including Supernumerary) 	21701 	22827
National Institute of Technology Hamirpur	Computer Science and Engineering (4 Years, Bachelor of Technology) 	HS 	OBC-NCL 	Gender-Neutral 	10492 	29030
National Institute of Technology Hamirpur	Computer Science and Engineering (4 Years, Bachelor of Technology) 	HS 	OBC-NCL 	Female-only (including Supernumerary) 	11531 	32905
National Institute of Technology Hamirpur	Computer Science and Engineering (4 Years, Bachelor of Technology) 	OS 	OBC-NCL 	Gender-Neutral 	3388 	4151
National Institute of Technology Hamirpur	Computer Science and Engineering (4 Years, Bachelor of Technology) 	OS 	OBC-NCL 	Female-only (including Supernumerary) 	8083 	9028
National Institute of Technology Hamirpur	Computer Science and Engineering (5 Years, Bachelor and Master of Technology (Dual Degree)) 	HS 	OBC-NCL 	Gender-Neutral 	14429 	31081
National Institute of Technology Hamirpur	Computer Science and Engineering (5 Years, Bachelor and Master of Technology (Dual Degree)) 	HS 	OBC-NCL 	Female-only (including Supernumerary) 	47848 	57596
National Institute of Technology Hamirpur	Computer Science and Engineering (5 Years, Bachelor and Master of Technology (Dual Degree)) 	OS 	OBC-NCL 	Gender-Neutral 	4203 	4302
National Institute of Technology Hamirpur	Computer Science and Engineering (5 Years, Bachelor and Master of Technology (Dual Degree)) 	OS 	OBC-NCL 	Female-only (including Supernumerary) 	8779 	8779
National Institute of Technology Hamirpur	Electrical Engineering (4 Years, Bachelor of Technology) 	HS 	OBC-NCL 	Gender-Neutral 	38963 	74456
National Institute of Technology Hamirpur	Electrical Engineering (4 Years, Bachelor of Technology) 	HS 	OBC-NCL 	Female-only (including Supernumerary) 	83660 	147378
National Institute of Technology Hamirpur	Electrical Engineering (4 Years, Bachelor of Technology) 	OS 	OBC-NCL 	Gender-Neutral 	7214 	8993
National Institute of Technology Hamirpur	Electrical Engineering (4 Years, Bachelor of Technology) 	OS 	OBC-NCL 	Female-only (including Supernumerary) 	13304 	15132
National Institute of Technology Hamirpur	Electronics and Communication Engineering (4 Years, Bachelor of Technology) 	HS 	OBC-NCL 	Gender-Neutral 	36550 	50316
National Institute of Technology Hamirpur	Electronics and Communication Engineering (4 Years, Bachelor of Technology) 	HS 	OBC-NCL 	Female-only (including Supernumerary) 	57741 	84780
National Institute of Technology Hamirpur	Electronics and Communication Engineering (4 Years, Bachelor of Technology) 	OS 	OBC-NCL 	Gender-Neutral 	5926 	6659
National Institute of Technology Hamirpur	Electronics and Communication Engineering (4 Years, Bachelor of Technology) 	OS 	OBC-NCL 	Female-only (including Supernumerary) 	11737 	12987
National Institute of Technology Hamirpur	Electronics and Communication Engineering (5 Years, Bachelor and Master of Technology (Dual Degree)) 	HS 	OBC-NCL 	Gender-Neutral 	54736 	59757
National Institute of Technology Hamirpur	Electronics and Communication Engineering (5 Years, Bachelor and Master of Technology (Dual Degree)) 	HS 	OBC-NCL 	Female-only (including Supernumerary) 	122105 	122105
National Institute of Technology Hamirpur	Electronics and Communication Engineering (5 Years, Bachelor and Master of Technology (Dual Degree)) 	OS 	OBC-NCL 	Gender-Neutral 	5582 	7167
National Institute of Technology Hamirpur	Electronics and Communication Engineering (5 Years, Bachelor and Master of Technology (Dual Degree)) 	OS 	OBC-NCL 	Female-only (including Supernumerary) 	14384 	14825
National Institute of Technology Hamirpur	Engineering Physics (4 Years, Bachelor of Technology) 	HS 	OBC-NCL 	Gender-Neutral 	103286 	148333
National Institute of Technology Hamirpur	Engineering Physics (4 Years, Bachelor of Technology) 	HS 	OBC-NCL 	Female-only (including Supernumerary) 	141711 	141711
National Institute of Technology Hamirpur	Engineering Physics (4 Years, Bachelor of Technology) 	OS 	OBC-NCL 	Gender-Neutral 	11715 	13837
National Institute of Technology Hamirpur	Engineering Physics (4 Years, Bachelor of Technology) 	OS 	OBC-NCL 	Female-only (including Supernumerary) 	20053 	23838
National Institute of Technology Hamirpur	Materials Science and Engineering (4 Years, Bachelor of Technology) 	HS 	OBC-NCL 	Gender-Neutral 	134891 	146850
National Institute of Technology Hamirpur	Materials Science and Engineering (4 Years, Bachelor of Technology) 	HS 	OBC-NCL 	Female-only (including Supernumerary) 	145028 	145028
National Institute of Technology Hamirpur	Materials Science and Engineering (4 Years, Bachelor of Technology) 	OS 	OBC-NCL 	Gender-Neutral 	15509 	16291
National Institute of Technology Hamirpur	Materials Science and Engineering (4 Years, Bachelor of Technology) 	OS 	OBC-NCL 	Female-only (including Supernumerary) 	23516 	23516
National Institute of Technology Hamirpur	Mathematics and Computing (4 Years, Bachelor of Technology) 	HS 	OBC-NCL 	Gender-Neutral 	32009 	40895
National Institute of Technology Hamirpur	Mathematics and Computing (4 Years, Bachelor of Technology) 	HS 	OBC-NCL 	Female-only (including Supernumerary) 	86994 	106610
National Institute of Technology Hamirpur	Mathematics and Computing (4 Years, Bachelor of Technology) 	OS 	OBC-NCL 	Gender-Neutral 	5282 	5543
National Institute of Technology Hamirpur	Mathematics and Computing (4 Years, Bachelor of Technology) 	OS 	OBC-NCL 	Female-only (including Supernumerary) 	10617 	10617
National Institute of Technology Hamirpur	Mechanical Engineering (4 Years, Bachelor of Technology) 	HS 	OBC-NCL 	Gender-Neutral 	24435 	100089
National Institute of Technology Hamirpur	Mechanical Engineering (4 Years, Bachelor of Technology) 	HS 	OBC-NCL 	Female-only (including Supernumerary) 	101498 	255739
National Institute of Technology Hamirpur	Mechanical Engineering (4 Years, Bachelor of Technology) 	OS 	OBC-NCL 	Gender-Neutral 	10482 	11328
National Institute of Technology Hamirpur	Mechanical Engineering (4 Years, Bachelor of Technology) 	OS 	OBC-NCL 	Female-only (including Supernumerary) 	19674 	22589
National Institute of Technology Karnataka, Surathkal	Artificial Intelligence (4 Years, Bachelor of Technology) 	HS 	OBC-NCL 	Gender-Neutral 	1301 	2491
National Institute of Technology Karnataka, Surathkal	Artificial Intelligence (4 Years, Bachelor of Technology) 	HS 	OBC-NCL 	Female-only (including Supernumerary) 	4693 	4693
National Institute of Technology Karnataka, Surathkal	Artificial Intelligence (4 Years, Bachelor of Technology) 	OS 	OBC-NCL 	Gender-Neutral 	625 	1017
National Institute of Technology Karnataka, Surathkal	Artificial Intelligence (4 Years, Bachelor of Technology) 	OS 	OBC-NCL 	Female-only (including Supernumerary) 	2459 	2459
National Institute of Technology Karnataka, Surathkal	Chemical Engineering (4 Years, Bachelor of Technology) 	HS 	OBC-NCL 	Gender-Neutral 	6846 	8111
National Institute of Technology Karnataka, Surathkal	Chemical Engineering (4 Years, Bachelor of Technology) 	HS 	OBC-NCL 	Female-only (including Supernumerary) 	10898 	14957
National Institute of Technology Karnataka, Surathkal	Chemical Engineering (4 Years, Bachelor of Technology) 	OS 	OBC-NCL 	Gender-Neutral 	4164 	5623
National Institute of Technology Karnataka, Surathkal	Chemical Engineering (4 Years, Bachelor of Technology) 	OS 	OBC-NCL 	Female-only (including Supernumerary) 	9791 	11568
National Institute of Technology Karnataka, Surathkal	Civil Engineering (4 Years, Bachelor of Technology) 	HS 	OBC-NCL 	Gender-Neutral 	8068 	16873
National Institute of Technology Karnataka, Surathkal	Civil Engineering (4 Years, Bachelor of Technology) 	HS 	OBC-NCL 	Female-only (including Supernumerary) 	15230 	17691
National Institute of Technology Karnataka, Surathkal	Civil Engineering (4 Years, Bachelor of Technology) 	OS 	OBC-NCL 	Gender-Neutral 	6125 	7577
National Institute of Technology Karnataka, Surathkal	Civil Engineering (4 Years, Bachelor of Technology) 	OS 	OBC-NCL 	Female-only (including Supernumerary) 	14143 	14700
National Institute of Technology Karnataka, Surathkal	Computational and Data Science (4 Years, Bachelor of Technology) 	HS 	OBC-NCL 	Gender-Neutral 	3454 	3726
National Institute of Technology Karnataka, Surathkal	Computational and Data Science (4 Years, Bachelor of Technology) 	HS 	OBC-NCL 	Female-only (including Supernumerary) 	7041 	7041
National Institute of Technology Karnataka, Surathkal	Computational and Data Science (4 Years, Bachelor of Technology) 	OS 	OBC-NCL 	Gender-Neutral 	1341 	1452
National Institute of Technology Karnataka, Surathkal	Computational and Data Science (4 Years, Bachelor of Technology) 	OS 	OBC-NCL 	Female-only (including Supernumerary) 	3151 	3151
National Institute of Technology Karnataka, Surathkal	Computer Science and Engineering (4 Years, Bachelor of Technology) 	HS 	OBC-NCL 	Gender-Neutral 	638 	2251
National Institute of Technology Karnataka, Surathkal	Computer Science and Engineering (4 Years, Bachelor of Technology) 	HS 	OBC-NCL 	Female-only (including Supernumerary) 	1783 	3457
National Institute of Technology Karnataka, Surathkal	Computer Science and Engineering (4 Years, Bachelor of Technology) 	OS 	OBC-NCL 	Gender-Neutral 	342 	577
National Institute of Technology Karnataka, Surathkal	Computer Science and Engineering (4 Years, Bachelor of Technology) 	OS 	OBC-NCL 	Female-only (including Supernumerary) 	1486 	1792
National Institute of Technology Karnataka, Surathkal	Electrical and Electronics Engineering (4 Years, Bachelor of Technology) 	HS 	OBC-NCL 	Gender-Neutral 	3749 	4664
National Institute of Technology Karnataka, Surathkal	Electrical and Electronics Engineering (4 Years, Bachelor of Technology) 	HS 	OBC-NCL 	Female-only (including Supernumerary) 	6139 	7884
National Institute of Technology Karnataka, Surathkal	Electrical and Electronics Engineering (4 Years, Bachelor of Technology) 	OS 	OBC-NCL 	Gender-Neutral 	2122 	2498
National Institute of Technology Karnataka, Surathkal	Electrical and Electronics Engineering (4 Years, Bachelor of Technology) 	OS 	OBC-NCL 	Female-only (including Supernumerary) 	5068 	5773
National Institute of Technology Karnataka, Surathkal	Electronics and Communication Engineering (4 Years, Bachelor of Technology) 	HS 	OBC-NCL 	Gender-Neutral 	2680 	3862
National Institute of Technology Karnataka, Surathkal	Electronics and Communication Engineering (4 Years, Bachelor of Technology) 	HS 	OBC-NCL 	Female-only (including Supernumerary) 	3831 	5742
National Institute of Technology Karnataka, Surathkal	Electronics and Communication Engineering (4 Years, Bachelor of Technology) 	OS 	OBC-NCL 	Gender-Neutral 	1353 	1795
National Institute of Technology Karnataka, Surathkal	Electronics and Communication Engineering (4 Years, Bachelor of Technology) 	OS 	OBC-NCL 	Female-only (including Supernumerary) 	3275 	3589
National Institute of Technology Karnataka, Surathkal	Information Technology (4 Years, Bachelor of Technology) 	HS 	OBC-NCL 	Gender-Neutral 	2545 	3286
National Institute of Technology Karnataka, Surathkal	Information Technology (4 Years, Bachelor of Technology) 	HS 	OBC-NCL 	Female-only (including Supernumerary) 	5078 	5786
National Institute of Technology Karnataka, Surathkal	Information Technology (4 Years, Bachelor of Technology) 	OS 	OBC-NCL 	Gender-Neutral 	735 	1198
National Institute of Technology Karnataka, Surathkal	Information Technology (4 Years, Bachelor of Technology) 	OS 	OBC-NCL 	Female-only (including Supernumerary) 	2367 	2950
National Institute of Technology Karnataka, Surathkal	Mechanical Engineering (4 Years, Bachelor of Technology) 	HS 	OBC-NCL 	Gender-Neutral 	4775 	6813
National Institute of Technology Karnataka, Surathkal	Mechanical Engineering (4 Years, Bachelor of Technology) 	HS 	OBC-NCL 	Female-only (including Supernumerary) 	10088 	13849
National Institute of Technology Karnataka, Surathkal	Mechanical Engineering (4 Years, Bachelor of Technology) 	OS 	OBC-NCL 	Gender-Neutral 	3305 	4559
National Institute of Technology Karnataka, Surathkal	Mechanical Engineering (4 Years, Bachelor of Technology) 	OS 	OBC-NCL 	Female-only (including Supernumerary) 	8278 	9529
National Institute of Technology Karnataka, Surathkal	Metallurgical and Materials Engineering (4 Years, Bachelor of Technology) 	HS 	OBC-NCL 	Gender-Neutral 	11103 	14814
National Institute of Technology Karnataka, Surathkal	Metallurgical and Materials Engineering (4 Years, Bachelor of Technology) 	HS 	OBC-NCL 	Female-only (including Supernumerary) 	19503 	19503
National Institute of Technology Karnataka, Surathkal	Metallurgical and Materials Engineering (4 Years, Bachelor of Technology) 	OS 	OBC-NCL 	Gender-Neutral 	7993 	8374
National Institute of Technology Karnataka, Surathkal	Metallurgical and Materials Engineering (4 Years, Bachelor of Technology) 	OS 	OBC-NCL 	Female-only (including Supernumerary) 	11779 	14142
National Institute of Technology Karnataka, Surathkal	Mining Engineering (4 Years, Bachelor of Technology) 	HS 	OBC-NCL 	Gender-Neutral 	11781 	17790
National Institute of Technology Karnataka, Surathkal	Mining Engineering (4 Years, Bachelor of Technology) 	HS 	OBC-NCL 	Female-only (including Supernumerary) 	20007 	20007
National Institute of Technology Karnataka, Surathkal	Mining Engineering (4 Years, Bachelor of Technology) 	OS 	OBC-NCL 	Gender-Neutral 	8609 	9875
National Institute of Technology Karnataka, Surathkal	Mining Engineering (4 Years, Bachelor of Technology) 	OS 	OBC-NCL 	Female-only (including Supernumerary) 	15430 	15430
National Institute of Technology Meghalaya	Civil Engineering (4 Years, Bachelor of Technology) 	OS 	OBC-NCL 	Gender-Neutral 	15606 	16261
National Institute of Technology Meghalaya	Civil Engineering (4 Years, Bachelor of Technology) 	OS 	OBC-NCL 	Female-only (including Supernumerary) 	26785 	26785
National Institute of Technology Meghalaya	Computer Science and Engineering (4 Years, Bachelor of Technology) 	OS 	OBC-NCL 	Gender-Neutral 	6367 	7313
National Institute of Technology Meghalaya	Computer Science and Engineering (4 Years, Bachelor of Technology) 	OS 	OBC-NCL 	Female-only (including Supernumerary) 	10781 	10781
National Institute of Technology Meghalaya	Electrical and Electronics Engineering (4 Years, Bachelor of Technology) 	OS 	OBC-NCL 	Gender-Neutral 	12849 	13601
National Institute of Technology Meghalaya	Electrical and Electronics Engineering (4 Years, Bachelor of Technology) 	OS 	OBC-NCL 	Female-only (including Supernumerary) 	21224 	21224
National Institute of Technology Meghalaya	Electronics and Communication Engineering (4 Years, Bachelor of Technology) 	OS 	OBC-NCL 	Gender-Neutral 	9155 	9594
National Institute of Technology Meghalaya	Electronics and Communication Engineering (4 Years, Bachelor of Technology) 	OS 	OBC-NCL 	Female-only (including Supernumerary) 	21054 	21054
National Institute of Technology Meghalaya	Mechanical Engineering (4 Years, Bachelor of Technology) 	OS 	OBC-NCL 	Gender-Neutral 	14433 	14453
National Institute of Technology Meghalaya	Mechanical Engineering (4 Years, Bachelor of Technology) 	OS 	OBC-NCL 	Female-only (including Supernumerary) 	24494 	24494
National Institute of Technology Nagaland	Civil Engineering (4 Years, Bachelor of Technology) 	OS 	OBC-NCL 	Gender-Neutral 	18988 	19441
National Institute of Technology Nagaland	Civil Engineering (4 Years, Bachelor of Technology) 	OS 	OBC-NCL 	Female-only (including Supernumerary) 	26759 	26759
National Institute of Technology Nagaland	Computer Science and Engineering (4 Years, Bachelor of Technology) 	OS 	OBC-NCL 	Gender-Neutral 	11395 	12177
National Institute of Technology Nagaland	Computer Science and Engineering (4 Years, Bachelor of Technology) 	OS 	OBC-NCL 	Female-only (including Supernumerary) 	18885 	18885
National Institute of Technology Nagaland	Electrical and Electronics Engineering (4 Years, Bachelor of Technology) 	OS 	OBC-NCL 	Gender-Neutral 	15105 	16006
National Institute of Technology Nagaland	Electrical and Electronics Engineering (4 Years, Bachelor of Technology) 	OS 	OBC-NCL 	Female-only (including Supernumerary) 	23704 	23704
National Institute of Technology Nagaland	Electronics and Communication Engineering (4 Years, Bachelor of Technology) 	OS 	OBC-NCL 	Gender-Neutral 	13528 	13901
National Institute of Technology Nagaland	Electronics and Communication Engineering (4 Years, Bachelor of Technology) 	OS 	OBC-NCL 	Female-only (including Supernumerary) 	22404 	22404
National Institute of Technology Nagaland	Electronics and Instrumentation Engineering (4 Years, Bachelor of Technology) 	OS 	OBC-NCL 	Gender-Neutral 	15826 	16313
National Institute of Technology Nagaland	Electronics and Instrumentation Engineering (4 Years, Bachelor of Technology) 	OS 	OBC-NCL 	Female-only (including Supernumerary) 	26498 	26498
National Institute of Technology Nagaland	Mechanical Engineering (4 Years, Bachelor of Technology) 	OS 	OBC-NCL 	Gender-Neutral 	17729 	18276
National Institute of Technology Nagaland	Mechanical Engineering (4 Years, Bachelor of Technology) 	OS 	OBC-NCL 	Female-only (including Supernumerary) 	24582 	24582
National Institute of Technology Patna	Architecture (5 Years, Bachelor of Architecture) 	HS 	OBC-NCL 	Gender-Neutral 	1414 	1972
National Institute of Technology Patna	Architecture (5 Years, Bachelor of Architecture) 	HS 	OBC-NCL 	Female-only (including Supernumerary) 	1363 	1363
National Institute of Technology Patna	Architecture (5 Years, Bachelor of Architecture) 	OS 	OBC-NCL 	Gender-Neutral 	527 	641
National Institute of Technology Patna	Architecture (5 Years, Bachelor of Architecture) 	OS 	OBC-NCL 	Female-only (including Supernumerary) 	517 	517
National Institute of Technology Patna	Artificial Intelligence and Data Science (4 Years, Bachelor of Technology) 	HS 	OBC-NCL 	Gender-Neutral 	6040 	6879
National Institute of Technology Patna	Artificial Intelligence and Data Science (4 Years, Bachelor of Technology) 	HS 	OBC-NCL 	Female-only (including Supernumerary) 	10941 	11334
National Institute of Technology Patna	Artificial Intelligence and Data Science (4 Years, Bachelor of Technology) 	OS 	OBC-NCL 	Gender-Neutral 	4956 	5792
National Institute of Technology Patna	Artificial Intelligence and Data Science (4 Years, Bachelor of Technology) 	OS 	OBC-NCL 	Female-only (including Supernumerary) 	10807 	10860
National Institute of Technology Patna	Chemical Technology (5 Years, Bachelor and Master of Technology (Dual Degree)) 	HS 	OBC-NCL 	Gender-Neutral 	16416 	16416
National Institute of Technology Patna	Chemical Technology (5 Years, Bachelor and Master of Technology (Dual Degree)) 	OS 	OBC-NCL 	Gender-Neutral 	15102 	15102
National Institute of Technology Patna	Civil Engineering (4 Years, Bachelor of Technology) 	HS 	OBC-NCL 	Gender-Neutral 	14194 	15659
National Institute of Technology Patna	Civil Engineering (4 Years, Bachelor of Technology) 	HS 	OBC-NCL 	Female-only (including Supernumerary) 	22621 	23747
National Institute of Technology Patna	Civil Engineering (4 Years, Bachelor of Technology) 	OS 	OBC-NCL 	Gender-Neutral 	14346 	15869
National Institute of Technology Patna	Civil Engineering (4 Years, Bachelor of Technology) 	OS 	OBC-NCL 	Female-only (including Supernumerary) 	21892 	23097
National Institute of Technology Patna	Civil Engineering with Specialization in Construction Technology and Management (5 Years, Bachelor and Master of Technology (Dual Degree)) 	HS 	OBC-NCL 	Gender-Neutral 	15775 	15775
National Institute of Technology Patna	Civil Engineering with Specialization in Construction Technology and Management (5 Years, Bachelor and Master of Technology (Dual Degree)) 	OS 	OBC-NCL 	Gender-Neutral 	14809 	14809
National Institute of Technology Patna	Computer Science and Engineering (4 Years, Bachelor of Technology) 	HS 	OBC-NCL 	Gender-Neutral 	4397 	5534
National Institute of Technology Patna	Computer Science and Engineering (4 Years, Bachelor of Technology) 	HS 	OBC-NCL 	Female-only (including Supernumerary) 	8038 	10489
National Institute of Technology Patna	Computer Science and Engineering (4 Years, Bachelor of Technology) 	OS 	OBC-NCL 	Gender-Neutral 	4109 	4774
National Institute of Technology Patna	Computer Science and Engineering (4 Years, Bachelor of Technology) 	OS 	OBC-NCL 	Female-only (including Supernumerary) 	8975 	10408
National Institute of Technology Patna	Computer Science and Engineering with Specialization in Cyber Security (5 Years, Bachelor and Master of Technology (Dual Degree)) 	HS 	OBC-NCL 	Gender-Neutral 	6664 	7405
National Institute of Technology Patna	Computer Science and Engineering with Specialization in Cyber Security (5 Years, Bachelor and Master of Technology (Dual Degree)) 	HS 	OBC-NCL 	Female-only (including Supernumerary) 	15058 	15058
National Institute of Technology Patna	Computer Science and Engineering with Specialization in Cyber Security (5 Years, Bachelor and Master of Technology (Dual Degree)) 	OS 	OBC-NCL 	Gender-Neutral 	5645 	6092
National Institute of Technology Patna	Computer Science and Engineering with Specialization in Cyber Security (5 Years, Bachelor and Master of Technology (Dual Degree)) 	OS 	OBC-NCL 	Female-only (including Supernumerary) 	11896 	11896
National Institute of Technology Patna	Computer Science and Engineering with Specialization in Data Science (5 Years, Bachelor and Master of Technology (Dual Degree)) 	HS 	OBC-NCL 	Gender-Neutral 	6096 	6321
National Institute of Technology Patna	Computer Science and Engineering with Specialization in Data Science (5 Years, Bachelor and Master of Technology (Dual Degree)) 	OS 	OBC-NCL 	Gender-Neutral 	5204 	5925
National Institute of Technology Patna	Electrical Engineering (4 Years, Bachelor of Technology) 	HS 	OBC-NCL 	Gender-Neutral 	8769 	9806
National Institute of Technology Patna	Electrical Engineering (4 Years, Bachelor of Technology) 	HS 	OBC-NCL 	Female-only (including Supernumerary) 	14677 	15167
National Institute of Technology Patna	Electrical Engineering (4 Years, Bachelor of Technology) 	OS 	OBC-NCL 	Gender-Neutral 	7662 	9228
National Institute of Technology Patna	Electrical Engineering (4 Years, Bachelor of Technology) 	OS 	OBC-NCL 	Female-only (including Supernumerary) 	14020 	15364
National Institute of Technology Patna	Electrical Engineering with Specialization In Power System Engineering (5 Years, Bachelor and Master of Technology (Dual Degree)) 	HS 	OBC-NCL 	Gender-Neutral 	10121 	10240
National Institute of Technology Patna	Electrical Engineering with Specialization In Power System Engineering (5 Years, Bachelor and Master of Technology (Dual Degree)) 	OS 	OBC-NCL 	Gender-Neutral 	8675 	9550
National Institute of Technology Patna	Electrical Engineering with Specialization In Power System Engineering (5 Years, Bachelor and Master of Technology (Dual Degree)) 	OS 	OBC-NCL 	Female-only (including Supernumerary) 	17056 	17056
National Institute of Technology Patna	Electronics and Communication Engineering (4 Years, Bachelor of Technology) 	HS 	OBC-NCL 	Gender-Neutral 	6628 	7318
National Institute of Technology Patna	Electronics and Communication Engineering (4 Years, Bachelor of Technology) 	HS 	OBC-NCL 	Female-only (including Supernumerary) 	11095 	14387
National Institute of Technology Patna	Electronics and Communication Engineering (4 Years, Bachelor of Technology) 	OS 	OBC-NCL 	Gender-Neutral 	5924 	6574
National Institute of Technology Patna	Electronics and Communication Engineering (4 Years, Bachelor of Technology) 	OS 	OBC-NCL 	Female-only (including Supernumerary) 	13139 	13579
National Institute of Technology Patna	Electronics and Communication Engineering with Specialization in Microelectronics and VLSI System Design (5 Years, Bachelor and Master of Technology (Dual Degree)) 	HS 	OBC-NCL 	Gender-Neutral 	8461 	8527
National Institute of Technology Patna	Electronics and Communication Engineering with Specialization in Microelectronics and VLSI System Design (5 Years, Bachelor and Master of Technology (Dual Degree)) 	HS 	OBC-NCL 	Female-only (including Supernumerary) 	17949 	17949
National Institute of Technology Patna	Electronics and Communication Engineering with Specialization in Microelectronics and VLSI System Design (5 Years, Bachelor and Master of Technology (Dual Degree)) 	OS 	OBC-NCL 	Gender-Neutral 	6884 	7136
National Institute of Technology Patna	Electronics and Communication Engineering with Specialization in Microelectronics and VLSI System Design (5 Years, Bachelor and Master of Technology (Dual Degree)) 	OS 	OBC-NCL 	Female-only (including Supernumerary) 	14748 	14748
National Institute of Technology Patna	Electronics Engineering (VLSI Design and Technology) (4 Years, Bachelor of Technology) 	HS 	OBC-NCL 	Gender-Neutral 	8606 	8984
National Institute of Technology Patna	Electronics Engineering (VLSI Design and Technology) (4 Years, Bachelor of Technology) 	HS 	OBC-NCL 	Female-only (including Supernumerary) 	18987 	19081
National Institute of Technology Patna	Electronics Engineering (VLSI Design and Technology) (4 Years, Bachelor of Technology) 	OS 	OBC-NCL 	Gender-Neutral 	7545 	8295
National Institute of Technology Patna	Electronics Engineering (VLSI Design and Technology) (4 Years, Bachelor of Technology) 	OS 	OBC-NCL 	Female-only (including Supernumerary) 	14290 	14644
National Institute of Technology Patna	Material Science and Engineering (5 Years, Bachelor and Master of Technology (Dual Degree)) 	HS 	OBC-NCL 	Gender-Neutral 	16833 	16833
National Institute of Technology Patna	Material Science and Engineering (5 Years, Bachelor and Master of Technology (Dual Degree)) 	OS 	OBC-NCL 	Gender-Neutral 	13610 	13610
National Institute of Technology Patna	Mathematics and Computing Technology (5 Years, Bachelor and Master of Technology (Dual Degree)) 	HS 	OBC-NCL 	Gender-Neutral 	7487 	7487
National Institute of Technology Patna	Mathematics and Computing Technology (5 Years, Bachelor and Master of Technology (Dual Degree)) 	OS 	OBC-NCL 	Gender-Neutral 	6007 	6007
National Institute of Technology Patna	Mechanical Engineering (4 Years, Bachelor of Technology) 	HS 	OBC-NCL 	Gender-Neutral 	11304 	12717
National Institute of Technology Patna	Mechanical Engineering (4 Years, Bachelor of Technology) 	HS 	OBC-NCL 	Female-only (including Supernumerary) 	19593 	22698
National Institute of Technology Patna	Mechanical Engineering (4 Years, Bachelor of Technology) 	OS 	OBC-NCL 	Gender-Neutral 	10938 	12262
National Institute of Technology Patna	Mechanical Engineering (4 Years, Bachelor of Technology) 	OS 	OBC-NCL 	Female-only (including Supernumerary) 	18489 	20834
National Institute of Technology Patna	Mechanical Engineering with Specialization in Manufacturing and Industrial Engineering (5 Years, Bachelor and Master of Technology (Dual Degree)) 	HS 	OBC-NCL 	Gender-Neutral 	13752 	13949
National Institute of Technology Patna	Mechanical Engineering with Specialization in Manufacturing and Industrial Engineering (5 Years, Bachelor and Master of Technology (Dual Degree)) 	HS 	OBC-NCL 	Female-only (including Supernumerary) 	21700 	21700
National Institute of Technology Patna	Mechanical Engineering with Specialization in Manufacturing and Industrial Engineering (5 Years, Bachelor and Master of Technology (Dual Degree)) 	OS 	OBC-NCL 	Gender-Neutral 	12286 	12971
National Institute of Technology Patna	Mechanical Engineering with Specialization in Manufacturing and Industrial Engineering (5 Years, Bachelor and Master of Technology (Dual Degree)) 	OS 	OBC-NCL 	Female-only (including Supernumerary) 	24089 	24089
National Institute of Technology Patna	Mechatronics and Automation Engineering (4 Years, Bachelor of Technology) 	HS 	OBC-NCL 	Gender-Neutral 	10316 	10812
National Institute of Technology Patna	Mechatronics and Automation Engineering (4 Years, Bachelor of Technology) 	HS 	OBC-NCL 	Female-only (including Supernumerary) 	19562 	19562
National Institute of Technology Patna	Mechatronics and Automation Engineering (4 Years, Bachelor of Technology) 	OS 	OBC-NCL 	Gender-Neutral 	7969 	8905
National Institute of Technology Patna	Mechatronics and Automation Engineering (4 Years, Bachelor of Technology) 	OS 	OBC-NCL 	Female-only (including Supernumerary) 	14915 	14915
National Institute of Technology Puducherry	Civil Engineering (4 Years, Bachelor of Technology) 	HS 	OBC-NCL 	Gender-Neutral 	73863 	78906
National Institute of Technology Puducherry	Civil Engineering (4 Years, Bachelor of Technology) 	OS 	OBC-NCL 	Gender-Neutral 	15326 	15994
National Institute of Technology Puducherry	Civil Engineering (4 Years, Bachelor of Technology) 	OS 	OBC-NCL 	Female-only (including Supernumerary) 	18650 	18650
National Institute of Technology Puducherry	Computer Science and Engineering (4 Years, Bachelor of Technology) 	HS 	OBC-NCL 	Gender-Neutral 	20562 	24651
National Institute of Technology Puducherry	Computer Science and Engineering (4 Years, Bachelor of Technology) 	HS 	OBC-NCL 	Female-only (including Supernumerary) 	28405 	28405
National Institute of Technology Puducherry	Computer Science and Engineering (4 Years, Bachelor of Technology) 	OS 	OBC-NCL 	Gender-Neutral 	5771 	7077
National Institute of Technology Puducherry	Computer Science and Engineering (4 Years, Bachelor of Technology) 	OS 	OBC-NCL 	Female-only (including Supernumerary) 	8776 	8947
National Institute of Technology Puducherry	Electrical and Electronics Engineering (4 Years, Bachelor of Technology) 	HS 	OBC-NCL 	Gender-Neutral 	39284 	48452
National Institute of Technology Puducherry	Electrical and Electronics Engineering (4 Years, Bachelor of Technology) 	HS 	OBC-NCL 	Female-only (including Supernumerary) 	43261 	43261
National Institute of Technology Puducherry	Electrical and Electronics Engineering (4 Years, Bachelor of Technology) 	OS 	OBC-NCL 	Gender-Neutral 	10047 	10711
National Institute of Technology Puducherry	Electrical and Electronics Engineering (4 Years, Bachelor of Technology) 	OS 	OBC-NCL 	Female-only (including Supernumerary) 	14101 	15796
National Institute of Technology Puducherry	Electronics and Communication Engineering (4 Years, Bachelor of Technology) 	HS 	OBC-NCL 	Gender-Neutral 	28550 	36973
National Institute of Technology Puducherry	Electronics and Communication Engineering (4 Years, Bachelor of Technology) 	HS 	OBC-NCL 	Female-only (including Supernumerary) 	32882 	33664
National Institute of Technology Puducherry	Electronics and Communication Engineering (4 Years, Bachelor of Technology) 	OS 	OBC-NCL 	Gender-Neutral 	6677 	7517
National Institute of Technology Puducherry	Electronics and Communication Engineering (4 Years, Bachelor of Technology) 	OS 	OBC-NCL 	Female-only (including Supernumerary) 	10152 	10152
National Institute of Technology Puducherry	Mechanical Engineering (4 Years, Bachelor of Technology) 	HS 	OBC-NCL 	Gender-Neutral 	60415 	68664
National Institute of Technology Puducherry	Mechanical Engineering (4 Years, Bachelor of Technology) 	HS 	OBC-NCL 	Female-only (including Supernumerary) 	70269 	70269
National Institute of Technology Puducherry	Mechanical Engineering (4 Years, Bachelor of Technology) 	OS 	OBC-NCL 	Gender-Neutral 	12541 	13587
National Institute of Technology Puducherry	Mechanical Engineering (4 Years, Bachelor of Technology) 	OS 	OBC-NCL 	Female-only (including Supernumerary) 	16309 	17841
National Institute of Technology Raipur	Architecture (5 Years, Bachelor of Architecture) 	HS 	OBC-NCL 	Gender-Neutral 	4241 	6399
National Institute of Technology Raipur	Architecture (5 Years, Bachelor of Architecture) 	HS 	OBC-NCL 	Female-only (including Supernumerary) 	1168 	1168
National Institute of Technology Raipur	Architecture (5 Years, Bachelor of Architecture) 	OS 	OBC-NCL 	Gender-Neutral 	514 	585
National Institute of Technology Raipur	Architecture (5 Years, Bachelor of Architecture) 	OS 	OBC-NCL 	Female-only (including Supernumerary) 	311 	311
National Institute of Technology Raipur	Bio Medical Engineering (4 Years, Bachelor of Technology) 	HS 	OBC-NCL 	Gender-Neutral 	39476 	44661
National Institute of Technology Raipur	Bio Medical Engineering (4 Years, Bachelor of Technology) 	HS 	OBC-NCL 	Female-only (including Supernumerary) 	47887 	48141
National Institute of Technology Raipur	Bio Medical Engineering (4 Years, Bachelor of Technology) 	OS 	OBC-NCL 	Gender-Neutral 	17763 	18900
National Institute of Technology Raipur	Bio Medical Engineering (4 Years, Bachelor of Technology) 	OS 	OBC-NCL 	Female-only (including Supernumerary) 	24409 	24431
National Institute of Technology Raipur	Bio Technology (4 Years, Bachelor of Technology) 	HS 	OBC-NCL 	Gender-Neutral 	34934 	37293
National Institute of Technology Raipur	Bio Technology (4 Years, Bachelor of Technology) 	HS 	OBC-NCL 	Female-only (including Supernumerary) 	38765 	47268
National Institute of Technology Raipur	Bio Technology (4 Years, Bachelor of Technology) 	OS 	OBC-NCL 	Gender-Neutral 	16553 	18055
National Institute of Technology Raipur	Bio Technology (4 Years, Bachelor of Technology) 	OS 	OBC-NCL 	Female-only (including Supernumerary) 	23291 	24189
National Institute of Technology Raipur	Chemical Engineering (4 Years, Bachelor of Technology) 	HS 	OBC-NCL 	Gender-Neutral 	20827 	23261
National Institute of Technology Raipur	Chemical Engineering (4 Years, Bachelor of Technology) 	HS 	OBC-NCL 	Female-only (including Supernumerary) 	32709 	33867
National Institute of Technology Raipur	Chemical Engineering (4 Years, Bachelor of Technology) 	OS 	OBC-NCL 	Gender-Neutral 	11878 	12636
National Institute of Technology Raipur	Chemical Engineering (4 Years, Bachelor of Technology) 	OS 	OBC-NCL 	Female-only (including Supernumerary) 	19177 	19966
National Institute of Technology Raipur	Civil Engineering (4 Years, Bachelor of Technology) 	HS 	OBC-NCL 	Gender-Neutral 	23012 	28187
National Institute of Technology Raipur	Civil Engineering (4 Years, Bachelor of Technology) 	HS 	OBC-NCL 	Female-only (including Supernumerary) 	30007 	34133
National Institute of Technology Raipur	Civil Engineering (4 Years, Bachelor of Technology) 	OS 	OBC-NCL 	Gender-Neutral 	13902 	15534
National Institute of Technology Raipur	Civil Engineering (4 Years, Bachelor of Technology) 	OS 	OBC-NCL 	Female-only (including Supernumerary) 	19602 	19947
National Institute of Technology Raipur	Computer Science and Engineering (4 Years, Bachelor of Technology) 	HS 	OBC-NCL 	Gender-Neutral 	5922 	10634
National Institute of Technology Raipur	Computer Science and Engineering (4 Years, Bachelor of Technology) 	HS 	OBC-NCL 	Female-only (including Supernumerary) 	8313 	14837
National Institute of Technology Raipur	Computer Science and Engineering (4 Years, Bachelor of Technology) 	OS 	OBC-NCL 	Gender-Neutral 	3636 	4453
National Institute of Technology Raipur	Computer Science and Engineering (4 Years, Bachelor of Technology) 	OS 	OBC-NCL 	Female-only (including Supernumerary) 	7181 	8747
National Institute of Technology Raipur	Electrical Engineering (4 Years, Bachelor of Technology) 	HS 	OBC-NCL 	Gender-Neutral 	15414 	17268
National Institute of Technology Raipur	Electrical Engineering (4 Years, Bachelor of Technology) 	HS 	OBC-NCL 	Female-only (including Supernumerary) 	22880 	24887
National Institute of Technology Raipur	Electrical Engineering (4 Years, Bachelor of Technology) 	OS 	OBC-NCL 	Gender-Neutral 	7345 	8656
National Institute of Technology Raipur	Electrical Engineering (4 Years, Bachelor of Technology) 	OS 	OBC-NCL 	Female-only (including Supernumerary) 	12157 	13935
National Institute of Technology Raipur	Electronics and Communication Engineering (4 Years, Bachelor of Technology) 	HS 	OBC-NCL 	Gender-Neutral 	12162 	14702
National Institute of Technology Raipur	Electronics and Communication Engineering (4 Years, Bachelor of Technology) 	HS 	OBC-NCL 	Female-only (including Supernumerary) 	21481 	24048
National Institute of Technology Raipur	Electronics and Communication Engineering (4 Years, Bachelor of Technology) 	OS 	OBC-NCL 	Gender-Neutral 	5363 	6376
National Institute of Technology Raipur	Electronics and Communication Engineering (4 Years, Bachelor of Technology) 	OS 	OBC-NCL 	Female-only (including Supernumerary) 	11513 	12356
National Institute of Technology Raipur	Information Technology (4 Years, Bachelor of Technology) 	HS 	OBC-NCL 	Gender-Neutral 	8454 	12018
National Institute of Technology Raipur	Information Technology (4 Years, Bachelor of Technology) 	HS 	OBC-NCL 	Female-only (including Supernumerary) 	15198 	21685
National Institute of Technology Raipur	Information Technology (4 Years, Bachelor of Technology) 	OS 	OBC-NCL 	Gender-Neutral 	4826 	5725
National Institute of Technology Raipur	Information Technology (4 Years, Bachelor of Technology) 	OS 	OBC-NCL 	Female-only (including Supernumerary) 	8783 	10607
National Institute of Technology Raipur	Mechanical Engineering (4 Years, Bachelor of Technology) 	HS 	OBC-NCL 	Gender-Neutral 	18539 	20401
National Institute of Technology Raipur	Mechanical Engineering (4 Years, Bachelor of Technology) 	HS 	OBC-NCL 	Female-only (including Supernumerary) 	27187 	28731
National Institute of Technology Raipur	Mechanical Engineering (4 Years, Bachelor of Technology) 	OS 	OBC-NCL 	Gender-Neutral 	9902 	11006
National Institute of Technology Raipur	Mechanical Engineering (4 Years, Bachelor of Technology) 	OS 	OBC-NCL 	Female-only (including Supernumerary) 	18292 	18722
National Institute of Technology Raipur	Metallurgical and Materials Engineering (4 Years, Bachelor of Technology) 	HS 	OBC-NCL 	Gender-Neutral 	27952 	32722
National Institute of Technology Raipur	Metallurgical and Materials Engineering (4 Years, Bachelor of Technology) 	HS 	OBC-NCL 	Female-only (including Supernumerary) 	40587 	43146
National Institute of Technology Raipur	Metallurgical and Materials Engineering (4 Years, Bachelor of Technology) 	OS 	OBC-NCL 	Gender-Neutral 	15581 	16938
National Institute of Technology Raipur	Metallurgical and Materials Engineering (4 Years, Bachelor of Technology) 	OS 	OBC-NCL 	Female-only (including Supernumerary) 	23787 	24300
National Institute of Technology Raipur	Mining Engineering (4 Years, Bachelor of Technology) 	HS 	OBC-NCL 	Gender-Neutral 	32878 	34845
National Institute of Technology Raipur	Mining Engineering (4 Years, Bachelor of Technology) 	HS 	OBC-NCL 	Female-only (including Supernumerary) 	43616 	47165
National Institute of Technology Raipur	Mining Engineering (4 Years, Bachelor of Technology) 	OS 	OBC-NCL 	Gender-Neutral 	16205 	17574
National Institute of Technology Raipur	Mining Engineering (4 Years, Bachelor of Technology) 	OS 	OBC-NCL 	Female-only (including Supernumerary) 	23303 	25857
National Institute of Technology Sikkim	Artificial Intelligence and Machine Learning (4 Years, Bachelor of Technology) 	HS 	OBC-NCL 	Gender-Neutral 	200982 	398600
National Institute of Technology Sikkim	Artificial Intelligence and Machine Learning (4 Years, Bachelor of Technology) 	HS 	OBC-NCL 	Female-only (including Supernumerary) 	298345 	298345
National Institute of Technology Sikkim	Artificial Intelligence and Machine Learning (4 Years, Bachelor of Technology) 	OS 	OBC-NCL 	Gender-Neutral 	8828 	9296
National Institute of Technology Sikkim	Artificial Intelligence and Machine Learning (4 Years, Bachelor of Technology) 	OS 	OBC-NCL 	Female-only (including Supernumerary) 	16604 	16604
National Institute of Technology Sikkim	Civil Engineering (4 Years, Bachelor of Technology) 	HS 	OBC-NCL 	Gender-Neutral 	542586 	542586
National Institute of Technology Sikkim	Civil Engineering (4 Years, Bachelor of Technology) 	OS 	OBC-NCL 	Gender-Neutral 	17975 	18159
National Institute of Technology Sikkim	Civil Engineering (4 Years, Bachelor of Technology) 	OS 	OBC-NCL 	Female-only (including Supernumerary) 	25578 	25578
National Institute of Technology Sikkim	Computer Science and Engineering (4 Years, Bachelor of Technology) 	HS 	OBC-NCL 	Gender-Neutral 	74371 	132548
National Institute of Technology Sikkim	Computer Science and Engineering (4 Years, Bachelor of Technology) 	HS 	OBC-NCL 	Female-only (including Supernumerary) 	94632 	94632
National Institute of Technology Sikkim	Computer Science and Engineering (4 Years, Bachelor of Technology) 	OS 	OBC-NCL 	Gender-Neutral 	8238 	8827
National Institute of Technology Sikkim	Computer Science and Engineering (4 Years, Bachelor of Technology) 	OS 	OBC-NCL 	Female-only (including Supernumerary) 	16397 	16397
National Institute of Technology Sikkim	Electrical and Electronics Engineering (4 Years, Bachelor of Technology) 	HS 	OBC-NCL 	Gender-Neutral 	396093 	476722
National Institute of Technology Sikkim	Electrical and Electronics Engineering (4 Years, Bachelor of Technology) 	OS 	OBC-NCL 	Gender-Neutral 	12716 	12767
National Institute of Technology Sikkim	Electrical and Electronics Engineering (4 Years, Bachelor of Technology) 	OS 	OBC-NCL 	Female-only (including Supernumerary) 	23376 	23376
National Institute of Technology Sikkim	Electronics and Communication Engineering (4 Years, Bachelor of Technology) 	HS 	OBC-NCL 	Gender-Neutral 	160004 	172832
National Institute of Technology Sikkim	Electronics and Communication Engineering (4 Years, Bachelor of Technology) 	HS 	OBC-NCL 	Female-only (including Supernumerary) 	303584 	303584
National Institute of Technology Sikkim	Electronics and Communication Engineering (4 Years, Bachelor of Technology) 	OS 	OBC-NCL 	Gender-Neutral 	10505 	11076
National Institute of Technology Sikkim	Electronics and Communication Engineering (4 Years, Bachelor of Technology) 	OS 	OBC-NCL 	Female-only (including Supernumerary) 	18335 	18335
National Institute of Technology Sikkim	Mechanical Engineering (4 Years, Bachelor of Technology) 	OS 	OBC-NCL 	Gender-Neutral 	14638 	15295
National Institute of Technology Sikkim	Mechanical Engineering (4 Years, Bachelor of Technology) 	OS 	OBC-NCL 	Female-only (including Supernumerary) 	24074 	24074
National Institute of Technology Arunachal Pradesh 	Biosciences and Bioengineering (4 Years, Bachelor of Technology) 	HS 	OBC-NCL 	Gender-Neutral 	239854 	239854
National Institute of Technology Arunachal Pradesh 	Biosciences and Bioengineering (4 Years, Bachelor of Technology) 	OS 	OBC-NCL 	Gender-Neutral 	19859 	19859
National Institute of Technology Arunachal Pradesh 	Biosciences and Bioengineering (4 Years, Bachelor of Technology) 	OS 	OBC-NCL 	Female-only (including Supernumerary) 	24549 	24549
National Institute of Technology Arunachal Pradesh 	Civil Engineering (4 Years, Bachelor of Technology) 	HS 	OBC-NCL 	Gender-Neutral 	121430 	121430
National Institute of Technology Arunachal Pradesh 	Civil Engineering (4 Years, Bachelor of Technology) 	OS 	OBC-NCL 	Gender-Neutral 	18313 	19096
National Institute of Technology Arunachal Pradesh 	Civil Engineering (4 Years, Bachelor of Technology) 	OS 	OBC-NCL 	Female-only (including Supernumerary) 	24732 	25742
National Institute of Technology Arunachal Pradesh 	Computer Science and Engineering (4 Years, Bachelor of Technology) 	HS 	OBC-NCL 	Gender-Neutral 	35124 	35124
National Institute of Technology Arunachal Pradesh 	Computer Science and Engineering (4 Years, Bachelor of Technology) 	OS 	OBC-NCL 	Gender-Neutral 	9443 	9908
National Institute of Technology Arunachal Pradesh 	Computer Science and Engineering (4 Years, Bachelor of Technology) 	OS 	OBC-NCL 	Female-only (including Supernumerary) 	15369 	17870
National Institute of Technology Arunachal Pradesh 	Electrical Engineering (4 Years, Bachelor of Technology) 	HS 	OBC-NCL 	Gender-Neutral 	68145 	68145
National Institute of Technology Arunachal Pradesh 	Electrical Engineering (4 Years, Bachelor of Technology) 	OS 	OBC-NCL 	Gender-Neutral 	14104 	14893
National Institute of Technology Arunachal Pradesh 	Electrical Engineering (4 Years, Bachelor of Technology) 	OS 	OBC-NCL 	Female-only (including Supernumerary) 	23444 	23444
National Institute of Technology Arunachal Pradesh 	Electronics and Communication Engineering (4 Years, Bachelor of Technology) 	HS 	OBC-NCL 	Gender-Neutral 	40279 	40279
National Institute of Technology Arunachal Pradesh 	Electronics and Communication Engineering (4 Years, Bachelor of Technology) 	OS 	OBC-NCL 	Gender-Neutral 	12122 	12571
National Institute of Technology Arunachal Pradesh 	Electronics and Communication Engineering (4 Years, Bachelor of Technology) 	OS 	OBC-NCL 	Female-only (including Supernumerary) 	19949 	19949
National Institute of Technology Arunachal Pradesh 	Mechanical Engineering (4 Years, Bachelor of Technology) 	HS 	OBC-NCL 	Gender-Neutral 	156599 	156599
National Institute of Technology Arunachal Pradesh 	Mechanical Engineering (4 Years, Bachelor of Technology) 	OS 	OBC-NCL 	Gender-Neutral 	15155 	16768
National Institute of Technology Arunachal Pradesh 	Mechanical Engineering (4 Years, Bachelor of Technology) 	OS 	OBC-NCL 	Female-only (including Supernumerary) 	25018 	25018
National Institute of Technology, Jamshedpur	Civil Engineering (4 Years, Bachelor of Technology) 	HS 	OBC-NCL 	Gender-Neutral 	14746 	17341
National Institute of Technology, Jamshedpur	Civil Engineering (4 Years, Bachelor of Technology) 	HS 	OBC-NCL 	Female-only (including Supernumerary) 	24779 	26608
National Institute of Technology, Jamshedpur	Civil Engineering (4 Years, Bachelor of Technology) 	OS 	OBC-NCL 	Gender-Neutral 	12473 	13680
National Institute of Technology, Jamshedpur	Civil Engineering (4 Years, Bachelor of Technology) 	OS 	OBC-NCL 	Female-only (including Supernumerary) 	20598 	20859
National Institute of Technology, Jamshedpur	Computer Science and Engineering (4 Years, Bachelor of Technology) 	HS 	OBC-NCL 	Gender-Neutral 	2921 	4523
National Institute of Technology, Jamshedpur	Computer Science and Engineering (4 Years, Bachelor of Technology) 	HS 	OBC-NCL 	Female-only (including Supernumerary) 	7823 	8264
National Institute of Technology, Jamshedpur	Computer Science and Engineering (4 Years, Bachelor of Technology) 	OS 	OBC-NCL 	Gender-Neutral 	2569 	3011
National Institute of Technology, Jamshedpur	Computer Science and Engineering (4 Years, Bachelor of Technology) 	OS 	OBC-NCL 	Female-only (including Supernumerary) 	5497 	6298
National Institute of Technology, Jamshedpur	Electrical Engineering (4 Years, Bachelor of Technology) 	HS 	OBC-NCL 	Gender-Neutral 	5827 	7854
National Institute of Technology, Jamshedpur	Electrical Engineering (4 Years, Bachelor of Technology) 	HS 	OBC-NCL 	Female-only (including Supernumerary) 	13010 	15564
National Institute of Technology, Jamshedpur	Electrical Engineering (4 Years, Bachelor of Technology) 	OS 	OBC-NCL 	Gender-Neutral 	4876 	6205
National Institute of Technology, Jamshedpur	Electrical Engineering (4 Years, Bachelor of Technology) 	OS 	OBC-NCL 	Female-only (including Supernumerary) 	12471 	13320
National Institute of Technology, Jamshedpur	Electronics and Communication Engineering (4 Years, Bachelor of Technology) 	HS 	OBC-NCL 	Gender-Neutral 	4582 	4922
National Institute of Technology, Jamshedpur	Electronics and Communication Engineering (4 Years, Bachelor of Technology) 	HS 	OBC-NCL 	Female-only (including Supernumerary) 	9837 	11399
National Institute of Technology, Jamshedpur	Electronics and Communication Engineering (4 Years, Bachelor of Technology) 	OS 	OBC-NCL 	Gender-Neutral 	3389 	4730
National Institute of Technology, Jamshedpur	Electronics and Communication Engineering (4 Years, Bachelor of Technology) 	OS 	OBC-NCL 	Female-only (including Supernumerary) 	7601 	10328
National Institute of Technology, Jamshedpur	Engineering and Computational Mechanics (4 Years, Bachelor of Technology) 	HS 	OBC-NCL 	Gender-Neutral 	8022 	8422
National Institute of Technology, Jamshedpur	Engineering and Computational Mechanics (4 Years, Bachelor of Technology) 	HS 	OBC-NCL 	Female-only (including Supernumerary) 	17540 	17540
National Institute of Technology, Jamshedpur	Engineering and Computational Mechanics (4 Years, Bachelor of Technology) 	OS 	OBC-NCL 	Gender-Neutral 	5779 	5842
National Institute of Technology, Jamshedpur	Engineering and Computational Mechanics (4 Years, Bachelor of Technology) 	OS 	OBC-NCL 	Female-only (including Supernumerary) 	12961 	12961
National Institute of Technology, Jamshedpur	Mechanical Engineering (4 Years, Bachelor of Technology) 	HS 	OBC-NCL 	Gender-Neutral 	9514 	11452
National Institute of Technology, Jamshedpur	Mechanical Engineering (4 Years, Bachelor of Technology) 	HS 	OBC-NCL 	Female-only (including Supernumerary) 	18984 	23224
National Institute of Technology, Jamshedpur	Mechanical Engineering (4 Years, Bachelor of Technology) 	OS 	OBC-NCL 	Gender-Neutral 	7805 	9397
National Institute of Technology, Jamshedpur	Mechanical Engineering (4 Years, Bachelor of Technology) 	OS 	OBC-NCL 	Female-only (including Supernumerary) 	16527 	19626
National Institute of Technology, Jamshedpur	Metallurgical and Materials Engineering (4 Years, Bachelor of Technology) 	HS 	OBC-NCL 	Gender-Neutral 	14441 	18091
National Institute of Technology, Jamshedpur	Metallurgical and Materials Engineering (4 Years, Bachelor of Technology) 	HS 	OBC-NCL 	Female-only (including Supernumerary) 	23691 	27778
National Institute of Technology, Jamshedpur	Metallurgical and Materials Engineering (4 Years, Bachelor of Technology) 	OS 	OBC-NCL 	Gender-Neutral 	13359 	15749
National Institute of Technology, Jamshedpur	Metallurgical and Materials Engineering (4 Years, Bachelor of Technology) 	OS 	OBC-NCL 	Female-only (including Supernumerary) 	21506 	22503
National Institute of Technology, Jamshedpur	Production and Industrial Engineering (4 Years, Bachelor of Technology) 	HS 	OBC-NCL 	Gender-Neutral 	17907 	18969
National Institute of Technology, Jamshedpur	Production and Industrial Engineering (4 Years, Bachelor of Technology) 	HS 	OBC-NCL 	Female-only (including Supernumerary) 	26827 	28577
National Institute of Technology, Jamshedpur	Production and Industrial Engineering (4 Years, Bachelor of Technology) 	OS 	OBC-NCL 	Gender-Neutral 	12857 	14357
National Institute of Technology, Jamshedpur	Production and Industrial Engineering (4 Years, Bachelor of Technology) 	OS 	OBC-NCL 	Female-only (including Supernumerary) 	21273 	22196
National Institute of Technology, Kurukshetra	Architecture (5 Years, Bachelor of Architecture) 	HS 	OBC-NCL 	Gender-Neutral 	1106 	2728
National Institute of Technology, Kurukshetra	Architecture (5 Years, Bachelor of Architecture) 	HS 	OBC-NCL 	Female-only (including Supernumerary) 	934 	934
National Institute of Technology, Kurukshetra	Architecture (5 Years, Bachelor of Architecture) 	OS 	OBC-NCL 	Gender-Neutral 	411 	589
National Institute of Technology, Kurukshetra	Architecture (5 Years, Bachelor of Architecture) 	OS 	OBC-NCL 	Female-only (including Supernumerary) 	502 	502
National Institute of Technology, Kurukshetra	Artificial Intelligence and Data Science (4 Years, Bachelor of Technology) 	HS 	OBC-NCL 	Gender-Neutral 	2960 	5067
National Institute of Technology, Kurukshetra	Artificial Intelligence and Data Science (4 Years, Bachelor of Technology) 	HS 	OBC-NCL 	Female-only (including Supernumerary) 	10752 	11250
National Institute of Technology, Kurukshetra	Artificial Intelligence and Data Science (4 Years, Bachelor of Technology) 	OS 	OBC-NCL 	Gender-Neutral 	2780 	3237
National Institute of Technology, Kurukshetra	Artificial Intelligence and Data Science (4 Years, Bachelor of Technology) 	OS 	OBC-NCL 	Female-only (including Supernumerary) 	6400 	6400
National Institute of Technology, Kurukshetra	Artificial Intelligence and Machine Learning (4 Years, Bachelor of Technology) 	HS 	OBC-NCL 	Gender-Neutral 	3062 	4614
National Institute of Technology, Kurukshetra	Artificial Intelligence and Machine Learning (4 Years, Bachelor of Technology) 	HS 	OBC-NCL 	Female-only (including Supernumerary) 	13236 	13364
National Institute of Technology, Kurukshetra	Artificial Intelligence and Machine Learning (4 Years, Bachelor of Technology) 	OS 	OBC-NCL 	Gender-Neutral 	2630 	3278
National Institute of Technology, Kurukshetra	Artificial Intelligence and Machine Learning (4 Years, Bachelor of Technology) 	OS 	OBC-NCL 	Female-only (including Supernumerary) 	6949 	7102
National Institute of Technology, Kurukshetra	Civil Engineering (4 Years, Bachelor of Technology) 	HS 	OBC-NCL 	Gender-Neutral 	12595 	15505
National Institute of Technology, Kurukshetra	Civil Engineering (4 Years, Bachelor of Technology) 	HS 	OBC-NCL 	Female-only (including Supernumerary) 	16464 	22799
National Institute of Technology, Kurukshetra	Civil Engineering (4 Years, Bachelor of Technology) 	OS 	OBC-NCL 	Gender-Neutral 	10463 	11628
National Institute of Technology, Kurukshetra	Civil Engineering (4 Years, Bachelor of Technology) 	OS 	OBC-NCL 	Female-only (including Supernumerary) 	19214 	19700
National Institute of Technology, Kurukshetra	Civil Engineering (5 Years, Bachelor and Master of Technology (Dual Degree)) 	HS 	OBC-NCL 	Gender-Neutral 	15885 	15885
National Institute of Technology, Kurukshetra	Civil Engineering (5 Years, Bachelor and Master of Technology (Dual Degree)) 	OS 	OBC-NCL 	Gender-Neutral 	12435 	12924
National Institute of Technology, Kurukshetra	Computer Science and Engineering (4 Years, Bachelor of Technology) 	HS 	OBC-NCL 	Gender-Neutral 	2171 	3005
National Institute of Technology, Kurukshetra	Computer Science and Engineering (4 Years, Bachelor of Technology) 	HS 	OBC-NCL 	Female-only (including Supernumerary) 	4333 	6724
National Institute of Technology, Kurukshetra	Computer Science and Engineering (4 Years, Bachelor of Technology) 	OS 	OBC-NCL 	Gender-Neutral 	1752 	2600
National Institute of Technology, Kurukshetra	Computer Science and Engineering (4 Years, Bachelor of Technology) 	OS 	OBC-NCL 	Female-only (including Supernumerary) 	4017 	4563
National Institute of Technology, Kurukshetra	Computer Science and Engineering (5 Years, Bachelor and Master of Technology (Dual Degree)) 	HS 	OBC-NCL 	Gender-Neutral 	5503 	5503
National Institute of Technology, Kurukshetra	Computer Science and Engineering (5 Years, Bachelor and Master of Technology (Dual Degree)) 	HS 	OBC-NCL 	Female-only (including Supernumerary) 	12511 	12511
National Institute of Technology, Kurukshetra	Computer Science and Engineering (5 Years, Bachelor and Master of Technology (Dual Degree)) 	OS 	OBC-NCL 	Gender-Neutral 	2092 	2092
National Institute of Technology, Kurukshetra	Electrical Engineering (4 Years, Bachelor of Technology) 	HS 	OBC-NCL 	Gender-Neutral 	6942 	8303
National Institute of Technology, Kurukshetra	Electrical Engineering (4 Years, Bachelor of Technology) 	HS 	OBC-NCL 	Female-only (including Supernumerary) 	14266 	17040
National Institute of Technology, Kurukshetra	Electrical Engineering (4 Years, Bachelor of Technology) 	OS 	OBC-NCL 	Gender-Neutral 	4851 	5982
National Institute of Technology, Kurukshetra	Electrical Engineering (4 Years, Bachelor of Technology) 	OS 	OBC-NCL 	Female-only (including Supernumerary) 	10671 	12112
National Institute of Technology, Kurukshetra	Electrical Engineering (5 Years, Bachelor and Master of Technology (Dual Degree)) 	HS 	OBC-NCL 	Gender-Neutral 	8532 	8532
National Institute of Technology, Kurukshetra	Electrical Engineering (5 Years, Bachelor and Master of Technology (Dual Degree)) 	OS 	OBC-NCL 	Gender-Neutral 	6048 	6573
National Institute of Technology, Kurukshetra	Electronics and Communication Engineering (4 Years, Bachelor of Technology) 	HS 	OBC-NCL 	Gender-Neutral 	5312 	6762
National Institute of Technology, Kurukshetra	Electronics and Communication Engineering (4 Years, Bachelor of Technology) 	HS 	OBC-NCL 	Female-only (including Supernumerary) 	12549 	14113
National Institute of Technology, Kurukshetra	Electronics and Communication Engineering (4 Years, Bachelor of Technology) 	OS 	OBC-NCL 	Gender-Neutral 	4244 	4705
National Institute of Technology, Kurukshetra	Electronics and Communication Engineering (4 Years, Bachelor of Technology) 	OS 	OBC-NCL 	Female-only (including Supernumerary) 	6474 	8054
National Institute of Technology, Kurukshetra	Electronics and Communication Engineering (5 Years, Bachelor and Master of Technology (Dual Degree)) 	HS 	OBC-NCL 	Gender-Neutral 	6931 	6931
National Institute of Technology, Kurukshetra	Electronics and Communication Engineering (5 Years, Bachelor and Master of Technology (Dual Degree)) 	OS 	OBC-NCL 	Gender-Neutral 	4459 	4874
National Institute of Technology, Kurukshetra	Industrial Internet of Things (4 Years, Bachelor of Technology) 	HS 	OBC-NCL 	Gender-Neutral 	8016 	10852
National Institute of Technology, Kurukshetra	Industrial Internet of Things (4 Years, Bachelor of Technology) 	HS 	OBC-NCL 	Female-only (including Supernumerary) 	16124 	16124
National Institute of Technology, Kurukshetra	Industrial Internet of Things (4 Years, Bachelor of Technology) 	OS 	OBC-NCL 	Gender-Neutral 	4732 	6520
National Institute of Technology, Kurukshetra	Industrial Internet of Things (4 Years, Bachelor of Technology) 	OS 	OBC-NCL 	Female-only (including Supernumerary) 	11317 	11317
National Institute of Technology, Kurukshetra	Information Technology (4 Years, Bachelor of Technology) 	HS 	OBC-NCL 	Gender-Neutral 	3113 	4278
National Institute of Technology, Kurukshetra	Information Technology (4 Years, Bachelor of Technology) 	HS 	OBC-NCL 	Female-only (including Supernumerary) 	9430 	11678
National Institute of Technology, Kurukshetra	Information Technology (4 Years, Bachelor of Technology) 	OS 	OBC-NCL 	Gender-Neutral 	2534 	2823
National Institute of Technology, Kurukshetra	Information Technology (4 Years, Bachelor of Technology) 	OS 	OBC-NCL 	Female-only (including Supernumerary) 	7725 	7725
National Institute of Technology, Kurukshetra	Mathematics and Computing (4 Years, Bachelor of Technology) 	HS 	OBC-NCL 	Gender-Neutral 	5362 	5758
National Institute of Technology, Kurukshetra	Mathematics and Computing (4 Years, Bachelor of Technology) 	HS 	OBC-NCL 	Female-only (including Supernumerary) 	9181 	9181
National Institute of Technology, Kurukshetra	Mathematics and Computing (4 Years, Bachelor of Technology) 	OS 	OBC-NCL 	Gender-Neutral 	3157 	3895
National Institute of Technology, Kurukshetra	Mathematics and Computing (4 Years, Bachelor of Technology) 	OS 	OBC-NCL 	Female-only (including Supernumerary) 	5974 	5974
National Institute of Technology, Kurukshetra	Mechanical Engineering (4 Years, Bachelor of Technology) 	HS 	OBC-NCL 	Gender-Neutral 	8575 	11894
National Institute of Technology, Kurukshetra	Mechanical Engineering (4 Years, Bachelor of Technology) 	HS 	OBC-NCL 	Female-only (including Supernumerary) 	17259 	18278
National Institute of Technology, Kurukshetra	Mechanical Engineering (4 Years, Bachelor of Technology) 	OS 	OBC-NCL 	Gender-Neutral 	7286 	8442
National Institute of Technology, Kurukshetra	Mechanical Engineering (4 Years, Bachelor of Technology) 	OS 	OBC-NCL 	Female-only (including Supernumerary) 	15463 	18011
National Institute of Technology, Kurukshetra	Mechanical Engineering (5 Years, Bachelor and Master of Technology (Dual Degree)) 	HS 	OBC-NCL 	Gender-Neutral 	12144 	12144
National Institute of Technology, Kurukshetra	Mechanical Engineering (5 Years, Bachelor and Master of Technology (Dual Degree)) 	OS 	OBC-NCL 	Gender-Neutral 	8521 	8923
National Institute of Technology, Kurukshetra	Microelectronics & VLSI Engineering (4 Years, Bachelor of Technology) 	HS 	OBC-NCL 	Gender-Neutral 	6810 	10275
National Institute of Technology, Kurukshetra	Microelectronics & VLSI Engineering (4 Years, Bachelor of Technology) 	HS 	OBC-NCL 	Female-only (including Supernumerary) 	17382 	17688
National Institute of Technology, Kurukshetra	Microelectronics & VLSI Engineering (4 Years, Bachelor of Technology) 	OS 	OBC-NCL 	Gender-Neutral 	4731 	5641
National Institute of Technology, Kurukshetra	Microelectronics & VLSI Engineering (4 Years, Bachelor of Technology) 	OS 	OBC-NCL 	Female-only (including Supernumerary) 	10487 	10487
National Institute of Technology, Kurukshetra	Production and Industrial Engineering (4 Years, Bachelor of Technology) 	HS 	OBC-NCL 	Gender-Neutral 	13706 	15224
National Institute of Technology, Kurukshetra	Production and Industrial Engineering (4 Years, Bachelor of Technology) 	HS 	OBC-NCL 	Female-only (including Supernumerary) 	21179 	21179
National Institute of Technology, Kurukshetra	Production and Industrial Engineering (4 Years, Bachelor of Technology) 	OS 	OBC-NCL 	Gender-Neutral 	13923 	14005
National Institute of Technology, Kurukshetra	Production and Industrial Engineering (4 Years, Bachelor of Technology) 	OS 	OBC-NCL 	Female-only (including Supernumerary) 	21133 	21133
National Institute of Technology, Kurukshetra	ROBOTICS & AUTOMATION (4 Years, Bachelor of Technology) 	HS 	OBC-NCL 	Gender-Neutral 	6854 	9853
National Institute of Technology, Kurukshetra	ROBOTICS & AUTOMATION (4 Years, Bachelor of Technology) 	HS 	OBC-NCL 	Female-only (including Supernumerary) 	13614 	13614
National Institute of Technology, Kurukshetra	ROBOTICS & AUTOMATION (4 Years, Bachelor of Technology) 	OS 	OBC-NCL 	Gender-Neutral 	3957 	4932
National Institute of Technology, Kurukshetra	ROBOTICS & AUTOMATION (4 Years, Bachelor of Technology) 	OS 	OBC-NCL 	Female-only (including Supernumerary) 	10092 	10385
National Institute of Technology, Kurukshetra	SUSTAINABLE ENERGY TECHNOLOGIES (4 Years, Bachelor of Technology) 	HS 	OBC-NCL 	Gender-Neutral 	16008 	18056
National Institute of Technology, Kurukshetra	SUSTAINABLE ENERGY TECHNOLOGIES (4 Years, Bachelor of Technology) 	HS 	OBC-NCL 	Female-only (including Supernumerary) 	21099 	21099
National Institute of Technology, Kurukshetra	SUSTAINABLE ENERGY TECHNOLOGIES (4 Years, Bachelor of Technology) 	OS 	OBC-NCL 	Gender-Neutral 	10332 	13362
National Institute of Technology, Kurukshetra	SUSTAINABLE ENERGY TECHNOLOGIES (4 Years, Bachelor of Technology) 	OS 	OBC-NCL 	Female-only (including Supernumerary) 	16645 	16645
National Institute of Technology, Manipur	Civil Engineering (4 Years, Bachelor of Technology) 	HS 	OBC-NCL 	Gender-Neutral 	105813 	113869
National Institute of Technology, Manipur	Civil Engineering (4 Years, Bachelor of Technology) 	HS 	OBC-NCL 	Female-only (including Supernumerary) 	199827 	199827
National Institute of Technology, Manipur	Civil Engineering (4 Years, Bachelor of Technology) 	OS 	OBC-NCL 	Gender-Neutral 	18601 	19258
National Institute of Technology, Manipur	Civil Engineering (4 Years, Bachelor of Technology) 	OS 	OBC-NCL 	Female-only (including Supernumerary) 	25591 	25591
National Institute of Technology, Manipur	Computer Science and Engineering (4 Years, Bachelor of Technology) 	HS 	OBC-NCL 	Gender-Neutral 	77255 	86358
National Institute of Technology, Manipur	Computer Science and Engineering (4 Years, Bachelor of Technology) 	HS 	OBC-NCL 	Female-only (including Supernumerary) 	99987 	99987
National Institute of Technology, Manipur	Computer Science and Engineering (4 Years, Bachelor of Technology) 	OS 	OBC-NCL 	Gender-Neutral 	9699 	11948
National Institute of Technology, Manipur	Computer Science and Engineering (4 Years, Bachelor of Technology) 	OS 	OBC-NCL 	Female-only (including Supernumerary) 	20312 	21026
National Institute of Technology, Manipur	Electrical Engineering (4 Years, Bachelor of Technology) 	HS 	OBC-NCL 	Gender-Neutral 	190897 	208717
National Institute of Technology, Manipur	Electrical Engineering (4 Years, Bachelor of Technology) 	HS 	OBC-NCL 	Female-only (including Supernumerary) 	461540 	461540
National Institute of Technology, Manipur	Electrical Engineering (4 Years, Bachelor of Technology) 	OS 	OBC-NCL 	Gender-Neutral 	15683 	16019
National Institute of Technology, Manipur	Electrical Engineering (4 Years, Bachelor of Technology) 	OS 	OBC-NCL 	Female-only (including Supernumerary) 	21717 	21717
National Institute of Technology, Manipur	Electronics and Communication Engineering (4 Years, Bachelor of Technology) 	HS 	OBC-NCL 	Gender-Neutral 	125750 	196257
National Institute of Technology, Manipur	Electronics and Communication Engineering (4 Years, Bachelor of Technology) 	OS 	OBC-NCL 	Gender-Neutral 	12273 	12722
National Institute of Technology, Manipur	Electronics and Communication Engineering (4 Years, Bachelor of Technology) 	OS 	OBC-NCL 	Female-only (including Supernumerary) 	21114 	21114
National Institute of Technology, Manipur	Mechanical Engineering (4 Years, Bachelor of Technology) 	HS 	OBC-NCL 	Gender-Neutral 	260824 	380783
National Institute of Technology, Manipur	Mechanical Engineering (4 Years, Bachelor of Technology) 	OS 	OBC-NCL 	Gender-Neutral 	16171 	17549
National Institute of Technology, Manipur	Mechanical Engineering (4 Years, Bachelor of Technology) 	OS 	OBC-NCL 	Female-only (including Supernumerary) 	26647 	26647
National Institute of Technology, Mizoram	Chemical Science and Technology (4 Years, Bachelor of Technology) 	OS 	OBC-NCL 	Female-only (including Supernumerary) 	25078 	25078
National Institute of Technology, Mizoram	Civil Engineering (4 Years, Bachelor of Technology) 	OS 	OBC-NCL 	Gender-Neutral 	18914 	19699
National Institute of Technology, Mizoram	Civil Engineering (4 Years, Bachelor of Technology) 	OS 	OBC-NCL 	Female-only (including Supernumerary) 	27737 	27737
National Institute of Technology, Mizoram	Computer Science and Engineering (4 Years, Bachelor of Technology) 	OS 	OBC-NCL 	Gender-Neutral 	11695 	12228
National Institute of Technology, Mizoram	Computer Science and Engineering (4 Years, Bachelor of Technology) 	OS 	OBC-NCL 	Female-only (including Supernumerary) 	18060 	18060
National Institute of Technology, Mizoram	Electrical Engineering (4 Years, Bachelor of Technology) 	OS 	OBC-NCL 	Gender-Neutral 	15851 	16123
National Institute of Technology, Mizoram	Electrical Engineering (4 Years, Bachelor of Technology) 	OS 	OBC-NCL 	Female-only (including Supernumerary) 	23604 	23604
National Institute of Technology, Mizoram	Electronics and Communication Engineering (4 Years, Bachelor of Technology) 	OS 	OBC-NCL 	Gender-Neutral 	13068 	13265
National Institute of Technology, Mizoram	Mathematics and Computing (4 Years, Bachelor of Technology) 	OS 	OBC-NCL 	Gender-Neutral 	11997 	11997
National Institute of Technology, Mizoram	Mathematics and Computing (4 Years, Bachelor of Technology) 	OS 	OBC-NCL 	Female-only (including Supernumerary) 	21636 	21636
National Institute of Technology, Mizoram	Mechanical Engineering (4 Years, Bachelor of Technology) 	OS 	OBC-NCL 	Gender-Neutral 	17571 	18092
National Institute of Technology, Rourkela	Architecture (5 Years, Bachelor of Architecture) 	HS 	OBC-NCL 	Gender-Neutral 	919 	1585
National Institute of Technology, Rourkela	Architecture (5 Years, Bachelor of Architecture) 	HS 	OBC-NCL 	Female-only (including Supernumerary) 	729 	729
National Institute of Technology, Rourkela	Architecture (5 Years, Bachelor of Architecture) 	OS 	OBC-NCL 	Gender-Neutral 	219 	240
National Institute of Technology, Rourkela	Architecture (5 Years, Bachelor of Architecture) 	OS 	OBC-NCL 	Female-only (including Supernumerary) 	208 	208
National Institute of Technology, Rourkela	Artificial Intelligence (4 Years, Bachelor of Technology) 	HS 	OBC-NCL 	Gender-Neutral 	4477 	4804
National Institute of Technology, Rourkela	Artificial Intelligence (4 Years, Bachelor of Technology) 	HS 	OBC-NCL 	Female-only (including Supernumerary) 	11537 	12978
National Institute of Technology, Rourkela	Artificial Intelligence (4 Years, Bachelor of Technology) 	OS 	OBC-NCL 	Gender-Neutral 	1224 	1454
National Institute of Technology, Rourkela	Artificial Intelligence (4 Years, Bachelor of Technology) 	OS 	OBC-NCL 	Female-only (including Supernumerary) 	3140 	3284
National Institute of Technology, Rourkela	Bio Medical Engineering (4 Years, Bachelor of Technology) 	HS 	OBC-NCL 	Gender-Neutral 	19265 	21118
National Institute of Technology, Rourkela	Bio Medical Engineering (4 Years, Bachelor of Technology) 	HS 	OBC-NCL 	Female-only (including Supernumerary) 	40179 	40179
National Institute of Technology, Rourkela	Bio Medical Engineering (4 Years, Bachelor of Technology) 	OS 	OBC-NCL 	Gender-Neutral 	11331 	13278
National Institute of Technology, Rourkela	Bio Medical Engineering (4 Years, Bachelor of Technology) 	OS 	OBC-NCL 	Female-only (including Supernumerary) 	14132 	14132
National Institute of Technology, Rourkela	Bio Technology (4 Years, Bachelor of Technology) 	HS 	OBC-NCL 	Gender-Neutral 	16436 	19011
National Institute of Technology, Rourkela	Bio Technology (4 Years, Bachelor of Technology) 	HS 	OBC-NCL 	Female-only (including Supernumerary) 	39029 	39029
National Institute of Technology, Rourkela	Bio Technology (4 Years, Bachelor of Technology) 	OS 	OBC-NCL 	Gender-Neutral 	10553 	11290
National Institute of Technology, Rourkela	Bio Technology (4 Years, Bachelor of Technology) 	OS 	OBC-NCL 	Female-only (including Supernumerary) 	15397 	15397
National Institute of Technology, Rourkela	Ceramic Engineering (4 Years, Bachelor of Technology) 	HS 	OBC-NCL 	Gender-Neutral 	15113 	17176
National Institute of Technology, Rourkela	Ceramic Engineering (4 Years, Bachelor of Technology) 	HS 	OBC-NCL 	Female-only (including Supernumerary) 	38814 	38814
National Institute of Technology, Rourkela	Ceramic Engineering (4 Years, Bachelor of Technology) 	OS 	OBC-NCL 	Gender-Neutral 	9551 	10250
National Institute of Technology, Rourkela	Ceramic Engineering (4 Years, Bachelor of Technology) 	OS 	OBC-NCL 	Female-only (including Supernumerary) 	19814 	19814
National Institute of Technology, Rourkela	Ceramic Engineering and M.Tech Industrial Ceramic (5 Years, Bachelor and Master of Technology (Dual Degree)) 	HS 	OBC-NCL 	Gender-Neutral 	21230 	22234
National Institute of Technology, Rourkela	Ceramic Engineering and M.Tech Industrial Ceramic (5 Years, Bachelor and Master of Technology (Dual Degree)) 	OS 	OBC-NCL 	Gender-Neutral 	13908 	14175
National Institute of Technology, Rourkela	Chemical Engineering (4 Years, Bachelor of Technology) 	HS 	OBC-NCL 	Gender-Neutral 	11451 	12423
National Institute of Technology, Rourkela	Chemical Engineering (4 Years, Bachelor of Technology) 	HS 	OBC-NCL 	Female-only (including Supernumerary) 	32227 	32227
National Institute of Technology, Rourkela	Chemical Engineering (4 Years, Bachelor of Technology) 	OS 	OBC-NCL 	Gender-Neutral 	6156 	6935
National Institute of Technology, Rourkela	Chemical Engineering (4 Years, Bachelor of Technology) 	OS 	OBC-NCL 	Female-only (including Supernumerary) 	11939 	11940
National Institute of Technology, Rourkela	Chemical Engineering (5 Years, Bachelor and Master of Technology (Dual Degree)) 	HS 	OBC-NCL 	Gender-Neutral 	15985 	15985
National Institute of Technology, Rourkela	Chemical Engineering (5 Years, Bachelor and Master of Technology (Dual Degree)) 	HS 	OBC-NCL 	Female-only (including Supernumerary) 	32605 	32605
National Institute of Technology, Rourkela	Chemical Engineering (5 Years, Bachelor and Master of Technology (Dual Degree)) 	OS 	OBC-NCL 	Gender-Neutral 	7396 	7396
National Institute of Technology, Rourkela	Chemistry (5 Years, Integrated Master of Science) 	HS 	OBC-NCL 	Gender-Neutral 	27236 	30983
National Institute of Technology, Rourkela	Chemistry (5 Years, Integrated Master of Science) 	HS 	OBC-NCL 	Female-only (including Supernumerary) 	25049 	25049
National Institute of Technology, Rourkela	Chemistry (5 Years, Integrated Master of Science) 	OS 	OBC-NCL 	Gender-Neutral 	13676 	13772
National Institute of Technology, Rourkela	Chemistry (5 Years, Integrated Master of Science) 	OS 	OBC-NCL 	Female-only (including Supernumerary) 	20747 	20747
National Institute of Technology, Rourkela	Civil Engineering (4 Years, Bachelor of Technology) 	HS 	OBC-NCL 	Gender-Neutral 	11371 	13335
National Institute of Technology, Rourkela	Civil Engineering (4 Years, Bachelor of Technology) 	HS 	OBC-NCL 	Female-only (including Supernumerary) 	32670 	32767
National Institute of Technology, Rourkela	Civil Engineering (4 Years, Bachelor of Technology) 	OS 	OBC-NCL 	Gender-Neutral 	7647 	8296
National Institute of Technology, Rourkela	Civil Engineering (4 Years, Bachelor of Technology) 	OS 	OBC-NCL 	Female-only (including Supernumerary) 	13733 	14201
National Institute of Technology, Rourkela	Computer Science and Engineering (4 Years, Bachelor of Technology) 	HS 	OBC-NCL 	Gender-Neutral 	2170 	4440
National Institute of Technology, Rourkela	Computer Science and Engineering (4 Years, Bachelor of Technology) 	HS 	OBC-NCL 	Female-only (including Supernumerary) 	6327 	11964
National Institute of Technology, Rourkela	Computer Science and Engineering (4 Years, Bachelor of Technology) 	OS 	OBC-NCL 	Gender-Neutral 	755 	1214
National Institute of Technology, Rourkela	Computer Science and Engineering (4 Years, Bachelor of Technology) 	OS 	OBC-NCL 	Female-only (including Supernumerary) 	2603 	2833
National Institute of Technology, Rourkela	Electrical Engineering (4 Years, Bachelor of Technology) 	HS 	OBC-NCL 	Gender-Neutral 	6008 	9515
National Institute of Technology, Rourkela	Electrical Engineering (4 Years, Bachelor of Technology) 	HS 	OBC-NCL 	Female-only (including Supernumerary) 	20080 	29864
National Institute of Technology, Rourkela	Electrical Engineering (4 Years, Bachelor of Technology) 	OS 	OBC-NCL 	Gender-Neutral 	2826 	4051
National Institute of Technology, Rourkela	Electrical Engineering (4 Years, Bachelor of Technology) 	OS 	OBC-NCL 	Female-only (including Supernumerary) 	5461 	6738
National Institute of Technology, Rourkela	Electronics and Communication Engineering (4 Years, Bachelor of Technology) 	HS 	OBC-NCL 	Gender-Neutral 	4834 	5759
National Institute of Technology, Rourkela	Electronics and Communication Engineering (4 Years, Bachelor of Technology) 	HS 	OBC-NCL 	Female-only (including Supernumerary) 	16237 	16237
National Institute of Technology, Rourkela	Electronics and Communication Engineering (4 Years, Bachelor of Technology) 	OS 	OBC-NCL 	Gender-Neutral 	1253 	2131
National Institute of Technology, Rourkela	Electronics and Communication Engineering (4 Years, Bachelor of Technology) 	OS 	OBC-NCL 	Female-only (including Supernumerary) 	3678 	3678
National Institute of Technology, Rourkela	Electronics and Instrumentation Engineering (4 Years, Bachelor of Technology) 	HS 	OBC-NCL 	Gender-Neutral 	5866 	6554
National Institute of Technology, Rourkela	Electronics and Instrumentation Engineering (4 Years, Bachelor of Technology) 	HS 	OBC-NCL 	Female-only (including Supernumerary) 	23559 	23559
National Institute of Technology, Rourkela	Electronics and Instrumentation Engineering (4 Years, Bachelor of Technology) 	OS 	OBC-NCL 	Gender-Neutral 	2915 	3932
National Institute of Technology, Rourkela	Electronics and Instrumentation Engineering (4 Years, Bachelor of Technology) 	OS 	OBC-NCL 	Female-only (including Supernumerary) 	7054 	8335
National Institute of Technology, Rourkela	Food Process Engineering (4 Years, Bachelor of Technology) 	HS 	OBC-NCL 	Gender-Neutral 	21705 	22133
National Institute of Technology, Rourkela	Food Process Engineering (4 Years, Bachelor of Technology) 	HS 	OBC-NCL 	Female-only (including Supernumerary) 	37197 	37197
National Institute of Technology, Rourkela	Food Process Engineering (4 Years, Bachelor of Technology) 	OS 	OBC-NCL 	Gender-Neutral 	12856 	13777
National Institute of Technology, Rourkela	Food Process Engineering (4 Years, Bachelor of Technology) 	OS 	OBC-NCL 	Female-only (including Supernumerary) 	19066 	19066
National Institute of Technology, Rourkela	Industrial Design (4 Years, Bachelor of Technology) 	HS 	OBC-NCL 	Gender-Neutral 	13557 	14610
National Institute of Technology, Rourkela	Industrial Design (4 Years, Bachelor of Technology) 	HS 	OBC-NCL 	Female-only (including Supernumerary) 	35483 	35483
National Institute of Technology, Rourkela	Industrial Design (4 Years, Bachelor of Technology) 	OS 	OBC-NCL 	Gender-Neutral 	8310 	8579
National Institute of Technology, Rourkela	Industrial Design (4 Years, Bachelor of Technology) 	OS 	OBC-NCL 	Female-only (including Supernumerary) 	14449 	14449
National Institute of Technology, Rourkela	Life Science (5 Years, Integrated Master of Science) 	HS 	OBC-NCL 	Gender-Neutral 	31995 	32515
National Institute of Technology, Rourkela	Life Science (5 Years, Integrated Master of Science) 	HS 	OBC-NCL 	Female-only (including Supernumerary) 	41830 	41830
National Institute of Technology, Rourkela	Life Science (5 Years, Integrated Master of Science) 	OS 	OBC-NCL 	Gender-Neutral 	17727 	18602
National Institute of Technology, Rourkela	Life Science (5 Years, Integrated Master of Science) 	OS 	OBC-NCL 	Female-only (including Supernumerary) 	22774 	22774
National Institute of Technology, Rourkela	Mathematics (5 Years, Integrated Master of Science) 	HS 	OBC-NCL 	Gender-Neutral 	18108 	22879
National Institute of Technology, Rourkela	Mathematics (5 Years, Integrated Master of Science) 	OS 	OBC-NCL 	Gender-Neutral 	8266 	11164
National Institute of Technology, Rourkela	Mechanical Engineering (4 Years, Bachelor of Technology) 	HS 	OBC-NCL 	Gender-Neutral 	8791 	11266
National Institute of Technology, Rourkela	Mechanical Engineering (4 Years, Bachelor of Technology) 	HS 	OBC-NCL 	Female-only (including Supernumerary) 	22826 	31085
National Institute of Technology, Rourkela	Mechanical Engineering (4 Years, Bachelor of Technology) 	OS 	OBC-NCL 	Gender-Neutral 	4788 	5577
National Institute of Technology, Rourkela	Mechanical Engineering (4 Years, Bachelor of Technology) 	OS 	OBC-NCL 	Female-only (including Supernumerary) 	8134 	11514
National Institute of Technology, Rourkela	Metallurgical and Materials Engineering (4 Years, Bachelor of Technology) 	HS 	OBC-NCL 	Gender-Neutral 	12482 	14648
National Institute of Technology, Rourkela	Metallurgical and Materials Engineering (4 Years, Bachelor of Technology) 	HS 	OBC-NCL 	Female-only (including Supernumerary) 	32449 	38375
National Institute of Technology, Rourkela	Metallurgical and Materials Engineering (4 Years, Bachelor of Technology) 	OS 	OBC-NCL 	Gender-Neutral 	8315 	9868
National Institute of Technology, Rourkela	Metallurgical and Materials Engineering (4 Years, Bachelor of Technology) 	OS 	OBC-NCL 	Female-only (including Supernumerary) 	15521 	16135
National Institute of Technology, Rourkela	Metallurgical and Materials Engineering (5 Years, Bachelor and Master of Technology (Dual Degree)) 	HS 	OBC-NCL 	Gender-Neutral 	16003 	16003
National Institute of Technology, Rourkela	Metallurgical and Materials Engineering (5 Years, Bachelor and Master of Technology (Dual Degree)) 	HS 	OBC-NCL 	Female-only (including Supernumerary) 	43548 	43548
National Institute of Technology, Rourkela	Metallurgical and Materials Engineering (5 Years, Bachelor and Master of Technology (Dual Degree)) 	OS 	OBC-NCL 	Gender-Neutral 	10733 	13259
National Institute of Technology, Rourkela	Mining Engineering (4 Years, Bachelor of Technology) 	HS 	OBC-NCL 	Gender-Neutral 	13977 	14909
National Institute of Technology, Rourkela	Mining Engineering (4 Years, Bachelor of Technology) 	OS 	OBC-NCL 	Gender-Neutral 	10124 	10527
National Institute of Technology, Rourkela	Mining Engineering (4 Years, Bachelor of Technology) 	OS 	OBC-NCL 	Female-only (including Supernumerary) 	18254 	18254
National Institute of Technology, Rourkela	Mining Engineering (5 Years, Bachelor and Master of Technology (Dual Degree)) 	HS 	OBC-NCL 	Gender-Neutral 	17654 	17654
National Institute of Technology, Rourkela	Mining Engineering (5 Years, Bachelor and Master of Technology (Dual Degree)) 	HS 	OBC-NCL 	Female-only (including Supernumerary) 	48096 	48096
National Institute of Technology, Rourkela	Mining Engineering (5 Years, Bachelor and Master of Technology (Dual Degree)) 	OS 	OBC-NCL 	Female-only (including Supernumerary) 	21414 	21414
National Institute of Technology, Rourkela	Physics (5 Years, Integrated Master of Science) 	HS 	OBC-NCL 	Gender-Neutral 	18109 	21127
National Institute of Technology, Rourkela	Physics (5 Years, Integrated Master of Science) 	HS 	OBC-NCL 	Female-only (including Supernumerary) 	24677 	24677
National Institute of Technology, Rourkela	Physics (5 Years, Integrated Master of Science) 	OS 	OBC-NCL 	Gender-Neutral 	6838 	10417
National Institute of Technology, Silchar	Civil Engineering (4 Years, Bachelor of Technology) 	HS 	OBC-NCL 	Gender-Neutral 	34663 	51543
National Institute of Technology, Silchar	Civil Engineering (4 Years, Bachelor of Technology) 	HS 	OBC-NCL 	Female-only (including Supernumerary) 	60156 	69379
National Institute of Technology, Silchar	Civil Engineering (4 Years, Bachelor of Technology) 	OS 	OBC-NCL 	Gender-Neutral 	14019 	15757
National Institute of Technology, Silchar	Civil Engineering (4 Years, Bachelor of Technology) 	OS 	OBC-NCL 	Female-only (including Supernumerary) 	19994 	23975
National Institute of Technology, Silchar	Computer Science and Engineering (4 Years, Bachelor of Technology) 	HS 	OBC-NCL 	Gender-Neutral 	6305 	13962
National Institute of Technology, Silchar	Computer Science and Engineering (4 Years, Bachelor of Technology) 	HS 	OBC-NCL 	Female-only (including Supernumerary) 	22560 	29556
National Institute of Technology, Silchar	Computer Science and Engineering (4 Years, Bachelor of Technology) 	OS 	OBC-NCL 	Gender-Neutral 	2962 	4079
National Institute of Technology, Silchar	Computer Science and Engineering (4 Years, Bachelor of Technology) 	OS 	OBC-NCL 	Female-only (including Supernumerary) 	6568 	8153
National Institute of Technology, Silchar	Electrical Engineering (4 Years, Bachelor of Technology) 	HS 	OBC-NCL 	Gender-Neutral 	24379 	37145
National Institute of Technology, Silchar	Electrical Engineering (4 Years, Bachelor of Technology) 	HS 	OBC-NCL 	Female-only (including Supernumerary) 	45017 	58479
National Institute of Technology, Silchar	Electrical Engineering (4 Years, Bachelor of Technology) 	OS 	OBC-NCL 	Gender-Neutral 	7326 	8499
National Institute of Technology, Silchar	Electrical Engineering (4 Years, Bachelor of Technology) 	OS 	OBC-NCL 	Female-only (including Supernumerary) 	13893 	16012
National Institute of Technology, Silchar	Electronics and Communication Engineering (4 Years, Bachelor of Technology) 	HS 	OBC-NCL 	Gender-Neutral 	13553 	22828
National Institute of Technology, Silchar	Electronics and Communication Engineering (4 Years, Bachelor of Technology) 	HS 	OBC-NCL 	Female-only (including Supernumerary) 	32336 	37267
National Institute of Technology, Silchar	Electronics and Communication Engineering (4 Years, Bachelor of Technology) 	OS 	OBC-NCL 	Gender-Neutral 	4744 	6119
National Institute of Technology, Silchar	Electronics and Communication Engineering (4 Years, Bachelor of Technology) 	OS 	OBC-NCL 	Female-only (including Supernumerary) 	11597 	13166
National Institute of Technology, Silchar	Electronics and Instrumentation Engineering (4 Years, Bachelor of Technology) 	HS 	OBC-NCL 	Gender-Neutral 	23209 	30844
National Institute of Technology, Silchar	Electronics and Instrumentation Engineering (4 Years, Bachelor of Technology) 	HS 	OBC-NCL 	Female-only (including Supernumerary) 	42007 	49389
National Institute of Technology, Silchar	Electronics and Instrumentation Engineering (4 Years, Bachelor of Technology) 	OS 	OBC-NCL 	Gender-Neutral 	6451 	7259
National Institute of Technology, Silchar	Electronics and Instrumentation Engineering (4 Years, Bachelor of Technology) 	OS 	OBC-NCL 	Female-only (including Supernumerary) 	13938 	16610
National Institute of Technology, Silchar	Mechanical Engineering (4 Years, Bachelor of Technology) 	HS 	OBC-NCL 	Gender-Neutral 	26077 	43335
National Institute of Technology, Silchar	Mechanical Engineering (4 Years, Bachelor of Technology) 	HS 	OBC-NCL 	Female-only (including Supernumerary) 	56173 	67424
National Institute of Technology, Silchar	Mechanical Engineering (4 Years, Bachelor of Technology) 	OS 	OBC-NCL 	Gender-Neutral 	9519 	10706
National Institute of Technology, Silchar	Mechanical Engineering (4 Years, Bachelor of Technology) 	OS 	OBC-NCL 	Female-only (including Supernumerary) 	18767 	19920
National Institute of Technology, Srinagar	Chemical Engineering (4 Years, Bachelor of Technology) 	OS 	OBC-NCL 	Gender-Neutral 	16575 	17681
National Institute of Technology, Srinagar	Chemical Engineering (4 Years, Bachelor of Technology) 	OS 	OBC-NCL 	Female-only (including Supernumerary) 	24469 	24624
National Institute of Technology, Srinagar	Civil Engineering (4 Years, Bachelor of Technology) 	JK 	OBC-NCL 	Gender-Neutral 	117619 	180135
National Institute of Technology, Srinagar	Civil Engineering (4 Years, Bachelor of Technology) 	JK 	OBC-NCL 	Female-only (including Supernumerary) 	119414 	119414
National Institute of Technology, Srinagar	Civil Engineering (4 Years, Bachelor of Technology) 	OS 	OBC-NCL 	Gender-Neutral 	17329 	18219
National Institute of Technology, Srinagar	Civil Engineering (4 Years, Bachelor of Technology) 	OS 	OBC-NCL 	Female-only (including Supernumerary) 	23502 	25536
National Institute of Technology, Srinagar	Computer Science and Engineering (4 Years, Bachelor of Technology) 	JK 	OBC-NCL 	Gender-Neutral 	19628 	55163
National Institute of Technology, Srinagar	Computer Science and Engineering (4 Years, Bachelor of Technology) 	JK 	OBC-NCL 	Female-only (including Supernumerary) 	22158 	28109
National Institute of Technology, Srinagar	Computer Science and Engineering (4 Years, Bachelor of Technology) 	OS 	OBC-NCL 	Gender-Neutral 	7134 	8325
National Institute of Technology, Srinagar	Computer Science and Engineering (4 Years, Bachelor of Technology) 	OS 	OBC-NCL 	Female-only (including Supernumerary) 	13573 	15934
National Institute of Technology, Srinagar	Electrical Engineering (4 Years, Bachelor of Technology) 	JK 	OBC-NCL 	Gender-Neutral 	60738 	328138
National Institute of Technology, Srinagar	Electrical Engineering (4 Years, Bachelor of Technology) 	OS 	OBC-NCL 	Gender-Neutral 	12535 	13705
National Institute of Technology, Srinagar	Electrical Engineering (4 Years, Bachelor of Technology) 	OS 	OBC-NCL 	Female-only (including Supernumerary) 	18704 	20925
National Institute of Technology, Srinagar	Electronics and Communication Engineering (4 Years, Bachelor of Technology) 	JK 	OBC-NCL 	Gender-Neutral 	61386 	145780
National Institute of Technology, Srinagar	Electronics and Communication Engineering (4 Years, Bachelor of Technology) 	OS 	OBC-NCL 	Gender-Neutral 	10428 	11380
National Institute of Technology, Srinagar	Electronics and Communication Engineering (4 Years, Bachelor of Technology) 	OS 	OBC-NCL 	Female-only (including Supernumerary) 	19226 	20379
National Institute of Technology, Srinagar	Information Technology (4 Years, Bachelor of Technology) 	JK 	OBC-NCL 	Gender-Neutral 	51495 	105107
National Institute of Technology, Srinagar	Information Technology (4 Years, Bachelor of Technology) 	OS 	OBC-NCL 	Gender-Neutral 	9403 	10493
National Institute of Technology, Srinagar	Information Technology (4 Years, Bachelor of Technology) 	OS 	OBC-NCL 	Female-only (including Supernumerary) 	16166 	18664
National Institute of Technology, Srinagar	Mechanical Engineering (4 Years, Bachelor of Technology) 	JK 	OBC-NCL 	Gender-Neutral 	63002 	460212
National Institute of Technology, Srinagar	Mechanical Engineering (4 Years, Bachelor of Technology) 	OS 	OBC-NCL 	Gender-Neutral 	14326 	15732
National Institute of Technology, Srinagar	Mechanical Engineering (4 Years, Bachelor of Technology) 	OS 	OBC-NCL 	Female-only (including Supernumerary) 	23423 	24317
National Institute of Technology, Srinagar	Metallurgical and Materials Engineering (4 Years, Bachelor of Technology) 	OS 	OBC-NCL 	Gender-Neutral 	18173 	18928
National Institute of Technology, Srinagar	Metallurgical and Materials Engineering (4 Years, Bachelor of Technology) 	OS 	OBC-NCL 	Female-only (including Supernumerary) 	25780 	26441
National Institute of Technology, Tiruchirappalli	Architecture (5 Years, Bachelor of Architecture) 	HS 	OBC-NCL 	Gender-Neutral 	146 	243
National Institute of Technology, Tiruchirappalli	Architecture (5 Years, Bachelor of Architecture) 	HS 	OBC-NCL 	Female-only (including Supernumerary) 	129 	158
National Institute of Technology, Tiruchirappalli	Architecture (5 Years, Bachelor of Architecture) 	OS 	OBC-NCL 	Gender-Neutral 	100 	137
National Institute of Technology, Tiruchirappalli	Architecture (5 Years, Bachelor of Architecture) 	OS 	OBC-NCL 	Female-only (including Supernumerary) 	88 	88
National Institute of Technology, Tiruchirappalli	Chemical Engineering (4 Years, Bachelor of Technology) 	HS 	OBC-NCL 	Gender-Neutral 	5268 	5993
National Institute of Technology, Tiruchirappalli	Chemical Engineering (4 Years, Bachelor of Technology) 	HS 	OBC-NCL 	Female-only (including Supernumerary) 	8456 	8547
National Institute of Technology, Tiruchirappalli	Chemical Engineering (4 Years, Bachelor of Technology) 	OS 	OBC-NCL 	Gender-Neutral 	3134 	5416
National Institute of Technology, Tiruchirappalli	Chemical Engineering (4 Years, Bachelor of Technology) 	OS 	OBC-NCL 	Female-only (including Supernumerary) 	8536 	8536
National Institute of Technology, Tiruchirappalli	Civil Engineering (4 Years, Bachelor of Technology) 	HS 	OBC-NCL 	Gender-Neutral 	9084 	10241
National Institute of Technology, Tiruchirappalli	Civil Engineering (4 Years, Bachelor of Technology) 	HS 	OBC-NCL 	Female-only (including Supernumerary) 	12283 	12771
National Institute of Technology, Tiruchirappalli	Civil Engineering (4 Years, Bachelor of Technology) 	OS 	OBC-NCL 	Gender-Neutral 	4428 	6703
National Institute of Technology, Tiruchirappalli	Civil Engineering (4 Years, Bachelor of Technology) 	OS 	OBC-NCL 	Female-only (including Supernumerary) 	9962 	12462
National Institute of Technology, Tiruchirappalli	Computer Science and Engineering (4 Years, Bachelor of Technology) 	HS 	OBC-NCL 	Gender-Neutral 	1007 	1631
National Institute of Technology, Tiruchirappalli	Computer Science and Engineering (4 Years, Bachelor of Technology) 	HS 	OBC-NCL 	Female-only (including Supernumerary) 	1918 	2301
National Institute of Technology, Tiruchirappalli	Computer Science and Engineering (4 Years, Bachelor of Technology) 	OS 	OBC-NCL 	Gender-Neutral 	253 	434
National Institute of Technology, Tiruchirappalli	Computer Science and Engineering (4 Years, Bachelor of Technology) 	OS 	OBC-NCL 	Female-only (including Supernumerary) 	741 	991
National Institute of Technology, Tiruchirappalli	Electrical and Electronics Engineering (4 Years, Bachelor of Technology) 	HS 	OBC-NCL 	Gender-Neutral 	2136 	2537
National Institute of Technology, Tiruchirappalli	Electrical and Electronics Engineering (4 Years, Bachelor of Technology) 	HS 	OBC-NCL 	Female-only (including Supernumerary) 	4484 	5294
National Institute of Technology, Tiruchirappalli	Electrical and Electronics Engineering (4 Years, Bachelor of Technology) 	OS 	OBC-NCL 	Gender-Neutral 	1690 	2288
National Institute of Technology, Tiruchirappalli	Electrical and Electronics Engineering (4 Years, Bachelor of Technology) 	OS 	OBC-NCL 	Female-only (including Supernumerary) 	3343 	4058
National Institute of Technology, Tiruchirappalli	Electronics and Communication Engineering (4 Years, Bachelor of Technology) 	HS 	OBC-NCL 	Gender-Neutral 	1523 	2013
National Institute of Technology, Tiruchirappalli	Electronics and Communication Engineering (4 Years, Bachelor of Technology) 	HS 	OBC-NCL 	Female-only (including Supernumerary) 	3010 	3106
National Institute of Technology, Tiruchirappalli	Electronics and Communication Engineering (4 Years, Bachelor of Technology) 	OS 	OBC-NCL 	Gender-Neutral 	852 	1240
National Institute of Technology, Tiruchirappalli	Electronics and Communication Engineering (4 Years, Bachelor of Technology) 	OS 	OBC-NCL 	Female-only (including Supernumerary) 	1649 	3128
National Institute of Technology, Tiruchirappalli	Instrumentation and Control Engineering (4 Years, Bachelor of Technology) 	HS 	OBC-NCL 	Gender-Neutral 	3168 	3741
National Institute of Technology, Tiruchirappalli	Instrumentation and Control Engineering (4 Years, Bachelor of Technology) 	HS 	OBC-NCL 	Female-only (including Supernumerary) 	5823 	6309
National Institute of Technology, Tiruchirappalli	Instrumentation and Control Engineering (4 Years, Bachelor of Technology) 	OS 	OBC-NCL 	Gender-Neutral 	3064 	4146
National Institute of Technology, Tiruchirappalli	Instrumentation and Control Engineering (4 Years, Bachelor of Technology) 	OS 	OBC-NCL 	Female-only (including Supernumerary) 	8751 	9740
National Institute of Technology, Tiruchirappalli	Mechanical Engineering (4 Years, Bachelor of Technology) 	HS 	OBC-NCL 	Gender-Neutral 	3644 	4187
National Institute of Technology, Tiruchirappalli	Mechanical Engineering (4 Years, Bachelor of Technology) 	HS 	OBC-NCL 	Female-only (including Supernumerary) 	7949 	8274
National Institute of Technology, Tiruchirappalli	Mechanical Engineering (4 Years, Bachelor of Technology) 	OS 	OBC-NCL 	Gender-Neutral 	1919 	4067
National Institute of Technology, Tiruchirappalli	Mechanical Engineering (4 Years, Bachelor of Technology) 	OS 	OBC-NCL 	Female-only (including Supernumerary) 	6436 	8394
National Institute of Technology, Tiruchirappalli	Metallurgical and Materials Engineering (4 Years, Bachelor of Technology) 	HS 	OBC-NCL 	Gender-Neutral 	7233 	7822
National Institute of Technology, Tiruchirappalli	Metallurgical and Materials Engineering (4 Years, Bachelor of Technology) 	HS 	OBC-NCL 	Female-only (including Supernumerary) 	11827 	12480
National Institute of Technology, Tiruchirappalli	Metallurgical and Materials Engineering (4 Years, Bachelor of Technology) 	OS 	OBC-NCL 	Gender-Neutral 	6443 	8021
National Institute of Technology, Tiruchirappalli	Metallurgical and Materials Engineering (4 Years, Bachelor of Technology) 	OS 	OBC-NCL 	Female-only (including Supernumerary) 	12343 	12343
National Institute of Technology, Tiruchirappalli	Production Engineering (4 Years, Bachelor of Technology) 	HS 	OBC-NCL 	Gender-Neutral 	6275 	7160
National Institute of Technology, Tiruchirappalli	Production Engineering (4 Years, Bachelor of Technology) 	HS 	OBC-NCL 	Female-only (including Supernumerary) 	8888 	8940
National Institute of Technology, Tiruchirappalli	Production Engineering (4 Years, Bachelor of Technology) 	OS 	OBC-NCL 	Gender-Neutral 	5744 	8036
National Institute of Technology, Tiruchirappalli	Production Engineering (4 Years, Bachelor of Technology) 	OS 	OBC-NCL 	Female-only (including Supernumerary) 	13005 	13429
National Institute of Technology, Uttarakhand	Civil Engineering (4 Years, Bachelor of Technology) 	HS 	OBC-NCL 	Gender-Neutral 	23015 	33918
National Institute of Technology, Uttarakhand	Civil Engineering (4 Years, Bachelor of Technology) 	HS 	OBC-NCL 	Female-only (including Supernumerary) 	37764 	37764
National Institute of Technology, Uttarakhand	Civil Engineering (4 Years, Bachelor of Technology) 	OS 	OBC-NCL 	Gender-Neutral 	14508 	15459
National Institute of Technology, Uttarakhand	Civil Engineering (4 Years, Bachelor of Technology) 	OS 	OBC-NCL 	Female-only (including Supernumerary) 	23909 	24514
National Institute of Technology, Uttarakhand	Computer Science and Engineering (4 Years, Bachelor of Technology) 	HS 	OBC-NCL 	Gender-Neutral 	12692 	17997
National Institute of Technology, Uttarakhand	Computer Science and Engineering (4 Years, Bachelor of Technology) 	OS 	OBC-NCL 	Gender-Neutral 	5507 	6570
National Institute of Technology, Uttarakhand	Computer Science and Engineering (4 Years, Bachelor of Technology) 	OS 	OBC-NCL 	Female-only (including Supernumerary) 	10525 	11578
National Institute of Technology, Uttarakhand	Electrical and Electronics Engineering (4 Years, Bachelor of Technology) 	HS 	OBC-NCL 	Gender-Neutral 	19591 	21307
National Institute of Technology, Uttarakhand	Electrical and Electronics Engineering (4 Years, Bachelor of Technology) 	HS 	OBC-NCL 	Female-only (including Supernumerary) 	18460 	18460
National Institute of Technology, Uttarakhand	Electrical and Electronics Engineering (4 Years, Bachelor of Technology) 	OS 	OBC-NCL 	Gender-Neutral 	9591 	10293
National Institute of Technology, Uttarakhand	Electrical and Electronics Engineering (4 Years, Bachelor of Technology) 	OS 	OBC-NCL 	Female-only (including Supernumerary) 	17849 	17849
National Institute of Technology, Uttarakhand	Electronics and Communication Engineering (4 Years, Bachelor of Technology) 	HS 	OBC-NCL 	Gender-Neutral 	18302 	19587
National Institute of Technology, Uttarakhand	Electronics and Communication Engineering (4 Years, Bachelor of Technology) 	HS 	OBC-NCL 	Female-only (including Supernumerary) 	28218 	28218
National Institute of Technology, Uttarakhand	Electronics and Communication Engineering (4 Years, Bachelor of Technology) 	OS 	OBC-NCL 	Gender-Neutral 	6945 	7971
National Institute of Technology, Uttarakhand	Electronics and Communication Engineering (4 Years, Bachelor of Technology) 	OS 	OBC-NCL 	Female-only (including Supernumerary) 	15141 	15141
National Institute of Technology, Uttarakhand	Mechanical Engineering (4 Years, Bachelor of Technology) 	HS 	OBC-NCL 	Gender-Neutral 	25459 	28508
National Institute of Technology, Uttarakhand	Mechanical Engineering (4 Years, Bachelor of Technology) 	HS 	OBC-NCL 	Female-only (including Supernumerary) 	36128 	37270
National Institute of Technology, Uttarakhand	Mechanical Engineering (4 Years, Bachelor of Technology) 	OS 	OBC-NCL 	Gender-Neutral 	11816 	12344
National Institute of Technology, Warangal	Bio Technology (4 Years, Bachelor of Technology) 	HS 	OBC-NCL 	Gender-Neutral 	11935 	13822
National Institute of Technology, Warangal	Bio Technology (4 Years, Bachelor of Technology) 	HS 	OBC-NCL 	Female-only (including Supernumerary) 	16524 	16524
National Institute of Technology, Warangal	Bio Technology (4 Years, Bachelor of Technology) 	OS 	OBC-NCL 	Gender-Neutral 	8616 	11032
National Institute of Technology, Warangal	Bio Technology (4 Years, Bachelor of Technology) 	OS 	OBC-NCL 	Female-only (including Supernumerary) 	11435 	14737
National Institute of Technology, Warangal	Chemical Engineering (4 Years, Bachelor of Technology) 	HS 	OBC-NCL 	Gender-Neutral 	6566 	8727
National Institute of Technology, Warangal	Chemical Engineering (4 Years, Bachelor of Technology) 	HS 	OBC-NCL 	Female-only (including Supernumerary) 	10643 	15034
National Institute of Technology, Warangal	Chemical Engineering (4 Years, Bachelor of Technology) 	OS 	OBC-NCL 	Gender-Neutral 	5601 	6488
National Institute of Technology, Warangal	Chemical Engineering (4 Years, Bachelor of Technology) 	OS 	OBC-NCL 	Female-only (including Supernumerary) 	8866 	10050
National Institute of Technology, Warangal	Chemical Engineering (5 Years, Bachelor and Master of Technology (Dual Degree)) 	HS 	OBC-NCL 	Gender-Neutral 	8861 	8861
National Institute of Technology, Warangal	Chemical Engineering (5 Years, Bachelor and Master of Technology (Dual Degree)) 	OS 	OBC-NCL 	Gender-Neutral 	6105 	6105
National Institute of Technology, Warangal	Chemical Engineering (5 Years, Bachelor and Master of Technology (Dual Degree)) 	OS 	OBC-NCL 	Female-only (including Supernumerary) 	11718 	11718
National Institute of Technology, Warangal	Chemistry (5 Years, Integrated Master of Science) 	HS 	OBC-NCL 	Gender-Neutral 	14126 	18476
National Institute of Technology, Warangal	Chemistry (5 Years, Integrated Master of Science) 	HS 	OBC-NCL 	Female-only (including Supernumerary) 	20677 	20677
National Institute of Technology, Warangal	Chemistry (5 Years, Integrated Master of Science) 	OS 	OBC-NCL 	Gender-Neutral 	11777 	13006
National Institute of Technology, Warangal	Civil Engineering (4 Years, Bachelor of Technology) 	HS 	OBC-NCL 	Gender-Neutral 	9044 	10882
National Institute of Technology, Warangal	Civil Engineering (4 Years, Bachelor of Technology) 	HS 	OBC-NCL 	Female-only (including Supernumerary) 	12009 	13002
National Institute of Technology, Warangal	Civil Engineering (4 Years, Bachelor of Technology) 	OS 	OBC-NCL 	Gender-Neutral 	6903 	8302
National Institute of Technology, Warangal	Civil Engineering (4 Years, Bachelor of Technology) 	OS 	OBC-NCL 	Female-only (including Supernumerary) 	12450 	12618
National Institute of Technology, Warangal	Computer Science and Engineering ( Artificial Intelligence & Data Science) (4 Years, Bachelor of Technology) 	HS 	OBC-NCL 	Gender-Neutral 	864 	1304
National Institute of Technology, Warangal	Computer Science and Engineering ( Artificial Intelligence & Data Science) (4 Years, Bachelor of Technology) 	HS 	OBC-NCL 	Female-only (including Supernumerary) 	2054 	2054
National Institute of Technology, Warangal	Computer Science and Engineering ( Artificial Intelligence & Data Science) (4 Years, Bachelor of Technology) 	OS 	OBC-NCL 	Gender-Neutral 	693 	1073
National Institute of Technology, Warangal	Computer Science and Engineering ( Artificial Intelligence & Data Science) (4 Years, Bachelor of Technology) 	OS 	OBC-NCL 	Female-only (including Supernumerary) 	2155 	2155
National Institute of Technology, Warangal	Computer Science and Engineering (4 Years, Bachelor of Technology) 	HS 	OBC-NCL 	Gender-Neutral 	725 	1248
National Institute of Technology, Warangal	Computer Science and Engineering (4 Years, Bachelor of Technology) 	HS 	OBC-NCL 	Female-only (including Supernumerary) 	1305 	2112
National Institute of Technology, Warangal	Computer Science and Engineering (4 Years, Bachelor of Technology) 	OS 	OBC-NCL 	Gender-Neutral 	532 	695
National Institute of Technology, Warangal	Computer Science and Engineering (4 Years, Bachelor of Technology) 	OS 	OBC-NCL 	Female-only (including Supernumerary) 	1080 	1932
National Institute of Technology, Warangal	Electrical and Electronics Engineering (4 Years, Bachelor of Technology) 	HS 	OBC-NCL 	Gender-Neutral 	2697 	4096
National Institute of Technology, Warangal	Electrical and Electronics Engineering (4 Years, Bachelor of Technology) 	HS 	OBC-NCL 	Female-only (including Supernumerary) 	4635 	5354
National Institute of Technology, Warangal	Electrical and Electronics Engineering (4 Years, Bachelor of Technology) 	OS 	OBC-NCL 	Gender-Neutral 	2175 	3035
National Institute of Technology, Warangal	Electrical and Electronics Engineering (4 Years, Bachelor of Technology) 	OS 	OBC-NCL 	Female-only (including Supernumerary) 	5149 	5855
National Institute of Technology, Warangal	Electronics and Communication Engineering (4 Years, Bachelor of Technology) 	HS 	OBC-NCL 	Gender-Neutral 	1637 	2125
National Institute of Technology, Warangal	Electronics and Communication Engineering (4 Years, Bachelor of Technology) 	HS 	OBC-NCL 	Female-only (including Supernumerary) 	3172 	3452
National Institute of Technology, Warangal	Electronics and Communication Engineering (4 Years, Bachelor of Technology) 	OS 	OBC-NCL 	Gender-Neutral 	1435 	1927
National Institute of Technology, Warangal	Electronics and Communication Engineering (4 Years, Bachelor of Technology) 	OS 	OBC-NCL 	Female-only (including Supernumerary) 	3008 	3699
National Institute of Technology, Warangal	Electronics and Communication Engineering (VLSI Design and Technology) (4 Years, Bachelor of Technology) 	HS 	OBC-NCL 	Gender-Neutral 	2154 	2314
National Institute of Technology, Warangal	Electronics and Communication Engineering (VLSI Design and Technology) (4 Years, Bachelor of Technology) 	HS 	OBC-NCL 	Female-only (including Supernumerary) 	2739 	2739
National Institute of Technology, Warangal	Electronics and Communication Engineering (VLSI Design and Technology) (4 Years, Bachelor of Technology) 	OS 	OBC-NCL 	Gender-Neutral 	1908 	2016
National Institute of Technology, Warangal	Electronics and Communication Engineering (VLSI Design and Technology) (4 Years, Bachelor of Technology) 	OS 	OBC-NCL 	Female-only (including Supernumerary) 	3037 	3037
National Institute of Technology, Warangal	Mathematics (5 Years, Integrated Master of Science) 	HS 	OBC-NCL 	Gender-Neutral 	14038 	14038
National Institute of Technology, Warangal	Mathematics (5 Years, Integrated Master of Science) 	OS 	OBC-NCL 	Gender-Neutral 	6993 	7932
National Institute of Technology, Warangal	Mathematics (5 Years, Integrated Master of Science) 	OS 	OBC-NCL 	Female-only (including Supernumerary) 	15473 	15473
National Institute of Technology, Warangal	Mathematics and Computing (4 Years, Bachelor of Technology) 	HS 	OBC-NCL 	Gender-Neutral 	1508 	1784
National Institute of Technology, Warangal	Mathematics and Computing (4 Years, Bachelor of Technology) 	HS 	OBC-NCL 	Female-only (including Supernumerary) 	2414 	2414
National Institute of Technology, Warangal	Mathematics and Computing (4 Years, Bachelor of Technology) 	OS 	OBC-NCL 	Gender-Neutral 	1089 	1235
National Institute of Technology, Warangal	Mathematics and Computing (4 Years, Bachelor of Technology) 	OS 	OBC-NCL 	Female-only (including Supernumerary) 	2236 	2236
National Institute of Technology, Warangal	Mechanical Engineering (4 Years, Bachelor of Technology) 	HS 	OBC-NCL 	Gender-Neutral 	4721 	6698
National Institute of Technology, Warangal	Mechanical Engineering (4 Years, Bachelor of Technology) 	HS 	OBC-NCL 	Female-only (including Supernumerary) 	10156 	13721
National Institute of Technology, Warangal	Mechanical Engineering (4 Years, Bachelor of Technology) 	OS 	OBC-NCL 	Gender-Neutral 	4147 	5176
National Institute of Technology, Warangal	Mechanical Engineering (4 Years, Bachelor of Technology) 	OS 	OBC-NCL 	Female-only (including Supernumerary) 	8413 	10920
National Institute of Technology, Warangal	Metallurgical and Materials Engineering (4 Years, Bachelor of Technology) 	HS 	OBC-NCL 	Gender-Neutral 	11057 	12345
National Institute of Technology, Warangal	Metallurgical and Materials Engineering (4 Years, Bachelor of Technology) 	HS 	OBC-NCL 	Female-only (including Supernumerary) 	16454 	17214
National Institute of Technology, Warangal	Metallurgical and Materials Engineering (4 Years, Bachelor of Technology) 	OS 	OBC-NCL 	Gender-Neutral 	8525 	9469
National Institute of Technology, Warangal	Metallurgical and Materials Engineering (4 Years, Bachelor of Technology) 	OS 	OBC-NCL 	Female-only (including Supernumerary) 	13140 	13140
National Institute of Technology, Warangal	Metallurgical and Materials Engineering (5 Years, Bachelor and Master of Technology (Dual Degree)) 	HS 	OBC-NCL 	Gender-Neutral 	14124 	14124
National Institute of Technology, Warangal	Metallurgical and Materials Engineering (5 Years, Bachelor and Master of Technology (Dual Degree)) 	OS 	OBC-NCL 	Gender-Neutral 	10720 	10720
National Institute of Technology, Warangal	Metallurgical and Materials Engineering (5 Years, Bachelor and Master of Technology (Dual Degree)) 	OS 	OBC-NCL 	Female-only (including Supernumerary) 	15812 	15812
National Institute of Technology, Warangal	Physics (5 Years, Integrated Master of Science) 	HS 	OBC-NCL 	Gender-Neutral 	14265 	17608
National Institute of Technology, Warangal	Physics (5 Years, Integrated Master of Science) 	OS 	OBC-NCL 	Gender-Neutral 	9104 	9120
National Institute of Technology, Warangal	Physics (5 Years, Integrated Master of Science) 	OS 	OBC-NCL 	Female-only (including Supernumerary) 	16177 	16177
Sardar Vallabhbhai National Institute of Technology, Surat	Artificial Intelligence (4 Years, Bachelor of Technology) 	HS 	OBC-NCL 	Gender-Neutral 	3983 	5947
Sardar Vallabhbhai National Institute of Technology, Surat	Artificial Intelligence (4 Years, Bachelor of Technology) 	HS 	OBC-NCL 	Female-only (including Supernumerary) 	7958 	9169
Sardar Vallabhbhai National Institute of Technology, Surat	Artificial Intelligence (4 Years, Bachelor of Technology) 	OS 	OBC-NCL 	Gender-Neutral 	3163 	3764
Sardar Vallabhbhai National Institute of Technology, Surat	Artificial Intelligence (4 Years, Bachelor of Technology) 	OS 	OBC-NCL 	Female-only (including Supernumerary) 	7474 	7868
Sardar Vallabhbhai National Institute of Technology, Surat	Artificial Intelligence (5 Years, Integrated B. Tech. and M. Tech.) 	HS 	OBC-NCL 	Gender-Neutral 	5036 	6535
Sardar Vallabhbhai National Institute of Technology, Surat	Artificial Intelligence (5 Years, Integrated B. Tech. and M. Tech.) 	HS 	OBC-NCL 	Female-only (including Supernumerary) 	16804 	16804
Sardar Vallabhbhai National Institute of Technology, Surat	Artificial Intelligence (5 Years, Integrated B. Tech. and M. Tech.) 	OS 	OBC-NCL 	Gender-Neutral 	3909 	4969
Sardar Vallabhbhai National Institute of Technology, Surat	Artificial Intelligence (5 Years, Integrated B. Tech. and M. Tech.) 	OS 	OBC-NCL 	Female-only (including Supernumerary) 	8960 	8960
Sardar Vallabhbhai National Institute of Technology, Surat	Chemical Engineering (4 Years, Bachelor of Technology) 	HS 	OBC-NCL 	Gender-Neutral 	13281 	21222
Sardar Vallabhbhai National Institute of Technology, Surat	Chemical Engineering (4 Years, Bachelor of Technology) 	HS 	OBC-NCL 	Female-only (including Supernumerary) 	24154 	30284
Sardar Vallabhbhai National Institute of Technology, Surat	Chemical Engineering (4 Years, Bachelor of Technology) 	OS 	OBC-NCL 	Gender-Neutral 	10188 	11343
Sardar Vallabhbhai National Institute of Technology, Surat	Chemical Engineering (4 Years, Bachelor of Technology) 	OS 	OBC-NCL 	Female-only (including Supernumerary) 	15992 	18619
Sardar Vallabhbhai National Institute of Technology, Surat	Chemistry (5 Years, Integrated Master of Science) 	HS 	OBC-NCL 	Gender-Neutral 	33572 	47618
Sardar Vallabhbhai National Institute of Technology, Surat	Chemistry (5 Years, Integrated Master of Science) 	OS 	OBC-NCL 	Gender-Neutral 	17811 	19512
Sardar Vallabhbhai National Institute of Technology, Surat	Civil Engineering (4 Years, Bachelor of Technology) 	HS 	OBC-NCL 	Gender-Neutral 	18630 	26312
Sardar Vallabhbhai National Institute of Technology, Surat	Civil Engineering (4 Years, Bachelor of Technology) 	HS 	OBC-NCL 	Female-only (including Supernumerary) 	36295 	38485
Sardar Vallabhbhai National Institute of Technology, Surat	Civil Engineering (4 Years, Bachelor of Technology) 	OS 	OBC-NCL 	Gender-Neutral 	11903 	12715
Sardar Vallabhbhai National Institute of Technology, Surat	Civil Engineering (4 Years, Bachelor of Technology) 	OS 	OBC-NCL 	Female-only (including Supernumerary) 	19374 	21462
Sardar Vallabhbhai National Institute of Technology, Surat	Computer Science and Engineering (4 Years, Bachelor of Technology) 	HS 	OBC-NCL 	Gender-Neutral 	1943 	3459
Sardar Vallabhbhai National Institute of Technology, Surat	Computer Science and Engineering (4 Years, Bachelor of Technology) 	HS 	OBC-NCL 	Female-only (including Supernumerary) 	6264 	8392
Sardar Vallabhbhai National Institute of Technology, Surat	Computer Science and Engineering (4 Years, Bachelor of Technology) 	OS 	OBC-NCL 	Gender-Neutral 	2085 	3087
Sardar Vallabhbhai National Institute of Technology, Surat	Computer Science and Engineering (4 Years, Bachelor of Technology) 	OS 	OBC-NCL 	Female-only (including Supernumerary) 	4768 	6915
Sardar Vallabhbhai National Institute of Technology, Surat	Electrical Engineering (4 Years, Bachelor of Technology) 	HS 	OBC-NCL 	Gender-Neutral 	7819 	13543
Sardar Vallabhbhai National Institute of Technology, Surat	Electrical Engineering (4 Years, Bachelor of Technology) 	HS 	OBC-NCL 	Female-only (including Supernumerary) 	10167 	22574
Sardar Vallabhbhai National Institute of Technology, Surat	Electrical Engineering (4 Years, Bachelor of Technology) 	OS 	OBC-NCL 	Gender-Neutral 	5574 	6776
Sardar Vallabhbhai National Institute of Technology, Surat	Electrical Engineering (4 Years, Bachelor of Technology) 	OS 	OBC-NCL 	Female-only (including Supernumerary) 	11754 	12022
Sardar Vallabhbhai National Institute of Technology, Surat	Electronics and Communication Engineering (4 Years, Bachelor of Technology) 	HS 	OBC-NCL 	Gender-Neutral 	4343 	7470
Sardar Vallabhbhai National Institute of Technology, Surat	Electronics and Communication Engineering (4 Years, Bachelor of Technology) 	HS 	OBC-NCL 	Female-only (including Supernumerary) 	8704 	15123
Sardar Vallabhbhai National Institute of Technology, Surat	Electronics and Communication Engineering (4 Years, Bachelor of Technology) 	OS 	OBC-NCL 	Gender-Neutral 	3863 	5127
Sardar Vallabhbhai National Institute of Technology, Surat	Electronics and Communication Engineering (4 Years, Bachelor of Technology) 	OS 	OBC-NCL 	Female-only (including Supernumerary) 	7873 	8936
Sardar Vallabhbhai National Institute of Technology, Surat	Electronics and VLSI Engineering (4 Years, Bachelor of Technology) 	HS 	OBC-NCL 	Gender-Neutral 	5287 	9047
Sardar Vallabhbhai National Institute of Technology, Surat	Electronics and VLSI Engineering (4 Years, Bachelor of Technology) 	HS 	OBC-NCL 	Female-only (including Supernumerary) 	14908 	14908
Sardar Vallabhbhai National Institute of Technology, Surat	Electronics and VLSI Engineering (4 Years, Bachelor of Technology) 	OS 	OBC-NCL 	Gender-Neutral 	5375 	5689
Sardar Vallabhbhai National Institute of Technology, Surat	Electronics and VLSI Engineering (4 Years, Bachelor of Technology) 	OS 	OBC-NCL 	Female-only (including Supernumerary) 	9986 	9986
Sardar Vallabhbhai National Institute of Technology, Surat	Engineering Physics (4 Years, Bachelor of Technology) 	HS 	OBC-NCL 	Gender-Neutral 	16354 	21806
Sardar Vallabhbhai National Institute of Technology, Surat	Engineering Physics (4 Years, Bachelor of Technology) 	HS 	OBC-NCL 	Female-only (including Supernumerary) 	29370 	29370
Sardar Vallabhbhai National Institute of Technology, Surat	Engineering Physics (4 Years, Bachelor of Technology) 	OS 	OBC-NCL 	Gender-Neutral 	10028 	10149
Sardar Vallabhbhai National Institute of Technology, Surat	Engineering Physics (4 Years, Bachelor of Technology) 	OS 	OBC-NCL 	Female-only (including Supernumerary) 	19082 	19082
Sardar Vallabhbhai National Institute of Technology, Surat	Industrial Chemistry (4 Years, Bachelor of Technology) 	HS 	OBC-NCL 	Gender-Neutral 	22117 	28713
Sardar Vallabhbhai National Institute of Technology, Surat	Industrial Chemistry (4 Years, Bachelor of Technology) 	HS 	OBC-NCL 	Female-only (including Supernumerary) 	33172 	33172
Sardar Vallabhbhai National Institute of Technology, Surat	Industrial Chemistry (4 Years, Bachelor of Technology) 	OS 	OBC-NCL 	Gender-Neutral 	15044 	15325
Sardar Vallabhbhai National Institute of Technology, Surat	Industrial Chemistry (4 Years, Bachelor of Technology) 	OS 	OBC-NCL 	Female-only (including Supernumerary) 	20801 	20801
Sardar Vallabhbhai National Institute of Technology, Surat	Mathematics (5 Years, Integrated Master of Science) 	HS 	OBC-NCL 	Gender-Neutral 	25025 	44716
Sardar Vallabhbhai National Institute of Technology, Surat	Mathematics (5 Years, Integrated Master of Science) 	OS 	OBC-NCL 	Gender-Neutral 	15440 	17231
Sardar Vallabhbhai National Institute of Technology, Surat	Mathematics and Computing (4 Years, Bachelor of Technology) 	HS 	OBC-NCL 	Gender-Neutral 	4181 	4906
Sardar Vallabhbhai National Institute of Technology, Surat	Mathematics and Computing (4 Years, Bachelor of Technology) 	HS 	OBC-NCL 	Female-only (including Supernumerary) 	12472 	12472
Sardar Vallabhbhai National Institute of Technology, Surat	Mathematics and Computing (4 Years, Bachelor of Technology) 	OS 	OBC-NCL 	Gender-Neutral 	3898 	4010
Sardar Vallabhbhai National Institute of Technology, Surat	Mathematics and Computing (4 Years, Bachelor of Technology) 	OS 	OBC-NCL 	Female-only (including Supernumerary) 	8259 	8259
Sardar Vallabhbhai National Institute of Technology, Surat	Mechanical Engineering (4 Years, Bachelor of Technology) 	HS 	OBC-NCL 	Gender-Neutral 	9984 	19695
Sardar Vallabhbhai National Institute of Technology, Surat	Mechanical Engineering (4 Years, Bachelor of Technology) 	HS 	OBC-NCL 	Female-only (including Supernumerary) 	28078 	48839
Sardar Vallabhbhai National Institute of Technology, Surat	Mechanical Engineering (4 Years, Bachelor of Technology) 	OS 	OBC-NCL 	Gender-Neutral 	7817 	9757
Sardar Vallabhbhai National Institute of Technology, Surat	Mechanical Engineering (4 Years, Bachelor of Technology) 	OS 	OBC-NCL 	Female-only (including Supernumerary) 	14585 	18124
Sardar Vallabhbhai National Institute of Technology, Surat	Physics (5 Years, Integrated Master of Science) 	HS 	OBC-NCL 	Gender-Neutral 	29192 	43316
Sardar Vallabhbhai National Institute of Technology, Surat	Physics (5 Years, Integrated Master of Science) 	OS 	OBC-NCL 	Gender-Neutral 	13924 	17360
Visvesvaraya National Institute of Technology, Nagpur	Architecture (5 Years, Bachelor of Architecture) 	HS 	OBC-NCL 	Gender-Neutral 	481 	780
Visvesvaraya National Institute of Technology, Nagpur	Architecture (5 Years, Bachelor of Architecture) 	HS 	OBC-NCL 	Female-only (including Supernumerary) 	363 	454
Visvesvaraya National Institute of Technology, Nagpur	Architecture (5 Years, Bachelor of Architecture) 	OS 	OBC-NCL 	Gender-Neutral 	235 	417
Visvesvaraya National Institute of Technology, Nagpur	Architecture (5 Years, Bachelor of Architecture) 	OS 	OBC-NCL 	Female-only (including Supernumerary) 	313 	337
Visvesvaraya National Institute of Technology, Nagpur	Chemical Engineering (4 Years, Bachelor of Technology) 	HS 	OBC-NCL 	Gender-Neutral 	8663 	12115
Visvesvaraya National Institute of Technology, Nagpur	Chemical Engineering (4 Years, Bachelor of Technology) 	HS 	OBC-NCL 	Female-only (including Supernumerary) 	14437 	16726
Visvesvaraya National Institute of Technology, Nagpur	Chemical Engineering (4 Years, Bachelor of Technology) 	OS 	OBC-NCL 	Gender-Neutral 	8595 	9723
Visvesvaraya National Institute of Technology, Nagpur	Chemical Engineering (4 Years, Bachelor of Technology) 	OS 	OBC-NCL 	Female-only (including Supernumerary) 	13101 	15392
Visvesvaraya National Institute of Technology, Nagpur	Civil Engineering (4 Years, Bachelor of Technology) 	HS 	OBC-NCL 	Gender-Neutral 	12016 	14770
Visvesvaraya National Institute of Technology, Nagpur	Civil Engineering (4 Years, Bachelor of Technology) 	HS 	OBC-NCL 	Female-only (including Supernumerary) 	17452 	20439
Visvesvaraya National Institute of Technology, Nagpur	Civil Engineering (4 Years, Bachelor of Technology) 	OS 	OBC-NCL 	Gender-Neutral 	10939 	11879
Visvesvaraya National Institute of Technology, Nagpur	Civil Engineering (4 Years, Bachelor of Technology) 	OS 	OBC-NCL 	Female-only (including Supernumerary) 	15442 	15502
Visvesvaraya National Institute of Technology, Nagpur	Computer Science and Engineering (4 Years, Bachelor of Technology) 	HS 	OBC-NCL 	Gender-Neutral 	1683 	2725
Visvesvaraya National Institute of Technology, Nagpur	Computer Science and Engineering (4 Years, Bachelor of Technology) 	HS 	OBC-NCL 	Female-only (including Supernumerary) 	3656 	4202
Visvesvaraya National Institute of Technology, Nagpur	Computer Science and Engineering (4 Years, Bachelor of Technology) 	OS 	OBC-NCL 	Gender-Neutral 	1338 	2318
Visvesvaraya National Institute of Technology, Nagpur	Computer Science and Engineering (4 Years, Bachelor of Technology) 	OS 	OBC-NCL 	Female-only (including Supernumerary) 	3985 	4522
Visvesvaraya National Institute of Technology, Nagpur	Electrical and Electronics Engineering (4 Years, Bachelor of Technology) 	HS 	OBC-NCL 	Gender-Neutral 	4751 	5871
Visvesvaraya National Institute of Technology, Nagpur	Electrical and Electronics Engineering (4 Years, Bachelor of Technology) 	HS 	OBC-NCL 	Female-only (including Supernumerary) 	9276 	12554
Visvesvaraya National Institute of Technology, Nagpur	Electrical and Electronics Engineering (4 Years, Bachelor of Technology) 	OS 	OBC-NCL 	Gender-Neutral 	4125 	5454
Visvesvaraya National Institute of Technology, Nagpur	Electrical and Electronics Engineering (4 Years, Bachelor of Technology) 	OS 	OBC-NCL 	Female-only (including Supernumerary) 	8438 	9713
Visvesvaraya National Institute of Technology, Nagpur	Electronics and Communication Engineering (4 Years, Bachelor of Technology) 	HS 	OBC-NCL 	Gender-Neutral 	3367 	4703
Visvesvaraya National Institute of Technology, Nagpur	Electronics and Communication Engineering (4 Years, Bachelor of Technology) 	HS 	OBC-NCL 	Female-only (including Supernumerary) 	4432 	6933
Visvesvaraya National Institute of Technology, Nagpur	Electronics and Communication Engineering (4 Years, Bachelor of Technology) 	OS 	OBC-NCL 	Gender-Neutral 	3496 	4102
Visvesvaraya National Institute of Technology, Nagpur	Electronics and Communication Engineering (4 Years, Bachelor of Technology) 	OS 	OBC-NCL 	Female-only (including Supernumerary) 	6806 	7063
Visvesvaraya National Institute of Technology, Nagpur	Mechanical Engineering (4 Years, Bachelor of Technology) 	HS 	OBC-NCL 	Gender-Neutral 	6582 	8209
Visvesvaraya National Institute of Technology, Nagpur	Mechanical Engineering (4 Years, Bachelor of Technology) 	HS 	OBC-NCL 	Female-only (including Supernumerary) 	12007 	15200
Visvesvaraya National Institute of Technology, Nagpur	Mechanical Engineering (4 Years, Bachelor of Technology) 	OS 	OBC-NCL 	Gender-Neutral 	6885 	7554
Visvesvaraya National Institute of Technology, Nagpur	Mechanical Engineering (4 Years, Bachelor of Technology) 	OS 	OBC-NCL 	Female-only (including Supernumerary) 	12954 	14118
Visvesvaraya National Institute of Technology, Nagpur	Metallurgical and Materials Engineering (4 Years, Bachelor of Technology) 	HS 	OBC-NCL 	Gender-Neutral 	13887 	16715
Visvesvaraya National Institute of Technology, Nagpur	Metallurgical and Materials Engineering (4 Years, Bachelor of Technology) 	HS 	OBC-NCL 	Female-only (including Supernumerary) 	20457 	21343
Visvesvaraya National Institute of Technology, Nagpur	Metallurgical and Materials Engineering (4 Years, Bachelor of Technology) 	OS 	OBC-NCL 	Gender-Neutral 	12163 	14002
Visvesvaraya National Institute of Technology, Nagpur	Metallurgical and Materials Engineering (4 Years, Bachelor of Technology) 	OS 	OBC-NCL 	Female-only (including Supernumerary) 	18446 	19620
Visvesvaraya National Institute of Technology, Nagpur	Mining Engineering (4 Years, Bachelor of Technology) 	HS 	OBC-NCL 	Gender-Neutral 	17225 	17974
Visvesvaraya National Institute of Technology, Nagpur	Mining Engineering (4 Years, Bachelor of Technology) 	HS 	OBC-NCL 	Female-only (including Supernumerary) 	22222 	23498
Visvesvaraya National Institute of Technology, Nagpur	Mining Engineering (4 Years, Bachelor of Technology) 	OS 	OBC-NCL 	Gender-Neutral 	13522 	14722
Visvesvaraya National Institute of Technology, Nagpur	Mining Engineering (4 Years, Bachelor of Technology) 	OS 	OBC-NCL 	Female-only (including Supernumerary) 	21804 	23350
National Institute of Technology, Andhra Pradesh	Bio Technology (4 Years, Bachelor of Technology) 	HS 	OBC-NCL 	Gender-Neutral 	20065 	20258
National Institute of Technology, Andhra Pradesh	Bio Technology (4 Years, Bachelor of Technology) 	HS 	OBC-NCL 	Female-only (including Supernumerary) 	23672 	23672
National Institute of Technology, Andhra Pradesh	Bio Technology (4 Years, Bachelor of Technology) 	OS 	OBC-NCL 	Gender-Neutral 	17467 	18297
National Institute of Technology, Andhra Pradesh	Bio Technology (4 Years, Bachelor of Technology) 	OS 	OBC-NCL 	Female-only (including Supernumerary) 	20932 	20932
National Institute of Technology, Andhra Pradesh	Chemical Engineering (4 Years, Bachelor of Technology) 	HS 	OBC-NCL 	Gender-Neutral 	17084 	18478
National Institute of Technology, Andhra Pradesh	Chemical Engineering (4 Years, Bachelor of Technology) 	HS 	OBC-NCL 	Female-only (including Supernumerary) 	20930 	20930
National Institute of Technology, Andhra Pradesh	Chemical Engineering (4 Years, Bachelor of Technology) 	OS 	OBC-NCL 	Gender-Neutral 	15520 	15943
National Institute of Technology, Andhra Pradesh	Chemical Engineering (4 Years, Bachelor of Technology) 	OS 	OBC-NCL 	Female-only (including Supernumerary) 	19839 	19839
National Institute of Technology, Andhra Pradesh	Civil Engineering (4 Years, Bachelor of Technology) 	HS 	OBC-NCL 	Gender-Neutral 	16879 	18473
National Institute of Technology, Andhra Pradesh	Civil Engineering (4 Years, Bachelor of Technology) 	HS 	OBC-NCL 	Female-only (including Supernumerary) 	20977 	20977
National Institute of Technology, Andhra Pradesh	Civil Engineering (4 Years, Bachelor of Technology) 	OS 	OBC-NCL 	Gender-Neutral 	16275 	16779
National Institute of Technology, Andhra Pradesh	Civil Engineering (4 Years, Bachelor of Technology) 	OS 	OBC-NCL 	Female-only (including Supernumerary) 	19494 	19494
National Institute of Technology, Andhra Pradesh	Computer Science and Engineering (4 Years, Bachelor of Technology) 	HS 	OBC-NCL 	Gender-Neutral 	4607 	6789
National Institute of Technology, Andhra Pradesh	Computer Science and Engineering (4 Years, Bachelor of Technology) 	HS 	OBC-NCL 	Female-only (including Supernumerary) 	7736 	8556
National Institute of Technology, Andhra Pradesh	Computer Science and Engineering (4 Years, Bachelor of Technology) 	OS 	OBC-NCL 	Gender-Neutral 	5070 	5921
National Institute of Technology, Andhra Pradesh	Computer Science and Engineering (4 Years, Bachelor of Technology) 	OS 	OBC-NCL 	Female-only (including Supernumerary) 	8539 	10251
National Institute of Technology, Andhra Pradesh	Electrical and Electronics Engineering (4 Years, Bachelor of Technology) 	HS 	OBC-NCL 	Gender-Neutral 	11365 	13103
National Institute of Technology, Andhra Pradesh	Electrical and Electronics Engineering (4 Years, Bachelor of Technology) 	HS 	OBC-NCL 	Female-only (including Supernumerary) 	16136 	16172
National Institute of Technology, Andhra Pradesh	Electrical and Electronics Engineering (4 Years, Bachelor of Technology) 	OS 	OBC-NCL 	Gender-Neutral 	10084 	11660
National Institute of Technology, Andhra Pradesh	Electrical and Electronics Engineering (4 Years, Bachelor of Technology) 	OS 	OBC-NCL 	Female-only (including Supernumerary) 	15627 	15765
National Institute of Technology, Andhra Pradesh	Electronics and Communication Engineering (4 Years, Bachelor of Technology) 	HS 	OBC-NCL 	Gender-Neutral 	7740 	9224
National Institute of Technology, Andhra Pradesh	Electronics and Communication Engineering (4 Years, Bachelor of Technology) 	HS 	OBC-NCL 	Female-only (including Supernumerary) 	11133 	12652
National Institute of Technology, Andhra Pradesh	Electronics and Communication Engineering (4 Years, Bachelor of Technology) 	OS 	OBC-NCL 	Gender-Neutral 	7117 	9205
National Institute of Technology, Andhra Pradesh	Electronics and Communication Engineering (4 Years, Bachelor of Technology) 	OS 	OBC-NCL 	Female-only (including Supernumerary) 	11292 	11796
National Institute of Technology, Andhra Pradesh	Mechanical Engineering (4 Years, Bachelor of Technology) 	HS 	OBC-NCL 	Gender-Neutral 	14018 	15647
National Institute of Technology, Andhra Pradesh	Mechanical Engineering (4 Years, Bachelor of Technology) 	HS 	OBC-NCL 	Female-only (including Supernumerary) 	19990 	19990
National Institute of Technology, Andhra Pradesh	Mechanical Engineering (4 Years, Bachelor of Technology) 	OS 	OBC-NCL 	Gender-Neutral 	12709 	14086
National Institute of Technology, Andhra Pradesh	Mechanical Engineering (4 Years, Bachelor of Technology) 	OS 	OBC-NCL 	Female-only (including Supernumerary) 	17683 	17683
National Institute of Technology, Andhra Pradesh	Metallurgical and Materials Engineering (4 Years, Bachelor of Technology) 	HS 	OBC-NCL 	Gender-Neutral 	19091 	19254
National Institute of Technology, Andhra Pradesh	Metallurgical and Materials Engineering (4 Years, Bachelor of Technology) 	HS 	OBC-NCL 	Female-only (including Supernumerary) 	22841 	22841
National Institute of Technology, Andhra Pradesh	Metallurgical and Materials Engineering (4 Years, Bachelor of Technology) 	OS 	OBC-NCL 	Gender-Neutral 	16832 	17472
National Institute of Technology, Andhra Pradesh	Metallurgical and Materials Engineering (4 Years, Bachelor of Technology) 	OS 	OBC-NCL 	Female-only (including Supernumerary) 	21221 	21221
Indian Institute of Engineering Science and Technology, Shibpur	Aerospace Engineering (4 Years, Bachelor of Technology) 	HS 	OBC-NCL 	Gender-Neutral 	13215 	26949
Indian Institute of Engineering Science and Technology, Shibpur	Aerospace Engineering (4 Years, Bachelor of Technology) 	HS 	OBC-NCL 	Female-only (including Supernumerary) 	31241 	31241
Indian Institute of Engineering Science and Technology, Shibpur	Aerospace Engineering (4 Years, Bachelor of Technology) 	OS 	OBC-NCL 	Gender-Neutral 	7784 	9052
Indian Institute of Engineering Science and Technology, Shibpur	Aerospace Engineering (4 Years, Bachelor of Technology) 	OS 	OBC-NCL 	Female-only (including Supernumerary) 	15970 	15970
Indian Institute of Engineering Science and Technology, Shibpur	Architecture (5 Years, Bachelor of Architecture) 	HS 	OBC-NCL 	Gender-Neutral 	1400 	1595
Indian Institute of Engineering Science and Technology, Shibpur	Architecture (5 Years, Bachelor of Architecture) 	HS 	OBC-NCL 	Female-only (including Supernumerary) 	907 	907
Indian Institute of Engineering Science and Technology, Shibpur	Architecture (5 Years, Bachelor of Architecture) 	OS 	OBC-NCL 	Gender-Neutral 	326 	556
Indian Institute of Engineering Science and Technology, Shibpur	Architecture (5 Years, Bachelor of Architecture) 	OS 	OBC-NCL 	Female-only (including Supernumerary) 	452 	452
Indian Institute of Engineering Science and Technology, Shibpur	Civil Engineering (4 Years, Bachelor of Technology) 	HS 	OBC-NCL 	Gender-Neutral 	24370 	32849
Indian Institute of Engineering Science and Technology, Shibpur	Civil Engineering (4 Years, Bachelor of Technology) 	HS 	OBC-NCL 	Female-only (including Supernumerary) 	40851 	48966
Indian Institute of Engineering Science and Technology, Shibpur	Civil Engineering (4 Years, Bachelor of Technology) 	OS 	OBC-NCL 	Gender-Neutral 	16433 	18089
Indian Institute of Engineering Science and Technology, Shibpur	Civil Engineering (4 Years, Bachelor of Technology) 	OS 	OBC-NCL 	Female-only (including Supernumerary) 	23136 	25125
Indian Institute of Engineering Science and Technology, Shibpur	Computer Science and Engineering (4 Years, Bachelor of Technology) 	HS 	OBC-NCL 	Gender-Neutral 	5652 	11134
Indian Institute of Engineering Science and Technology, Shibpur	Computer Science and Engineering (4 Years, Bachelor of Technology) 	HS 	OBC-NCL 	Female-only (including Supernumerary) 	20269 	21731
Indian Institute of Engineering Science and Technology, Shibpur	Computer Science and Engineering (4 Years, Bachelor of Technology) 	OS 	OBC-NCL 	Gender-Neutral 	5381 	5990
Indian Institute of Engineering Science and Technology, Shibpur	Computer Science and Engineering (4 Years, Bachelor of Technology) 	OS 	OBC-NCL 	Female-only (including Supernumerary) 	11308 	11392
Indian Institute of Engineering Science and Technology, Shibpur	Electrical Engineering (4 Years, Bachelor of Technology) 	HS 	OBC-NCL 	Gender-Neutral 	16887 	19438
Indian Institute of Engineering Science and Technology, Shibpur	Electrical Engineering (4 Years, Bachelor of Technology) 	HS 	OBC-NCL 	Female-only (including Supernumerary) 	26660 	29812
Indian Institute of Engineering Science and Technology, Shibpur	Electrical Engineering (4 Years, Bachelor of Technology) 	OS 	OBC-NCL 	Gender-Neutral 	9171 	9808
Indian Institute of Engineering Science and Technology, Shibpur	Electrical Engineering (4 Years, Bachelor of Technology) 	OS 	OBC-NCL 	Female-only (including Supernumerary) 	15744 	17107
Indian Institute of Engineering Science and Technology, Shibpur	Electronics and Telecommunication Engineering (4 Years, Bachelor of Technology) 	HS 	OBC-NCL 	Gender-Neutral 	13529 	16531
Indian Institute of Engineering Science and Technology, Shibpur	Electronics and Telecommunication Engineering (4 Years, Bachelor of Technology) 	HS 	OBC-NCL 	Female-only (including Supernumerary) 	24866 	24866
Indian Institute of Engineering Science and Technology, Shibpur	Electronics and Telecommunication Engineering (4 Years, Bachelor of Technology) 	OS 	OBC-NCL 	Gender-Neutral 	7088 	8146
Indian Institute of Engineering Science and Technology, Shibpur	Electronics and Telecommunication Engineering (4 Years, Bachelor of Technology) 	OS 	OBC-NCL 	Female-only (including Supernumerary) 	15045 	15115
Indian Institute of Engineering Science and Technology, Shibpur	Information Technology (4 Years, Bachelor of Technology) 	HS 	OBC-NCL 	Gender-Neutral 	13946 	15692
Indian Institute of Engineering Science and Technology, Shibpur	Information Technology (4 Years, Bachelor of Technology) 	HS 	OBC-NCL 	Female-only (including Supernumerary) 	22306 	26630
Indian Institute of Engineering Science and Technology, Shibpur	Information Technology (4 Years, Bachelor of Technology) 	OS 	OBC-NCL 	Gender-Neutral 	6080 	6823
Indian Institute of Engineering Science and Technology, Shibpur	Information Technology (4 Years, Bachelor of Technology) 	OS 	OBC-NCL 	Female-only (including Supernumerary) 	11638 	12375
Indian Institute of Engineering Science and Technology, Shibpur	Mechanical Engineering (4 Years, Bachelor of Technology) 	HS 	OBC-NCL 	Gender-Neutral 	20191 	25930
Indian Institute of Engineering Science and Technology, Shibpur	Mechanical Engineering (4 Years, Bachelor of Technology) 	HS 	OBC-NCL 	Female-only (including Supernumerary) 	33450 	34141
Indian Institute of Engineering Science and Technology, Shibpur	Mechanical Engineering (4 Years, Bachelor of Technology) 	OS 	OBC-NCL 	Gender-Neutral 	11198 	13562
Indian Institute of Engineering Science and Technology, Shibpur	Mechanical Engineering (4 Years, Bachelor of Technology) 	OS 	OBC-NCL 	Female-only (including Supernumerary) 	21766 	23054
Indian Institute of Engineering Science and Technology, Shibpur	Metallurgy and Materials Engineering (4 Years, Bachelor of Technology) 	HS 	OBC-NCL 	Gender-Neutral 	29047 	32087
Indian Institute of Engineering Science and Technology, Shibpur	Metallurgy and Materials Engineering (4 Years, Bachelor of Technology) 	HS 	OBC-NCL 	Female-only (including Supernumerary) 	42989 	42989
Indian Institute of Engineering Science and Technology, Shibpur	Metallurgy and Materials Engineering (4 Years, Bachelor of Technology) 	OS 	OBC-NCL 	Gender-Neutral 	16179 	18309
Indian Institute of Engineering Science and Technology, Shibpur	Metallurgy and Materials Engineering (4 Years, Bachelor of Technology) 	OS 	OBC-NCL 	Female-only (including Supernumerary) 	24682 	24682
Indian Institute of Engineering Science and Technology, Shibpur	Mining Engineering (4 Years, Bachelor of Technology) 	HS 	OBC-NCL 	Gender-Neutral 	30258 	34954
Indian Institute of Engineering Science and Technology, Shibpur	Mining Engineering (4 Years, Bachelor of Technology) 	HS 	OBC-NCL 	Female-only (including Supernumerary) 	50210 	50210
Indian Institute of Engineering Science and Technology, Shibpur	Mining Engineering (4 Years, Bachelor of Technology) 	OS 	OBC-NCL 	Gender-Neutral 	18135 	18564
Indian Institute of Engineering Science and Technology, Shibpur	Mining Engineering (4 Years, Bachelor of Technology) 	OS 	OBC-NCL 	Female-only (including Supernumerary) 	25370 	25379
Atal Bihari Vajpayee Indian Institute of Information Technology & Management Gwalior	Computer Science and Engineering (4 Years, Bachelor of Technology) 	AI 	OBC-NCL 	Gender-Neutral 	2583 	3413
Atal Bihari Vajpayee Indian Institute of Information Technology & Management Gwalior	Computer Science and Engineering (4 Years, Bachelor of Technology) 	AI 	OBC-NCL 	Female-only (including Supernumerary) 	4902 	6583
Atal Bihari Vajpayee Indian Institute of Information Technology & Management Gwalior	Electrical and Electronics Engineering (4 Years, Bachelor of Technology) 	AI 	OBC-NCL 	Gender-Neutral 	5258 	6392
Atal Bihari Vajpayee Indian Institute of Information Technology & Management Gwalior	Electrical and Electronics Engineering (4 Years, Bachelor of Technology) 	AI 	OBC-NCL 	Female-only (including Supernumerary) 	13900 	14415
Atal Bihari Vajpayee Indian Institute of Information Technology & Management Gwalior	Integrated B. Tech.(IT) and M. Tech (IT) (5 Years, Integrated B. Tech. and M. Tech.) 	AI 	OBC-NCL 	Gender-Neutral 	4150 	5314
Atal Bihari Vajpayee Indian Institute of Information Technology & Management Gwalior	Integrated B. Tech.(IT) and M. Tech (IT) (5 Years, Integrated B. Tech. and M. Tech.) 	AI 	OBC-NCL 	Female-only (including Supernumerary) 	9391 	10183
Atal Bihari Vajpayee Indian Institute of Information Technology & Management Gwalior	Integrated B. Tech.(IT) and MBA (5 Years, Integrated B. Tech. and MBA) 	AI 	OBC-NCL 	Gender-Neutral 	5370 	6146
Atal Bihari Vajpayee Indian Institute of Information Technology & Management Gwalior	Integrated B. Tech.(IT) and MBA (5 Years, Integrated B. Tech. and MBA) 	AI 	OBC-NCL 	Female-only (including Supernumerary) 	10281 	10675
Atal Bihari Vajpayee Indian Institute of Information Technology & Management Gwalior	Mathematics and Scientific Computing (4 Years, Bachelor of Technology) 	AI 	OBC-NCL 	Gender-Neutral 	3438 	4696
Atal Bihari Vajpayee Indian Institute of Information Technology & Management Gwalior	Mathematics and Scientific Computing (4 Years, Bachelor of Technology) 	AI 	OBC-NCL 	Female-only (including Supernumerary) 	8474 	10045
Indian Institute of Information Technology (IIIT)Kota, Rajasthan	Artificial Intelligence and Data Engineering (4 Years, Bachelor of Technology) 	AI 	OBC-NCL 	Gender-Neutral 	8874 	12083
Indian Institute of Information Technology (IIIT)Kota, Rajasthan	Artificial Intelligence and Data Engineering (4 Years, Bachelor of Technology) 	AI 	OBC-NCL 	Female-only (including Supernumerary) 	17614 	17723
Indian Institute of Information Technology (IIIT)Kota, Rajasthan	Computer Science and Engineering (4 Years, Bachelor of Technology) 	AI 	OBC-NCL 	Gender-Neutral 	7799 	11048
Indian Institute of Information Technology (IIIT)Kota, Rajasthan	Computer Science and Engineering (4 Years, Bachelor of Technology) 	AI 	OBC-NCL 	Female-only (including Supernumerary) 	12749 	17287
Indian Institute of Information Technology (IIIT)Kota, Rajasthan	Electronics and Communication Engineering (4 Years, Bachelor of Technology) 	AI 	OBC-NCL 	Gender-Neutral 	12102 	14163
Indian Institute of Information Technology (IIIT)Kota, Rajasthan	Electronics and Communication Engineering (4 Years, Bachelor of Technology) 	AI 	OBC-NCL 	Female-only (including Supernumerary) 	19475 	20084
Indian Institute of Information Technology Guwahati	Computer Science and Engineering (4 Years, Bachelor of Technology) 	AI 	OBC-NCL 	Gender-Neutral 	6374 	8583
Indian Institute of Information Technology Guwahati	Computer Science and Engineering (4 Years, Bachelor of Technology) 	AI 	OBC-NCL 	Female-only (including Supernumerary) 	12545 	15656
Indian Institute of Information Technology Guwahati	Electronics and Communication Engineering (4 Years, Bachelor of Technology) 	AI 	OBC-NCL 	Gender-Neutral 	8803 	12316
Indian Institute of Information Technology Guwahati	Electronics and Communication Engineering (4 Years, Bachelor of Technology) 	AI 	OBC-NCL 	Female-only (including Supernumerary) 	17898 	19633
Indian Institute of Information Technology(IIIT) Kalyani, West Bengal	Computer Science and Engineering ( Artificial Intelligence & Data Science) (4 Years, Bachelor of Technology) 	AI 	OBC-NCL 	Gender-Neutral 	13282 	16265
Indian Institute of Information Technology(IIIT) Kalyani, West Bengal	Computer Science and Engineering ( Artificial Intelligence & Data Science) (4 Years, Bachelor of Technology) 	AI 	OBC-NCL 	Female-only (including Supernumerary) 	18618 	18618
Indian Institute of Information Technology(IIIT) Kalyani, West Bengal	Computer Science and Engineering (4 Years, Bachelor of Technology) 	AI 	OBC-NCL 	Gender-Neutral 	13866 	17088
Indian Institute of Information Technology(IIIT) Kalyani, West Bengal	Computer Science and Engineering (4 Years, Bachelor of Technology) 	AI 	OBC-NCL 	Female-only (including Supernumerary) 	19402 	20022
Indian Institute of Information Technology(IIIT) Kalyani, West Bengal	Computer Science and Engineering (Cyber Security) (4 Years, Bachelor of Technology) 	AI 	OBC-NCL 	Gender-Neutral 	15340 	16741
Indian Institute of Information Technology(IIIT) Kalyani, West Bengal	Computer Science and Engineering (Cyber Security) (4 Years, Bachelor of Technology) 	AI 	OBC-NCL 	Female-only (including Supernumerary) 	20456 	20456
Indian Institute of Information Technology(IIIT) Kalyani, West Bengal	Electronics and Communication Engineering (4 Years, Bachelor of Technology) 	AI 	OBC-NCL 	Gender-Neutral 	16949 	17862
Indian Institute of Information Technology(IIIT) Kalyani, West Bengal	Electronics and Communication Engineering (4 Years, Bachelor of Technology) 	AI 	OBC-NCL 	Female-only (including Supernumerary) 	19386 	19386
Indian Institute of Information Technology(IIIT) Kilohrad, Sonepat, Haryana	Computer Science and Engineering (4 Years, Bachelor of Technology) 	AI 	OBC-NCL 	Gender-Neutral 	9706 	13377
Indian Institute of Information Technology(IIIT) Kilohrad, Sonepat, Haryana	CSE ( Data Science & Analytics) (4 Years, Bachelor of Technology) 	AI 	OBC-NCL 	Gender-Neutral 	11034 	14976
Indian Institute of Information Technology(IIIT) Kilohrad, Sonepat, Haryana	Information Technology (4 Years, Bachelor of Technology) 	AI 	OBC-NCL 	Gender-Neutral 	10522 	15060
Indian Institute of Information Technology(IIIT) Una, Himachal Pradesh	Computer Science and Engineering (4 Years, Bachelor of Technology) 	AI 	OBC-NCL 	Gender-Neutral 	9584 	13987
Indian Institute of Information Technology(IIIT) Una, Himachal Pradesh	Computer Science and Engineering (4 Years, Bachelor of Technology) 	AI 	OBC-NCL 	Female-only (including Supernumerary) 	13033 	15742
Indian Institute of Information Technology(IIIT) Una, Himachal Pradesh	Computer Science and Engineering (Cyber Security) (4 Years, Bachelor of Technology) 	AI 	OBC-NCL 	Gender-Neutral 	12935 	14817
Indian Institute of Information Technology(IIIT) Una, Himachal Pradesh	Computer Science and Engineering (Data Science) (4 Years, Bachelor of Technology) 	AI 	OBC-NCL 	Gender-Neutral 	13443 	14255
Indian Institute of Information Technology(IIIT) Una, Himachal Pradesh	Electronics and Communication Engineering (4 Years, Bachelor of Technology) 	AI 	OBC-NCL 	Gender-Neutral 	13970 	16307
Indian Institute of Information Technology(IIIT) Una, Himachal Pradesh	Electronics and Communication Engineering (4 Years, Bachelor of Technology) 	AI 	OBC-NCL 	Female-only (including Supernumerary) 	18500 	18500
Indian Institute of Information Technology (IIIT), Sri City, Chittoor	Artificial Intelligence and Data Science (4 Years, Bachelor of Technology) 	AI 	OBC-NCL 	Gender-Neutral 	7787 	10863
Indian Institute of Information Technology (IIIT), Sri City, Chittoor	Artificial Intelligence and Data Science (4 Years, Bachelor of Technology) 	AI 	OBC-NCL 	Female-only (including Supernumerary) 	13744 	16950
Indian Institute of Information Technology (IIIT), Sri City, Chittoor	Computer Science and Engineering (4 Years, Bachelor of Technology) 	AI 	OBC-NCL 	Gender-Neutral 	7123 	10575
Indian Institute of Information Technology (IIIT), Sri City, Chittoor	Computer Science and Engineering (4 Years, Bachelor of Technology) 	AI 	OBC-NCL 	Female-only (including Supernumerary) 	9980 	14383
Indian Institute of Information Technology (IIIT), Sri City, Chittoor	Electronics and Communication Engineering (4 Years, Bachelor of Technology) 	AI 	OBC-NCL 	Gender-Neutral 	9574 	12466
Indian Institute of Information Technology (IIIT), Sri City, Chittoor	Electronics and Communication Engineering (4 Years, Bachelor of Technology) 	AI 	OBC-NCL 	Female-only (including Supernumerary) 	15367 	18510
Indian Institute of Information Technology(IIIT), Vadodara, Gujrat	Artificial Intelligence (4 Years, Bachelor of Technology) 	AI 	OBC-NCL 	Gender-Neutral 	9278 	12123
Indian Institute of Information Technology(IIIT), Vadodara, Gujrat	Artificial Intelligence (4 Years, Bachelor of Technology) 	AI 	OBC-NCL 	Female-only (including Supernumerary) 	18314 	18671
Indian Institute of Information Technology(IIIT), Vadodara, Gujrat	Computer Science and Engineering (4 Years, Bachelor of Technology) 	AI 	OBC-NCL 	Gender-Neutral 	7453 	10912
Indian Institute of Information Technology(IIIT), Vadodara, Gujrat	Computer Science and Engineering (4 Years, Bachelor of Technology) 	AI 	OBC-NCL 	Female-only (including Supernumerary) 	10755 	17165
Indian Institute of Information Technology(IIIT), Vadodara, Gujrat	Electronics and Communication Engineering (4 Years, Bachelor of Technology) 	AI 	OBC-NCL 	Gender-Neutral 	12537 	15961
Indian Institute of Information Technology(IIIT), Vadodara, Gujrat	Electronics and Communication Engineering (4 Years, Bachelor of Technology) 	AI 	OBC-NCL 	Female-only (including Supernumerary) 	16605 	20240
Indian Institute of Information Technology(IIIT), Vadodara, Gujrat	Information Technology (4 Years, Bachelor of Technology) 	AI 	OBC-NCL 	Gender-Neutral 	9836 	12436
Indian Institute of Information Technology(IIIT), Vadodara, Gujrat	Information Technology (4 Years, Bachelor of Technology) 	AI 	OBC-NCL 	Female-only (including Supernumerary) 	15242 	17864
Indian Institute of Information Technology, Allahabad	Electronics and Communication Engineering (4 Years, Bachelor of Technology) 	AI 	OBC-NCL 	Gender-Neutral 	2293 	3537
Indian Institute of Information Technology, Allahabad	Electronics and Communication Engineering (4 Years, Bachelor of Technology) 	AI 	OBC-NCL 	Female-only (including Supernumerary) 	5713 	8273
Indian Institute of Information Technology, Allahabad	Information Technology (4 Years, Bachelor of Technology) 	AI 	OBC-NCL 	Gender-Neutral 	1484 	2531
Indian Institute of Information Technology, Allahabad	Information Technology (4 Years, Bachelor of Technology) 	AI 	OBC-NCL 	Female-only (including Supernumerary) 	3019 	5444
Indian Institute of Information Technology, Allahabad	Information Technology-Business Informatics (4 Years, Bachelor of Technology) 	AI 	OBC-NCL 	Gender-Neutral 	2207 	2541
Indian Institute of Information Technology, Allahabad	Information Technology-Business Informatics (4 Years, Bachelor of Technology) 	AI 	OBC-NCL 	Female-only (including Supernumerary) 	5499 	5695
Indian Institute of Information Technology, Design & Manufacturing, Kancheepuram	B.Tech in Mechanical Engineering and M.Tech in AI and Robotics (5 Years, B.Tech. + M.Tech./MS (Dual Degree)) 	AI 	OBC-NCL 	Gender-Neutral 	10963 	14470
Indian Institute of Information Technology, Design & Manufacturing, Kancheepuram	B.Tech in Mechanical Engineering and M.Tech in AI and Robotics (5 Years, B.Tech. + M.Tech./MS (Dual Degree)) 	AI 	OBC-NCL 	Female-only (including Supernumerary) 	19279 	19631
Indian Institute of Information Technology, Design & Manufacturing, Kancheepuram	B.Tech. in Electronics and Communication Engineering and M.Tech. in Communication Systems (5 Years, Bachelor and Master of Technology (Dual Degree)) 	AI 	OBC-NCL 	Gender-Neutral 	8610 	9909
Indian Institute of Information Technology, Design & Manufacturing, Kancheepuram	B.Tech. in Electronics and Communication Engineering and M.Tech. in Communication Systems (5 Years, Bachelor and Master of Technology (Dual Degree)) 	AI 	OBC-NCL 	Female-only (including Supernumerary) 	15086 	15086
Indian Institute of Information Technology, Design & Manufacturing, Kancheepuram	B.Tech. in Electronics and Communication Engineering and M.Tech. in Microelectronics and VLSI Systems (5 Years, Bachelor and Master of Technology (Dual Degree)) 	AI 	OBC-NCL 	Gender-Neutral 	7116 	9448
Indian Institute of Information Technology, Design & Manufacturing, Kancheepuram	B.Tech. in Electronics and Communication Engineering and M.Tech. in Microelectronics and VLSI Systems (5 Years, Bachelor and Master of Technology (Dual Degree)) 	AI 	OBC-NCL 	Female-only (including Supernumerary) 	14575 	14575
Indian Institute of Information Technology, Design & Manufacturing, Kancheepuram	Computer Science and Engineering (4 Years, Bachelor of Technology) 	AI 	OBC-NCL 	Gender-Neutral 	4852 	6770
Indian Institute of Information Technology, Design & Manufacturing, Kancheepuram	Computer Science and Engineering (4 Years, Bachelor of Technology) 	AI 	OBC-NCL 	Female-only (including Supernumerary) 	8797 	8990
Indian Institute of Information Technology, Design & Manufacturing, Kancheepuram	Computer Science and Engineering (5 Years, Bachelor and Master of Technology (Dual Degree)) 	AI 	OBC-NCL 	Gender-Neutral 	6402 	8233
Indian Institute of Information Technology, Design & Manufacturing, Kancheepuram	Computer Science and Engineering (5 Years, Bachelor and Master of Technology (Dual Degree)) 	AI 	OBC-NCL 	Female-only (including Supernumerary) 	9581 	11751
Indian Institute of Information Technology, Design & Manufacturing, Kancheepuram	Computer Science and Engineering with Major in Artificial Intelligence (4 Years, Bachelor of Technology) 	AI 	OBC-NCL 	Gender-Neutral 	5826 	6930
Indian Institute of Information Technology, Design & Manufacturing, Kancheepuram	Computer Science and Engineering with Major in Artificial Intelligence (4 Years, Bachelor of Technology) 	AI 	OBC-NCL 	Female-only (including Supernumerary) 	7540 	9074
Indian Institute of Information Technology, Design & Manufacturing, Kancheepuram	Design Engineering (4 Years, Bachelor of Technology) 	AI 	OBC-NCL 	Gender-Neutral 	16561 	18076
Indian Institute of Information Technology, Design & Manufacturing, Kancheepuram	Electronics and Communication Engineering (4 Years, Bachelor of Technology) 	AI 	OBC-NCL 	Gender-Neutral 	7044 	9112
Indian Institute of Information Technology, Design & Manufacturing, Kancheepuram	Electronics and Communication Engineering (4 Years, Bachelor of Technology) 	AI 	OBC-NCL 	Female-only (including Supernumerary) 	11218 	14412
Indian Institute of Information Technology, Design & Manufacturing, Kancheepuram	Engineering Physics (4 Years, Bachelor of Technology) 	AI 	OBC-NCL 	Gender-Neutral 	11347 	15149
Indian Institute of Information Technology, Design & Manufacturing, Kancheepuram	Mechanical Engineering (4 Years, Bachelor of Technology) 	AI 	OBC-NCL 	Gender-Neutral 	13105 	16082
Indian Institute of Information Technology, Design & Manufacturing, Kancheepuram	Mechanical Engineering (4 Years, Bachelor of Technology) 	AI 	OBC-NCL 	Female-only (including Supernumerary) 	18530 	19789
Indian Institute of Information Technology, Design & Manufacturing, Kancheepuram	Smart Manufacturing (4 Years, Bachelor of Technology) 	AI 	OBC-NCL 	Gender-Neutral 	16366 	18198
Indian Institute of Information Technology, Design & Manufacturing, Kancheepuram	Smart Manufacturing (4 Years, Bachelor of Technology) 	AI 	OBC-NCL 	Female-only (including Supernumerary) 	19424 	20647
Pt. Dwarka Prasad Mishra Indian Institute of Information Technology, Design & Manufacture Jabalpur	Computer Science and Engineering (4 Years, Bachelor of Technology) 	AI 	OBC-NCL 	Gender-Neutral 	3597 	5411
Pt. Dwarka Prasad Mishra Indian Institute of Information Technology, Design & Manufacture Jabalpur	Computer Science and Engineering (4 Years, Bachelor of Technology) 	AI 	OBC-NCL 	Female-only (including Supernumerary) 	6006 	10444
Pt. Dwarka Prasad Mishra Indian Institute of Information Technology, Design & Manufacture Jabalpur	Electronics and Communication Engineering (4 Years, Bachelor of Technology) 	AI 	OBC-NCL 	Gender-Neutral 	5660 	7147
Pt. Dwarka Prasad Mishra Indian Institute of Information Technology, Design & Manufacture Jabalpur	Electronics and Communication Engineering (4 Years, Bachelor of Technology) 	AI 	OBC-NCL 	Female-only (including Supernumerary) 	10589 	12800
Pt. Dwarka Prasad Mishra Indian Institute of Information Technology, Design & Manufacture Jabalpur	Mechanical Engineering (4 Years, Bachelor of Technology) 	AI 	OBC-NCL 	Gender-Neutral 	13895 	15818
Pt. Dwarka Prasad Mishra Indian Institute of Information Technology, Design & Manufacture Jabalpur	Mechanical Engineering (4 Years, Bachelor of Technology) 	AI 	OBC-NCL 	Female-only (including Supernumerary) 	19472 	20092
Pt. Dwarka Prasad Mishra Indian Institute of Information Technology, Design & Manufacture Jabalpur	Smart Manufacturing (4 Years, Bachelor of Technology) 	AI 	OBC-NCL 	Gender-Neutral 	16096 	18397
Pt. Dwarka Prasad Mishra Indian Institute of Information Technology, Design & Manufacture Jabalpur	Smart Manufacturing (4 Years, Bachelor of Technology) 	AI 	OBC-NCL 	Female-only (including Supernumerary) 	21406 	24128
INDIAN INSTITUTE OF INFORMATION TECHNOLOGY SENAPATI MANIPUR	Computer Science and Engineering (4 Years, Bachelor of Technology) 	AI 	OBC-NCL 	Gender-Neutral 	17844 	19787
INDIAN INSTITUTE OF INFORMATION TECHNOLOGY SENAPATI MANIPUR	Computer Science and Engineering (4 Years, Bachelor of Technology) 	AI 	OBC-NCL 	Female-only (including Supernumerary) 	23009 	26803
INDIAN INSTITUTE OF INFORMATION TECHNOLOGY SENAPATI MANIPUR	Computer Science and Engineering with specialization in Artificial Intelligence and Data Science (4 Years, Bachelor of Technology) 	AI 	OBC-NCL 	Gender-Neutral 	18412 	19965
INDIAN INSTITUTE OF INFORMATION TECHNOLOGY SENAPATI MANIPUR	Computer Science and Engineering with specialization in Artificial Intelligence and Data Science (4 Years, Bachelor of Technology) 	AI 	OBC-NCL 	Female-only (including Supernumerary) 	23373 	26918
INDIAN INSTITUTE OF INFORMATION TECHNOLOGY SENAPATI MANIPUR	Computer Science and Engineering with specialization in Cyber Security (4 Years, Bachelor of Technology) 	AI 	OBC-NCL 	Gender-Neutral 	19266 	20409
INDIAN INSTITUTE OF INFORMATION TECHNOLOGY SENAPATI MANIPUR	Computer Science and Engineering with specialization in Cyber Security (4 Years, Bachelor of Technology) 	AI 	OBC-NCL 	Female-only (including Supernumerary) 	27071 	28179
INDIAN INSTITUTE OF INFORMATION TECHNOLOGY SENAPATI MANIPUR	Computer Science and Engineering with specialization in Quantum Technologies (4 Years, Bachelor of Technology) 	AI 	OBC-NCL 	Gender-Neutral 	17393 	19012
INDIAN INSTITUTE OF INFORMATION TECHNOLOGY SENAPATI MANIPUR	Computer Science and Engineering with specialization in Quantum Technologies (4 Years, Bachelor of Technology) 	AI 	OBC-NCL 	Female-only (including Supernumerary) 	23384 	23941
INDIAN INSTITUTE OF INFORMATION TECHNOLOGY SENAPATI MANIPUR	Electronics and Communication Engineering (4 Years, Bachelor of Technology) 	AI 	OBC-NCL 	Gender-Neutral 	20040 	21455
INDIAN INSTITUTE OF INFORMATION TECHNOLOGY SENAPATI MANIPUR	Electronics and Communication Engineering (4 Years, Bachelor of Technology) 	AI 	OBC-NCL 	Female-only (including Supernumerary) 	25841 	28649
INDIAN INSTITUTE OF INFORMATION TECHNOLOGY SENAPATI MANIPUR	Electronics and Communication Engineering with specialization in VLSI and Embedded Systems (4 Years, Bachelor of Technology) 	AI 	OBC-NCL 	Gender-Neutral 	21501 	22348
INDIAN INSTITUTE OF INFORMATION TECHNOLOGY SENAPATI MANIPUR	Electronics and Communication Engineering with specialization in VLSI and Embedded Systems (4 Years, Bachelor of Technology) 	AI 	OBC-NCL 	Female-only (including Supernumerary) 	28173 	30022
Indian Institute of Information Technology Tiruchirappalli	Computer Science and Engineering ( Artificial Intelligence & Data Science) (4 Years, Bachelor of Technology) 	AI 	OBC-NCL 	Gender-Neutral 	7330 	11235
Indian Institute of Information Technology Tiruchirappalli	Computer Science and Engineering (4 Years, Bachelor of Technology) 	AI 	OBC-NCL 	Gender-Neutral 	9366 	11774
Indian Institute of Information Technology Tiruchirappalli	Computer Science and Engineering (4 Years, Bachelor of Technology) 	AI 	OBC-NCL 	Female-only (including Supernumerary) 	13205 	15189
Indian Institute of Information Technology Tiruchirappalli	Electronics and Communication Engineering (4 Years, Bachelor of Technology) 	AI 	OBC-NCL 	Gender-Neutral 	11116 	14629
Indian Institute of Information Technology Tiruchirappalli	Electronics and Communication Engineering (4 Years, Bachelor of Technology) 	AI 	OBC-NCL 	Female-only (including Supernumerary) 	15421 	18577
Indian Institute of Information Technology Tiruchirappalli	Electronics and Communication Engineering (VLSI Design) (4 Years, Bachelor of Technology) 	AI 	OBC-NCL 	Gender-Neutral 	10256 	14506
Indian Institute of Information Technology Lucknow	Computer Science (4 Years, Bachelor of Technology) 	AI 	OBC-NCL 	Gender-Neutral 	2468 	3705
Indian Institute of Information Technology Lucknow	Computer Science (4 Years, Bachelor of Technology) 	AI 	OBC-NCL 	Female-only (including Supernumerary) 	5839 	6204
Indian Institute of Information Technology Lucknow	Computer Science and Artificial Intelligence (4 Years, Bachelor of Technology) 	AI 	OBC-NCL 	Gender-Neutral 	2258 	3399
Indian Institute of Information Technology Lucknow	Computer Science and Artificial Intelligence (4 Years, Bachelor of Technology) 	AI 	OBC-NCL 	Female-only (including Supernumerary) 	7473 	7597
Indian Institute of Information Technology Lucknow	Computer Science and Business (4 Years, Bachelor of Technology) 	AI 	OBC-NCL 	Gender-Neutral 	3414 	4309
Indian Institute of Information Technology Lucknow	Computer Science and Business (4 Years, Bachelor of Technology) 	AI 	OBC-NCL 	Female-only (including Supernumerary) 	6850 	8318
Indian Institute of Information Technology Lucknow	Information Technology (4 Years, Bachelor of Technology) 	AI 	OBC-NCL 	Gender-Neutral 	3833 	4469
Indian Institute of Information Technology Lucknow	Information Technology (4 Years, Bachelor of Technology) 	AI 	OBC-NCL 	Female-only (including Supernumerary) 	7772 	9497
Indian Institute of Information Technology(IIIT) Dharwad 	Computer Science and Engineering (4 Years, Bachelor of Technology) 	AI 	OBC-NCL 	Gender-Neutral 	12460 	16414
Indian Institute of Information Technology(IIIT) Dharwad 	Computer Science and Engineering (4 Years, Bachelor of Technology) 	AI 	OBC-NCL 	Female-only (including Supernumerary) 	13393 	20078
Indian Institute of Information Technology(IIIT) Dharwad 	Data Science and Artificial Intelligence (4 Years, Bachelor of Technology) 	AI 	OBC-NCL 	Gender-Neutral 	13929 	16967
Indian Institute of Information Technology(IIIT) Dharwad 	Data Science and Artificial Intelligence (4 Years, Bachelor of Technology) 	AI 	OBC-NCL 	Female-only (including Supernumerary) 	18233 	20568
Indian Institute of Information Technology(IIIT) Dharwad 	Electronics and Communication Engineering (4 Years, Bachelor of Technology) 	AI 	OBC-NCL 	Gender-Neutral 	13803 	17311
Indian Institute of Information Technology(IIIT) Dharwad 	Electronics and Communication Engineering (4 Years, Bachelor of Technology) 	AI 	OBC-NCL 	Female-only (including Supernumerary) 	19582 	20916
Indian Institute of Information Technology Design & Manufacturing Kurnool, Andhra Pradesh	Artificial Intelligence and Data Science (4 Years, Bachelor of Technology) 	AI 	OBC-NCL 	Gender-Neutral 	13210 	14257
Indian Institute of Information Technology Design & Manufacturing Kurnool, Andhra Pradesh	Artificial Intelligence and Data Science (4 Years, Bachelor of Technology) 	AI 	OBC-NCL 	Female-only (including Supernumerary) 	13919 	18521
Indian Institute of Information Technology Design & Manufacturing Kurnool, Andhra Pradesh	Computer Science and Engineering (4 Years, Bachelor of Technology) 	AI 	OBC-NCL 	Gender-Neutral 	9665 	13252
Indian Institute of Information Technology Design & Manufacturing Kurnool, Andhra Pradesh	Computer Science and Engineering (4 Years, Bachelor of Technology) 	AI 	OBC-NCL 	Female-only (including Supernumerary) 	11676 	16670
Indian Institute of Information Technology Design & Manufacturing Kurnool, Andhra Pradesh	Computer Science and Engineering (5 Years, Bachelor and Master of Technology (Dual Degree)) 	AI 	OBC-NCL 	Gender-Neutral 	12398 	14960
Indian Institute of Information Technology Design & Manufacturing Kurnool, Andhra Pradesh	Computer Science and Engineering (5 Years, Bachelor and Master of Technology (Dual Degree)) 	AI 	OBC-NCL 	Female-only (including Supernumerary) 	16964 	16964
Indian Institute of Information Technology Design & Manufacturing Kurnool, Andhra Pradesh	Electronics and Communication Engineering (5 Years, Bachelor and Master of Technology (Dual Degree)) 	AI 	OBC-NCL 	Gender-Neutral 	15928 	16658
Indian Institute of Information Technology Design & Manufacturing Kurnool, Andhra Pradesh	Electronics and Communication Engineering (5 Years, Bachelor and Master of Technology (Dual Degree)) 	AI 	OBC-NCL 	Female-only (including Supernumerary) 	20799 	20799
Indian Institute of Information Technology Design & Manufacturing Kurnool, Andhra Pradesh	Electronics and Communication Engineering with specialization in Design and Manufacturing (4 Years, Bachelor of Technology) 	AI 	OBC-NCL 	Gender-Neutral 	14003 	15877
Indian Institute of Information Technology Design & Manufacturing Kurnool, Andhra Pradesh	Electronics and Communication Engineering with specialization in Design and Manufacturing (4 Years, Bachelor of Technology) 	AI 	OBC-NCL 	Female-only (including Supernumerary) 	17955 	20666
Indian Institute of Information Technology Design & Manufacturing Kurnool, Andhra Pradesh	Mechanical Engineering (5 Years, Bachelor and Master of Technology (Dual Degree)) 	AI 	OBC-NCL 	Gender-Neutral 	18132 	18870
Indian Institute of Information Technology Design & Manufacturing Kurnool, Andhra Pradesh	Mechanical Engineering (5 Years, Bachelor and Master of Technology (Dual Degree)) 	AI 	OBC-NCL 	Female-only (including Supernumerary) 	23377 	24121
Indian Institute of Information Technology Design & Manufacturing Kurnool, Andhra Pradesh	Mechanical Engineering with specialization in Design and Manufacturing (4 Years, Bachelor of Technology) 	AI 	OBC-NCL 	Gender-Neutral 	16638 	19196
Indian Institute of Information Technology Design & Manufacturing Kurnool, Andhra Pradesh	Mechanical Engineering with specialization in Design and Manufacturing (4 Years, Bachelor of Technology) 	AI 	OBC-NCL 	Female-only (including Supernumerary) 	21928 	23192
Indian Institute of Information Technology(IIIT) Kottayam	Computer Science and Engineering (4 Years, Bachelor of Technology) 	AI 	OBC-NCL 	Gender-Neutral 	11746 	14789
Indian Institute of Information Technology(IIIT) Kottayam	Computer Science and Engineering (4 Years, Bachelor of Technology) 	AI 	OBC-NCL 	Female-only (including Supernumerary) 	15286 	17718
Indian Institute of Information Technology(IIIT) Kottayam	Computer Science and Engineering with specialization in Artificial Intelligence and Data Science (4 Years, Bachelor of Technology) 	AI 	OBC-NCL 	Gender-Neutral 	9142 	12718
Indian Institute of Information Technology(IIIT) Kottayam	Computer Science and Engineering with specialization in Artificial Intelligence and Data Science (4 Years, Bachelor of Technology) 	AI 	OBC-NCL 	Female-only (including Supernumerary) 	11989 	15489
Indian Institute of Information Technology(IIIT) Kottayam	Computer Science and Engineering with specialization in Cyber Security (4 Years, Bachelor of Technology) 	AI 	OBC-NCL 	Gender-Neutral 	12630 	15082
Indian Institute of Information Technology(IIIT) Kottayam	Computer Science and Engineering with specialization in Cyber Security (4 Years, Bachelor of Technology) 	AI 	OBC-NCL 	Female-only (including Supernumerary) 	16425 	17884
Indian Institute of Information Technology(IIIT) Kottayam	Electronics and Communication Engineering (4 Years, Bachelor of Technology) 	AI 	OBC-NCL 	Gender-Neutral 	12986 	15503
Indian Institute of Information Technology(IIIT) Kottayam	Electronics and Communication Engineering (4 Years, Bachelor of Technology) 	AI 	OBC-NCL 	Female-only (including Supernumerary) 	16588 	18019
Indian Institute of Information Technology (IIIT) Ranchi	B.Tech in Mathematics and Computing (4 Years, Bachelor of Technology) 	AI 	OBC-NCL 	Gender-Neutral 	13589 	16807
Indian Institute of Information Technology (IIIT) Ranchi	Computer Science and Engineering (4 Years, Bachelor of Technology) 	AI 	OBC-NCL 	Gender-Neutral 	11287 	14896
Indian Institute of Information Technology (IIIT) Ranchi	Computer Science and Engineering (with Specialization of Data Science and Artificial Intelligence) (4 Years, B. Tech / B. Tech (Hons.)) 	AI 	OBC-NCL 	Gender-Neutral 	11337 	14069
Indian Institute of Information Technology (IIIT) Ranchi	Electronics and Communication Engineering (4 Years, Bachelor of Technology) 	AI 	OBC-NCL 	Gender-Neutral 	15657 	17324
Indian Institute of Information Technology (IIIT) Ranchi	Electronics and Communication Engineering (with Specialization of Embedded Systems and Internet of Things) (4 Years, B. Tech / B. Tech (Hons.)) 	AI 	OBC-NCL 	Gender-Neutral 	13656 	17162
Indian Institute of Information Technology (IIIT) Nagpur	Computer Science and Engineering (4 Years, Bachelor of Technology) 	AI 	OBC-NCL 	Gender-Neutral 	8173 	11280
Indian Institute of Information Technology (IIIT) Nagpur	Computer Science Engineering (Artificial lntelligence and Machine Learning) (4 Years, Bachelor of Technology) 	AI 	OBC-NCL 	Gender-Neutral 	8431 	10539
Indian Institute of Information Technology (IIIT) Nagpur	Computer Science Engineering (Data Science and Analytics) (4 Years, Bachelor of Technology) 	AI 	OBC-NCL 	Gender-Neutral 	10702 	11835
Indian Institute of Information Technology (IIIT) Nagpur	Computer Science Engineering (Human Computer lnteraction and Gaming Technology) (4 Years, Bachelor of Technology) 	AI 	OBC-NCL 	Gender-Neutral 	9807 	13249
Indian Institute of Information Technology (IIIT) Nagpur	Electronics and Communication Engineering (4 Years, Bachelor of Technology) 	AI 	OBC-NCL 	Gender-Neutral 	11930 	15838
Indian Institute of Information Technology (IIIT) Nagpur	Electronics and Communication Engineering (Internet of Things) (4 Years, Bachelor of Technology) 	AI 	OBC-NCL 	Gender-Neutral 	12750 	15778
Indian Institute of Information Technology (IIIT) Pune	Computer Science and Engineering (4 Years, Bachelor of Technology) 	AI 	OBC-NCL 	Gender-Neutral 	5417 	8439
Indian Institute of Information Technology (IIIT) Pune	Computer Science and Engineering (4 Years, Bachelor of Technology) 	AI 	OBC-NCL 	Female-only (including Supernumerary) 	11084 	14797
Indian Institute of Information Technology (IIIT) Pune	Electronics and Communication Engineering (4 Years, Bachelor of Technology) 	AI 	OBC-NCL 	Gender-Neutral 	7645 	11276
Indian Institute of Information Technology (IIIT) Pune	Electronics and Communication Engineering (4 Years, Bachelor of Technology) 	AI 	OBC-NCL 	Female-only (including Supernumerary) 	14986 	17834
Indian Institute of Information Technology Bhagalpur	Computer Science and Engineering (4 Years, Bachelor of Technology) 	AI 	OBC-NCL 	Gender-Neutral 	13905 	16641
Indian Institute of Information Technology Bhagalpur	Computer Science and Engineering (4 Years, Bachelor of Technology) 	AI 	OBC-NCL 	Female-only (including Supernumerary) 	17529 	20349
Indian Institute of Information Technology Bhagalpur	Electronics and Communication Engineering (4 Years, Bachelor of Technology) 	AI 	OBC-NCL 	Gender-Neutral 	16678 	17559
Indian Institute of Information Technology Bhagalpur	Electronics and Communication Engineering (4 Years, Bachelor of Technology) 	AI 	OBC-NCL 	Female-only (including Supernumerary) 	20681 	20681
Indian Institute of Information Technology Bhagalpur	Mathematics and Computing (4 Years, Bachelor of Technology) 	AI 	OBC-NCL 	Gender-Neutral 	15011 	17295
Indian Institute of Information Technology Bhagalpur	Mathematics and Computing (4 Years, Bachelor of Technology) 	AI 	OBC-NCL 	Female-only (including Supernumerary) 	21145 	21145
Indian Institute of Information Technology Bhagalpur	Mechatronics and Automation Engineering (4 Years, Bachelor of Technology) 	AI 	OBC-NCL 	Gender-Neutral 	17646 	18946
Indian Institute of Information Technology Bhagalpur	Mechatronics and Automation Engineering (4 Years, Bachelor of Technology) 	AI 	OBC-NCL 	Female-only (including Supernumerary) 	24133 	24814
Indian Institute of Information Technology Bhopal	B.Tech in Mathematics and Computing (4 Years, Bachelor of Technology) 	AI 	OBC-NCL 	Gender-Neutral 	12275 	13796
Indian Institute of Information Technology Bhopal	Computer Science and Engineering (4 Years, Bachelor of Technology) 	AI 	OBC-NCL 	Gender-Neutral 	8223 	11401
Indian Institute of Information Technology Bhopal	Computer Science and Engineering (Artificial Intelligence) (4 Years, Bachelor of Technology) 	AI 	OBC-NCL 	Gender-Neutral 	7359 	11438
Indian Institute of Information Technology Bhopal	Computer Science and Engineering (Cyber Physical System) (4 Years, Bachelor of Technology) 	AI 	OBC-NCL 	Gender-Neutral 	12148 	13490
Indian Institute of Information Technology Bhopal	Computer Science and Engineering (Cyber Security) (4 Years, Bachelor of Technology) 	AI 	OBC-NCL 	Gender-Neutral 	11521 	12583
Indian Institute of Information Technology Bhopal	Computer Science and Engineering (Data Science) (4 Years, Bachelor of Technology) 	AI 	OBC-NCL 	Gender-Neutral 	8620 	11458
Indian Institute of Information Technology Bhopal	Electronics and Communication Engineering (4 Years, Bachelor of Technology) 	AI 	OBC-NCL 	Gender-Neutral 	11738 	15526
Indian Institute of Information Technology Bhopal	Information Technology (4 Years, Bachelor of Technology) 	AI 	OBC-NCL 	Gender-Neutral 	11487 	13825
Indian Institute of Information Technology Bhopal	Physics and Computational Engineering (4 Years, Bachelor of Technology) 	AI 	OBC-NCL 	Gender-Neutral 	14562 	17248
Indian Institute of Information Technology Surat	Computer Science and Engineering (4 Years, Bachelor of Technology) 	AI 	OBC-NCL 	Gender-Neutral 	8507 	12176
Indian Institute of Information Technology Surat	Computer Science and Engineering (4 Years, Bachelor of Technology) 	AI 	OBC-NCL 	Female-only (including Supernumerary) 	14835 	17804
Indian Institute of Information Technology Surat	Computer Science and Engineering (Artificial Intelligence and Machine Learning) (4 Years, Bachelor of Technology) 	AI 	OBC-NCL 	Gender-Neutral 	7215 	12232
Indian Institute of Information Technology Surat	Computer Science and Engineering (Artificial Intelligence and Machine Learning) (4 Years, Bachelor of Technology) 	AI 	OBC-NCL 	Female-only (including Supernumerary) 	11350 	12671
Indian Institute of Information Technology Surat	Computer Science and Engineering (Cyber Security) (4 Years, Bachelor of Technology) 	AI 	OBC-NCL 	Gender-Neutral 	10089 	12476
Indian Institute of Information Technology Surat	Computer Science and Engineering (Cyber Security) (4 Years, Bachelor of Technology) 	AI 	OBC-NCL 	Female-only (including Supernumerary) 	18176 	18712
Indian Institute of Information Technology Surat	Electronics and Communication Engineering (4 Years, Bachelor of Technology) 	AI 	OBC-NCL 	Gender-Neutral 	12751 	15417
Indian Institute of Information Technology Surat	Electronics and Communication Engineering (4 Years, Bachelor of Technology) 	AI 	OBC-NCL 	Female-only (including Supernumerary) 	18957 	19518
Indian Institute of Information Technology, Agartala	Computer Science and Engineering (4 Years, Bachelor of Technology) 	AI 	OBC-NCL 	Gender-Neutral 	13416 	16919
Indian Institute of Information Technology, Agartala	Computer Science and Engineering (4 Years, Bachelor of Technology) 	AI 	OBC-NCL 	Female-only (including Supernumerary) 	21567 	23070
Indian institute of information technology, Raichur, Karnataka	Artificial Intelligence and Data Science (4 Years, Bachelor of Technology) 	AI 	OBC-NCL 	Gender-Neutral 	12382 	16215
Indian institute of information technology, Raichur, Karnataka	Artificial Intelligence and Data Science (4 Years, Bachelor of Technology) 	AI 	OBC-NCL 	Female-only (including Supernumerary) 	16190 	20637
Indian institute of information technology, Raichur, Karnataka	Computer Science and Engineering (4 Years, Bachelor of Technology) 	AI 	OBC-NCL 	Gender-Neutral 	10334 	15073
Indian institute of information technology, Raichur, Karnataka	Computer Science and Engineering (4 Years, Bachelor of Technology) 	AI 	OBC-NCL 	Female-only (including Supernumerary) 	17953 	19794
Indian institute of information technology, Raichur, Karnataka	Mathematics and Computing (4 Years, Bachelor of Technology) 	AI 	OBC-NCL 	Gender-Neutral 	13871 	16955
Indian institute of information technology, Raichur, Karnataka	Mathematics and Computing (4 Years, Bachelor of Technology) 	AI 	OBC-NCL 	Female-only (including Supernumerary) 	16451 	20714
Indian Institute of Information Technology, Vadodara International Campus Diu (IIITVICD)	Artificial Intelligence (4 Years, Bachelor of Technology) 	AI 	OBC-NCL 	Gender-Neutral 	14512 	16747
Indian Institute of Information Technology, Vadodara International Campus Diu (IIITVICD)	Artificial Intelligence (4 Years, Bachelor of Technology) 	AI 	OBC-NCL 	Female-only (including Supernumerary) 	18194 	20560
Indian Institute of Information Technology, Vadodara International Campus Diu (IIITVICD)	Computer Science and Engineering (4 Years, Bachelor of Technology) 	AI 	OBC-NCL 	Gender-Neutral 	11501 	15696
Indian Institute of Information Technology, Vadodara International Campus Diu (IIITVICD)	Computer Science and Engineering (4 Years, Bachelor of Technology) 	AI 	OBC-NCL 	Female-only (including Supernumerary) 	16953 	18822
Indian Institute of Information Technology, Vadodara International Campus Diu (IIITVICD)	Electronics and Communication Engineering (4 Years, Bachelor of Technology) 	AI 	OBC-NCL 	Gender-Neutral 	14760 	17809
Indian Institute of Information Technology, Vadodara International Campus Diu (IIITVICD)	Electronics and Communication Engineering (4 Years, Bachelor of Technology) 	AI 	OBC-NCL 	Female-only (including Supernumerary) 	22815 	23310
Assam University, Silchar	Agricultural Engineering (4 Years, Bachelor of Technology) 	AI 	OBC-NCL 	Gender-Neutral 	28525 	31848
Assam University, Silchar	Agricultural Engineering (4 Years, Bachelor of Technology) 	AI 	OBC-NCL 	Female-only (including Supernumerary) 	31327 	31327
Assam University, Silchar	Agricultural Engineering (4 Years, Bachelor of Technology) 	HS 	OBC-NCL 	Gender-Neutral 	85861 	127136
Assam University, Silchar	Agricultural Engineering (4 Years, Bachelor of Technology) 	HS 	OBC-NCL 	Female-only (including Supernumerary) 	117238 	117238
Assam University, Silchar	Computer Science and Engineering (4 Years, Bachelor of Technology) 	AI 	OBC-NCL 	Gender-Neutral 	18377 	20538
Assam University, Silchar	Computer Science and Engineering (4 Years, Bachelor of Technology) 	AI 	OBC-NCL 	Female-only (including Supernumerary) 	21274 	21274
Assam University, Silchar	Computer Science and Engineering (4 Years, Bachelor of Technology) 	HS 	OBC-NCL 	Gender-Neutral 	46428 	63382
Assam University, Silchar	Computer Science and Engineering (4 Years, Bachelor of Technology) 	HS 	OBC-NCL 	Female-only (including Supernumerary) 	70503 	70503
Assam University, Silchar	Electronics and Communication Engineering (4 Years, Bachelor of Technology) 	AI 	OBC-NCL 	Gender-Neutral 	20596 	22756
Assam University, Silchar	Electronics and Communication Engineering (4 Years, Bachelor of Technology) 	AI 	OBC-NCL 	Female-only (including Supernumerary) 	22835 	22835
Assam University, Silchar	Electronics and Communication Engineering (4 Years, Bachelor of Technology) 	HS 	OBC-NCL 	Gender-Neutral 	71149 	81167
Assam University, Silchar	Electronics and Communication Engineering (4 Years, Bachelor of Technology) 	HS 	OBC-NCL 	Female-only (including Supernumerary) 	73828 	73828
Birla Institute of Technology, Mesra, Ranchi	Architecture (5 Years, Bachelor of Architecture) 	AI 	OBC-NCL 	Gender-Neutral 	451 	571
Birla Institute of Technology, Mesra, Ranchi	Artificial Intelligence and Machine Learning (4 Years, Bachelor of Technology) 	AI 	OBC-NCL 	Gender-Neutral 	7976 	8528
Birla Institute of Technology, Mesra, Ranchi	Bio Technology (4 Years, Bachelor of Technology) 	AI 	OBC-NCL 	Gender-Neutral 	20442 	21336
Birla Institute of Technology, Mesra, Ranchi	Chemical Engineering (4 Years, Bachelor of Technology) 	AI 	OBC-NCL 	Gender-Neutral 	17242 	20139
Birla Institute of Technology, Mesra, Ranchi	Civil Engineering (4 Years, Bachelor of Technology) 	AI 	OBC-NCL 	Gender-Neutral 	18238 	19730
Birla Institute of Technology, Mesra, Ranchi	Computer Science and Engineering (4 Years, Bachelor of Technology) 	AI 	OBC-NCL 	Gender-Neutral 	4741 	7881
Birla Institute of Technology, Mesra, Ranchi	Electrical and Electronics Engineering (4 Years, Bachelor of Technology) 	AI 	OBC-NCL 	Gender-Neutral 	12729 	15874
Birla Institute of Technology, Mesra, Ranchi	Electronics and Communication Engineering (4 Years, Bachelor of Technology) 	AI 	OBC-NCL 	Gender-Neutral 	8415 	12332
Birla Institute of Technology, Mesra, Ranchi	Food Engineering and Technology (4 Years, Bachelor of Technology) 	AI 	OBC-NCL 	Gender-Neutral 	20609 	22488
Birla Institute of Technology, Mesra, Ranchi	Mathematics and Computing (5 Years, Integrated Master of Science) 	AI 	OBC-NCL 	Gender-Neutral 	15000 	16737
Birla Institute of Technology, Mesra, Ranchi	Mechanical Engineering (4 Years, Bachelor of Technology) 	AI 	OBC-NCL 	Gender-Neutral 	16455 	19111
Birla Institute of Technology, Mesra, Ranchi	Physics (5 Years, Integrated Master of Science) 	AI 	OBC-NCL 	Gender-Neutral 	19916 	20575
Birla Institute of Technology, Mesra, Ranchi	Production and Industrial Engineering (4 Years, Bachelor of Technology) 	AI 	OBC-NCL 	Gender-Neutral 	19218 	21275
Birla Institute of Technology, Mesra, Ranchi	Quantitative Economics & Data Science (5 Years, Integrated Master of Science) 	AI 	OBC-NCL 	Gender-Neutral 	12629 	19171
Gurukula Kangri Vishwavidyalaya, Haridwar	Computer Science and Engineering (4 Years, Bachelor of Technology) 	AI 	OBC-NCL 	Gender-Neutral 	24522 	29035
Gurukula Kangri Vishwavidyalaya, Haridwar	Electrical Engineering (4 Years, Bachelor of Technology) 	AI 	OBC-NCL 	Gender-Neutral 	27302 	32220
Gurukula Kangri Vishwavidyalaya, Haridwar	Electronics and Communication Engineering (4 Years, Bachelor of Technology) 	AI 	OBC-NCL 	Gender-Neutral 	29534 	33186
Gurukula Kangri Vishwavidyalaya, Haridwar	Mechanical Engineering (4 Years, Bachelor of Technology) 	AI 	OBC-NCL 	Gender-Neutral 	34488 	38635
Indian Institute of Carpet Technology, Bhadohi	Carpet and Textile Technology (4 Years, Bachelor of Technology) 	AI 	OBC-NCL 	Gender-Neutral 	39635 	40734
Indian Institute of Carpet Technology, Bhadohi	Carpet and Textile Technology (4 Years, Bachelor of Technology) 	AI 	OBC-NCL 	Female-only (including Supernumerary) 	41707 	41805
Institute of Infrastructure, Technology, Research and Management-Ahmedabad	Civil Engineering (4 Years, Bachelor of Technology) 	AI 	OBC-NCL 	Gender-Neutral 	26279 	29851
Institute of Infrastructure, Technology, Research and Management-Ahmedabad	Computer Engineering (4 Years, Bachelor of Technology) 	AI 	OBC-NCL 	Gender-Neutral 	15810 	18640
Institute of Infrastructure, Technology, Research and Management-Ahmedabad	Electrical Engineering (4 Years, Bachelor of Technology) 	AI 	OBC-NCL 	Gender-Neutral 	19306 	22970
Institute of Infrastructure, Technology, Research and Management-Ahmedabad	Mechanical Engineering (4 Years, Bachelor of Technology) 	AI 	OBC-NCL 	Gender-Neutral 	22429 	25721
School of Studies of Engineering and Technology, Guru Ghasidas Vishwavidyalaya, Bilaspur	Animation and VFX (4 Years, Bachelor of Technology) 	AI 	OBC-NCL 	Gender-Neutral 	30546 	34847
School of Studies of Engineering and Technology, Guru Ghasidas Vishwavidyalaya, Bilaspur	Artificial Intelligence and Data Science (4 Years, Bachelor of Technology) 	AI 	OBC-NCL 	Gender-Neutral 	25864 	28272
School of Studies of Engineering and Technology, Guru Ghasidas Vishwavidyalaya, Bilaspur	Chemical Engineering (4 Years, Bachelor of Technology) 	AI 	OBC-NCL 	Gender-Neutral 	35964 	39253
School of Studies of Engineering and Technology, Guru Ghasidas Vishwavidyalaya, Bilaspur	Civil Engineering (4 Years, Bachelor of Technology) 	AI 	OBC-NCL 	Gender-Neutral 	36213 	39200
School of Studies of Engineering and Technology, Guru Ghasidas Vishwavidyalaya, Bilaspur	Computer Science and Engineering (4 Years, Bachelor of Technology) 	AI 	OBC-NCL 	Gender-Neutral 	23530 	26651
School of Studies of Engineering and Technology, Guru Ghasidas Vishwavidyalaya, Bilaspur	Electrical Engineering (4 Years, Bachelor of Technology) 	AI 	OBC-NCL 	Gender-Neutral 	31685 	34409
School of Studies of Engineering and Technology, Guru Ghasidas Vishwavidyalaya, Bilaspur	Electronics and Communication Engineering (4 Years, Bachelor of Technology) 	AI 	OBC-NCL 	Gender-Neutral 	27828 	31215
School of Studies of Engineering and Technology, Guru Ghasidas Vishwavidyalaya, Bilaspur	Industrial and Production Engineering (4 Years, Bachelor of Technology) 	AI 	OBC-NCL 	Gender-Neutral 	38671 	40771
School of Studies of Engineering and Technology, Guru Ghasidas Vishwavidyalaya, Bilaspur	Information Technology (4 Years, Bachelor of Technology) 	AI 	OBC-NCL 	Gender-Neutral 	27475 	30512
School of Studies of Engineering and Technology, Guru Ghasidas Vishwavidyalaya, Bilaspur	Mechanical Engineering (4 Years, Bachelor of Technology) 	AI 	OBC-NCL 	Gender-Neutral 	35021 	37123
J.K. Institute of Applied Physics & Technology, Department of Electronics & Communication, University of Allahabad- Allahabad	Computer Science and Engineering with Major in Artificial Intelligence (4 Years, Bachelor of Technology) 	AI 	OBC-NCL 	Gender-Neutral 	17394 	19140
J.K. Institute of Applied Physics & Technology, Department of Electronics & Communication, University of Allahabad- Allahabad	Electronics and Communication Engineering (4 Years, Bachelor of Technology) 	AI 	OBC-NCL 	Gender-Neutral 	19732 	23186
National Institute of Electronics and Information Technology, Aurangabad (Maharashtra)	Computer Science and Engineering (4 Years, Bachelor of Technology) 	AI 	OBC-NCL 	Gender-Neutral 	15118 	19185
National Institute of Electronics and Information Technology, Aurangabad (Maharashtra)	Electronic Engineering (4 Years, Bachelor of Technology) 	AI 	OBC-NCL 	Gender-Neutral 	19477 	22252
National Institute of Advanced Manufacturing Technology, Ranchi	Computer Engineering (4 Years, Bachelor of Technology) 	AI 	OBC-NCL 	Gender-Neutral 	17235 	19572
National Institute of Advanced Manufacturing Technology, Ranchi	Computer Engineering (4 Years, Bachelor of Technology) 	AI 	OBC-NCL 	Female-only (including Supernumerary) 	21132 	24204
National Institute of Advanced Manufacturing Technology, Ranchi	Mechanical Engineering (4 Years, Bachelor of Technology) 	AI 	OBC-NCL 	Gender-Neutral 	21008 	24976
National Institute of Advanced Manufacturing Technology, Ranchi	Mechanical Engineering (4 Years, Bachelor of Technology) 	AI 	OBC-NCL 	Female-only (including Supernumerary) 	25985 	27785
National Institute of Advanced Manufacturing Technology, Ranchi	Metallurgy and Materials Engineering (4 Years, Bachelor of Technology) 	AI 	OBC-NCL 	Gender-Neutral 	25117 	32610
National Institute of Advanced Manufacturing Technology, Ranchi	Metallurgy and Materials Engineering (4 Years, Bachelor of Technology) 	AI 	OBC-NCL 	Female-only (including Supernumerary) 	28656 	32934
National Institute of Advanced Manufacturing Technology, Ranchi	Production and Industrial Engineering (4 Years, Bachelor of Technology) 	AI 	OBC-NCL 	Gender-Neutral 	27222 	34286
National Institute of Advanced Manufacturing Technology, Ranchi	Production and Industrial Engineering (4 Years, Bachelor of Technology) 	AI 	OBC-NCL 	Female-only (including Supernumerary) 	28842 	33143
Sant Longowal Institute of Engineering and Technology	Artificial Intelligence and Data Science (4 Years, Bachelor of Technology) 	AI 	OBC-NCL 	Gender-Neutral 	22809 	24295
Sant Longowal Institute of Engineering and Technology	Chemical Engineering (4 Years, Bachelor of Technology) 	AI 	OBC-NCL 	Gender-Neutral 	33554 	38094
Sant Longowal Institute of Engineering and Technology	Chemistry (5 Years, Integrated Master of Science) 	AI 	OBC-NCL 	Gender-Neutral 	37204 	38055
Sant Longowal Institute of Engineering and Technology	Civil Engineering (4 Years, Bachelor of Technology) 	AI 	OBC-NCL 	Gender-Neutral 	33306 	38156
Sant Longowal Institute of Engineering and Technology	Computer Science and Engineering (4 Years, Bachelor of Technology) 	AI 	OBC-NCL 	Gender-Neutral 	20141 	23132
Sant Longowal Institute of Engineering and Technology	Computer Science and Engineering (5 Years, Bachelor and Master of Technology (Dual Degree)) 	AI 	OBC-NCL 	Gender-Neutral 	23289 	25148
Sant Longowal Institute of Engineering and Technology	Electrical Engineering (4 Years, Bachelor of Technology) 	AI 	OBC-NCL 	Gender-Neutral 	26114 	28838
Sant Longowal Institute of Engineering and Technology	Electrical Engineering (5 Years, Bachelor and Master of Technology (Dual Degree)) 	AI 	OBC-NCL 	Gender-Neutral 	32282 	33452
Sant Longowal Institute of Engineering and Technology	Electronics and Communication Engineering (4 Years, Bachelor of Technology) 	AI 	OBC-NCL 	Gender-Neutral 	21729 	25580
Sant Longowal Institute of Engineering and Technology	Food Technology (4 Years, Bachelor of Technology) 	AI 	OBC-NCL 	Gender-Neutral 	39988 	41074
Sant Longowal Institute of Engineering and Technology	Instrumentation and Control Engineering (4 Years, Bachelor of Technology) 	AI 	OBC-NCL 	Gender-Neutral 	33424 	37757
Sant Longowal Institute of Engineering and Technology	Mathematics (5 Years, Integrated Master of Science) 	AI 	OBC-NCL 	Gender-Neutral 	32211 	36278
Sant Longowal Institute of Engineering and Technology	Mechanical Engineering (4 Years, Bachelor of Technology) 	AI 	OBC-NCL 	Gender-Neutral 	32520 	37629
Sant Longowal Institute of Engineering and Technology	Mechanical Engineering (5 Years, Bachelor and Master of Technology (Dual Degree)) 	AI 	OBC-NCL 	Gender-Neutral 	33537 	36575
Sant Longowal Institute of Engineering and Technology	Physics (5 Years, Integrated Master of Science) 	AI 	OBC-NCL 	Gender-Neutral 	29846 	37296
School of Engineering, Tezpur University, Napaam, Tezpur	B.Tech. (Civil Engineering) - MBA (5 Years, Bachelor of Technology and MBA (Dual Degree)) 	AI 	OBC-NCL 	Gender-Neutral 	37340 	37340
School of Engineering, Tezpur University, Napaam, Tezpur	B.Tech. (Computer Science and Engineering) - MBA (5 Years, Bachelor of Technology and MBA (Dual Degree)) 	AI 	OBC-NCL 	Gender-Neutral 	19645 	19645
School of Engineering, Tezpur University, Napaam, Tezpur	B.Tech. (Elctrical Engineering) - MBA (5 Years, Bachelor of Technology and MBA (Dual Degree)) 	AI 	OBC-NCL 	Gender-Neutral 	27665 	27665
School of Engineering, Tezpur University, Napaam, Tezpur	B.Tech. (Electronics and Communication Engineering) - MBA (5 Years, Bachelor of Technology and MBA (Dual Degree)) 	AI 	OBC-NCL 	Gender-Neutral 	23894 	23894
School of Engineering, Tezpur University, Napaam, Tezpur	B.Tech. (Food Engineering and Technology) - MBA (5 Years, Bachelor of Technology and MBA (Dual Degree)) 	AI 	OBC-NCL 	Gender-Neutral 	24472 	34918
School of Engineering, Tezpur University, Napaam, Tezpur	B.Tech. (Mechanical Engineering) - MBA (5 Years, Bachelor of Technology and MBA (Dual Degree)) 	AI 	OBC-NCL 	Gender-Neutral 	28681 	28681
School of Engineering, Tezpur University, Napaam, Tezpur	Bachelor of Design (4 Years, Bachelor of Design) 	AI 	OBC-NCL 	Gender-Neutral 	38509 	38509
School of Engineering, Tezpur University, Napaam, Tezpur	Civil Engineering (4 Years, Bachelor of Technology) 	AI 	OBC-NCL 	Gender-Neutral 	33702 	37754
School of Engineering, Tezpur University, Napaam, Tezpur	Computer Science and Engineering (4 Years, Bachelor of Technology) 	AI 	OBC-NCL 	Gender-Neutral 	19950 	22465
School of Engineering, Tezpur University, Napaam, Tezpur	Electrical Engineering (4 Years, Bachelor of Technology) 	AI 	OBC-NCL 	Gender-Neutral 	27202 	29960
School of Engineering, Tezpur University, Napaam, Tezpur	Electronics and Communication Engineering (4 Years, Bachelor of Technology) 	AI 	OBC-NCL 	Gender-Neutral 	23523 	26683
School of Engineering, Tezpur University, Napaam, Tezpur	Food Engineering and Technology (4 Years, Bachelor of Technology) 	AI 	OBC-NCL 	Gender-Neutral 	40254 	40912
School of Engineering, Tezpur University, Napaam, Tezpur	Mechanical Engineering (4 Years, Bachelor of Technology) 	AI 	OBC-NCL 	Gender-Neutral 	29293 	33601
School of Planning & Architecture, Bhopal	Architecture (5 Years, Bachelor of Architecture) 	AI 	OBC-NCL 	Gender-Neutral 	134 	493
School of Planning & Architecture, Bhopal	Planning (4 Years, Bachelor of Planning) 	AI 	OBC-NCL 	Gender-Neutral 	329 	450
School of Planning & Architecture, New Delhi	Architecture (5 Years, Bachelor of Architecture) 	AI 	OBC-NCL 	Gender-Neutral 	42 	229
School of Planning & Architecture, New Delhi	Planning (4 Years, Bachelor of Planning) 	AI 	OBC-NCL 	Gender-Neutral 	106 	319
School of Planning & Architecture: Vijayawada	Architecture (5 Years, Bachelor of Architecture) 	AI 	OBC-NCL 	Gender-Neutral 	153 	384
School of Planning & Architecture: Vijayawada	Planning (4 Years, Bachelor of Planning) 	AI 	OBC-NCL 	Gender-Neutral 	302 	459
Shri Mata Vaishno Devi University, Katra, Jammu & Kashmir	Architecture (5 Years, Bachelor of Architecture) 	AI 	OBC-NCL 	Gender-Neutral 	688 	753
Shri Mata Vaishno Devi University, Katra, Jammu & Kashmir	B.Tech in Mathematics and Computing (4 Years, Bachelor of Technology) 	AI 	OBC-NCL 	Gender-Neutral 	22458 	26258
Shri Mata Vaishno Devi University, Katra, Jammu & Kashmir	Bio Technology (4 Years, Bachelor of Technology) 	AI 	OBC-NCL 	Gender-Neutral 	35226 	35753
Shri Mata Vaishno Devi University, Katra, Jammu & Kashmir	Civil Engineering (4 Years, Bachelor of Technology) 	AI 	OBC-NCL 	Gender-Neutral 	32898 	36160
Shri Mata Vaishno Devi University, Katra, Jammu & Kashmir	Computer Science and Engineering (4 Years, Bachelor of Technology) 	AI 	OBC-NCL 	Gender-Neutral 	21712 	25147
Shri Mata Vaishno Devi University, Katra, Jammu & Kashmir	Electrical Engineering (4 Years, Bachelor of Technology) 	AI 	OBC-NCL 	Gender-Neutral 	32372 	33510
Shri Mata Vaishno Devi University, Katra, Jammu & Kashmir	Electronics and Communication Engineering (4 Years, Bachelor of Technology) 	AI 	OBC-NCL 	Gender-Neutral 	27833 	32273
Shri Mata Vaishno Devi University, Katra, Jammu & Kashmir	Mechanical Engineering (4 Years, Bachelor of Technology) 	AI 	OBC-NCL 	Gender-Neutral 	30378 	32129
Shri Mata Vaishno Devi University, Katra, Jammu & Kashmir	Robotics and AI (4 Years, Bachelor of Technology) 	AI 	OBC-NCL 	Gender-Neutral 	23478 	26739
International Institute of Information Technology, Naya Raipur	Computer Science and Engineering (4 Years, Bachelor of Technology) 	AI 	OBC-NCL 	Gender-Neutral 	5805 	7172
International Institute of Information Technology, Naya Raipur	Computer Science and Engineering (4 Years, Bachelor of Technology) 	AI 	OBC-NCL 	Female-only (including Supernumerary) 	13527 	15218
International Institute of Information Technology, Naya Raipur	Data Science and Artificial Intelligence (4 Years, Bachelor of Technology) 	AI 	OBC-NCL 	Gender-Neutral 	7575 	8814
International Institute of Information Technology, Naya Raipur	Data Science and Artificial Intelligence (4 Years, Bachelor of Technology) 	AI 	OBC-NCL 	Female-only (including Supernumerary) 	14723 	15638
International Institute of Information Technology, Naya Raipur	Electronics and Communication Engineering (4 Years, Bachelor of Technology) 	AI 	OBC-NCL 	Gender-Neutral 	9157 	11162
International Institute of Information Technology, Naya Raipur	Electronics and Communication Engineering (4 Years, Bachelor of Technology) 	AI 	OBC-NCL 	Female-only (including Supernumerary) 	16782 	17591
University of Hyderabad	Computer Science and Engineering (5 Years, Bachelor and Master of Technology (Dual Degree)) 	AI 	OBC-NCL 	Gender-Neutral 	11107 	13944
University of Hyderabad	Materials Engineering (5 Years, Integrated Master of Technology) 	AI 	OBC-NCL 	Gender-Neutral 	22651 	25647
Jawaharlal Nehru University, Delhi	Computer Science and Engineering (4 Years, Bachelor of Technology) 	AI 	OBC-NCL 	Gender-Neutral 	8643 	11880
Jawaharlal Nehru University, Delhi	Electronics and Communication Engineering (4 Years, Bachelor of Technology) 	AI 	OBC-NCL 	Gender-Neutral 	11973 	14956
International Institute of Information Technology, Bhubaneswar	Computer Engineering (4 Years, Bachelor of Technology) 	AI 	OBC-NCL 	Gender-Neutral 	12665 	15761
International Institute of Information Technology, Bhubaneswar	Computer Science and Engineering (4 Years, Bachelor of Technology) 	AI 	OBC-NCL 	Gender-Neutral 	9883 	13787
International Institute of Information Technology, Bhubaneswar	Electrical and Electronics Engineering (4 Years, Bachelor of Technology) 	AI 	OBC-NCL 	Gender-Neutral 	14875 	18228
International Institute of Information Technology, Bhubaneswar	Electronics and Telecommunication Engineering (4 Years, Bachelor of Technology) 	AI 	OBC-NCL 	Gender-Neutral 	16164 	17129
International Institute of Information Technology, Bhubaneswar	Information Technology (4 Years, Bachelor of Technology) 	AI 	OBC-NCL 	Gender-Neutral 	13446 	15372
Central institute of Technology Kokrajar, Assam	Civil Engineering (4 Years, Bachelor of Technology) 	AI 	OBC-NCL 	Gender-Neutral 	27279 	27279
Central institute of Technology Kokrajar, Assam	Computer Science and Engineering (4 Years, Bachelor of Technology) 	AI 	OBC-NCL 	Gender-Neutral 	20612 	20612
Central institute of Technology Kokrajar, Assam	Electronics and Communication Engineering (4 Years, Bachelor of Technology) 	AI 	OBC-NCL 	Gender-Neutral 	26536 	26536
Central institute of Technology Kokrajar, Assam	Food Engineering and Technology (4 Years, Bachelor of Technology) 	AI 	OBC-NCL 	Gender-Neutral 	36974 	36974
Central institute of Technology Kokrajar, Assam	Instrumentation Engineering (4 Years, Bachelor of Technology) 	AI 	OBC-NCL 	Gender-Neutral 	28508 	28508
Puducherry Technological University, Puducherry	Chemical Engineering (4 Years, Bachelor of Technology) 	AI 	OBC-NCL 	Gender-Neutral 	22494 	22494
Puducherry Technological University, Puducherry	Civil Engineering (4 Years, Bachelor of Technology) 	AI 	OBC-NCL 	Gender-Neutral 	28193 	31893
Puducherry Technological University, Puducherry	Civil Engineering (4 Years, Bachelor of Technology) 	HS 	OBC-NCL 	Gender-Neutral 	146028 	190393
Puducherry Technological University, Puducherry	Computer Science and Engineering (4 Years, Bachelor of Technology) 	AI 	OBC-NCL 	Gender-Neutral 	17399 	20031
Puducherry Technological University, Puducherry	Computer Science and Engineering (4 Years, Bachelor of Technology) 	HS 	OBC-NCL 	Gender-Neutral 	77367 	87569
Puducherry Technological University, Puducherry	Electrical and Electronics Engineering (4 Years, Bachelor of Technology) 	AI 	OBC-NCL 	Gender-Neutral 	19929 	19986
Puducherry Technological University, Puducherry	Electronics and Communication Engineering (4 Years, Bachelor of Technology) 	AI 	OBC-NCL 	Gender-Neutral 	18872 	22103
Puducherry Technological University, Puducherry	Electronics and Communication Engineering (4 Years, Bachelor of Technology) 	HS 	OBC-NCL 	Gender-Neutral 	84933 	90258
Puducherry Technological University, Puducherry	Electronics and Instrumentation Engineering (4 Years, Bachelor of Technology) 	AI 	OBC-NCL 	Gender-Neutral 	21065 	21065
Puducherry Technological University, Puducherry	Information Technology (4 Years, Bachelor of Technology) 	AI 	OBC-NCL 	Gender-Neutral 	19003 	19727
Puducherry Technological University, Puducherry	Mechanical Engineering (4 Years, Bachelor of Technology) 	AI 	OBC-NCL 	Gender-Neutral 	24628 	26736
Puducherry Technological University, Puducherry	Mechanical Engineering (4 Years, Bachelor of Technology) 	HS 	OBC-NCL 	Gender-Neutral 	176169 	180031
Puducherry Technological University, Puducherry	Mechatronics Engineering (4 Years, Bachelor of Technology) 	AI 	OBC-NCL 	Gender-Neutral 	22205 	24915
Puducherry Technological University, Puducherry	Mechatronics Engineering (4 Years, Bachelor of Technology) 	HS 	OBC-NCL 	Gender-Neutral 	92338 	102376
Ghani Khan Choudhary Institute of Engineering and Technology, Malda, West Bengal	Civil and Environmental Engineering (4 Years, Bachelor of Technology) 	HS 	OBC-NCL 	Gender-Neutral 	269890 	315673
Ghani Khan Choudhary Institute of Engineering and Technology, Malda, West Bengal	Civil and Environmental Engineering (4 Years, Bachelor of Technology) 	HS 	OBC-NCL 	Female-only (including Supernumerary) 	267099 	267099
Ghani Khan Choudhary Institute of Engineering and Technology, Malda, West Bengal	Civil and Environmental Engineering (4 Years, Bachelor of Technology) 	OS 	OBC-NCL 	Gender-Neutral 	34669 	38176
Ghani Khan Choudhary Institute of Engineering and Technology, Malda, West Bengal	Civil and Environmental Engineering (4 Years, Bachelor of Technology) 	OS 	OBC-NCL 	Female-only (including Supernumerary) 	36587 	36587
Ghani Khan Choudhary Institute of Engineering and Technology, Malda, West Bengal	Computer Science Engineering (Artificial lntelligence and Machine Learning) (4 Years, Bachelor of Technology) 	HS 	OBC-NCL 	Gender-Neutral 	66750 	97598
Ghani Khan Choudhary Institute of Engineering and Technology, Malda, West Bengal	Computer Science Engineering (Artificial lntelligence and Machine Learning) (4 Years, Bachelor of Technology) 	OS 	OBC-NCL 	Gender-Neutral 	19946 	21626
Ghani Khan Choudhary Institute of Engineering and Technology, Malda, West Bengal	Electrical Engineering (4 Years, Bachelor of Technology) 	HS 	OBC-NCL 	Gender-Neutral 	135864 	219789
Ghani Khan Choudhary Institute of Engineering and Technology, Malda, West Bengal	Electrical Engineering (4 Years, Bachelor of Technology) 	OS 	OBC-NCL 	Gender-Neutral 	28700 	30289
Ghani Khan Choudhary Institute of Engineering and Technology, Malda, West Bengal	Food Technology (4 Years, Bachelor of Technology) 	HS 	OBC-NCL 	Gender-Neutral 	270124 	350761
Ghani Khan Choudhary Institute of Engineering and Technology, Malda, West Bengal	Food Technology (4 Years, Bachelor of Technology) 	OS 	OBC-NCL 	Gender-Neutral 	39045 	39570
Ghani Khan Choudhary Institute of Engineering and Technology, Malda, West Bengal	Mechanical Engineering (4 Years, Bachelor of Technology) 	HS 	OBC-NCL 	Gender-Neutral 	140132 	248615
Ghani Khan Choudhary Institute of Engineering and Technology, Malda, West Bengal	Mechanical Engineering (4 Years, Bachelor of Technology) 	OS 	OBC-NCL 	Gender-Neutral 	31067 	35230
Central University of Rajasthan, Rajasthan	Bio Medical Engineering (4 Years, Bachelor of Technology) 	AI 	OBC-NCL 	Gender-Neutral 	26832 	34158
Central University of Rajasthan, Rajasthan	Computer Science and Engineering (4 Years, Bachelor of Technology) 	AI 	OBC-NCL 	Gender-Neutral 	17808 	19893
Central University of Rajasthan, Rajasthan	Electronics and Communication Engineering (4 Years, Bachelor of Technology) 	AI 	OBC-NCL 	Gender-Neutral 	20000 	23322
National Institute of Food Technology Entrepreneurship and Management, Kundli	Food Technology and Management (4 Years, Bachelor of Technology) 	AI 	OBC-NCL 	Gender-Neutral 	39662 	40799
National Institute of Food Technology Entrepreneurship and Management, Thanjavur	Food Technology (4 Years, Bachelor of Technology) 	AI 	OBC-NCL 	Gender-Neutral 	33776 	38962
North Eastern Regional Institute of Science and Technology, Nirjuli-791109 (Itanagar),Arunachal Pradesh 	Civil Engineering (4 Years, Bachelor of Technology) 	AI 	OBC-NCL 	Gender-Neutral 	23342 	23342
North Eastern Regional Institute of Science and Technology, Nirjuli-791109 (Itanagar),Arunachal Pradesh 	Electronics and Communication Engineering (4 Years, Bachelor of Technology) 	AI 	OBC-NCL 	Gender-Neutral 	23493 	23493
Indian Institute of Handloom Technology(IIHT), Varanasi	Handloom and Textile Technology (4 Years, Bachelor of Technology) 	AI 	OBC-NCL 	Gender-Neutral 	38221 	40697
Chhattisgarh Swami Vivekanada Technical University, Bhilai (CSVTU Bhilai)	Civil Engineering (4 Years, Bachelor of Technology) 	AI 	OBC-NCL 	Gender-Neutral 	36392 	37853
Chhattisgarh Swami Vivekanada Technical University, Bhilai (CSVTU Bhilai)	Computer Science Engineering (Artificial Intelligence) (4 Years, B. Tech / B. Tech (Hons.)) 	AI 	OBC-NCL 	Gender-Neutral 	24509 	27383
Chhattisgarh Swami Vivekanada Technical University, Bhilai (CSVTU Bhilai)	Computer Science Engineering (Data Science) (4 Years, B. Tech / B. Tech (Hons.)) 	AI 	OBC-NCL 	Gender-Neutral 	22750 	27659
Institute of Chemical Technology, Mumbai: Indian Oil Odisha Campus, Bhubaneswar	Chemical Engineering (5 Years, Integrated Masters in Technology) 	AI 	OBC-NCL 	Gender-Neutral 	19579 	23757
Institute of Chemical Technology, Mumbai: Indian Oil Odisha Campus, Bhubaneswar	Chemical Engineering (5 Years, Integrated Masters in Technology) 	HS 	OBC-NCL 	Gender-Neutral 	37191 	44684
North-Eastern Hill University, Shillong	Biomedical Engineering (4 Years, Bachelor of Technology) 	AI 	OBC-NCL 	Gender-Neutral 	34359 	38377
North-Eastern Hill University, Shillong	Electronics and Communication Engineering (4 Years, Bachelor of Technology) 	AI 	OBC-NCL 	Gender-Neutral 	29131 	33391
North-Eastern Hill University, Shillong	Energy Engineering (4 Years, Bachelor of Technology) 	AI 	OBC-NCL 	Gender-Neutral 	30588 	35294
North-Eastern Hill University, Shillong	Information Technology (4 Years, Bachelor of Technology) 	AI 	OBC-NCL 	Gender-Neutral 	28229 	29653
Central University of Jammu	Computer Science and Engineering (4 Years, Bachelor of Technology) 	AI 	OBC-NCL 	Gender-Neutral 	25542 	28893
Central University of Jammu	Computer Science and Engineering with specialization in Cyber Security (4 Years, Bachelor of Technology) 	AI 	OBC-NCL 	Gender-Neutral 	26572 	30153
Central University of Jammu	Electronics and Communication Engineering (4 Years, Bachelor of Technology) 	AI 	OBC-NCL 	Gender-Neutral 	29413 	33505
Central University of Jammu	Electronics and Communication Engineering (Avionics) (4 Years, Bachelor of Technology) 	AI 	OBC-NCL 	Gender-Neutral 	31625 	34653
Central University of Jammu	Mathematics and Computing (4 Years, Bachelor of Technology) 	AI 	OBC-NCL 	Gender-Neutral 	29678 	34042
Institute of Engineering and Technology, Dr. H. S. Gour University. Sagar (A Central University)	Aeronautical Engineering (4 Years, Bachelor of Technology) 	AI 	OBC-NCL 	Gender-Neutral 	27151 	33365
Institute of Engineering and Technology, Dr. H. S. Gour University. Sagar (A Central University)	Computer Science and Engineering (4 Years, Bachelor of Technology) 	AI 	OBC-NCL 	Gender-Neutral 	21783 	26358
Institute of Engineering and Technology, Dr. H. S. Gour University. Sagar (A Central University)	Dairy Engineering (4 Years, Bachelor of Technology) 	AI 	OBC-NCL 	Gender-Neutral 	40984 	41486
Institute of Engineering and Technology, Dr. H. S. Gour University. Sagar (A Central University)	Electronics and Communication Engineering (4 Years, Bachelor of Technology) 	AI 	OBC-NCL 	Gender-Neutral 	28175 	33133
Institute of Engineering and Technology, Dr. H. S. Gour University. Sagar (A Central University)	Fashion and Apparel Engineering (4 Years, Bachelor of Technology) 	AI 	OBC-NCL 	Gender-Neutral 	40466 	41232
Institute of Engineering and Technology, Dr. H. S. Gour University. Sagar (A Central University)	Food Engineering and Technology (4 Years, Bachelor of Technology) 	AI 	OBC-NCL 	Gender-Neutral 	41223 	41645
Central University of Haryana	Civil Engineering (4 Years, Bachelor of Technology) 	AI 	OBC-NCL 	Gender-Neutral 	33844 	37968
Central University of Haryana	Computer Science and Engineering (4 Years, Bachelor of Technology) 	AI 	OBC-NCL 	Gender-Neutral 	19834 	23105
Central University of Haryana	Electrical Engineering (4 Years, Bachelor of Technology) 	AI 	OBC-NCL 	Gender-Neutral 	26753 	30920
Central University of Haryana	Printing and Packaging Technology (4 Years, Bachelor of Technology) 	AI 	OBC-NCL 	Gender-Neutral 	36120 	39091
Birla Institute of Technology, Deoghar Off-Campus	Computer Science and Engineering (4 Years, Bachelor of Technology) 	AI 	OBC-NCL 	Gender-Neutral 	18195 	21559
Birla Institute of Technology, Deoghar Off-Campus	Electrical and Electronics Engineering (4 Years, Bachelor of Technology) 	AI 	OBC-NCL 	Gender-Neutral 	21014 	25052
Birla Institute of Technology, Deoghar Off-Campus	Electronics and Communication Engineering (4 Years, Bachelor of Technology) 	AI 	OBC-NCL 	Gender-Neutral 	20679 	23232
Birla Institute of Technology, Deoghar Off-Campus	Mechanical Engineering (4 Years, Bachelor of Technology) 	AI 	OBC-NCL 	Gender-Neutral 	24413 	26484
Birla Institute of Technology, Patna Off-Campus	Artificial Intelligence and Machine Learning (4 Years, Bachelor of Technology) 	AI 	OBC-NCL 	Gender-Neutral 	17932 	20650
Birla Institute of Technology, Patna Off-Campus	Civil Engineering (4 Years, Bachelor of Technology) 	AI 	OBC-NCL 	Gender-Neutral 	25909 	30980
Birla Institute of Technology, Patna Off-Campus	Computer Science and Engineering (4 Years, Bachelor of Technology) 	AI 	OBC-NCL 	Gender-Neutral 	17359 	19276
Birla Institute of Technology, Patna Off-Campus	Electrical and Electronics Engineering (4 Years, Bachelor of Technology) 	AI 	OBC-NCL 	Gender-Neutral 	20662 	23709
Birla Institute of Technology, Patna Off-Campus	Electronics and Communication Engineering (4 Years, Bachelor of Technology) 	AI 	OBC-NCL 	Gender-Neutral 	19321 	21881
Birla Institute of Technology, Patna Off-Campus	Mathematics and Computing (5 Years, Integrated Master of Science) 	AI 	OBC-NCL 	Gender-Neutral 	22226 	23106
Birla Institute of Technology, Patna Off-Campus	Mechanical Engineering (4 Years, Bachelor of Technology) 	AI 	OBC-NCL 	Gender-Neutral 	23199 	28733
Indian Institute of Handloom Technology, Salem	Handloom and Textile Technology (4 Years, Bachelor of Technology) 	AI 	OBC-NCL 	Gender-Neutral 	36981 	39490
Gati Shakti Vishwavidyalaya, Vadodara	B.Tech in Artificial Intelligenece and Data Science (Transportation and Logistics) (4 Years, Bachelor of Technology) 	AI 	OBC-NCL 	Gender-Neutral 	17831 	21896
Gati Shakti Vishwavidyalaya, Vadodara	B.Tech in Artificial Intelligenece and Data Science (Transportation and Logistics) (4 Years, Bachelor of Technology) 	AI 	OBC-NCL 	Female-only (including Supernumerary) 	22878 	22878
Gati Shakti Vishwavidyalaya, Vadodara	B.Tech in Aviation Engineering (4 Years, Bachelor of Technology) 	AI 	OBC-NCL 	Gender-Neutral 	22004 	29617
Gati Shakti Vishwavidyalaya, Vadodara	B.Tech in Civil Engineering (Rail Engineering) (4 Years, Bachelor of Technology) 	AI 	OBC-NCL 	Gender-Neutral 	31115 	35094
Gati Shakti Vishwavidyalaya, Vadodara	B.Tech in Civil Engineering (Rail Engineering) (4 Years, Bachelor of Technology) 	AI 	OBC-NCL 	Female-only (including Supernumerary) 	29966 	33940
Gati Shakti Vishwavidyalaya, Vadodara	B.Tech in Electrical Engineering ( Rail Engineering) (4 Years, Bachelor of Technology) 	AI 	OBC-NCL 	Gender-Neutral 	23903 	27692
Gati Shakti Vishwavidyalaya, Vadodara	B.Tech in Electronics & Communication Engineering (Rail Engineering) (4 Years, Bachelor of Technology) 	AI 	OBC-NCL 	Gender-Neutral 	20881 	25411
Gati Shakti Vishwavidyalaya, Vadodara	B.Tech in Electronics & Communication Engineering (Rail Engineering) (4 Years, Bachelor of Technology) 	AI 	OBC-NCL 	Female-only (including Supernumerary) 	23762 	24873
Gati Shakti Vishwavidyalaya, Vadodara	B.Tech in Mechanical Engineering ( Rail Engineering) (4 Years, Bachelor of Technology) 	AI 	OBC-NCL 	Gender-Neutral 	27465 	30591
Gati Shakti Vishwavidyalaya, Vadodara	B.Tech in Mechanical Engineering ( Rail Engineering) (4 Years, Bachelor of Technology) 	AI 	OBC-NCL 	Female-only (including Supernumerary) 	25975 	25975
CU Jharkhand	Civil Engineering (4 Years, Bachelor of Technology) 	AI 	OBC-NCL 	Gender-Neutral 	29862 	31755
CU Jharkhand	Computer Science and Engineering (4 Years, Bachelor of Technology) 	AI 	OBC-NCL 	Gender-Neutral 	23860 	25509
CU Jharkhand	Electrical Engineering (4 Years, Bachelor of Technology) 	AI 	OBC-NCL 	Gender-Neutral 	28697 	30067
CU Jharkhand	Metallurgical and Materials Engineering (4 Years, Bachelor of Technology) 	AI 	OBC-NCL 	Gender-Neutral 	36239 	38934
National Institute of Electronics and Information Technology, Ropar (Punjab)	B.Tech in CSE (AI and ML) (4 Years, Bachelor of Technology) 	AI 	OBC-NCL 	Gender-Neutral 	15748 	22118
National Institute of Electronics and Information Technology, Patna (Bihar)	Computer Science and Engineering (4 Years, Bachelor of Technology) 	AI 	OBC-NCL 	Gender-Neutral 	19740 	23908
National Institute of Electronics and Information Technology, Ajmer (Rajasthan)	Computer Science and Engineering (Internet of Things, Cyber Security including Block Chain Technology ) (4 Years, Bachelor of Technology) 	AI 	OBC-NCL 	Gender-Neutral 	19221 	23667
National Institute of Electronics and Information Technology, Gorakhpur (UP)	B. Tech in Electronics and Communication Engineering with minor in Wearable Electronics (4 Years, Bachelor of Technology) 	AI 	OBC-NCL 	Gender-Neutral 	23671 	27307
National Institute of Electronics and Information Technology, Gorakhpur (UP)	Computer Science and Engineering with minor in AI and ML (4 Years, Bachelor of Technology) 	AI 	OBC-NCL 	Gender-Neutral 	20375 	24352
Rajiv Gandhi National Aviation University, Fursatganj, Amethi (UP)	Aerospace Engineering (4 Years, Bachelor of Technology) 	AI 	OBC-NCL 	Gender-Neutral 	21057 	27177
Rajiv Gandhi National Aviation University, Fursatganj, Amethi (UP)	Electronics and Communication Engineering (Avionics) (4 Years, Bachelor of Technology) 	AI 	OBC-NCL 	Gender-Neutral 	25545 	28582
Islamic University of Science and Technology Kashmir	Architecture (5 Years, Bachelor of Architecture) 	AI 	OBC-NCL 	Gender-Neutral 	760 	764
