Indian Institute of Technology Bhubaneswar	Civil Engineering (4 Years, Bachelor of Technology) 	AI 	OBC-NCL 	Gender-Neutral 	4402 	5168
Indian Institute of Technology Bhubaneswar	Civil Engineering (4 Years, Bachelor of Technology) 	AI 	OBC-NCL 	Female-only (including Supernumerary) 	8189 	8599
Indian Institute of Technology Bhubaneswar	Computer Science and Engineering (4 Years, Bachelor of Technology) 	AI 	OBC-NCL 	Gender-Neutral 	984 	1470
Indian Institute of Technology Bhubaneswar	Computer Science and Engineering (4 Years, Bachelor of Technology) 	AI 	OBC-NCL 	Female-only (including Supernumerary) 	2515 	3264
Indian Institute of Technology Bhubaneswar	Electrical Engineering (4 Years, Bachelor of Technology) 	AI 	OBC-NCL 	Gender-Neutral 	2248 	3198
Indian Institute of Technology Bhubaneswar	Electrical Engineering (4 Years, Bachelor of Technology) 	AI 	OBC-NCL 	Female-only (including Supernumerary) 	5062 	5488
Indian Institute of Technology Bhubaneswar	Electronics and Communication Engineering (4 Years, Bachelor of Technology) 	AI 	OBC-NCL 	Gender-Neutral 	1763 	2238
Indian Institute of Technology Bhubaneswar	Electronics and Communication Engineering (4 Years, Bachelor of Technology) 	AI 	OBC-NCL 	Female-only (including Supernumerary) 	3747 	4785
Indian Institute of Technology Bhubaneswar	Engineering Physics (4 Years, Bachelor of Technology) 	AI 	OBC-NCL 	Gender-Neutral 	3628 	4576
Indian Institute of Technology Bhubaneswar	Engineering Physics (4 Years, Bachelor of Technology) 	AI 	OBC-NCL 	Female-only (including Supernumerary) 	6849 	6849
Indian Institute of Technology Bhubaneswar	Mathematics and Computing (4 Years, Bachelor of Technology) 	AI 	OBC-NCL 	Gender-Neutral 	1664 	2092
Indian Institute of Technology Bhubaneswar	Mathematics and Computing (4 Years, Bachelor of Technology) 	AI 	OBC-NCL 	Female-only (including Supernumerary) 	4715 	4715
Indian Institute of Technology Bhubaneswar	Mechanical Engineering (4 Years, Bachelor of Technology) 	AI 	OBC-NCL 	Gender-Neutral 	3085 	4083
Indian Institute of Technology Bhubaneswar	Mechanical Engineering (4 Years, Bachelor of Technology) 	AI 	OBC-NCL 	Female-only (including Supernumerary) 	6760 	7603
Indian Institute of Technology Bhubaneswar	Metallurgical and Materials Engineering (4 Years, Bachelor of Technology) 	AI 	OBC-NCL 	Gender-Neutral 	5169 	5521
Indian Institute of Technology Bhubaneswar	Metallurgical and Materials Engineering (4 Years, Bachelor of Technology) 	AI 	OBC-NCL 	Female-only (including Supernumerary) 	8517 	8849
Indian Institute of Technology Bombay	Aerospace Engineering (4 Years, Bachelor of Technology) 	AI 	OBC-NCL 	Gender-Neutral 	928 	1290
Indian Institute of Technology Bombay	Aerospace Engineering (4 Years, Bachelor of Technology) 	AI 	OBC-NCL 	Female-only (including Supernumerary) 	2823 	3571
Indian Institute of Technology Bombay	Applied Geophysics (4 Years, Bachelor of Science) 	AI 	OBC-NCL 	Gender-Neutral 	2786 	4014
Indian Institute of Technology Bombay	Applied Geophysics (4 Years, Bachelor of Science) 	AI 	OBC-NCL 	Female-only (including Supernumerary) 	5934 	5934
Indian Institute of Technology Bombay	BS in Mathematics (4 Years, Bachelor of Science) 	AI 	OBC-NCL 	Gender-Neutral 	742 	1018
Indian Institute of Technology Bombay	BS in Mathematics (4 Years, Bachelor of Science) 	AI 	OBC-NCL 	Female-only (including Supernumerary) 	2616 	2616
Indian Institute of Technology Bombay	Chemical Engineering (4 Years, Bachelor of Technology) 	AI 	OBC-NCL 	Gender-Neutral 	800 	1255
Indian Institute of Technology Bombay	Chemical Engineering (4 Years, Bachelor of Technology) 	AI 	OBC-NCL 	Female-only (including Supernumerary) 	2840 	3552
Indian Institute of Technology Bombay	Chemistry (4 Years, Bachelor of Science) 	AI 	OBC-NCL 	Gender-Neutral 	2801 	3611
Indian Institute of Technology Bombay	Chemistry (4 Years, Bachelor of Science) 	AI 	OBC-NCL 	Female-only (including Supernumerary) 	6467 	6573
Indian Institute of Technology Bombay	Civil Engineering (4 Years, Bachelor of Technology) 	AI 	OBC-NCL 	Gender-Neutral 	973 	1809
Indian Institute of Technology Bombay	Civil Engineering (4 Years, Bachelor of Technology) 	AI 	OBC-NCL 	Female-only (including Supernumerary) 	3469 	4597
Indian Institute of Technology Bombay	Computer Science and Engineering (4 Years, Bachelor of Technology) 	AI 	OBC-NCL 	Gender-Neutral 	6 	54
Indian Institute of Technology Bombay	Computer Science and Engineering (4 Years, Bachelor of Technology) 	AI 	OBC-NCL 	Female-only (including Supernumerary) 	70 	331
Indian Institute of Technology Bombay	Economics (4 Years, Bachelor of Science) 	AI 	OBC-NCL 	Gender-Neutral 	993 	1405
Indian Institute of Technology Bombay	Economics (4 Years, Bachelor of Science) 	AI 	OBC-NCL 	Female-only (including Supernumerary) 	2899 	3344
Indian Institute of Technology Bombay	Electrical Engineering (4 Years, Bachelor of Technology) 	AI 	OBC-NCL 	Gender-Neutral 	122 	339
Indian Institute of Technology Bombay	Electrical Engineering (4 Years, Bachelor of Technology) 	AI 	OBC-NCL 	Female-only (including Supernumerary) 	588 	1117
Indian Institute of Technology Bombay	Electrical Engineering (5 Years, Bachelor and Master of Technology (Dual Degree)) 	AI 	OBC-NCL 	Gender-Neutral 	417 	549
Indian Institute of Technology Bombay	Electrical Engineering (5 Years, Bachelor and Master of Technology (Dual Degree)) 	AI 	OBC-NCL 	Female-only (including Supernumerary) 	1211 	1542
Indian Institute of Technology Bombay	Energy Engineering (4 Years, Bachelor of Technology) 	AI 	OBC-NCL 	Gender-Neutral 	1089 	1455
Indian Institute of Technology Bombay	Energy Engineering (4 Years, Bachelor of Technology) 	AI 	OBC-NCL 	Female-only (including Supernumerary) 	3365 	3818
Indian Institute of Technology Bombay	Engineering Physics (4 Years, Bachelor of Technology) 	AI 	OBC-NCL 	Gender-Neutral 	269 	1247
Indian Institute of Technology Bombay	Engineering Physics (4 Years, Bachelor of Technology) 	AI 	OBC-NCL 	Female-only (including Supernumerary) 	1588 	3828
Indian Institute of Technology Bombay	Environmental Science and Engineering (4 Years, Bachelor of Technology) 	AI 	OBC-NCL 	Gender-Neutral 	2015 	2586
Indian Institute of Technology Bombay	Environmental Science and Engineering (4 Years, Bachelor of Technology) 	AI 	OBC-NCL 	Female-only (including Supernumerary) 	5175 	5253
Indian Institute of Technology Bombay	Industrial Engineering and Operations Research (4 Years, Bachelor of Technology) 	AI 	OBC-NCL 	Gender-Neutral 	668 	974
Indian Institute of Technology Bombay	Industrial Engineering and Operations Research (4 Years, Bachelor of Technology) 	AI 	OBC-NCL 	Female-only (including Supernumerary) 	2844 	2913
Indian Institute of Technology Bombay	Mechanical Engineering (4 Years, Bachelor of Technology) 	AI 	OBC-NCL 	Gender-Neutral 	311 	925
Indian Institute of Technology Bombay	Mechanical Engineering (4 Years, Bachelor of Technology) 	AI 	OBC-NCL 	Female-only (including Supernumerary) 	1158 	2632
Indian Institute of Technology Bombay	Metallurgical Engineering and Materials Science (4 Years, Bachelor of Technology) 	AI 	OBC-NCL 	Gender-Neutral 	1356 	2159
Indian Institute of Technology Bombay	Metallurgical Engineering and Materials Science (4 Years, Bachelor of Technology) 	AI 	OBC-NCL 	Female-only (including Supernumerary) 	3893 	4903
Indian Institute of Technology Mandi	B.Tech in General Engineering (4 Years, Bachelor of Technology) 	AI 	OBC-NCL 	Gender-Neutral 	4150 	4643
Indian Institute of Technology Mandi	B.Tech in General Engineering (4 Years, Bachelor of Technology) 	AI 	OBC-NCL 	Female-only (including Supernumerary) 	7992 	9103
Indian Institute of Technology Mandi	B.Tech in Materials Science and Engineering (4 Years, Bachelor of Technology) 	AI 	OBC-NCL 	Gender-Neutral 	4835 	5204
Indian Institute of Technology Mandi	B.Tech in Materials Science and Engineering (4 Years, Bachelor of Technology) 	AI 	OBC-NCL 	Female-only (including Supernumerary) 	9160 	9183
Indian Institute of Technology Mandi	B.Tech in Mathematics and Computing (4 Years, Bachelor of Technology) 	AI 	OBC-NCL 	Gender-Neutral 	1498 	1927
Indian Institute of Technology Mandi	B.Tech in Mathematics and Computing (4 Years, Bachelor of Technology) 	AI 	OBC-NCL 	Female-only (including Supernumerary) 	4094 	4949
Indian Institute of Technology Mandi	B.Tech in Microelectronics & VLSI (4 Years, Bachelor of Technology) 	AI 	OBC-NCL 	Gender-Neutral 	1975 	2842
Indian Institute of Technology Mandi	B.Tech in Microelectronics & VLSI (4 Years, Bachelor of Technology) 	AI 	OBC-NCL 	Female-only (including Supernumerary) 	6323 	6451
Indian Institute of Technology Mandi	Bio Engineering (4 Years, Bachelor of Technology) 	AI 	OBC-NCL 	Gender-Neutral 	5173 	5528
Indian Institute of Technology Mandi	Bio Engineering (4 Years, Bachelor of Technology) 	AI 	OBC-NCL 	Female-only (including Supernumerary) 	7905 	9009
Indian Institute of Technology Mandi	BS in Chemical Sciences (4 Years, Bachelor of Science) 	AI 	OBC-NCL 	Gender-Neutral 	5581 	5845
Indian Institute of Technology Mandi	BS in Chemical Sciences (4 Years, Bachelor of Science) 	AI 	OBC-NCL 	Female-only (including Supernumerary) 	9831 	9922
Indian Institute of Technology Mandi	Civil Engineering (4 Years, Bachelor of Technology) 	AI 	OBC-NCL 	Gender-Neutral 	4090 	4971
Indian Institute of Technology Mandi	Civil Engineering (4 Years, Bachelor of Technology) 	AI 	OBC-NCL 	Female-only (including Supernumerary) 	8286 	8750
Indian Institute of Technology Mandi	Computer Science and Engineering (4 Years, Bachelor of Technology) 	AI 	OBC-NCL 	Gender-Neutral 	904 	1427
Indian Institute of Technology Mandi	Computer Science and Engineering (4 Years, Bachelor of Technology) 	AI 	OBC-NCL 	Female-only (including Supernumerary) 	3513 	3841
Indian Institute of Technology Mandi	Data Science and Artificial Intelligence (4 Years, Bachelor of Technology) 	AI 	OBC-NCL 	Gender-Neutral 	1438 	1723
Indian Institute of Technology Mandi	Data Science and Artificial Intelligence (4 Years, Bachelor of Technology) 	AI 	OBC-NCL 	Female-only (including Supernumerary) 	4364 	4693
Indian Institute of Technology Mandi	Electrical Engineering (4 Years, Bachelor of Technology) 	AI 	OBC-NCL 	Gender-Neutral 	2504 	3120
Indian Institute of Technology Mandi	Electrical Engineering (4 Years, Bachelor of Technology) 	AI 	OBC-NCL 	Female-only (including Supernumerary) 	6397 	6648
Indian Institute of Technology Mandi	Engineering Physics (4 Years, Bachelor of Technology) 	AI 	OBC-NCL 	Gender-Neutral 	3287 	4714
Indian Institute of Technology Mandi	Engineering Physics (4 Years, Bachelor of Technology) 	AI 	OBC-NCL 	Female-only (including Supernumerary) 	7637 	8218
Indian Institute of Technology Mandi	Mechanical Engineering (4 Years, Bachelor of Technology) 	AI 	OBC-NCL 	Gender-Neutral 	3470 	4033
Indian Institute of Technology Mandi	Mechanical Engineering (4 Years, Bachelor of Technology) 	AI 	OBC-NCL 	Female-only (including Supernumerary) 	7239 	8157
Indian Institute of Technology Delhi	Abu Dhabi Campus - Chemical Engineering (4 Years, Bachelor of Technology) 	AI 	OBC-NCL 	Gender-Neutral 	2006 	2006
Indian Institute of Technology Delhi	Abu Dhabi Campus - Chemical Engineering (4 Years, Bachelor of Technology) 	AI 	OBC-NCL 	Female-only (including Supernumerary) 	5884 	5884
Indian Institute of Technology Delhi	Abu Dhabi Campus - Computer Science and Engineering (4 Years, Bachelor of Technology) 	AI 	OBC-NCL 	Gender-Neutral 	591 	591
Indian Institute of Technology Delhi	Abu Dhabi Campus - Computer Science and Engineering (4 Years, Bachelor of Technology) 	AI 	OBC-NCL 	Female-only (including Supernumerary) 	5340 	5340
Indian Institute of Technology Delhi	Abu Dhabi Campus - Energy Engineering (4 Years, Bachelor of Technology) 	AI 	OBC-NCL 	Gender-Neutral 	1710 	1870
Indian Institute of Technology Delhi	Abu Dhabi Campus - Energy Engineering (4 Years, Bachelor of Technology) 	AI 	OBC-NCL 	Female-only (including Supernumerary) 	6493 	6493
Indian Institute of Technology Delhi	Biotechnology and Biochemical Engineering (4 Years, Bachelor of Technology) 	AI 	OBC-NCL 	Gender-Neutral 	1465 	2567
Indian Institute of Technology Delhi	Biotechnology and Biochemical Engineering (4 Years, Bachelor of Technology) 	AI 	OBC-NCL 	Female-only (including Supernumerary) 	5965 	6046
Indian Institute of Technology Delhi	Chemical Engineering (4 Years, Bachelor of Technology) 	AI 	OBC-NCL 	Gender-Neutral 	840 	1257
Indian Institute of Technology Delhi	Chemical Engineering (4 Years, Bachelor of Technology) 	AI 	OBC-NCL 	Female-only (including Supernumerary) 	3352 	3795
Indian Institute of Technology Delhi	Chemical Engineering (5 Years, Bachelor and Master of Technology (Dual Degree)) 	AI 	OBC-NCL 	Gender-Neutral 	1383 	1869
Indian Institute of Technology Delhi	Chemical Engineering (5 Years, Bachelor and Master of Technology (Dual Degree)) 	AI 	OBC-NCL 	Female-only (including Supernumerary) 	3814 	5110
Indian Institute of Technology Delhi	Chemistry (4 Years, Bachelor of Science) 	AI 	OBC-NCL 	Gender-Neutral 	3547 	4458
Indian Institute of Technology Delhi	Chemistry (4 Years, Bachelor of Science) 	AI 	OBC-NCL 	Female-only (including Supernumerary) 	8247 	8744
Indian Institute of Technology Delhi	Civil Engineering (4 Years, Bachelor of Technology) 	AI 	OBC-NCL 	Gender-Neutral 	1054 	1990
Indian Institute of Technology Delhi	Civil Engineering (4 Years, Bachelor of Technology) 	AI 	OBC-NCL 	Female-only (including Supernumerary) 	3597 	4703
Indian Institute of Technology Delhi	Computer Science and Engineering (4 Years, Bachelor of Technology) 	AI 	OBC-NCL 	Gender-Neutral 	55 	91
Indian Institute of Technology Delhi	Computer Science and Engineering (4 Years, Bachelor of Technology) 	AI 	OBC-NCL 	Female-only (including Supernumerary) 	246 	551
Indian Institute of Technology Delhi	Computer Science and Engineering (5 Years, Bachelor and Master of Technology (Dual Degree)) 	AI 	OBC-NCL 	Gender-Neutral 	105 	195
Indian Institute of Technology Delhi	Computer Science and Engineering (5 Years, Bachelor and Master of Technology (Dual Degree)) 	AI 	OBC-NCL 	Female-only (including Supernumerary) 	679 	718
Indian Institute of Technology Delhi	Design (4 Years, Bachelor of Technology) 	AI 	OBC-NCL 	Gender-Neutral 	2661 	4104
Indian Institute of Technology Delhi	Design (4 Years, Bachelor of Technology) 	AI 	OBC-NCL 	Female-only (including Supernumerary) 	8116 	8116
Indian Institute of Technology Delhi	Electrical Engineering (4 Years, Bachelor of Technology) 	AI 	OBC-NCL 	Gender-Neutral 	255 	405
Indian Institute of Technology Delhi	Electrical Engineering (4 Years, Bachelor of Technology) 	AI 	OBC-NCL 	Female-only (including Supernumerary) 	1254 	1484
Indian Institute of Technology Delhi	Electrical Engineering (Power and Automation) (4 Years, Bachelor of Technology) 	AI 	OBC-NCL 	Gender-Neutral 	410 	496
Indian Institute of Technology Delhi	Electrical Engineering (Power and Automation) (4 Years, Bachelor of Technology) 	AI 	OBC-NCL 	Female-only (including Supernumerary) 	1673 	1759
Indian Institute of Technology Delhi	Energy Engineering (4 Years, Bachelor of Technology) 	AI 	OBC-NCL 	Gender-Neutral 	1345 	1643
Indian Institute of Technology Delhi	Energy Engineering (4 Years, Bachelor of Technology) 	AI 	OBC-NCL 	Female-only (including Supernumerary) 	4047 	4389
Indian Institute of Technology Delhi	Engineering and Computational Mechanics (4 Years, Bachelor of Technology) 	AI 	OBC-NCL 	Gender-Neutral 	501 	692
Indian Institute of Technology Delhi	Engineering and Computational Mechanics (4 Years, Bachelor of Technology) 	AI 	OBC-NCL 	Female-only (including Supernumerary) 	1970 	2408
Indian Institute of Technology Delhi	Engineering Physics (4 Years, Bachelor of Technology) 	AI 	OBC-NCL 	Gender-Neutral 	1252 	1569
Indian Institute of Technology Delhi	Engineering Physics (4 Years, Bachelor of Technology) 	AI 	OBC-NCL 	Female-only (including Supernumerary) 	4360 	4738
Indian Institute of Technology Delhi	Materials Engineering (4 Years, Bachelor of Technology) 	AI 	OBC-NCL 	Gender-Neutral 	1979 	2397
Indian Institute of Technology Delhi	Materials Engineering (4 Years, Bachelor of Technology) 	AI 	OBC-NCL 	Female-only (including Supernumerary) 	4908 	4991
Indian Institute of Technology Delhi	Mathematics and Computing (4 Years, Bachelor of Technology) 	AI 	OBC-NCL 	Gender-Neutral 	96 	221
Indian Institute of Technology Delhi	Mathematics and Computing (4 Years, Bachelor of Technology) 	AI 	OBC-NCL 	Female-only (including Supernumerary) 	701 	1107
Indian Institute of Technology Delhi	Mathematics and Computing (5 Years, Bachelor and Master of Technology (Dual Degree)) 	AI 	OBC-NCL 	Gender-Neutral 	241 	317
Indian Institute of Technology Delhi	Mathematics and Computing (5 Years, Bachelor and Master of Technology (Dual Degree)) 	AI 	OBC-NCL 	Female-only (including Supernumerary) 	1023 	1249
Indian Institute of Technology Delhi	Mechanical Engineering (4 Years, Bachelor of Technology) 	AI 	OBC-NCL 	Gender-Neutral 	448 	980
Indian Institute of Technology Delhi	Mechanical Engineering (4 Years, Bachelor of Technology) 	AI 	OBC-NCL 	Female-only (including Supernumerary) 	1559 	3359
Indian Institute of Technology Delhi	Production and Industrial Engineering (4 Years, Bachelor of Technology) 	AI 	OBC-NCL 	Gender-Neutral 	1340 	1974
Indian Institute of Technology Delhi	Production and Industrial Engineering (4 Years, Bachelor of Technology) 	AI 	OBC-NCL 	Female-only (including Supernumerary) 	5178 	5502
Indian Institute of Technology Delhi	Textile Technology (4 Years, Bachelor of Technology) 	AI 	OBC-NCL 	Gender-Neutral 	2409 	3075
Indian Institute of Technology Delhi	Textile Technology (4 Years, Bachelor of Technology) 	AI 	OBC-NCL 	Female-only (including Supernumerary) 	5645 	6368
Indian Institute of Technology Indore	Chemical Engineering (4 Years, Bachelor of Technology) 	AI 	OBC-NCL 	Gender-Neutral 	2811 	3453
Indian Institute of Technology Indore	Chemical Engineering (4 Years, Bachelor of Technology) 	AI 	OBC-NCL 	Female-only (including Supernumerary) 	6614 	6970
Indian Institute of Technology Indore	Civil Engineering (4 Years, Bachelor of Technology) 	AI 	OBC-NCL 	Gender-Neutral 	3189 	3823
Indian Institute of Technology Indore	Civil Engineering (4 Years, Bachelor of Technology) 	AI 	OBC-NCL 	Female-only (including Supernumerary) 	7675 	7907
Indian Institute of Technology Indore	Computer Science and Engineering (4 Years, Bachelor of Technology) 	AI 	OBC-NCL 	Gender-Neutral 	425 	581
Indian Institute of Technology Indore	Computer Science and Engineering (4 Years, Bachelor of Technology) 	AI 	OBC-NCL 	Female-only (including Supernumerary) 	1900 	2106
Indian Institute of Technology Indore	Electrical Engineering (4 Years, Bachelor of Technology) 	AI 	OBC-NCL 	Gender-Neutral 	1063 	1610
Indian Institute of Technology Indore	Electrical Engineering (4 Years, Bachelor of Technology) 	AI 	OBC-NCL 	Female-only (including Supernumerary) 	2698 	4037
Indian Institute of Technology Indore	Engineering Physics (4 Years, Bachelor of Technology) 	AI 	OBC-NCL 	Gender-Neutral 	3329 	3460
Indian Institute of Technology Indore	Engineering Physics (4 Years, Bachelor of Technology) 	AI 	OBC-NCL 	Female-only (including Supernumerary) 	7216 	7216
Indian Institute of Technology Indore	Mathematics and Computing (4 Years, Bachelor of Technology) 	AI 	OBC-NCL 	Gender-Neutral 	855 	941
Indian Institute of Technology Indore	Mathematics and Computing (4 Years, Bachelor of Technology) 	AI 	OBC-NCL 	Female-only (including Supernumerary) 	2246 	2488
Indian Institute of Technology Indore	Mechanical Engineering (4 Years, Bachelor of Technology) 	AI 	OBC-NCL 	Gender-Neutral 	2125 	2857
Indian Institute of Technology Indore	Mechanical Engineering (4 Years, Bachelor of Technology) 	AI 	OBC-NCL 	Female-only (including Supernumerary) 	5816 	7026
Indian Institute of Technology Indore	Metallurgical Engineering and Materials Science (4 Years, Bachelor of Technology) 	AI 	OBC-NCL 	Gender-Neutral 	3969 	4510
Indian Institute of Technology Indore	Metallurgical Engineering and Materials Science (4 Years, Bachelor of Technology) 	AI 	OBC-NCL 	Female-only (including Supernumerary) 	8111 	8462
Indian Institute of Technology Indore	Space Science and Engineering (4 Years, Bachelor of Technology) 	AI 	OBC-NCL 	Gender-Neutral 	2290 	2696
Indian Institute of Technology Indore	Space Science and Engineering (4 Years, Bachelor of Technology) 	AI 	OBC-NCL 	Female-only (including Supernumerary) 	6205 	6205
Indian Institute of Technology Kharagpur	Aerospace Engineering (4 Years, Bachelor of Technology) 	AI 	OBC-NCL 	Gender-Neutral 	1818 	2202
Indian Institute of Technology Kharagpur	Aerospace Engineering (4 Years, Bachelor of Technology) 	AI 	OBC-NCL 	Female-only (including Supernumerary) 	4002 	4957
Indian Institute of Technology Kharagpur	Agricultural and Food Engineering (4 Years, Bachelor of Technology) 	AI 	OBC-NCL 	Gender-Neutral 	3070 	4528
Indian Institute of Technology Kharagpur	Agricultural and Food Engineering (4 Years, Bachelor of Technology) 	AI 	OBC-NCL 	Female-only (including Supernumerary) 	7011 	8479
Indian Institute of Technology Kharagpur	Applied Geology (4 Years, Bachelor of Science) 	AI 	OBC-NCL 	Gender-Neutral 	3570 	5435
Indian Institute of Technology Kharagpur	Applied Geology (4 Years, Bachelor of Science) 	AI 	OBC-NCL 	Female-only (including Supernumerary) 	9204 	9476
Indian Institute of Technology Kharagpur	Architecture (5 Years, Bachelor of Architecture) 	AI 	OBC-NCL 	Gender-Neutral 	5668 	6752
Indian Institute of Technology Kharagpur	Artificial Intelligence (4 Years, Bachelor of Technology) 	AI 	OBC-NCL 	Gender-Neutral 	218 	352
Indian Institute of Technology Kharagpur	Artificial Intelligence (4 Years, Bachelor of Technology) 	AI 	OBC-NCL 	Female-only (including Supernumerary) 	1056 	1146
Indian Institute of Technology Kharagpur	Biotechnology and Biochemical Engineering (4 Years, Bachelor of Technology) 	AI 	OBC-NCL 	Gender-Neutral 	3277 	3650
Indian Institute of Technology Kharagpur	Biotechnology and Biochemical Engineering (4 Years, Bachelor of Technology) 	AI 	OBC-NCL 	Female-only (including Supernumerary) 	6570 	7362
Indian Institute of Technology Kharagpur	Chemical Engineering (4 Years, Bachelor of Technology) 	AI 	OBC-NCL 	Gender-Neutral 	1906 	2297
Indian Institute of Technology Kharagpur	Chemical Engineering (4 Years, Bachelor of Technology) 	AI 	OBC-NCL 	Female-only (including Supernumerary) 	4139 	5250
Indian Institute of Technology Kharagpur	Chemistry (4 Years, Bachelor of Science) 	AI 	OBC-NCL 	Gender-Neutral 	4734 	5291
Indian Institute of Technology Kharagpur	Chemistry (4 Years, Bachelor of Science) 	AI 	OBC-NCL 	Female-only (including Supernumerary) 	8928 	8982
Indian Institute of Technology Kharagpur	Civil Engineering (4 Years, Bachelor of Technology) 	AI 	OBC-NCL 	Gender-Neutral 	2456 	3034
Indian Institute of Technology Kharagpur	Civil Engineering (4 Years, Bachelor of Technology) 	AI 	OBC-NCL 	Female-only (including Supernumerary) 	4969 	6283
Indian Institute of Technology Kharagpur	Computer Science and Engineering (4 Years, Bachelor of Technology) 	AI 	OBC-NCL 	Gender-Neutral 	94 	212
Indian Institute of Technology Kharagpur	Computer Science and Engineering (4 Years, Bachelor of Technology) 	AI 	OBC-NCL 	Female-only (including Supernumerary) 	583 	792
Indian Institute of Technology Kharagpur	Economics (4 Years, Bachelor of Science) 	AI 	OBC-NCL 	Gender-Neutral 	2200 	2677
Indian Institute of Technology Kharagpur	Economics (4 Years, Bachelor of Science) 	AI 	OBC-NCL 	Female-only (including Supernumerary) 	4805 	5904
Indian Institute of Technology Kharagpur	Electrical Engineering (4 Years, Bachelor of Technology) 	AI 	OBC-NCL 	Gender-Neutral 	700 	869
Indian Institute of Technology Kharagpur	Electrical Engineering (4 Years, Bachelor of Technology) 	AI 	OBC-NCL 	Female-only (including Supernumerary) 	2267 	2600
Indian Institute of Technology Kharagpur	Electronics and Electrical Communication Engineering (4 Years, Bachelor of Technology) 	AI 	OBC-NCL 	Gender-Neutral 	415 	642
Indian Institute of Technology Kharagpur	Electronics and Electrical Communication Engineering (4 Years, Bachelor of Technology) 	AI 	OBC-NCL 	Female-only (including Supernumerary) 	1467 	1798
Indian Institute of Technology Kharagpur	Exploration Geophysics (4 Years, Bachelor of Science) 	AI 	OBC-NCL 	Gender-Neutral 	4503 	5131
Indian Institute of Technology Kharagpur	Exploration Geophysics (4 Years, Bachelor of Science) 	AI 	OBC-NCL 	Female-only (including Supernumerary) 	8690 	8732
Indian Institute of Technology Kharagpur	Industrial and Systems Engineering (4 Years, Bachelor of Technology) 	AI 	OBC-NCL 	Gender-Neutral 	1185 	2086
Indian Institute of Technology Kharagpur	Industrial and Systems Engineering (4 Years, Bachelor of Technology) 	AI 	OBC-NCL 	Female-only (including Supernumerary) 	3805 	6079
Indian Institute of Technology Kharagpur	Instrumentation Engineering (4 Years, Bachelor of Technology) 	AI 	OBC-NCL 	Gender-Neutral 	890 	1227
Indian Institute of Technology Kharagpur	Instrumentation Engineering (4 Years, Bachelor of Technology) 	AI 	OBC-NCL 	Female-only (including Supernumerary) 	3342 	3619
Indian Institute of Technology Kharagpur	Manufacturing Science and Engineering (4 Years, Bachelor of Technology) 	AI 	OBC-NCL 	Gender-Neutral 	2449 	3132
Indian Institute of Technology Kharagpur	Manufacturing Science and Engineering (4 Years, Bachelor of Technology) 	AI 	OBC-NCL 	Female-only (including Supernumerary) 	5331 	6353
Indian Institute of Technology Kharagpur	Mathematics and Computing (4 Years, Bachelor of Science) 	AI 	OBC-NCL 	Gender-Neutral 	523 	711
Indian Institute of Technology Kharagpur	Mathematics and Computing (4 Years, Bachelor of Science) 	AI 	OBC-NCL 	Female-only (including Supernumerary) 	1968 	2575
Indian Institute of Technology Kharagpur	Mechanical Engineering (4 Years, Bachelor of Technology) 	AI 	OBC-NCL 	Gender-Neutral 	1040 	1650
Indian Institute of Technology Kharagpur	Mechanical Engineering (4 Years, Bachelor of Technology) 	AI 	OBC-NCL 	Female-only (including Supernumerary) 	3627 	4820
Indian Institute of Technology Kharagpur	Metallurgical and Materials Engineering (4 Years, Bachelor of Technology) 	AI 	OBC-NCL 	Gender-Neutral 	2389 	3348
Indian Institute of Technology Kharagpur	Metallurgical and Materials Engineering (4 Years, Bachelor of Technology) 	AI 	OBC-NCL 	Female-only (including Supernumerary) 	6558 	6973
Indian Institute of Technology Kharagpur	Mining Engineering (4 Years, Bachelor of Technology) 	AI 	OBC-NCL 	Gender-Neutral 	3182 	3986
Indian Institute of Technology Kharagpur	Mining Engineering (4 Years, Bachelor of Technology) 	AI 	OBC-NCL 	Female-only (including Supernumerary) 	7623 	8146
Indian Institute of Technology Kharagpur	Ocean Engineering and Naval Architecture (4 Years, Bachelor of Technology) 	AI 	OBC-NCL 	Gender-Neutral 	2895 	4029
Indian Institute of Technology Kharagpur	Ocean Engineering and Naval Architecture (4 Years, Bachelor of Technology) 	AI 	OBC-NCL 	Female-only (including Supernumerary) 	6791 	7202
Indian Institute of Technology Kharagpur	Physics (4 Years, Bachelor of Science) 	AI 	OBC-NCL 	Gender-Neutral 	3790 	4376
Indian Institute of Technology Kharagpur	Physics (4 Years, Bachelor of Science) 	AI 	OBC-NCL 	Female-only (including Supernumerary) 	8620 	8640
Indian Institute of Technology Hyderabad	Artificial Intelligence (4 Years, Bachelor of Technology) 	AI 	OBC-NCL 	Gender-Neutral 	309 	380
Indian Institute of Technology Hyderabad	Artificial Intelligence (4 Years, Bachelor of Technology) 	AI 	OBC-NCL 	Female-only (including Supernumerary) 	1039 	1039
Indian Institute of Technology Hyderabad	Biomedical Engineering (4 Years, Bachelor of Technology) 	AI 	OBC-NCL 	Gender-Neutral 	3181 	4067
Indian Institute of Technology Hyderabad	Biomedical Engineering (4 Years, Bachelor of Technology) 	AI 	OBC-NCL 	Female-only (including Supernumerary) 	5321 	6414
Indian Institute of Technology Hyderabad	Biotechnology and Bioinformatics (4 Years, Bachelor of Technology) 	AI 	OBC-NCL 	Gender-Neutral 	3378 	3959
Indian Institute of Technology Hyderabad	Biotechnology and Bioinformatics (4 Years, Bachelor of Technology) 	AI 	OBC-NCL 	Female-only (including Supernumerary) 	6457 	6479
Indian Institute of Technology Hyderabad	Chemical Engineering (4 Years, Bachelor of Technology) 	AI 	OBC-NCL 	Gender-Neutral 	2158 	2453
Indian Institute of Technology Hyderabad	Chemical Engineering (4 Years, Bachelor of Technology) 	AI 	OBC-NCL 	Female-only (including Supernumerary) 	4379 	4864
Indian Institute of Technology Hyderabad	Civil Engineering (4 Years, Bachelor of Technology) 	AI 	OBC-NCL 	Gender-Neutral 	2749 	3230
Indian Institute of Technology Hyderabad	Civil Engineering (4 Years, Bachelor of Technology) 	AI 	OBC-NCL 	Female-only (including Supernumerary) 	5461 	6304
Indian Institute of Technology Hyderabad	Computational Engineering (4 Years, Bachelor of Technology) 	AI 	OBC-NCL 	Gender-Neutral 	744 	900
Indian Institute of Technology Hyderabad	Computational Engineering (4 Years, Bachelor of Technology) 	AI 	OBC-NCL 	Female-only (including Supernumerary) 	1806 	2257
Indian Institute of Technology Hyderabad	Computer Science and Engineering (4 Years, Bachelor of Technology) 	AI 	OBC-NCL 	Gender-Neutral 	133 	291
Indian Institute of Technology Hyderabad	Computer Science and Engineering (4 Years, Bachelor of Technology) 	AI 	OBC-NCL 	Female-only (including Supernumerary) 	647 	887
Indian Institute of Technology Hyderabad	Electrical Engineering (4 Years, Bachelor of Technology) 	AI 	OBC-NCL 	Gender-Neutral 	671 	996
Indian Institute of Technology Hyderabad	Electrical Engineering (4 Years, Bachelor of Technology) 	AI 	OBC-NCL 	Female-only (including Supernumerary) 	1519 	2388
Indian Institute of Technology Hyderabad	Electrical Engineering (IC Design and Technology) (4 Years, Bachelor of Technology) 	AI 	OBC-NCL 	Gender-Neutral 	657 	860
Indian Institute of Technology Hyderabad	Electrical Engineering (IC Design and Technology) (4 Years, Bachelor of Technology) 	AI 	OBC-NCL 	Female-only (including Supernumerary) 	2363 	2498
Indian Institute of Technology Hyderabad	Engineering Physics (4 Years, Bachelor of Technology) 	AI 	OBC-NCL 	Gender-Neutral 	1896 	2571
Indian Institute of Technology Hyderabad	Engineering Physics (4 Years, Bachelor of Technology) 	AI 	OBC-NCL 	Female-only (including Supernumerary) 	4418 	5436
Indian Institute of Technology Hyderabad	Engineering Science (4 Years, Bachelor of Technology) 	AI 	OBC-NCL 	Gender-Neutral 	1014 	1843
Indian Institute of Technology Hyderabad	Engineering Science (4 Years, Bachelor of Technology) 	AI 	OBC-NCL 	Female-only (including Supernumerary) 	3281 	3364
Indian Institute of Technology Hyderabad	Industrial Chemistry (4 Years, Bachelor of Technology) 	AI 	OBC-NCL 	Gender-Neutral 	2965 	3992
Indian Institute of Technology Hyderabad	Industrial Chemistry (4 Years, Bachelor of Technology) 	AI 	OBC-NCL 	Female-only (including Supernumerary) 	5968 	6337
Indian Institute of Technology Hyderabad	Materials Science and Metallurgical Engineering (4 Years, Bachelor of Technology) 	AI 	OBC-NCL 	Gender-Neutral 	2630 	3429
Indian Institute of Technology Hyderabad	Materials Science and Metallurgical Engineering (4 Years, Bachelor of Technology) 	AI 	OBC-NCL 	Female-only (including Supernumerary) 	6227 	6349
Indian Institute of Technology Hyderabad	Mathematics and Computing (4 Years, Bachelor of Technology) 	AI 	OBC-NCL 	Gender-Neutral 	387 	440
Indian Institute of Technology Hyderabad	Mathematics and Computing (4 Years, Bachelor of Technology) 	AI 	OBC-NCL 	Female-only (including Supernumerary) 	1397 	1451
Indian Institute of Technology Hyderabad	Mechanical Engineering (4 Years, Bachelor of Technology) 	AI 	OBC-NCL 	Gender-Neutral 	1572 	2005
Indian Institute of Technology Hyderabad	Mechanical Engineering (4 Years, Bachelor of Technology) 	AI 	OBC-NCL 	Female-only (including Supernumerary) 	2483 	4253
Indian Institute of Technology Jodhpur	Artificial Intelligence and Data Science (4 Years, Bachelor of Technology) 	AI 	OBC-NCL 	Gender-Neutral 	1597 	1828
Indian Institute of Technology Jodhpur	Artificial Intelligence and Data Science (4 Years, Bachelor of Technology) 	AI 	OBC-NCL 	Female-only (including Supernumerary) 	4156 	4556
Indian Institute of Technology Jodhpur	Bio Engineering (4 Years, Bachelor of Technology) 	AI 	OBC-NCL 	Gender-Neutral 	5116 	5525
Indian Institute of Technology Jodhpur	Bio Engineering (4 Years, Bachelor of Technology) 	AI 	OBC-NCL 	Female-only (including Supernumerary) 	9342 	9578
Indian Institute of Technology Jodhpur	Chemical Engineering (4 Years, Bachelor of Technology) 	AI 	OBC-NCL 	Gender-Neutral 	4077 	4411
Indian Institute of Technology Jodhpur	Chemical Engineering (4 Years, Bachelor of Technology) 	AI 	OBC-NCL 	Female-only (including Supernumerary) 	7281 	8272
Indian Institute of Technology Jodhpur	Chemistry with Specialization (4 Years, Bachelor of Science) 	AI 	OBC-NCL 	Gender-Neutral 	5230 	5820
Indian Institute of Technology Jodhpur	Chemistry with Specialization (4 Years, Bachelor of Science) 	AI 	OBC-NCL 	Female-only (including Supernumerary) 	9061 	9061
Indian Institute of Technology Jodhpur	Civil and Infrastructure Engineering (4 Years, Bachelor of Technology) 	AI 	OBC-NCL 	Gender-Neutral 	3793 	4890
Indian Institute of Technology Jodhpur	Civil and Infrastructure Engineering (4 Years, Bachelor of Technology) 	AI 	OBC-NCL 	Female-only (including Supernumerary) 	8221 	8693
Indian Institute of Technology Jodhpur	Computer Science and Engineering (4 Years, Bachelor of Technology) 	AI 	OBC-NCL 	Gender-Neutral 	809 	1382
Indian Institute of Technology Jodhpur	Computer Science and Engineering (4 Years, Bachelor of Technology) 	AI 	OBC-NCL 	Female-only (including Supernumerary) 	3290 	3668
Indian Institute of Technology Jodhpur	Electrical Engineering (4 Years, Bachelor of Technology) 	AI 	OBC-NCL 	Gender-Neutral 	2328 	2996
Indian Institute of Technology Jodhpur	Electrical Engineering (4 Years, Bachelor of Technology) 	AI 	OBC-NCL 	Female-only (including Supernumerary) 	4853 	6186
Indian Institute of Technology Jodhpur	Electronics Engineering (4 Years, Bachelor of Technology) 	AI 	OBC-NCL 	Gender-Neutral 	1963 	2757
Indian Institute of Technology Jodhpur	Electronics Engineering (4 Years, Bachelor of Technology) 	AI 	OBC-NCL 	Female-only (including Supernumerary) 	6029 	6356
Indian Institute of Technology Jodhpur	Materials Engineering (4 Years, Bachelor of Technology) 	AI 	OBC-NCL 	Gender-Neutral 	4926 	5451
Indian Institute of Technology Jodhpur	Materials Engineering (4 Years, Bachelor of Technology) 	AI 	OBC-NCL 	Female-only (including Supernumerary) 	9308 	9511
Indian Institute of Technology Jodhpur	Mechanical Engineering (4 Years, Bachelor of Technology) 	AI 	OBC-NCL 	Gender-Neutral 	3065 	3912
Indian Institute of Technology Jodhpur	Mechanical Engineering (4 Years, Bachelor of Technology) 	AI 	OBC-NCL 	Female-only (including Supernumerary) 	6306 	7890
Indian Institute of Technology Jodhpur	Physics with Specialization (4 Years, Bachelor of Science) 	AI 	OBC-NCL 	Gender-Neutral 	4889 	5593
Indian Institute of Technology Jodhpur	Physics with Specialization (4 Years, Bachelor of Science) 	AI 	OBC-NCL 	Female-only (including Supernumerary) 	9285 	9285
Indian Institute of Technology Kanpur	Aerospace Engineering (4 Years, Bachelor of Technology) 	AI 	OBC-NCL 	Gender-Neutral 	1346 	1853
Indian Institute of Technology Kanpur	Aerospace Engineering (4 Years, Bachelor of Technology) 	AI 	OBC-NCL 	Female-only (including Supernumerary) 	3642 	4309
Indian Institute of Technology Kanpur	Biological Sciences and Bioengineering (4 Years, Bachelor of Technology) 	AI 	OBC-NCL 	Gender-Neutral 	1969 	3428
Indian Institute of Technology Kanpur	Biological Sciences and Bioengineering (4 Years, Bachelor of Technology) 	AI 	OBC-NCL 	Female-only (including Supernumerary) 	5899 	7359
Indian Institute of Technology Kanpur	Chemical Engineering (4 Years, Bachelor of Technology) 	AI 	OBC-NCL 	Gender-Neutral 	1300 	1915
Indian Institute of Technology Kanpur	Chemical Engineering (4 Years, Bachelor of Technology) 	AI 	OBC-NCL 	Female-only (including Supernumerary) 	4038 	4961
Indian Institute of Technology Kanpur	Chemistry (4 Years, Bachelor of Science) 	AI 	OBC-NCL 	Gender-Neutral 	3621 	4357
Indian Institute of Technology Kanpur	Chemistry (4 Years, Bachelor of Science) 	AI 	OBC-NCL 	Female-only (including Supernumerary) 	6920 	8526
Indian Institute of Technology Kanpur	Civil Engineering (4 Years, Bachelor of Technology) 	AI 	OBC-NCL 	Gender-Neutral 	1966 	2637
Indian Institute of Technology Kanpur	Civil Engineering (4 Years, Bachelor of Technology) 	AI 	OBC-NCL 	Female-only (including Supernumerary) 	4877 	5823
Indian Institute of Technology Kanpur	Computer Science and Engineering (4 Years, Bachelor of Technology) 	AI 	OBC-NCL 	Gender-Neutral 	88 	142
Indian Institute of Technology Kanpur	Computer Science and Engineering (4 Years, Bachelor of Technology) 	AI 	OBC-NCL 	Female-only (including Supernumerary) 	561 	661
Indian Institute of Technology Kanpur	Earth Sciences (4 Years, Bachelor of Science) 	AI 	OBC-NCL 	Gender-Neutral 	3854 	4550
Indian Institute of Technology Kanpur	Earth Sciences (4 Years, Bachelor of Science) 	AI 	OBC-NCL 	Female-only (including Supernumerary) 	8106 	8187
Indian Institute of Technology Kanpur	Economics (4 Years, Bachelor of Science) 	AI 	OBC-NCL 	Gender-Neutral 	1325 	1928
Indian Institute of Technology Kanpur	Economics (4 Years, Bachelor of Science) 	AI 	OBC-NCL 	Female-only (including Supernumerary) 	3843 	4453
Indian Institute of Technology Kanpur	Electrical Engineering (4 Years, Bachelor of Technology) 	AI 	OBC-NCL 	Gender-Neutral 	280 	720
Indian Institute of Technology Kanpur	Electrical Engineering (4 Years, Bachelor of Technology) 	AI 	OBC-NCL 	Female-only (including Supernumerary) 	1545 	2332
Indian Institute of Technology Kanpur	Materials Science and Engineering (4 Years, Bachelor of Technology) 	AI 	OBC-NCL 	Gender-Neutral 	2539 	3047
Indian Institute of Technology Kanpur	Materials Science and Engineering (4 Years, Bachelor of Technology) 	AI 	OBC-NCL 	Female-only (including Supernumerary) 	5978 	6716
Indian Institute of Technology Kanpur	Mathematics and Scientific Computing (4 Years, Bachelor of Science) 	AI 	OBC-NCL 	Gender-Neutral 	359 	635
Indian Institute of Technology Kanpur	Mathematics and Scientific Computing (4 Years, Bachelor of Science) 	AI 	OBC-NCL 	Female-only (including Supernumerary) 	1947 	2415
Indian Institute of Technology Kanpur	Mechanical Engineering (4 Years, Bachelor of Technology) 	AI 	OBC-NCL 	Gender-Neutral 	987 	1331
Indian Institute of Technology Kanpur	Mechanical Engineering (4 Years, Bachelor of Technology) 	AI 	OBC-NCL 	Female-only (including Supernumerary) 	3484 	4172
Indian Institute of Technology Kanpur	Physics (4 Years, Bachelor of Science) 	AI 	OBC-NCL 	Gender-Neutral 	1807 	3787
Indian Institute of Technology Kanpur	Physics (4 Years, Bachelor of Science) 	AI 	OBC-NCL 	Female-only (including Supernumerary) 	7155 	8002
Indian Institute of Technology Kanpur	Statistics and Data Science (4 Years, Bachelor of Science) 	AI 	OBC-NCL 	Gender-Neutral 	638 	704
Indian Institute of Technology Kanpur	Statistics and Data Science (4 Years, Bachelor of Science) 	AI 	OBC-NCL 	Female-only (including Supernumerary) 	1714 	1871
Indian Institute of Technology Madras	Aerospace Engineering (4 Years, Bachelor of Technology) 	AI 	OBC-NCL 	Gender-Neutral 	968 	1508
Indian Institute of Technology Madras	Aerospace Engineering (4 Years, Bachelor of Technology) 	AI 	OBC-NCL 	Female-only (including Supernumerary) 	1543 	2517
Indian Institute of Technology Madras	Aerospace Engineering (5 Years, Bachelor and Master of Technology (Dual Degree)) 	AI 	OBC-NCL 	Gender-Neutral 	785 	1472
Indian Institute of Technology Madras	Aerospace Engineering (5 Years, Bachelor and Master of Technology (Dual Degree)) 	AI 	OBC-NCL 	Female-only (including Supernumerary) 	3023 	3023
Indian Institute of Technology Madras	Artificial Intelligence and Data Analytics (4 Years, Bachelor of Technology) 	AI 	OBC-NCL 	Gender-Neutral 	98 	165
Indian Institute of Technology Madras	Artificial Intelligence and Data Analytics (4 Years, Bachelor of Technology) 	AI 	OBC-NCL 	Female-only (including Supernumerary) 	500 	611
Indian Institute of Technology Madras	Biological Engineering (4 Years, Bachelor of Technology) 	AI 	OBC-NCL 	Gender-Neutral 	2709 	3133
Indian Institute of Technology Madras	Biological Engineering (4 Years, Bachelor of Technology) 	AI 	OBC-NCL 	Female-only (including Supernumerary) 	5286 	5286
Indian Institute of Technology Madras	Biological Science (4 Years, Bachelor of Science) 	AI 	OBC-NCL 	Gender-Neutral 	3669 	4316
Indian Institute of Technology Madras	Biological Science (4 Years, Bachelor of Science) 	AI 	OBC-NCL 	Female-only (including Supernumerary) 	6299 	6299
Indian Institute of Technology Madras	Chemical Engineering (4 Years, Bachelor of Technology) 	AI 	OBC-NCL 	Gender-Neutral 	1341 	1868
Indian Institute of Technology Madras	Chemical Engineering (4 Years, Bachelor of Technology) 	AI 	OBC-NCL 	Female-only (including Supernumerary) 	2717 	3820
Indian Institute of Technology Madras	Civil Engineering (4 Years, Bachelor of Technology) 	AI 	OBC-NCL 	Gender-Neutral 	1765 	2383
Indian Institute of Technology Madras	Civil Engineering (4 Years, Bachelor of Technology) 	AI 	OBC-NCL 	Female-only (including Supernumerary) 	3594 	4270
Indian Institute of Technology Madras	Computational Engineering and Mechanics (4 Years, Bachelor of Technology) 	AI 	OBC-NCL 	Gender-Neutral 	397 	741
Indian Institute of Technology Madras	Computational Engineering and Mechanics (4 Years, Bachelor of Technology) 	AI 	OBC-NCL 	Female-only (including Supernumerary) 	1749 	1874
Indian Institute of Technology Madras	Computer Science and Engineering (4 Years, Bachelor of Technology) 	AI 	OBC-NCL 	Gender-Neutral 	26 	87
Indian Institute of Technology Madras	Computer Science and Engineering (4 Years, Bachelor of Technology) 	AI 	OBC-NCL 	Female-only (including Supernumerary) 	176 	545
Indian Institute of Technology Madras	Electrical Engineering (4 Years, Bachelor of Technology) 	AI 	OBC-NCL 	Gender-Neutral 	132 	393
Indian Institute of Technology Madras	Electrical Engineering (4 Years, Bachelor of Technology) 	AI 	OBC-NCL 	Female-only (including Supernumerary) 	566 	1392
Indian Institute of Technology Madras	Engineering Design (5 Years, Bachelor and Master of Technology (Dual Degree)) 	AI 	OBC-NCL 	Gender-Neutral 	1070 	1439
Indian Institute of Technology Madras	Engineering Design (5 Years, Bachelor and Master of Technology (Dual Degree)) 	AI 	OBC-NCL 	Female-only (including Supernumerary) 	2276 	3216
Indian Institute of Technology Madras	Engineering Physics (4 Years, Bachelor of Technology) 	AI 	OBC-NCL 	Gender-Neutral 	464 	1011
Indian Institute of Technology Madras	Engineering Physics (4 Years, Bachelor of Technology) 	AI 	OBC-NCL 	Female-only (including Supernumerary) 	1386 	2841
Indian Institute of Technology Madras	Instrumentation and Biomedical Engineering (4 Years, Bachelor of Technology) 	AI 	OBC-NCL 	Gender-Neutral 	1548 	2163
Indian Institute of Technology Madras	Instrumentation and Biomedical Engineering (4 Years, Bachelor of Technology) 	AI 	OBC-NCL 	Female-only (including Supernumerary) 	2911 	3943
Indian Institute of Technology Madras	Mechanical Engineering (4 Years, Bachelor of Technology) 	AI 	OBC-NCL 	Gender-Neutral 	421 	1051
Indian Institute of Technology Madras	Mechanical Engineering (4 Years, Bachelor of Technology) 	AI 	OBC-NCL 	Female-only (including Supernumerary) 	1555 	3309
Indian Institute of Technology Madras	Metallurgical and Materials Engineering (4 Years, Bachelor of Technology) 	AI 	OBC-NCL 	Gender-Neutral 	1815 	2343
Indian Institute of Technology Madras	Metallurgical and Materials Engineering (4 Years, Bachelor of Technology) 	AI 	OBC-NCL 	Female-only (including Supernumerary) 	3910 	4822
Indian Institute of Technology Madras	Naval Architecture and Ocean Engineering (4 Years, Bachelor of Technology) 	AI 	OBC-NCL 	Gender-Neutral 	1483 	3107
Indian Institute of Technology Madras	Naval Architecture and Ocean Engineering (4 Years, Bachelor of Technology) 	AI 	OBC-NCL 	Female-only (including Supernumerary) 	4075 	6399
Indian Institute of Technology Madras	Physics (4 Years, Bachelor of Science) 	AI 	OBC-NCL 	Gender-Neutral 	1534 	2242
Indian Institute of Technology Madras	Physics (4 Years, Bachelor of Science) 	AI 	OBC-NCL 	Female-only (including Supernumerary) 	5549 	5549
Indian Institute of Technology Gandhinagar	Artificial Intelligence (4 Years, Bachelor of Technology) 	AI 	OBC-NCL 	Gender-Neutral 	805 	1131
Indian Institute of Technology Gandhinagar	Artificial Intelligence (4 Years, Bachelor of Technology) 	AI 	OBC-NCL 	Female-only (including Supernumerary) 	2686 	2821
Indian Institute of Technology Gandhinagar	Chemical Engineering (4 Years, Bachelor of Technology) 	AI 	OBC-NCL 	Gender-Neutral 	3229 	3648
Indian Institute of Technology Gandhinagar	Chemical Engineering (4 Years, Bachelor of Technology) 	AI 	OBC-NCL 	Female-only (including Supernumerary) 	5327 	6911
Indian Institute of Technology Gandhinagar	Civil Engineering (4 Years, Bachelor of Technology) 	AI 	OBC-NCL 	Gender-Neutral 	3937 	4209
Indian Institute of Technology Gandhinagar	Civil Engineering (4 Years, Bachelor of Technology) 	AI 	OBC-NCL 	Female-only (including Supernumerary) 	7261 	7922
Indian Institute of Technology Gandhinagar	Computer Science and Engineering (4 Years, Bachelor of Technology) 	AI 	OBC-NCL 	Gender-Neutral 	589 	794
Indian Institute of Technology Gandhinagar	Computer Science and Engineering (4 Years, Bachelor of Technology) 	AI 	OBC-NCL 	Female-only (including Supernumerary) 	1696 	2512
Indian Institute of Technology Gandhinagar	Electrical Engineering (4 Years, Bachelor of Technology) 	AI 	OBC-NCL 	Gender-Neutral 	1639 	1905
Indian Institute of Technology Gandhinagar	Electrical Engineering (4 Years, Bachelor of Technology) 	AI 	OBC-NCL 	Female-only (including Supernumerary) 	4441 	4655
Indian Institute of Technology Gandhinagar	Integrated Circuit Design & Technology (4 Years, Bachelor of Technology) 	AI 	OBC-NCL 	Gender-Neutral 	1391 	2236
Indian Institute of Technology Gandhinagar	Integrated Circuit Design & Technology (4 Years, Bachelor of Technology) 	AI 	OBC-NCL 	Female-only (including Supernumerary) 	4946 	4946
Indian Institute of Technology Gandhinagar	Materials Engineering (4 Years, Bachelor of Technology) 	AI 	OBC-NCL 	Gender-Neutral 	4127 	4654
Indian Institute of Technology Gandhinagar	Materials Engineering (4 Years, Bachelor of Technology) 	AI 	OBC-NCL 	Female-only (including Supernumerary) 	8438 	8528
Indian Institute of Technology Gandhinagar	Mechanical Engineering (4 Years, Bachelor of Technology) 	AI 	OBC-NCL 	Gender-Neutral 	2376 	3060
Indian Institute of Technology Gandhinagar	Mechanical Engineering (4 Years, Bachelor of Technology) 	AI 	OBC-NCL 	Female-only (including Supernumerary) 	6297 	7187
Indian Institute of Technology Patna	Artificial Intelligence and Data Science (4 Years, Bachelor of Technology) 	AI 	OBC-NCL 	Gender-Neutral 	1494 	1830
Indian Institute of Technology Patna	Artificial Intelligence and Data Science (4 Years, Bachelor of Technology) 	AI 	OBC-NCL 	Female-only (including Supernumerary) 	3742 	3917
Indian Institute of Technology Patna	B. Tech in CE. - M. Tech. in Geotechnical Engineering (5 Years, B.Tech. + M.Tech./MS (Dual Degree)) 	AI 	OBC-NCL 	Gender-Neutral 	4920 	5413
Indian Institute of Technology Patna	B. Tech in CE. - M. Tech. in Geotechnical Engineering (5 Years, B.Tech. + M.Tech./MS (Dual Degree)) 	AI 	OBC-NCL 	Female-only (including Supernumerary) 	9844 	9844
Indian Institute of Technology Patna	B. Tech in CE. - M. Tech. in Structural Engineering (5 Years, B.Tech. + M.Tech./MS (Dual Degree)) 	AI 	OBC-NCL 	Gender-Neutral 	5138 	5164
Indian Institute of Technology Patna	B. Tech in CE. - M. Tech. in Structural Engineering (5 Years, B.Tech. + M.Tech./MS (Dual Degree)) 	AI 	OBC-NCL 	Female-only (including Supernumerary) 	9278 	9278
Indian Institute of Technology Patna	B. Tech. (CSE) and M.Tech in CSE (5 Years, B.Tech. + M.Tech./MS (Dual Degree)) 	AI 	OBC-NCL 	Gender-Neutral 	1606 	1657
Indian Institute of Technology Patna	B. Tech. (ECE) -M. Tech. in VLSI (5 Years, B.Tech. + M.Tech./MS (Dual Degree)) 	AI 	OBC-NCL 	Gender-Neutral 	2469 	2673
Indian Institute of Technology Patna	B. Tech. (ECE) -M. Tech. in VLSI (5 Years, B.Tech. + M.Tech./MS (Dual Degree)) 	AI 	OBC-NCL 	Female-only (including Supernumerary) 	6345 	6345
Indian Institute of Technology Patna	B. Tech. (EEE)-M. Tech. in (Power &. Control) (5 Years, B.Tech. + M.Tech./MS (Dual Degree)) 	AI 	OBC-NCL 	Gender-Neutral 	3208 	3319
Indian Institute of Technology Patna	B. Tech. (EEE)-M. Tech. in (Power &. Control) (5 Years, B.Tech. + M.Tech./MS (Dual Degree)) 	AI 	OBC-NCL 	Female-only (including Supernumerary) 	6627 	6627
Indian Institute of Technology Patna	B. Tech. (Mathematics & Computing) M. Tech. in (Mathematics & Computing) (5 Years, B.Tech. + M.Tech./MS (Dual Degree)) 	AI 	OBC-NCL 	Gender-Neutral 	2029 	2074
Indian Institute of Technology Patna	B. Tech. (Mathematics & Computing) M. Tech. in (Mathematics & Computing) (5 Years, B.Tech. + M.Tech./MS (Dual Degree)) 	AI 	OBC-NCL 	Female-only (including Supernumerary) 	5873 	5873
Indian Institute of Technology Patna	B. Tech. (ME) - M. Tech. in Mechatronics (5 Years, B.Tech. + M.Tech./MS (Dual Degree)) 	AI 	OBC-NCL 	Gender-Neutral 	3985 	4212
Indian Institute of Technology Patna	B. Tech. (ME) - M. Tech. in Mechatronics (5 Years, B.Tech. + M.Tech./MS (Dual Degree)) 	AI 	OBC-NCL 	Female-only (including Supernumerary) 	8205 	8205
Indian Institute of Technology Patna	B.Tech (Artificial Intelligence and Data Science) - MBA in Digital Business Management (IIM Bodh Gaya) (5 Years, Bachelor of Technology and MBA (Dual Degree)) 	AI 	OBC-NCL 	Gender-Neutral 	2201 	2201
Indian Institute of Technology Patna	B.Tech (Artificial Intelligence and Data Science) - MBA in Digital Business Management (IIM Bodh Gaya) (5 Years, Bachelor of Technology and MBA (Dual Degree)) 	AI 	OBC-NCL 	Female-only (including Supernumerary) 	4773 	4773
Indian Institute of Technology Patna	B.Tech (Chemical Engineering) - MBA in Hospital and Health Care Management (IIM Bodh Gaya) (5 Years, Bachelor of Technology and MBA (Dual Degree)) 	AI 	OBC-NCL 	Gender-Neutral 	4419 	4419
Indian Institute of Technology Patna	B.Tech (Chemical Engineering) - MBA in Hospital and Health Care Management (IIM Bodh Gaya) (5 Years, Bachelor of Technology and MBA (Dual Degree)) 	AI 	OBC-NCL 	Female-only (including Supernumerary) 	9451 	9451
Indian Institute of Technology Patna	B.Tech (Chemical Science and Technology) - MBA in Hospital and Health Care Management (IIM Bodh Gaya) (5 Years, Bachelor of Technology and MBA (Dual Degree)) 	AI 	OBC-NCL 	Gender-Neutral 	4725 	4725
Indian Institute of Technology Patna	B.Tech (Civil Engineering) - MBA (IIM Bodh Gaya) (5 Years, Bachelor of Technology and MBA (Dual Degree)) 	AI 	OBC-NCL 	Gender-Neutral 	4242 	4242
Indian Institute of Technology Patna	B.Tech (Civil Engineering) - MBA (IIM Bodh Gaya) (5 Years, Bachelor of Technology and MBA (Dual Degree)) 	AI 	OBC-NCL 	Female-only (including Supernumerary) 	9725 	9725
Indian Institute of Technology Patna	B.Tech (Computer Science and Engineering) - MBA in Digital Business Management (IIM Bodh Gaya) (5 Years, Bachelor of Technology and MBA (Dual Degree)) 	AI 	OBC-NCL 	Gender-Neutral 	1885 	1885
Indian Institute of Technology Patna	B.Tech (Electrical and Electronics Engineering) - MBA (IIM Bodh Gaya) (5 Years, Bachelor of Technology and MBA (Dual Degree)) 	AI 	OBC-NCL 	Gender-Neutral 	3257 	3257
Indian Institute of Technology Patna	B.Tech (Electronics and Communication Engineering) - MBA in Hospital and Healthcare Management (IIM Bodh Gaya) (5 Years, Bachelor of Technology and MBA (Dual Degree)) 	AI 	OBC-NCL 	Gender-Neutral 	2877 	2877
Indian Institute of Technology Patna	B.Tech (Engineering Physics) - MBA (IIM Bodh Gaya) (5 Years, Bachelor of Technology and MBA (Dual Degree)) 	AI 	OBC-NCL 	Gender-Neutral 	5044 	5044
Indian Institute of Technology Patna	B.Tech (Engineering Physics) - MBA (IIM Bodh Gaya) (5 Years, Bachelor of Technology and MBA (Dual Degree)) 	AI 	OBC-NCL 	Female-only (including Supernumerary) 	9054 	9054
Indian Institute of Technology Patna	B.Tech (Mathematics and Computing) - MBA in Digital Business Management (IIM Bodh Gaya) (5 Years, Bachelor of Technology and MBA (Dual Degree)) 	AI 	OBC-NCL 	Gender-Neutral 	2212 	2212
Indian Institute of Technology Patna	B.Tech (Mathematics and Computing) - MBA in Digital Business Management (IIM Bodh Gaya) (5 Years, Bachelor of Technology and MBA (Dual Degree)) 	AI 	OBC-NCL 	Female-only (including Supernumerary) 	5361 	5361
Indian Institute of Technology Patna	B.Tech (Mechanical Engineering) - MBA (IIM Mumbai) (5 Years, Bachelor of Technology and MBA (Dual Degree)) 	AI 	OBC-NCL 	Gender-Neutral 	3720 	4001
Indian Institute of Technology Patna	B.Tech (Mechanical Engineering) - MBA (IIM Mumbai) (5 Years, Bachelor of Technology and MBA (Dual Degree)) 	AI 	OBC-NCL 	Female-only (including Supernumerary) 	8449 	8449
Indian Institute of Technology Patna	B.Tech (Metallurgical and Materials Engineering) - MBA (IIM Bodh Gaya) (5 Years, Bachelor of Technology and MBA (Dual Degree)) 	AI 	OBC-NCL 	Gender-Neutral 	5085 	5085
Indian Institute of Technology Patna	B.Tech. in Electronics and Communication Engineering and M.Tech. in Communication Systems (5 Years, Bachelor and Master of Technology (Dual Degree)) 	AI 	OBC-NCL 	Gender-Neutral 	2459 	2712
Indian Institute of Technology Patna	BS in Economics with MBA (IIM Bodh Gaya) (5 Years, Bachelor of Science and MBA (Dual Degree)) 	AI 	OBC-NCL 	Gender-Neutral 	4287 	4287
Indian Institute of Technology Patna	Chemical Engineering (4 Years, Bachelor of Technology) 	AI 	OBC-NCL 	Gender-Neutral 	4303 	4768
Indian Institute of Technology Patna	Chemical Engineering (4 Years, Bachelor of Technology) 	AI 	OBC-NCL 	Female-only (including Supernumerary) 	7942 	8655
Indian Institute of Technology Patna	Chemical Science and Technology (4 Years, Bachelor of Technology) 	AI 	OBC-NCL 	Gender-Neutral 	4782 	5309
Indian Institute of Technology Patna	Chemical Science and Technology (4 Years, Bachelor of Technology) 	AI 	OBC-NCL 	Female-only (including Supernumerary) 	8942 	9027
Indian Institute of Technology Patna	Civil Engineering (4 Years, Bachelor of Technology) 	AI 	OBC-NCL 	Gender-Neutral 	4246 	5077
Indian Institute of Technology Patna	Civil Engineering (4 Years, Bachelor of Technology) 	AI 	OBC-NCL 	Female-only (including Supernumerary) 	8238 	9084
Indian Institute of Technology Patna	Computer Science and Engineering (4 Years, Bachelor of Technology) 	AI 	OBC-NCL 	Gender-Neutral 	689 	1312
Indian Institute of Technology Patna	Computer Science and Engineering (4 Years, Bachelor of Technology) 	AI 	OBC-NCL 	Female-only (including Supernumerary) 	2944 	3306
Indian Institute of Technology Patna	Economics (4 Years, Bachelor of Science) 	AI 	OBC-NCL 	Gender-Neutral 	4239 	4707
Indian Institute of Technology Patna	Economics (4 Years, Bachelor of Science) 	AI 	OBC-NCL 	Female-only (including Supernumerary) 	7282 	7282
Indian Institute of Technology Patna	Electrical and Electronics Engineering (4 Years, Bachelor of Technology) 	AI 	OBC-NCL 	Gender-Neutral 	2316 	2827
Indian Institute of Technology Patna	Electrical and Electronics Engineering (4 Years, Bachelor of Technology) 	AI 	OBC-NCL 	Female-only (including Supernumerary) 	4967 	5440
Indian Institute of Technology Patna	Electronics and Communication Engineering (4 Years, Bachelor of Technology) 	AI 	OBC-NCL 	Gender-Neutral 	1651 	2283
Indian Institute of Technology Patna	Electronics and Communication Engineering (4 Years, Bachelor of Technology) 	AI 	OBC-NCL 	Female-only (including Supernumerary) 	4634 	4959
Indian Institute of Technology Patna	Engineering Physics (4 Years, Bachelor of Technology) 	AI 	OBC-NCL 	Gender-Neutral 	4553 	4976
Indian Institute of Technology Patna	Engineering Physics (4 Years, Bachelor of Technology) 	AI 	OBC-NCL 	Female-only (including Supernumerary) 	8601 	9005
Indian Institute of Technology Patna	Mathematics and Computing (4 Years, Bachelor of Technology) 	AI 	OBC-NCL 	Gender-Neutral 	1353 	2002
Indian Institute of Technology Patna	Mathematics and Computing (4 Years, Bachelor of Technology) 	AI 	OBC-NCL 	Female-only (including Supernumerary) 	4233 	4606
Indian Institute of Technology Patna	Mechanical Engineering (4 Years, Bachelor of Technology) 	AI 	OBC-NCL 	Gender-Neutral 	3396 	4183
Indian Institute of Technology Patna	Mechanical Engineering (4 Years, Bachelor of Technology) 	AI 	OBC-NCL 	Female-only (including Supernumerary) 	6895 	8475
Indian Institute of Technology Patna	Metallurgical and Materials Engineering (4 Years, Bachelor of Technology) 	AI 	OBC-NCL 	Gender-Neutral 	5177 	5501
Indian Institute of Technology Patna	Metallurgical and Materials Engineering (4 Years, Bachelor of Technology) 	AI 	OBC-NCL 	Female-only (including Supernumerary) 	9442 	9522
Indian Institute of Technology Roorkee	Architecture (5 Years, Bachelor of Architecture) 	AI 	OBC-NCL 	Gender-Neutral 	5425 	6273
Indian Institute of Technology Roorkee	Architecture (5 Years, Bachelor of Architecture) 	AI 	OBC-NCL 	Female-only (including Supernumerary) 	10955 	12609
Indian Institute of Technology Roorkee	Biosciences and Bioengineering (4 Years, Bachelor of Technology) 	AI 	OBC-NCL 	Gender-Neutral 	3449 	3520
Indian Institute of Technology Roorkee	Biosciences and Bioengineering (4 Years, Bachelor of Technology) 	AI 	OBC-NCL 	Female-only (including Supernumerary) 	6261 	7210
Indian Institute of Technology Roorkee	Chemical Engineering (4 Years, Bachelor of Technology) 	AI 	OBC-NCL 	Gender-Neutral 	1847 	2235
Indian Institute of Technology Roorkee	Chemical Engineering (4 Years, Bachelor of Technology) 	AI 	OBC-NCL 	Female-only (including Supernumerary) 	4055 	5240
Indian Institute of Technology Roorkee	Chemical Sciences (5 Years, Bachelor of Science and Master of Science (Dual Degree)) 	AI 	OBC-NCL 	Gender-Neutral 	4356 	4918
Indian Institute of Technology Roorkee	Chemical Sciences (5 Years, Bachelor of Science and Master of Science (Dual Degree)) 	AI 	OBC-NCL 	Female-only (including Supernumerary) 	8773 	8806
Indian Institute of Technology Roorkee	Civil Engineering (4 Years, Bachelor of Technology) 	AI 	OBC-NCL 	Gender-Neutral 	2300 	2933
Indian Institute of Technology Roorkee	Civil Engineering (4 Years, Bachelor of Technology) 	AI 	OBC-NCL 	Female-only (including Supernumerary) 	3485 	6229
Indian Institute of Technology Roorkee	Computer Science and Engineering (4 Years, Bachelor of Technology) 	AI 	OBC-NCL 	Gender-Neutral 	157 	251
Indian Institute of Technology Roorkee	Computer Science and Engineering (4 Years, Bachelor of Technology) 	AI 	OBC-NCL 	Female-only (including Supernumerary) 	842 	1031
Indian Institute of Technology Roorkee	Data Science and Artificial Intelligence (4 Years, Bachelor of Technology) 	AI 	OBC-NCL 	Gender-Neutral 	268 	377
Indian Institute of Technology Roorkee	Data Science and Artificial Intelligence (4 Years, Bachelor of Technology) 	AI 	OBC-NCL 	Female-only (including Supernumerary) 	1302 	1319
Indian Institute of Technology Roorkee	Economics (5 Years, Bachelor of Science and Master of Science (Dual Degree)) 	AI 	OBC-NCL 	Gender-Neutral 	2000 	2745
Indian Institute of Technology Roorkee	Economics (5 Years, Bachelor of Science and Master of Science (Dual Degree)) 	AI 	OBC-NCL 	Female-only (including Supernumerary) 	5298 	5911
Indian Institute of Technology Roorkee	Electrical Engineering (4 Years, Bachelor of Technology) 	AI 	OBC-NCL 	Gender-Neutral 	740 	972
Indian Institute of Technology Roorkee	Electrical Engineering (4 Years, Bachelor of Technology) 	AI 	OBC-NCL 	Female-only (including Supernumerary) 	2496 	2912
Indian Institute of Technology Roorkee	Electronics and Communication Engineering (4 Years, Bachelor of Technology) 	AI 	OBC-NCL 	Gender-Neutral 	366 	712
Indian Institute of Technology Roorkee	Electronics and Communication Engineering (4 Years, Bachelor of Technology) 	AI 	OBC-NCL 	Female-only (including Supernumerary) 	1808 	2161
Indian Institute of Technology Roorkee	Energy Engineering (4 Years, Bachelor of Technology) 	AI 	OBC-NCL 	Gender-Neutral 	1768 	2446
Indian Institute of Technology Roorkee	Energy Engineering (4 Years, Bachelor of Technology) 	AI 	OBC-NCL 	Female-only (including Supernumerary) 	5506 	5506
Indian Institute of Technology Roorkee	Engineering Physics (4 Years, Bachelor of Technology) 	AI 	OBC-NCL 	Gender-Neutral 	1872 	2365
Indian Institute of Technology Roorkee	Engineering Physics (4 Years, Bachelor of Technology) 	AI 	OBC-NCL 	Female-only (including Supernumerary) 	5296 	6251
Indian Institute of Technology Roorkee	Geological Technology (5 Years, Integrated Master of Technology) 	AI 	OBC-NCL 	Gender-Neutral 	4089 	4251
Indian Institute of Technology Roorkee	Geological Technology (5 Years, Integrated Master of Technology) 	AI 	OBC-NCL 	Female-only (including Supernumerary) 	8207 	8510
Indian Institute of Technology Roorkee	Geophysical Technology (5 Years, Integrated Master of Technology) 	AI 	OBC-NCL 	Gender-Neutral 	3482 	4074
Indian Institute of Technology Roorkee	Geophysical Technology (5 Years, Integrated Master of Technology) 	AI 	OBC-NCL 	Female-only (including Supernumerary) 	7127 	7221
Indian Institute of Technology Roorkee	Mathematics & Computing (5 Years, Bachelor of Science and Master of Science (Dual Degree)) 	AI 	OBC-NCL 	Gender-Neutral 	683 	831
Indian Institute of Technology Roorkee	Mathematics & Computing (5 Years, Bachelor of Science and Master of Science (Dual Degree)) 	AI 	OBC-NCL 	Female-only (including Supernumerary) 	2115 	2707
Indian Institute of Technology Roorkee	Mechanical Engineering (4 Years, Bachelor of Technology) 	AI 	OBC-NCL 	Gender-Neutral 	1180 	1781
Indian Institute of Technology Roorkee	Mechanical Engineering (4 Years, Bachelor of Technology) 	AI 	OBC-NCL 	Female-only (including Supernumerary) 	4178 	5088
Indian Institute of Technology Roorkee	Metallurgical and Materials Engineering (4 Years, Bachelor of Technology) 	AI 	OBC-NCL 	Gender-Neutral 	3079 	3389
Indian Institute of Technology Roorkee	Metallurgical and Materials Engineering (4 Years, Bachelor of Technology) 	AI 	OBC-NCL 	Female-only (including Supernumerary) 	5692 	7087
Indian Institute of Technology Roorkee	Physics (5 Years, Bachelor of Science and Master of Science (Dual Degree)) 	AI 	OBC-NCL 	Gender-Neutral 	4195 	4451
Indian Institute of Technology Roorkee	Physics (5 Years, Bachelor of Science and Master of Science (Dual Degree)) 	AI 	OBC-NCL 	Female-only (including Supernumerary) 	6839 	8214
Indian Institute of Technology Roorkee	Production and Industrial Engineering (4 Years, Bachelor of Technology) 	AI 	OBC-NCL 	Gender-Neutral 	2416 	2826
Indian Institute of Technology Roorkee	Production and Industrial Engineering (4 Years, Bachelor of Technology) 	AI 	OBC-NCL 	Female-only (including Supernumerary) 	5548 	5849
Indian Institute of Technology (ISM) Dhanbad	Applied Geology (5 Years, Integrated Master of Technology) 	AI 	OBC-NCL 	Gender-Neutral 	5400 	5671
Indian Institute of Technology (ISM) Dhanbad	Applied Geology (5 Years, Integrated Master of Technology) 	AI 	OBC-NCL 	Female-only (including Supernumerary) 	9954 	9954
Indian Institute of Technology (ISM) Dhanbad	Applied Geophysics (5 Years, Integrated Master of Technology) 	AI 	OBC-NCL 	Gender-Neutral 	5332 	5742
Indian Institute of Technology (ISM) Dhanbad	Applied Geophysics (5 Years, Integrated Master of Technology) 	AI 	OBC-NCL 	Female-only (including Supernumerary) 	10063 	10063
Indian Institute of Technology (ISM) Dhanbad	B.Tech Mining Engineering and MBA in Logistic and Supply Chain Management (IIM Mumbai) (5 Years, Integrated B. Tech. and MBA) 	AI 	OBC-NCL 	Gender-Neutral 	5410 	5750
Indian Institute of Technology (ISM) Dhanbad	B.Tech Mining Engineering and MBA in Logistic and Supply Chain Management (IIM Mumbai) (5 Years, Integrated B. Tech. and MBA) 	AI 	OBC-NCL 	Female-only (including Supernumerary) 	9644 	9877
Indian Institute of Technology (ISM) Dhanbad	Chemical Science (5 Years, Integrated Bachelor of Science-Master of Science) 	AI 	OBC-NCL 	Gender-Neutral 	5559 	6019
Indian Institute of Technology (ISM) Dhanbad	Chemical Science (5 Years, Integrated Bachelor of Science-Master of Science) 	AI 	OBC-NCL 	Female-only (including Supernumerary) 	9547 	9547
Indian Institute of Technology (ISM) Dhanbad	Chemical Engineering (4 Years, Bachelor of Technology) 	AI 	OBC-NCL 	Gender-Neutral 	3207 	4167
Indian Institute of Technology (ISM) Dhanbad	Chemical Engineering (4 Years, Bachelor of Technology) 	AI 	OBC-NCL 	Female-only (including Supernumerary) 	7152 	7304
Indian Institute of Technology (ISM) Dhanbad	Civil Engineering (4 Years, Bachelor of Technology) 	AI 	OBC-NCL 	Gender-Neutral 	3863 	4415
Indian Institute of Technology (ISM) Dhanbad	Civil Engineering (4 Years, Bachelor of Technology) 	AI 	OBC-NCL 	Female-only (including Supernumerary) 	7613 	7939
Indian Institute of Technology (ISM) Dhanbad	Computer Science and Engineering (4 Years, Bachelor of Technology) 	AI 	OBC-NCL 	Gender-Neutral 	733 	1240
Indian Institute of Technology (ISM) Dhanbad	Computer Science and Engineering (4 Years, Bachelor of Technology) 	AI 	OBC-NCL 	Female-only (including Supernumerary) 	2032 	2992
Indian Institute of Technology (ISM) Dhanbad	Electrical Engineering (4 Years, Bachelor of Technology) 	AI 	OBC-NCL 	Gender-Neutral 	1995 	2650
Indian Institute of Technology (ISM) Dhanbad	Electrical Engineering (4 Years, Bachelor of Technology) 	AI 	OBC-NCL 	Female-only (including Supernumerary) 	5328 	6343
Indian Institute of Technology (ISM) Dhanbad	Electronics and Communication Engineering (4 Years, Bachelor of Technology) 	AI 	OBC-NCL 	Gender-Neutral 	1501 	2072
Indian Institute of Technology (ISM) Dhanbad	Electronics and Communication Engineering (4 Years, Bachelor of Technology) 	AI 	OBC-NCL 	Female-only (including Supernumerary) 	3059 	4281
Indian Institute of Technology (ISM) Dhanbad	Engineering Physics (4 Years, Bachelor of Technology) 	AI 	OBC-NCL 	Gender-Neutral 	4107 	4176
Indian Institute of Technology (ISM) Dhanbad	Engineering Physics (4 Years, Bachelor of Technology) 	AI 	OBC-NCL 	Female-only (including Supernumerary) 	7945 	8279
Indian Institute of Technology (ISM) Dhanbad	Environmental Engineering (4 Years, Bachelor of Technology) 	AI 	OBC-NCL 	Gender-Neutral 	4705 	5580
Indian Institute of Technology (ISM) Dhanbad	Environmental Engineering (4 Years, Bachelor of Technology) 	AI 	OBC-NCL 	Female-only (including Supernumerary) 	9024 	9749
Indian Institute of Technology (ISM) Dhanbad	Mathematics and Computing (4 Years, Bachelor of Technology) 	AI 	OBC-NCL 	Gender-Neutral 	1292 	1627
Indian Institute of Technology (ISM) Dhanbad	Mathematics and Computing (4 Years, Bachelor of Technology) 	AI 	OBC-NCL 	Female-only (including Supernumerary) 	3445 	3964
Indian Institute of Technology (ISM) Dhanbad	Mechanical Engineering (4 Years, Bachelor of Technology) 	AI 	OBC-NCL 	Gender-Neutral 	2839 	3656
Indian Institute of Technology (ISM) Dhanbad	Mechanical Engineering (4 Years, Bachelor of Technology) 	AI 	OBC-NCL 	Female-only (including Supernumerary) 	6941 	7644
Indian Institute of Technology (ISM) Dhanbad	Mineral and Metallurgical Engineering (4 Years, Bachelor of Technology) 	AI 	OBC-NCL 	Gender-Neutral 	4755 	5197
Indian Institute of Technology (ISM) Dhanbad	Mineral and Metallurgical Engineering (4 Years, Bachelor of Technology) 	AI 	OBC-NCL 	Female-only (including Supernumerary) 	7501 	8428
Indian Institute of Technology (ISM) Dhanbad	Mining Engineering (4 Years, Bachelor of Technology) 	AI 	OBC-NCL 	Gender-Neutral 	3679 	5078
Indian Institute of Technology (ISM) Dhanbad	Mining Engineering (4 Years, Bachelor of Technology) 	AI 	OBC-NCL 	Female-only (including Supernumerary) 	8249 	9620
Indian Institute of Technology (ISM) Dhanbad	Mining Machinery Engineering (4 Years, Bachelor of Technology) 	AI 	OBC-NCL 	Gender-Neutral 	4865 	5462
Indian Institute of Technology (ISM) Dhanbad	Mining Machinery Engineering (4 Years, Bachelor of Technology) 	AI 	OBC-NCL 	Female-only (including Supernumerary) 	9593 	9767
Indian Institute of Technology (ISM) Dhanbad	Petroleum Engineering (4 Years, Bachelor of Technology) 	AI 	OBC-NCL 	Gender-Neutral 	3377 	4580
Indian Institute of Technology (ISM) Dhanbad	Petroleum Engineering (4 Years, Bachelor of Technology) 	AI 	OBC-NCL 	Female-only (including Supernumerary) 	6991 	9036
Indian Institute of Technology (ISM) Dhanbad	Physical Science (5 Years, Integrated Bachelor of Science-Master of Science) 	AI 	OBC-NCL 	Gender-Neutral 	5723 	6191
Indian Institute of Technology (ISM) Dhanbad	Physical Science (5 Years, Integrated Bachelor of Science-Master of Science) 	AI 	OBC-NCL 	Female-only (including Supernumerary) 	9750 	9750
Indian Institute of Technology Ropar	Artificial Intelligence and Data Engineering (4 Years, Bachelor of Technology) 	AI 	OBC-NCL 	Gender-Neutral 	1120 	1541
Indian Institute of Technology Ropar	Artificial Intelligence and Data Engineering (4 Years, Bachelor of Technology) 	AI 	OBC-NCL 	Female-only (including Supernumerary) 	3557 	4293
Indian Institute of Technology Ropar	Chemical Engineering (4 Years, Bachelor of Technology) 	AI 	OBC-NCL 	Gender-Neutral 	3095 	3836
Indian Institute of Technology Ropar	Chemical Engineering (4 Years, Bachelor of Technology) 	AI 	OBC-NCL 	Female-only (including Supernumerary) 	7167 	7709
Indian Institute of Technology Ropar	Civil Engineering (4 Years, Bachelor of Technology) 	AI 	OBC-NCL 	Gender-Neutral 	4229 	4263
Indian Institute of Technology Ropar	Civil Engineering (4 Years, Bachelor of Technology) 	AI 	OBC-NCL 	Female-only (including Supernumerary) 	8246 	8254
Indian Institute of Technology Ropar	Computer Science and Engineering (4 Years, Bachelor of Technology) 	AI 	OBC-NCL 	Gender-Neutral 	696 	1233
Indian Institute of Technology Ropar	Computer Science and Engineering (4 Years, Bachelor of Technology) 	AI 	OBC-NCL 	Female-only (including Supernumerary) 	2668 	3550
Indian Institute of Technology Ropar	Digital Agriculture (4 Years, Bachelor of Technology) 	AI 	OBC-NCL 	Gender-Neutral 	4401 	5523
Indian Institute of Technology Ropar	Digital Agriculture (4 Years, Bachelor of Technology) 	AI 	OBC-NCL 	Female-only (including Supernumerary) 	9118 	9118
Indian Institute of Technology Ropar	Electrical Engineering (4 Years, Bachelor of Technology) 	AI 	OBC-NCL 	Gender-Neutral 	1552 	2829
Indian Institute of Technology Ropar	Electrical Engineering (4 Years, Bachelor of Technology) 	AI 	OBC-NCL 	Female-only (including Supernumerary) 	5137 	6381
Indian Institute of Technology Ropar	Electrical Engineering (Integrated Circuit Design and Technology) (4 Years, Bachelor of Technology) 	AI 	OBC-NCL 	Gender-Neutral 	2168 	2487
Indian Institute of Technology Ropar	Electrical Engineering (Integrated Circuit Design and Technology) (4 Years, Bachelor of Technology) 	AI 	OBC-NCL 	Female-only (including Supernumerary) 	6307 	6307
Indian Institute of Technology Ropar	Engineering Physics (4 Years, Bachelor of Technology) 	AI 	OBC-NCL 	Gender-Neutral 	4132 	4301
Indian Institute of Technology Ropar	Engineering Physics (4 Years, Bachelor of Technology) 	AI 	OBC-NCL 	Female-only (including Supernumerary) 	8224 	8224
Indian Institute of Technology Ropar	Mathematics and Computing (4 Years, Bachelor of Technology) 	AI 	OBC-NCL 	Gender-Neutral 	1253 	1920
Indian Institute of Technology Ropar	Mathematics and Computing (4 Years, Bachelor of Technology) 	AI 	OBC-NCL 	Female-only (including Supernumerary) 	3766 	4915
Indian Institute of Technology Ropar	Mechanical Engineering (4 Years, Bachelor of Technology) 	AI 	OBC-NCL 	Gender-Neutral 	3168 	3686
Indian Institute of Technology Ropar	Mechanical Engineering (4 Years, Bachelor of Technology) 	AI 	OBC-NCL 	Female-only (including Supernumerary) 	7807 	8365
Indian Institute of Technology Ropar	Metallurgical and Materials Engineering (4 Years, Bachelor of Technology) 	AI 	OBC-NCL 	Gender-Neutral 	4386 	5061
Indian Institute of Technology Ropar	Metallurgical and Materials Engineering (4 Years, Bachelor of Technology) 	AI 	OBC-NCL 	Female-only (including Supernumerary) 	8709 	9123
Indian Institute of Technology (BHU) Varanasi	Architecture (5 Years, Bachelor of Architecture) 	AI 	OBC-NCL 	Gender-Neutral 	6756 	6816
Indian Institute of Technology (BHU) Varanasi	Biochemical Engineering (4 Years, Bachelor of Technology) 	AI 	OBC-NCL 	Gender-Neutral 	3827 	5120
Indian Institute of Technology (BHU) Varanasi	Biochemical Engineering (4 Years, Bachelor of Technology) 	AI 	OBC-NCL 	Female-only (including Supernumerary) 	8973 	8973
Indian Institute of Technology (BHU) Varanasi	Bioengineering (4 Years, Bachelor of Technology) 	AI 	OBC-NCL 	Gender-Neutral 	4128 	4677
Indian Institute of Technology (BHU) Varanasi	Bioengineering (4 Years, Bachelor of Technology) 	AI 	OBC-NCL 	Female-only (including Supernumerary) 	8108 	8108
Indian Institute of Technology (BHU) Varanasi	Ceramic Engineering (4 Years, Bachelor of Technology) 	AI 	OBC-NCL 	Gender-Neutral 	4044 	4982
Indian Institute of Technology (BHU) Varanasi	Ceramic Engineering (4 Years, Bachelor of Technology) 	AI 	OBC-NCL 	Female-only (including Supernumerary) 	9063 	9454
Indian Institute of Technology (BHU) Varanasi	Chemical Engineering (4 Years, Bachelor of Technology) 	AI 	OBC-NCL 	Gender-Neutral 	2230 	3339
Indian Institute of Technology (BHU) Varanasi	Chemical Engineering (4 Years, Bachelor of Technology) 	AI 	OBC-NCL 	Female-only (including Supernumerary) 	4271 	7099
Indian Institute of Technology (BHU) Varanasi	Civil Engineering (4 Years, Bachelor of Technology) 	AI 	OBC-NCL 	Gender-Neutral 	3330 	3815
Indian Institute of Technology (BHU) Varanasi	Civil Engineering (4 Years, Bachelor of Technology) 	AI 	OBC-NCL 	Female-only (including Supernumerary) 	6609 	7686
Indian Institute of Technology (BHU) Varanasi	Computer Science and Engineering (4 Years, Bachelor of Technology) 	AI 	OBC-NCL 	Gender-Neutral 	334 	505
Indian Institute of Technology (BHU) Varanasi	Computer Science and Engineering (4 Years, Bachelor of Technology) 	AI 	OBC-NCL 	Female-only (including Supernumerary) 	1097 	1832
Indian Institute of Technology (BHU) Varanasi	Electrical Engineering (4 Years, Bachelor of Technology) 	AI 	OBC-NCL 	Gender-Neutral 	1061 	1461
Indian Institute of Technology (BHU) Varanasi	Electrical Engineering (4 Years, Bachelor of Technology) 	AI 	OBC-NCL 	Female-only (including Supernumerary) 	2528 	4023
Indian Institute of Technology (BHU) Varanasi	Electronics Engineering (4 Years, Bachelor of Technology) 	AI 	OBC-NCL 	Gender-Neutral 	816 	1209
Indian Institute of Technology (BHU) Varanasi	Electronics Engineering (4 Years, Bachelor of Technology) 	AI 	OBC-NCL 	Female-only (including Supernumerary) 	2555 	3392
Indian Institute of Technology (BHU) Varanasi	Engineering Physics (4 Years, Bachelor of Technology) 	AI 	OBC-NCL 	Gender-Neutral 	2954 	3920
Indian Institute of Technology (BHU) Varanasi	Engineering Physics (4 Years, Bachelor of Technology) 	AI 	OBC-NCL 	Female-only (including Supernumerary) 	7005 	7062
Indian Institute of Technology (BHU) Varanasi	Industrial Chemistry (4 Years, Bachelor of Technology) 	AI 	OBC-NCL 	Gender-Neutral 	4438 	4859
Indian Institute of Technology (BHU) Varanasi	Industrial Chemistry (4 Years, Bachelor of Technology) 	AI 	OBC-NCL 	Female-only (including Supernumerary) 	7816 	8751
Indian Institute of Technology (BHU) Varanasi	Materials Science and Technology (4 Years, Bachelor of Technology) 	AI 	OBC-NCL 	Gender-Neutral 	3759 	4477
Indian Institute of Technology (BHU) Varanasi	Materials Science and Technology (4 Years, Bachelor of Technology) 	AI 	OBC-NCL 	Female-only (including Supernumerary) 	7513 	7657
Indian Institute of Technology (BHU) Varanasi	Mathematics and Computing (4 Years, Bachelor of Technology) 	AI 	OBC-NCL 	Gender-Neutral 	576 	881
Indian Institute of Technology (BHU) Varanasi	Mathematics and Computing (4 Years, Bachelor of Technology) 	AI 	OBC-NCL 	Female-only (including Supernumerary) 	2137 	2664
Indian Institute of Technology (BHU) Varanasi	Mechanical Engineering (4 Years, Bachelor of Technology) 	AI 	OBC-NCL 	Gender-Neutral 	2045 	2769
Indian Institute of Technology (BHU) Varanasi	Mechanical Engineering (4 Years, Bachelor of Technology) 	AI 	OBC-NCL 	Female-only (including Supernumerary) 	4396 	7068
Indian Institute of Technology (BHU) Varanasi	Metallurgical Engineering (4 Years, Bachelor of Technology) 	AI 	OBC-NCL 	Gender-Neutral 	3410 	4465
Indian Institute of Technology (BHU) Varanasi	Metallurgical Engineering (4 Years, Bachelor of Technology) 	AI 	OBC-NCL 	Female-only (including Supernumerary) 	7240 	8284
Indian Institute of Technology (BHU) Varanasi	Mining Engineering (4 Years, Bachelor of Technology) 	AI 	OBC-NCL 	Gender-Neutral 	4476 	5163
Indian Institute of Technology (BHU) Varanasi	Mining Engineering (4 Years, Bachelor of Technology) 	AI 	OBC-NCL 	Female-only (including Supernumerary) 	8188 	9633
Indian Institute of Technology (BHU) Varanasi	Pharmaceutical Engineering & Technology (4 Years, Bachelor of Technology) 	AI 	OBC-NCL 	Gender-Neutral 	4560 	5366
Indian Institute of Technology (BHU) Varanasi	Pharmaceutical Engineering & Technology (4 Years, Bachelor of Technology) 	AI 	OBC-NCL 	Female-only (including Supernumerary) 	9112 	9686
Indian Institute of Technology Guwahati	Biosciences and Bioengineering (4 Years, Bachelor of Technology) 	AI 	OBC-NCL 	Gender-Neutral 	3465 	4138
Indian Institute of Technology Guwahati	Biosciences and Bioengineering (4 Years, Bachelor of Technology) 	AI 	OBC-NCL 	Female-only (including Supernumerary) 	7510 	7996
Indian Institute of Technology Guwahati	Chemical Engineering (4 Years, Bachelor of Technology) 	AI 	OBC-NCL 	Gender-Neutral 	2253 	2443
Indian Institute of Technology Guwahati	Chemical Engineering (4 Years, Bachelor of Technology) 	AI 	OBC-NCL 	Female-only (including Supernumerary) 	5343 	6012
Indian Institute of Technology Guwahati	Chemical Science and Technology (4 Years, Bachelor of Technology) 	AI 	OBC-NCL 	Gender-Neutral 	2355 	3125
Indian Institute of Technology Guwahati	Chemical Science and Technology (4 Years, Bachelor of Technology) 	AI 	OBC-NCL 	Female-only (including Supernumerary) 	6462 	6793
Indian Institute of Technology Guwahati	Civil Engineering (4 Years, Bachelor of Technology) 	AI 	OBC-NCL 	Gender-Neutral 	2689 	3356
Indian Institute of Technology Guwahati	Civil Engineering (4 Years, Bachelor of Technology) 	AI 	OBC-NCL 	Female-only (including Supernumerary) 	6238 	6481
Indian Institute of Technology Guwahati	Computer Science and Engineering (4 Years, Bachelor of Technology) 	AI 	OBC-NCL 	Gender-Neutral 	253 	328
Indian Institute of Technology Guwahati	Computer Science and Engineering (4 Years, Bachelor of Technology) 	AI 	OBC-NCL 	Female-only (including Supernumerary) 	918 	1217
Indian Institute of Technology Guwahati	Data Science and Artificial Intelligence (4 Years, Bachelor of Technology) 	AI 	OBC-NCL 	Gender-Neutral 	386 	441
Indian Institute of Technology Guwahati	Data Science and Artificial Intelligence (4 Years, Bachelor of Technology) 	AI 	OBC-NCL 	Female-only (including Supernumerary) 	1490 	1604
Indian Institute of Technology Guwahati	Electronics and Communication Engineering (4 Years, Bachelor of Technology) 	AI 	OBC-NCL 	Gender-Neutral 	686 	784
Indian Institute of Technology Guwahati	Electronics and Communication Engineering (4 Years, Bachelor of Technology) 	AI 	OBC-NCL 	Female-only (including Supernumerary) 	2099 	2460
Indian Institute of Technology Guwahati	Electronics and Electrical Engineering (4 Years, Bachelor of Technology) 	AI 	OBC-NCL 	Gender-Neutral 	807 	976
Indian Institute of Technology Guwahati	Electronics and Electrical Engineering (4 Years, Bachelor of Technology) 	AI 	OBC-NCL 	Female-only (including Supernumerary) 	2663 	3152
Indian Institute of Technology Guwahati	Energy Engineering (4 Years, Bachelor of Technology) 	AI 	OBC-NCL 	Gender-Neutral 	2466 	2710
Indian Institute of Technology Guwahati	Energy Engineering (4 Years, Bachelor of Technology) 	AI 	OBC-NCL 	Female-only (including Supernumerary) 	6346 	6346
Indian Institute of Technology Guwahati	Engineering Physics (4 Years, Bachelor of Technology) 	AI 	OBC-NCL 	Gender-Neutral 	2572 	3226
Indian Institute of Technology Guwahati	Engineering Physics (4 Years, Bachelor of Technology) 	AI 	OBC-NCL 	Female-only (including Supernumerary) 	6468 	6923
Indian Institute of Technology Guwahati	Mathematics and Computing (4 Years, Bachelor of Technology) 	AI 	OBC-NCL 	Gender-Neutral 	452 	556
Indian Institute of Technology Guwahati	Mathematics and Computing (4 Years, Bachelor of Technology) 	AI 	OBC-NCL 	Female-only (including Supernumerary) 	1858 	2250
Indian Institute of Technology Guwahati	Mechanical Engineering (4 Years, Bachelor of Technology) 	AI 	OBC-NCL 	Gender-Neutral 	1820 	2113
Indian Institute of Technology Guwahati	Mechanical Engineering (4 Years, Bachelor of Technology) 	AI 	OBC-NCL 	Female-only (including Supernumerary) 	5215 	5800
Indian Institute of Technology Bhilai	Computer Science and Engineering (4 Years, Bachelor of Technology) 	AI 	OBC-NCL 	Gender-Neutral 	1937 	2737
Indian Institute of Technology Bhilai	Computer Science and Engineering (4 Years, Bachelor of Technology) 	AI 	OBC-NCL 	Female-only (including Supernumerary) 	3819 	4045
Indian Institute of Technology Bhilai	Data Science and Artificial Intelligence (4 Years, Bachelor of Technology) 	AI 	OBC-NCL 	Gender-Neutral 	2301 	3064
Indian Institute of Technology Bhilai	Data Science and Artificial Intelligence (4 Years, Bachelor of Technology) 	AI 	OBC-NCL 	Female-only (including Supernumerary) 	4962 	5099
Indian Institute of Technology Bhilai	Electrical Engineering (4 Years, Bachelor of Technology) 	AI 	OBC-NCL 	Gender-Neutral 	3566 	3940
Indian Institute of Technology Bhilai	Electrical Engineering (4 Years, Bachelor of Technology) 	AI 	OBC-NCL 	Female-only (including Supernumerary) 	6658 	7015
Indian Institute of Technology Bhilai	Electronics and Communication Engineering (4 Years, Bachelor of Technology) 	AI 	OBC-NCL 	Gender-Neutral 	2878 	3466
Indian Institute of Technology Bhilai	Electronics and Communication Engineering (4 Years, Bachelor of Technology) 	AI 	OBC-NCL 	Female-only (including Supernumerary) 	4668 	6563
Indian Institute of Technology Bhilai	Materials Science and Metallurgical Engineering (4 Years, Bachelor of Technology) 	AI 	OBC-NCL 	Gender-Neutral 	5617 	5726
Indian Institute of Technology Bhilai	Materials Science and Metallurgical Engineering (4 Years, Bachelor of Technology) 	AI 	OBC-NCL 	Female-only (including Supernumerary) 	9349 	9349
Indian Institute of Technology Bhilai	Mechanical Engineering (4 Years, Bachelor of Technology) 	AI 	OBC-NCL 	Gender-Neutral 	4272 	4808
Indian Institute of Technology Bhilai	Mechanical Engineering (4 Years, Bachelor of Technology) 	AI 	OBC-NCL 	Female-only (including Supernumerary) 	8600 	8890
Indian Institute of Technology Bhilai	Mechatronics Engineering (4 Years, Bachelor of Technology) 	AI 	OBC-NCL 	Gender-Neutral 	3062 	4520
Indian Institute of Technology Bhilai	Mechatronics Engineering (4 Years, Bachelor of Technology) 	AI 	OBC-NCL 	Female-only (including Supernumerary) 	8471 	8909
Indian Institute of Technology Goa	Computer Science and Engineering (4 Years, Bachelor of Technology) 	AI 	OBC-NCL 	Gender-Neutral 	1497 	2176
Indian Institute of Technology Goa	Computer Science and Engineering (4 Years, Bachelor of Technology) 	AI 	OBC-NCL 	Female-only (including Supernumerary) 	4193 	4459
Indian Institute of Technology Goa	Electrical Engineering (4 Years, Bachelor of Technology) 	AI 	OBC-NCL 	Gender-Neutral 	3371 	3624
Indian Institute of Technology Goa	Electrical Engineering (4 Years, Bachelor of Technology) 	AI 	OBC-NCL 	Female-only (including Supernumerary) 	6634 	6763
Indian Institute of Technology Goa	Mathematics and Computing (4 Years, Bachelor of Technology) 	AI 	OBC-NCL 	Gender-Neutral 	2373 	3005
Indian Institute of Technology Goa	Mathematics and Computing (4 Years, Bachelor of Technology) 	AI 	OBC-NCL 	Female-only (including Supernumerary) 	4604 	5097
Indian Institute of Technology Goa	Mechanical Engineering (4 Years, Bachelor of Technology) 	AI 	OBC-NCL 	Gender-Neutral 	4262 	4627
Indian Institute of Technology Goa	Mechanical Engineering (4 Years, Bachelor of Technology) 	AI 	OBC-NCL 	Female-only (including Supernumerary) 	8071 	8445
Indian Institute of Technology Palakkad	Civil Engineering (4 Years, Bachelor of Technology) 	AI 	OBC-NCL 	Gender-Neutral 	5021 	5445
Indian Institute of Technology Palakkad	Civil Engineering (4 Years, Bachelor of Technology) 	AI 	OBC-NCL 	Female-only (including Supernumerary) 	8013 	8916
Indian Institute of Technology Palakkad	Computer Science and Engineering (4 Years, Bachelor of Technology) 	AI 	OBC-NCL 	Gender-Neutral 	1942 	2293
Indian Institute of Technology Palakkad	Computer Science and Engineering (4 Years, Bachelor of Technology) 	AI 	OBC-NCL 	Female-only (including Supernumerary) 	3301 	3301
Indian Institute of Technology Palakkad	Data Science and Engineering (4 Years, Bachelor of Technology) 	AI 	OBC-NCL 	Gender-Neutral 	2369 	2963
Indian Institute of Technology Palakkad	Data Science and Engineering (4 Years, Bachelor of Technology) 	AI 	OBC-NCL 	Female-only (including Supernumerary) 	4673 	4821
Indian Institute of Technology Palakkad	Electrical Engineering (4 Years, Bachelor of Technology) 	AI 	OBC-NCL 	Gender-Neutral 	2764 	3613
Indian Institute of Technology Palakkad	Electrical Engineering (4 Years, Bachelor of Technology) 	AI 	OBC-NCL 	Female-only (including Supernumerary) 	6407 	6637
Indian Institute of Technology Palakkad	Mechanical Engineering (4 Years, Bachelor of Technology) 	AI 	OBC-NCL 	Gender-Neutral 	3145 	4325
Indian Institute of Technology Palakkad	Mechanical Engineering (4 Years, Bachelor of Technology) 	AI 	OBC-NCL 	Female-only (including Supernumerary) 	8018 	8309
Indian Institute of Technology Tirupati	Chemical Engineering (4 Years, Bachelor of Technology) 	AI 	OBC-NCL 	Gender-Neutral 	4554 	5188
Indian Institute of Technology Tirupati	Chemical Engineering (4 Years, Bachelor of Technology) 	AI 	OBC-NCL 	Female-only (including Supernumerary) 	7450 	7705
Indian Institute of Technology Tirupati	Civil Engineering (4 Years, Bachelor of Technology) 	AI 	OBC-NCL 	Gender-Neutral 	4842 	5232
Indian Institute of Technology Tirupati	Civil Engineering (4 Years, Bachelor of Technology) 	AI 	OBC-NCL 	Female-only (including Supernumerary) 	7860 	7998
Indian Institute of Technology Tirupati	Computer Science and Engineering (4 Years, Bachelor of Technology) 	AI 	OBC-NCL 	Gender-Neutral 	1579 	1921
Indian Institute of Technology Tirupati	Computer Science and Engineering (4 Years, Bachelor of Technology) 	AI 	OBC-NCL 	Female-only (including Supernumerary) 	2134 	2675
Indian Institute of Technology Tirupati	Electrical Engineering (4 Years, Bachelor of Technology) 	AI 	OBC-NCL 	Gender-Neutral 	2420 	3440
Indian Institute of Technology Tirupati	Electrical Engineering (4 Years, Bachelor of Technology) 	AI 	OBC-NCL 	Female-only (including Supernumerary) 	5141 	6080
Indian Institute of Technology Tirupati	Engineering Physics (4 Years, Bachelor of Technology) 	AI 	OBC-NCL 	Gender-Neutral 	4689 	4815
Indian Institute of Technology Tirupati	Mechanical Engineering (4 Years, Bachelor of Technology) 	AI 	OBC-NCL 	Gender-Neutral 	3736 	4254
Indian Institute of Technology Tirupati	Mechanical Engineering (4 Years, Bachelor of Technology) 	AI 	OBC-NCL 	Female-only (including Supernumerary) 	6401 	7664
Indian Institute of Technology Jammu	Chemical Engineering (4 Years, Bachelor of Technology) 	AI 	OBC-NCL 	Gender-Neutral 	4515 	5608
Indian Institute of Technology Jammu	Chemical Engineering (4 Years, Bachelor of Technology) 	AI 	OBC-NCL 	Female-only (including Supernumerary) 	9381 	9537
Indian Institute of Technology Jammu	Civil Engineering (4 Years, Bachelor of Technology) 	AI 	OBC-NCL 	Gender-Neutral 	5149 	5603
Indian Institute of Technology Jammu	Civil Engineering (4 Years, Bachelor of Technology) 	AI 	OBC-NCL 	Female-only (including Supernumerary) 	9664 	9830
Indian Institute of Technology Jammu	Computer Science and Engineering (4 Years, Bachelor of Technology) 	AI 	OBC-NCL 	Gender-Neutral 	2057 	2736
Indian Institute of Technology Jammu	Computer Science and Engineering (4 Years, Bachelor of Technology) 	AI 	OBC-NCL 	Female-only (including Supernumerary) 	5067 	5225
Indian Institute of Technology Jammu	Electrical Engineering (4 Years, Bachelor of Technology) 	AI 	OBC-NCL 	Gender-Neutral 	3435 	4072
Indian Institute of Technology Jammu	Electrical Engineering (4 Years, Bachelor of Technology) 	AI 	OBC-NCL 	Female-only (including Supernumerary) 	6925 	7892
Indian Institute of Technology Jammu	Engineering Physics (4 Years, Bachelor of Technology) 	AI 	OBC-NCL 	Gender-Neutral 	5475 	5678
Indian Institute of Technology Jammu	Engineering Physics (4 Years, Bachelor of Technology) 	AI 	OBC-NCL 	Female-only (including Supernumerary) 	9469 	9469
Indian Institute of Technology Jammu	Materials Engineering (4 Years, Bachelor of Technology) 	AI 	OBC-NCL 	Gender-Neutral 	5701 	5898
Indian Institute of Technology Jammu	Materials Engineering (4 Years, Bachelor of Technology) 	AI 	OBC-NCL 	Female-only (including Supernumerary) 	9804 	10092
Indian Institute of Technology Jammu	Mathematics and Computing (4 Years, Bachelor of Technology) 	AI 	OBC-NCL 	Gender-Neutral 	2987 	3278
Indian Institute of Technology Jammu	Mathematics and Computing (4 Years, Bachelor of Technology) 	AI 	OBC-NCL 	Female-only (including Supernumerary) 	6284 	6915
Indian Institute of Technology Jammu	Mechanical Engineering (4 Years, Bachelor of Technology) 	AI 	OBC-NCL 	Gender-Neutral 	4475 	4987
Indian Institute of Technology Jammu	Mechanical Engineering (4 Years, Bachelor of Technology) 	AI 	OBC-NCL 	Female-only (including Supernumerary) 	8380 	8757
Indian Institute of Technology Dharwad	Chemical and Biochemical Engineering (4 Years, Bachelor of Technology) 	AI 	OBC-NCL 	Gender-Neutral 	5534 	5605
Indian Institute of Technology Dharwad	Chemical and Biochemical Engineering (4 Years, Bachelor of Technology) 	AI 	OBC-NCL 	Female-only (including Supernumerary) 	8972 	9345
Indian Institute of Technology Dharwad	Civil and Infrastructure Engineering (4 Years, Bachelor of Technology) 	AI 	OBC-NCL 	Gender-Neutral 	5288 	5480
Indian Institute of Technology Dharwad	Civil and Infrastructure Engineering (4 Years, Bachelor of Technology) 	AI 	OBC-NCL 	Female-only (including Supernumerary) 	8085 	8910
Indian Institute of Technology Dharwad	Computer Science and Engineering (4 Years, Bachelor of Technology) 	AI 	OBC-NCL 	Gender-Neutral 	2273 	2556
Indian Institute of Technology Dharwad	Computer Science and Engineering (4 Years, Bachelor of Technology) 	AI 	OBC-NCL 	Female-only (including Supernumerary) 	4021 	4431
Indian Institute of Technology Dharwad	Electrical and Electronics Engineering (4 Years, Bachelor of Technology) 	AI 	OBC-NCL 	Gender-Neutral 	3509 	3680
Indian Institute of Technology Dharwad	Electrical and Electronics Engineering (4 Years, Bachelor of Technology) 	AI 	OBC-NCL 	Female-only (including Supernumerary) 	5960 	6540
Indian Institute of Technology Dharwad	Electronics and Communication Engineering (4 Years, Bachelor of Technology) 	AI 	OBC-NCL 	Gender-Neutral 	2986 	3288
Indian Institute of Technology Dharwad	Electronics and Communication Engineering (4 Years, Bachelor of Technology) 	AI 	OBC-NCL 	Female-only (including Supernumerary) 	4582 	5384
Indian Institute of Technology Dharwad	Engineering Physics (4 Years, Bachelor of Technology) 	AI 	OBC-NCL 	Gender-Neutral 	3844 	5239
Indian Institute of Technology Dharwad	Engineering Physics (4 Years, Bachelor of Technology) 	AI 	OBC-NCL 	Female-only (including Supernumerary) 	8844 	9151
Indian Institute of Technology Dharwad	Interdisciplinary Sciences (5 Years, Bachelor of Science and Master of Science (Dual Degree)) 	AI 	OBC-NCL 	Gender-Neutral 	5616 	6194
Indian Institute of Technology Dharwad	Interdisciplinary Sciences (5 Years, Bachelor of Science and Master of Science (Dual Degree)) 	AI 	OBC-NCL 	Female-only (including Supernumerary) 	9938 	10189
Indian Institute of Technology Dharwad	Mathematics and Computing (4 Years, Bachelor of Technology) 	AI 	OBC-NCL 	Gender-Neutral 	2362 	3178
Indian Institute of Technology Dharwad	Mathematics and Computing (4 Years, Bachelor of Technology) 	AI 	OBC-NCL 	Female-only (including Supernumerary) 	5463 	5470
Indian Institute of Technology Dharwad	Mechanical Engineering (4 Years, Bachelor of Technology) 	AI 	OBC-NCL 	Gender-Neutral 	3610 	4953
Indian Institute of Technology Dharwad	Mechanical Engineering (4 Years, Bachelor of Technology) 	AI 	OBC-NCL 	Female-only (including Supernumerary) 	8099 	8761
Dr. B R Ambedkar National Institute of Technology, Jalandhar	Bio Technology (4 Years, Bachelor of Technology) 	HS 	OBC-NCL 	Gender-Neutral 	33291 	59434
Dr. B R Ambedkar National Institute of Technology, Jalandhar	Bio Technology (4 Years, Bachelor of Technology) 	HS 	OBC-NCL 	Female-only (including Supernumerary) 	52894 	71131
Dr. B R Ambedkar National Institute of Technology, Jalandhar	Bio Technology (4 Years, Bachelor of Technology) 	OS 	OBC-NCL 	Gender-Neutral 	13898 	15152
Dr. B R Ambedkar National Institute of Technology, Jalandhar	Bio Technology (4 Years, Bachelor of Technology) 	OS 	OBC-NCL 	Female-only (including Supernumerary) 	20557 	20859
Dr. B R Ambedkar National Institute of Technology, Jalandhar	Chemical Engineering (4 Years, Bachelor of Technology) 	HS 	OBC-NCL 	Gender-Neutral 	40042 	48802
Dr. B R Ambedkar National Institute of Technology, Jalandhar	Chemical Engineering (4 Years, Bachelor of Technology) 	HS 	OBC-NCL 	Female-only (including Supernumerary) 	37359 	44470
Dr. B R Ambedkar National Institute of Technology, Jalandhar	Chemical Engineering (4 Years, Bachelor of Technology) 	OS 	OBC-NCL 	Gender-Neutral 	10375 	11319
Dr. B R Ambedkar National Institute of Technology, Jalandhar	Chemical Engineering (4 Years, Bachelor of Technology) 	OS 	OBC-NCL 	Female-only (including Supernumerary) 	18509 	18859
Dr. B R Ambedkar National Institute of Technology, Jalandhar	Civil Engineering (4 Years, Bachelor of Technology) 	HS 	OBC-NCL 	Gender-Neutral 	34344 	50109
Dr. B R Ambedkar National Institute of Technology, Jalandhar	Civil Engineering (4 Years, Bachelor of Technology) 	HS 	OBC-NCL 	Female-only (including Supernumerary) 	43683 	63114
Dr. B R Ambedkar National Institute of Technology, Jalandhar	Civil Engineering (4 Years, Bachelor of Technology) 	OS 	OBC-NCL 	Gender-Neutral 	11856 	12882
Dr. B R Ambedkar National Institute of Technology, Jalandhar	Civil Engineering (4 Years, Bachelor of Technology) 	OS 	OBC-NCL 	Female-only (including Supernumerary) 	19995 	20032
Dr. B R Ambedkar National Institute of Technology, Jalandhar	Computer Science and Engineering (4 Years, Bachelor of Technology) 	HS 	OBC-NCL 	Gender-Neutral 	3960 	8793
Dr. B R Ambedkar National Institute of Technology, Jalandhar	Computer Science and Engineering (4 Years, Bachelor of Technology) 	HS 	OBC-NCL 	Female-only (including Supernumerary) 	4979 	10562
Dr. B R Ambedkar National Institute of Technology, Jalandhar	Computer Science and Engineering (4 Years, Bachelor of Technology) 	OS 	OBC-NCL 	Gender-Neutral 	2600 	3751
Dr. B R Ambedkar National Institute of Technology, Jalandhar	Computer Science and Engineering (4 Years, Bachelor of Technology) 	OS 	OBC-NCL 	Female-only (including Supernumerary) 	6820 	7634
Dr. B R Ambedkar National Institute of Technology, Jalandhar	Data Science and Engineering (4 Years, Bachelor of Technology) 	HS 	OBC-NCL 	Gender-Neutral 	8919 	18525
Dr. B R Ambedkar National Institute of Technology, Jalandhar	Data Science and Engineering (4 Years, Bachelor of Technology) 	HS 	OBC-NCL 	Female-only (including Supernumerary) 	23221 	23221
Dr. B R Ambedkar National Institute of Technology, Jalandhar	Data Science and Engineering (4 Years, Bachelor of Technology) 	OS 	OBC-NCL 	Gender-Neutral 	4917 	5356
Dr. B R Ambedkar National Institute of Technology, Jalandhar	Data Science and Engineering (4 Years, Bachelor of Technology) 	OS 	OBC-NCL 	Female-only (including Supernumerary) 	9265 	9265
Dr. B R Ambedkar National Institute of Technology, Jalandhar	Electrical Engineering (4 Years, Bachelor of Technology) 	HS 	OBC-NCL 	Gender-Neutral 	22454 	25808
Dr. B R Ambedkar National Institute of Technology, Jalandhar	Electrical Engineering (4 Years, Bachelor of Technology) 	HS 	OBC-NCL 	Female-only (including Supernumerary) 	30017 	30017
Dr. B R Ambedkar National Institute of Technology, Jalandhar	Electrical Engineering (4 Years, Bachelor of Technology) 	OS 	OBC-NCL 	Gender-Neutral 	5877 	6602
Dr. B R Ambedkar National Institute of Technology, Jalandhar	Electrical Engineering (4 Years, Bachelor of Technology) 	OS 	OBC-NCL 	Female-only (including Supernumerary) 	12913 	12913
Dr. B R Ambedkar National Institute of Technology, Jalandhar	Electronics and Communication Engineering (4 Years, Bachelor of Technology) 	HS 	OBC-NCL 	Gender-Neutral 	9081 	21495
Dr. B R Ambedkar National Institute of Technology, Jalandhar	Electronics and Communication Engineering (4 Years, Bachelor of Technology) 	HS 	OBC-NCL 	Female-only (including Supernumerary) 	22397 	24627
Dr. B R Ambedkar National Institute of Technology, Jalandhar	Electronics and Communication Engineering (4 Years, Bachelor of Technology) 	OS 	OBC-NCL 	Gender-Neutral 	4886 	5645
Dr. B R Ambedkar National Institute of Technology, Jalandhar	Electronics and Communication Engineering (4 Years, Bachelor of Technology) 	OS 	OBC-NCL 	Female-only (including Supernumerary) 	11351 	11408
Dr. B R Ambedkar National Institute of Technology, Jalandhar	Electronics and VLSI Engineering (4 Years, Bachelor of Technology) 	HS 	OBC-NCL 	Gender-Neutral 	23520 	24307
Dr. B R Ambedkar National Institute of Technology, Jalandhar	Electronics and VLSI Engineering (4 Years, Bachelor of Technology) 	HS 	OBC-NCL 	Female-only (including Supernumerary) 	25671 	25671
Dr. B R Ambedkar National Institute of Technology, Jalandhar	Electronics and VLSI Engineering (4 Years, Bachelor of Technology) 	OS 	OBC-NCL 	Gender-Neutral 	5689 	5928
Dr. B R Ambedkar National Institute of Technology, Jalandhar	Electronics and VLSI Engineering (4 Years, Bachelor of Technology) 	OS 	OBC-NCL 	Female-only (including Supernumerary) 	12282 	12282
Dr. B R Ambedkar National Institute of Technology, Jalandhar	Industrial and Production Engineering (4 Years, Bachelor of Technology) 	HS 	OBC-NCL 	Gender-Neutral 	46217 	53241
Dr. B R Ambedkar National Institute of Technology, Jalandhar	Industrial and Production Engineering (4 Years, Bachelor of Technology) 	HS 	OBC-NCL 	Female-only (including Supernumerary) 	70716 	72072
Dr. B R Ambedkar National Institute of Technology, Jalandhar	Industrial and Production Engineering (4 Years, Bachelor of Technology) 	OS 	OBC-NCL 	Gender-Neutral 	12625 	13966
Dr. B R Ambedkar National Institute of Technology, Jalandhar	Industrial and Production Engineering (4 Years, Bachelor of Technology) 	OS 	OBC-NCL 	Female-only (including Supernumerary) 	20537 	21133
Dr. B R Ambedkar National Institute of Technology, Jalandhar	Information Technology (4 Years, Bachelor of Technology) 	HS 	OBC-NCL 	Gender-Neutral 	9123 	16759
Dr. B R Ambedkar National Institute of Technology, Jalandhar	Information Technology (4 Years, Bachelor of Technology) 	HS 	OBC-NCL 	Female-only (including Supernumerary) 	11219 	20479
Dr. B R Ambedkar National Institute of Technology, Jalandhar	Information Technology (4 Years, Bachelor of Technology) 	OS 	OBC-NCL 	Gender-Neutral 	3759 	5120
Dr. B R Ambedkar National Institute of Technology, Jalandhar	Information Technology (4 Years, Bachelor of Technology) 	OS 	OBC-NCL 	Female-only (including Supernumerary) 	8458 	8853
Dr. B R Ambedkar National Institute of Technology, Jalandhar	Instrumentation and Control Engineering (4 Years, Bachelor of Technology) 	HS 	OBC-NCL 	Gender-Neutral 	25114 	38992
Dr. B R Ambedkar National Institute of Technology, Jalandhar	Instrumentation and Control Engineering (4 Years, Bachelor of Technology) 	HS 	OBC-NCL 	Female-only (including Supernumerary) 	45649 	60462
Dr. B R Ambedkar National Institute of Technology, Jalandhar	Instrumentation and Control Engineering (4 Years, Bachelor of Technology) 	OS 	OBC-NCL 	Gender-Neutral 	7180 	8421
Dr. B R Ambedkar National Institute of Technology, Jalandhar	Instrumentation and Control Engineering (4 Years, Bachelor of Technology) 	OS 	OBC-NCL 	Female-only (including Supernumerary) 	16580 	16580
Dr. B R Ambedkar National Institute of Technology, Jalandhar	Mathematics and Computing (4 Years, Bachelor of Technology) 	HS 	OBC-NCL 	Gender-Neutral 	12994 	23138
Dr. B R Ambedkar National Institute of Technology, Jalandhar	Mathematics and Computing (4 Years, Bachelor of Technology) 	HS 	OBC-NCL 	Female-only (including Supernumerary) 	23380 	23380
Dr. B R Ambedkar National Institute of Technology, Jalandhar	Mathematics and Computing (4 Years, Bachelor of Technology) 	OS 	OBC-NCL 	Gender-Neutral 	4955 	5425
Dr. B R Ambedkar National Institute of Technology, Jalandhar	Mathematics and Computing (4 Years, Bachelor of Technology) 	OS 	OBC-NCL 	Female-only (including Supernumerary) 	9610 	9610
Dr. B R Ambedkar National Institute of Technology, Jalandhar	Mechanical Engineering (4 Years, Bachelor of Technology) 	HS 	OBC-NCL 	Gender-Neutral 	27518 	39543
Dr. B R Ambedkar National Institute of Technology, Jalandhar	Mechanical Engineering (4 Years, Bachelor of Technology) 	HS 	OBC-NCL 	Female-only (including Supernumerary) 	30929 	52625
Dr. B R Ambedkar National Institute of Technology, Jalandhar	Mechanical Engineering (4 Years, Bachelor of Technology) 	OS 	OBC-NCL 	Gender-Neutral 	8453 	9710
Dr. B R Ambedkar National Institute of Technology, Jalandhar	Mechanical Engineering (4 Years, Bachelor of Technology) 	OS 	OBC-NCL 	Female-only (including Supernumerary) 	18156 	18267
Dr. B R Ambedkar National Institute of Technology, Jalandhar	Textile Technology (4 Years, Bachelor of Technology) 	HS 	OBC-NCL 	Gender-Neutral 	50919 	61456
Dr. B R Ambedkar National Institute of Technology, Jalandhar	Textile Technology (4 Years, Bachelor of Technology) 	HS 	OBC-NCL 	Female-only (including Supernumerary) 	41751 	75560
Dr. B R Ambedkar National Institute of Technology, Jalandhar	Textile Technology (4 Years, Bachelor of Technology) 	OS 	OBC-NCL 	Gender-Neutral 	15119 	15851
Dr. B R Ambedkar National Institute of Technology, Jalandhar	Textile Technology (4 Years, Bachelor of Technology) 	OS 	OBC-NCL 	Female-only (including Supernumerary) 	21701 	21701
Malaviya National Institute of Technology Jaipur	Architecture (5 Years, Bachelor of Architecture) 	HS 	OBC-NCL 	Gender-Neutral 	428 	1052
Malaviya National Institute of Technology Jaipur	Architecture (5 Years, Bachelor of Architecture) 	HS 	OBC-NCL 	Female-only (including Supernumerary) 	457 	648
Malaviya National Institute of Technology Jaipur	Architecture (5 Years, Bachelor of Architecture) 	OS 	OBC-NCL 	Gender-Neutral 	168 	415
Malaviya National Institute of Technology Jaipur	Architecture (5 Years, Bachelor of Architecture) 	OS 	OBC-NCL 	Female-only (including Supernumerary) 	260 	298
Malaviya National Institute of Technology Jaipur	Artificial Intelligence and Data Engineering (4 Years, Bachelor of Technology) 	HS 	OBC-NCL 	Gender-Neutral 	1512 	2335
Malaviya National Institute of Technology Jaipur	Artificial Intelligence and Data Engineering (4 Years, Bachelor of Technology) 	HS 	OBC-NCL 	Female-only (including Supernumerary) 	4556 	4556
Malaviya National Institute of Technology Jaipur	Artificial Intelligence and Data Engineering (4 Years, Bachelor of Technology) 	OS 	OBC-NCL 	Gender-Neutral 	1531 	2259
Malaviya National Institute of Technology Jaipur	Artificial Intelligence and Data Engineering (4 Years, Bachelor of Technology) 	OS 	OBC-NCL 	Female-only (including Supernumerary) 	3526 	3526
Malaviya National Institute of Technology Jaipur	Chemical Engineering (4 Years, Bachelor of Technology) 	HS 	OBC-NCL 	Gender-Neutral 	7279 	9233
Malaviya National Institute of Technology Jaipur	Chemical Engineering (4 Years, Bachelor of Technology) 	HS 	OBC-NCL 	Female-only (including Supernumerary) 	11820 	13276
Malaviya National Institute of Technology Jaipur	Chemical Engineering (4 Years, Bachelor of Technology) 	OS 	OBC-NCL 	Gender-Neutral 	6661 	8298
Malaviya National Institute of Technology Jaipur	Chemical Engineering (4 Years, Bachelor of Technology) 	OS 	OBC-NCL 	Female-only (including Supernumerary) 	13055 	15201
Malaviya National Institute of Technology Jaipur	Civil Engineering (4 Years, Bachelor of Technology) 	HS 	OBC-NCL 	Gender-Neutral 	7746 	9829
Malaviya National Institute of Technology Jaipur	Civil Engineering (4 Years, Bachelor of Technology) 	HS 	OBC-NCL 	Female-only (including Supernumerary) 	11840 	14747
Malaviya National Institute of Technology Jaipur	Civil Engineering (4 Years, Bachelor of Technology) 	OS 	OBC-NCL 	Gender-Neutral 	8905 	10343
Malaviya National Institute of Technology Jaipur	Civil Engineering (4 Years, Bachelor of Technology) 	OS 	OBC-NCL 	Female-only (including Supernumerary) 	15305 	15399
Malaviya National Institute of Technology Jaipur	Computer Science and Engineering (4 Years, Bachelor of Technology) 	HS 	OBC-NCL 	Gender-Neutral 	1337 	1922
Malaviya National Institute of Technology Jaipur	Computer Science and Engineering (4 Years, Bachelor of Technology) 	HS 	OBC-NCL 	Female-only (including Supernumerary) 	3361 	3752
Malaviya National Institute of Technology Jaipur	Computer Science and Engineering (4 Years, Bachelor of Technology) 	OS 	OBC-NCL 	Gender-Neutral 	1268 	2008
Malaviya National Institute of Technology Jaipur	Computer Science and Engineering (4 Years, Bachelor of Technology) 	OS 	OBC-NCL 	Female-only (including Supernumerary) 	2068 	3427
Malaviya National Institute of Technology Jaipur	Electrical Engineering (4 Years, Bachelor of Technology) 	HS 	OBC-NCL 	Gender-Neutral 	3566 	5056
Malaviya National Institute of Technology Jaipur	Electrical Engineering (4 Years, Bachelor of Technology) 	HS 	OBC-NCL 	Female-only (including Supernumerary) 	8761 	9442
Malaviya National Institute of Technology Jaipur	Electrical Engineering (4 Years, Bachelor of Technology) 	OS 	OBC-NCL 	Gender-Neutral 	3712 	5053
Malaviya National Institute of Technology Jaipur	Electrical Engineering (4 Years, Bachelor of Technology) 	OS 	OBC-NCL 	Female-only (including Supernumerary) 	8119 	9891
Malaviya National Institute of Technology Jaipur	Electronics and Communication Engineering (4 Years, Bachelor of Technology) 	HS 	OBC-NCL 	Gender-Neutral 	2648 	3493
Malaviya National Institute of Technology Jaipur	Electronics and Communication Engineering (4 Years, Bachelor of Technology) 	HS 	OBC-NCL 	Female-only (including Supernumerary) 	5722 	7288
Malaviya National Institute of Technology Jaipur	Electronics and Communication Engineering (4 Years, Bachelor of Technology) 	OS 	OBC-NCL 	Gender-Neutral 	2769 	3702
Malaviya National Institute of Technology Jaipur	Electronics and Communication Engineering (4 Years, Bachelor of Technology) 	OS 	OBC-NCL 	Female-only (including Supernumerary) 	5033 	6233
Malaviya National Institute of Technology Jaipur	Mechanical Engineering (4 Years, Bachelor of Technology) 	HS 	OBC-NCL 	Gender-Neutral 	5156 	7253
Malaviya National Institute of Technology Jaipur	Mechanical Engineering (4 Years, Bachelor of Technology) 	HS 	OBC-NCL 	Female-only (including Supernumerary) 	9455 	12497
Malaviya National Institute of Technology Jaipur	Mechanical Engineering (4 Years, Bachelor of Technology) 	OS 	OBC-NCL 	Gender-Neutral 	5457 	7244
Malaviya National Institute of Technology Jaipur	Mechanical Engineering (4 Years, Bachelor of Technology) 	OS 	OBC-NCL 	Female-only (including Supernumerary) 	11514 	15132
Malaviya National Institute of Technology Jaipur	Metallurgical and Materials Engineering (4 Years, Bachelor of Technology) 	HS 	OBC-NCL 	Gender-Neutral 	9488 	11169
Malaviya National Institute of Technology Jaipur	Metallurgical and Materials Engineering (4 Years, Bachelor of Technology) 	HS 	OBC-NCL 	Female-only (including Supernumerary) 	13575 	18919
Malaviya National Institute of Technology Jaipur	Metallurgical and Materials Engineering (4 Years, Bachelor of Technology) 	OS 	OBC-NCL 	Gender-Neutral 	11090 	12171
Malaviya National Institute of Technology Jaipur	Metallurgical and Materials Engineering (4 Years, Bachelor of Technology) 	OS 	OBC-NCL 	Female-only (including Supernumerary) 	16189 	18254
Maulana Azad National Institute of Technology Bhopal	Architecture (5 Years, Bachelor of Architecture) 	HS 	OBC-NCL 	Gender-Neutral 	1571 	2775
Maulana Azad National Institute of Technology Bhopal	Architecture (5 Years, Bachelor of Architecture) 	HS 	OBC-NCL 	Female-only (including Supernumerary) 	1037 	1283
Maulana Azad National Institute of Technology Bhopal	Architecture (5 Years, Bachelor of Architecture) 	OS 	OBC-NCL 	Gender-Neutral 	284 	476
Maulana Azad National Institute of Technology Bhopal	Architecture (5 Years, Bachelor of Architecture) 	OS 	OBC-NCL 	Female-only (including Supernumerary) 	390 	417
Maulana Azad National Institute of Technology Bhopal	B. Tech. and M. Tech. in Engineering and Computational Mechanics (Dual Degree) (5 Years, Bachelor and Master of Technology (Dual Degree)) 	HS 	OBC-NCL 	Gender-Neutral 	10498 	12706
Maulana Azad National Institute of Technology Bhopal	B. Tech. and M. Tech. in Engineering and Computational Mechanics (Dual Degree) (5 Years, Bachelor and Master of Technology (Dual Degree)) 	HS 	OBC-NCL 	Female-only (including Supernumerary) 	19518 	19518
Maulana Azad National Institute of Technology Bhopal	B. Tech. and M. Tech. in Engineering and Computational Mechanics (Dual Degree) (5 Years, Bachelor and Master of Technology (Dual Degree)) 	OS 	OBC-NCL 	Gender-Neutral 	6052 	7810
Maulana Azad National Institute of Technology Bhopal	B. Tech. and M. Tech. in Engineering and Computational Mechanics (Dual Degree) (5 Years, Bachelor and Master of Technology (Dual Degree)) 	OS 	OBC-NCL 	Female-only (including Supernumerary) 	14657 	14657
Maulana Azad National Institute of Technology Bhopal	Chemical Engineering (4 Years, Bachelor of Technology) 	HS 	OBC-NCL 	Gender-Neutral 	12575 	13481
Maulana Azad National Institute of Technology Bhopal	Chemical Engineering (4 Years, Bachelor of Technology) 	HS 	OBC-NCL 	Female-only (including Supernumerary) 	17222 	18713
Maulana Azad National Institute of Technology Bhopal	Chemical Engineering (4 Years, Bachelor of Technology) 	OS 	OBC-NCL 	Gender-Neutral 	9496 	11221
Maulana Azad National Institute of Technology Bhopal	Chemical Engineering (4 Years, Bachelor of Technology) 	OS 	OBC-NCL 	Female-only (including Supernumerary) 	16014 	18469
Maulana Azad National Institute of Technology Bhopal	Civil Engineering (4 Years, Bachelor of Technology) 	HS 	OBC-NCL 	Gender-Neutral 	13785 	15560
Maulana Azad National Institute of Technology Bhopal	Civil Engineering (4 Years, Bachelor of Technology) 	HS 	OBC-NCL 	Female-only (including Supernumerary) 	23137 	23264
Maulana Azad National Institute of Technology Bhopal	Civil Engineering (4 Years, Bachelor of Technology) 	OS 	OBC-NCL 	Gender-Neutral 	11307 	12717
Maulana Azad National Institute of Technology Bhopal	Civil Engineering (4 Years, Bachelor of Technology) 	OS 	OBC-NCL 	Female-only (including Supernumerary) 	19581 	19636
Maulana Azad National Institute of Technology Bhopal	Computer Science and Engineering (4 Years, Bachelor of Technology) 	HS 	OBC-NCL 	Gender-Neutral 	2629 	4437
Maulana Azad National Institute of Technology Bhopal	Computer Science and Engineering (4 Years, Bachelor of Technology) 	HS 	OBC-NCL 	Female-only (including Supernumerary) 	5431 	9029
Maulana Azad National Institute of Technology Bhopal	Computer Science and Engineering (4 Years, Bachelor of Technology) 	OS 	OBC-NCL 	Gender-Neutral 	2582 	3234
Maulana Azad National Institute of Technology Bhopal	Computer Science and Engineering (4 Years, Bachelor of Technology) 	OS 	OBC-NCL 	Female-only (including Supernumerary) 	4644 	6073
Maulana Azad National Institute of Technology Bhopal	Electrical Engineering (4 Years, Bachelor of Technology) 	HS 	OBC-NCL 	Gender-Neutral 	6138 	7696
Maulana Azad National Institute of Technology Bhopal	Electrical Engineering (4 Years, Bachelor of Technology) 	HS 	OBC-NCL 	Female-only (including Supernumerary) 	13340 	17171
Maulana Azad National Institute of Technology Bhopal	Electrical Engineering (4 Years, Bachelor of Technology) 	OS 	OBC-NCL 	Gender-Neutral 	5662 	6515
Maulana Azad National Institute of Technology Bhopal	Electrical Engineering (4 Years, Bachelor of Technology) 	OS 	OBC-NCL 	Female-only (including Supernumerary) 	12023 	12451
Maulana Azad National Institute of Technology Bhopal	Electronics and Communication Engineering (4 Years, Bachelor of Technology) 	HS 	OBC-NCL 	Gender-Neutral 	4423 	5980
Maulana Azad National Institute of Technology Bhopal	Electronics and Communication Engineering (4 Years, Bachelor of Technology) 	HS 	OBC-NCL 	Female-only (including Supernumerary) 	10185 	12127
Maulana Azad National Institute of Technology Bhopal	Electronics and Communication Engineering (4 Years, Bachelor of Technology) 	OS 	OBC-NCL 	Gender-Neutral 	3423 	5200
Maulana Azad National Institute of Technology Bhopal	Electronics and Communication Engineering (4 Years, Bachelor of Technology) 	OS 	OBC-NCL 	Female-only (including Supernumerary) 	6991 	8844
Maulana Azad National Institute of Technology Bhopal	Energy and Electrical Vehicle Engineering (4 Years, Bachelor of Technology) 	HS 	OBC-NCL 	Gender-Neutral 	12186 	13937
Maulana Azad National Institute of Technology Bhopal	Energy and Electrical Vehicle Engineering (4 Years, Bachelor of Technology) 	HS 	OBC-NCL 	Female-only (including Supernumerary) 	20798 	20798
Maulana Azad National Institute of Technology Bhopal	Energy and Electrical Vehicle Engineering (4 Years, Bachelor of Technology) 	OS 	OBC-NCL 	Gender-Neutral 	7225 	8270
Maulana Azad National Institute of Technology Bhopal	Energy and Electrical Vehicle Engineering (4 Years, Bachelor of Technology) 	OS 	OBC-NCL 	Female-only (including Supernumerary) 	14650 	14650
Maulana Azad National Institute of Technology Bhopal	Materials Science and Metallurgical Engineering (4 Years, Bachelor of Technology) 	HS 	OBC-NCL 	Gender-Neutral 	14850 	15979
Maulana Azad National Institute of Technology Bhopal	Materials Science and Metallurgical Engineering (4 Years, Bachelor of Technology) 	HS 	OBC-NCL 	Female-only (including Supernumerary) 	21779 	24368
Maulana Azad National Institute of Technology Bhopal	Materials Science and Metallurgical Engineering (4 Years, Bachelor of Technology) 	OS 	OBC-NCL 	Gender-Neutral 	12160 	14425
Maulana Azad National Institute of Technology Bhopal	Materials Science and Metallurgical Engineering (4 Years, Bachelor of Technology) 	OS 	OBC-NCL 	Female-only (including Supernumerary) 	19728 	20519
Maulana Azad National Institute of Technology Bhopal	Mathematics and Data Science (5 Years, Bachelor and Master of Technology (Dual Degree)) 	HS 	OBC-NCL 	Gender-Neutral 	4493 	5548
Maulana Azad National Institute of Technology Bhopal	Mathematics and Data Science (5 Years, Bachelor and Master of Technology (Dual Degree)) 	HS 	OBC-NCL 	Female-only (including Supernumerary) 	9804 	9804
Maulana Azad National Institute of Technology Bhopal	Mathematics and Data Science (5 Years, Bachelor and Master of Technology (Dual Degree)) 	OS 	OBC-NCL 	Gender-Neutral 	4948 	5322
Maulana Azad National Institute of Technology Bhopal	Mathematics and Data Science (5 Years, Bachelor and Master of Technology (Dual Degree)) 	OS 	OBC-NCL 	Female-only (including Supernumerary) 	5532 	5532
Maulana Azad National Institute of Technology Bhopal	Mechanical Engineering (4 Years, Bachelor of Technology) 	HS 	OBC-NCL 	Gender-Neutral 	9317 	12154
Maulana Azad National Institute of Technology Bhopal	Mechanical Engineering (4 Years, Bachelor of Technology) 	HS 	OBC-NCL 	Female-only (including Supernumerary) 	17404 	22328
Maulana Azad National Institute of Technology Bhopal	Mechanical Engineering (4 Years, Bachelor of Technology) 	OS 	OBC-NCL 	Gender-Neutral 	7449 	9131
Maulana Azad National Institute of Technology Bhopal	Mechanical Engineering (4 Years, Bachelor of Technology) 	OS 	OBC-NCL 	Female-only (including Supernumerary) 	16064 	18300
Maulana Azad National Institute of Technology Bhopal	Planning (4 Years, Bachelor of Planning) 	HS 	OBC-NCL 	Gender-Neutral 	1118 	2027
Maulana Azad National Institute of Technology Bhopal	Planning (4 Years, Bachelor of Planning) 	HS 	OBC-NCL 	Female-only (including Supernumerary) 	826 	826
Maulana Azad National Institute of Technology Bhopal	Planning (4 Years, Bachelor of Planning) 	OS 	OBC-NCL 	Gender-Neutral 	170 	291
Maulana Azad National Institute of Technology Bhopal	Planning (4 Years, Bachelor of Planning) 	OS 	OBC-NCL 	Female-only (including Supernumerary) 	174 	223
Motilal Nehru National Institute of Technology Allahabad	Bio Technology (4 Years, Bachelor of Technology) 	HS 	OBC-NCL 	Gender-Neutral 	11200 	13765
Motilal Nehru National Institute of Technology Allahabad	Bio Technology (4 Years, Bachelor of Technology) 	OS 	OBC-NCL 	Gender-Neutral 	11339 	13300
Motilal Nehru National Institute of Technology Allahabad	Bio Technology (4 Years, Bachelor of Technology) 	OS 	OBC-NCL 	Female-only (including Supernumerary) 	18439 	18439
Motilal Nehru National Institute of Technology Allahabad	Chemical Engineering (4 Years, Bachelor of Technology) 	HS 	OBC-NCL 	Gender-Neutral 	6558 	7688
Motilal Nehru National Institute of Technology Allahabad	Chemical Engineering (4 Years, Bachelor of Technology) 	HS 	OBC-NCL 	Female-only (including Supernumerary) 	12503 	12503
Motilal Nehru National Institute of Technology Allahabad	Chemical Engineering (4 Years, Bachelor of Technology) 	OS 	OBC-NCL 	Gender-Neutral 	6879 	8089
Motilal Nehru National Institute of Technology Allahabad	Chemical Engineering (4 Years, Bachelor of Technology) 	OS 	OBC-NCL 	Female-only (including Supernumerary) 	12974 	12974
Motilal Nehru National Institute of Technology Allahabad	Civil Engineering (4 Years, Bachelor of Technology) 	HS 	OBC-NCL 	Gender-Neutral 	7485 	9499
Motilal Nehru National Institute of Technology Allahabad	Civil Engineering (4 Years, Bachelor of Technology) 	HS 	OBC-NCL 	Female-only (including Supernumerary) 	14292 	16920
Motilal Nehru National Institute of Technology Allahabad	Civil Engineering (4 Years, Bachelor of Technology) 	OS 	OBC-NCL 	Gender-Neutral 	8314 	9487
Motilal Nehru National Institute of Technology Allahabad	Civil Engineering (4 Years, Bachelor of Technology) 	OS 	OBC-NCL 	Female-only (including Supernumerary) 	15276 	18044
Motilal Nehru National Institute of Technology Allahabad	Computer Science and Engineering (4 Years, Bachelor of Technology) 	HS 	OBC-NCL 	Gender-Neutral 	1364 	2514
Motilal Nehru National Institute of Technology Allahabad	Computer Science and Engineering (4 Years, Bachelor of Technology) 	HS 	OBC-NCL 	Female-only (including Supernumerary) 	3013 	5629
Motilal Nehru National Institute of Technology Allahabad	Computer Science and Engineering (4 Years, Bachelor of Technology) 	OS 	OBC-NCL 	Gender-Neutral 	913 	1611
Motilal Nehru National Institute of Technology Allahabad	Computer Science and Engineering (4 Years, Bachelor of Technology) 	OS 	OBC-NCL 	Female-only (including Supernumerary) 	2200 	3666
Motilal Nehru National Institute of Technology Allahabad	Electrical Engineering (4 Years, Bachelor of Technology) 	HS 	OBC-NCL 	Gender-Neutral 	3655 	4576
Motilal Nehru National Institute of Technology Allahabad	Electrical Engineering (4 Years, Bachelor of Technology) 	HS 	OBC-NCL 	Female-only (including Supernumerary) 	8153 	9960
Motilal Nehru National Institute of Technology Allahabad	Electrical Engineering (4 Years, Bachelor of Technology) 	OS 	OBC-NCL 	Gender-Neutral 	2979 	4417
Motilal Nehru National Institute of Technology Allahabad	Electrical Engineering (4 Years, Bachelor of Technology) 	OS 	OBC-NCL 	Female-only (including Supernumerary) 	8505 	9117
Motilal Nehru National Institute of Technology Allahabad	Electronics and Communication Engineering (4 Years, Bachelor of Technology) 	HS 	OBC-NCL 	Gender-Neutral 	2567 	3645
Motilal Nehru National Institute of Technology Allahabad	Electronics and Communication Engineering (4 Years, Bachelor of Technology) 	HS 	OBC-NCL 	Female-only (including Supernumerary) 	6315 	6959
Motilal Nehru National Institute of Technology Allahabad	Electronics and Communication Engineering (4 Years, Bachelor of Technology) 	OS 	OBC-NCL 	Gender-Neutral 	1677 	2932
Motilal Nehru National Institute of Technology Allahabad	Electronics and Communication Engineering (4 Years, Bachelor of Technology) 	OS 	OBC-NCL 	Female-only (including Supernumerary) 	4930 	7121
Motilal Nehru National Institute of Technology Allahabad	Engineering and Computational Mechanics (4 Years, Bachelor of Technology) 	HS 	OBC-NCL 	Gender-Neutral 	4821 	5090
Motilal Nehru National Institute of Technology Allahabad	Engineering and Computational Mechanics (4 Years, Bachelor of Technology) 	HS 	OBC-NCL 	Female-only (including Supernumerary) 	10837 	10837
Motilal Nehru National Institute of Technology Allahabad	Engineering and Computational Mechanics (4 Years, Bachelor of Technology) 	OS 	OBC-NCL 	Gender-Neutral 	4595 	4750
Motilal Nehru National Institute of Technology Allahabad	Engineering and Computational Mechanics (4 Years, Bachelor of Technology) 	OS 	OBC-NCL 	Female-only (including Supernumerary) 	7920 	7920
Motilal Nehru National Institute of Technology Allahabad	Materials Engineering (4 Years, Bachelor of Technology) 	HS 	OBC-NCL 	Gender-Neutral 	10560 	11892
Motilal Nehru National Institute of Technology Allahabad	Materials Engineering (4 Years, Bachelor of Technology) 	HS 	OBC-NCL 	Female-only (including Supernumerary) 	17414 	17414
Motilal Nehru National Institute of Technology Allahabad	Materials Engineering (4 Years, Bachelor of Technology) 	OS 	OBC-NCL 	Gender-Neutral 	10223 	11879
Motilal Nehru National Institute of Technology Allahabad	Materials Engineering (4 Years, Bachelor of Technology) 	OS 	OBC-NCL 	Female-only (including Supernumerary) 	17884 	17884
Motilal Nehru National Institute of Technology Allahabad	Mechanical Engineering (4 Years, Bachelor of Technology) 	HS 	OBC-NCL 	Gender-Neutral 	5727 	6946
Motilal Nehru National Institute of Technology Allahabad	Mechanical Engineering (4 Years, Bachelor of Technology) 	HS 	OBC-NCL 	Female-only (including Supernumerary) 	10211 	13806
Motilal Nehru National Institute of Technology Allahabad	Mechanical Engineering (4 Years, Bachelor of Technology) 	OS 	OBC-NCL 	Gender-Neutral 	5357 	7394
Motilal Nehru National Institute of Technology Allahabad	Mechanical Engineering (4 Years, Bachelor of Technology) 	OS 	OBC-NCL 	Female-only (including Supernumerary) 	12682 	14401
Motilal Nehru National Institute of Technology Allahabad	Production and Industrial Engineering (4 Years, Bachelor of Technology) 	HS 	OBC-NCL 	Gender-Neutral 	10871 	13250
Motilal Nehru National Institute of Technology Allahabad	Production and Industrial Engineering (4 Years, Bachelor of Technology) 	OS 	OBC-NCL 	Gender-Neutral 	9313 	12097
Motilal Nehru National Institute of Technology Allahabad	Production and Industrial Engineering (4 Years, Bachelor of Technology) 	OS 	OBC-NCL 	Female-only (including Supernumerary) 	18444 	18444
National Institute of Technology Agartala	Biotechnology and Biochemical Engineering (4 Years, Bachelor of Technology) 	OS 	OBC-NCL 	Gender-Neutral 	16951 	17508
National Institute of Technology Agartala	Biotechnology and Biochemical Engineering (4 Years, Bachelor of Technology) 	OS 	OBC-NCL 	Female-only (including Supernumerary) 	22964 	24431
National Institute of Technology Agartala	Chemical Engineering (4 Years, Bachelor of Technology) 	OS 	OBC-NCL 	Gender-Neutral 	14921 	16047
National Institute of Technology Agartala	Chemical Engineering (4 Years, Bachelor of Technology) 	OS 	OBC-NCL 	Female-only (including Supernumerary) 	22033 	22336
National Institute of Technology Agartala	Chemistry (5 Years, Bachelor of Science and Master of Science (Dual Degree)) 	OS 	OBC-NCL 	Gender-Neutral 	18091 	18497
National Institute of Technology Agartala	Civil Engineering (4 Years, Bachelor of Technology) 	OS 	OBC-NCL 	Gender-Neutral 	15302 	16675
National Institute of Technology Agartala	Civil Engineering (4 Years, Bachelor of Technology) 	OS 	OBC-NCL 	Female-only (including Supernumerary) 	22592 	23248
National Institute of Technology Agartala	Computational Mathematics (5 Years, Bachelor and Master of Technology (Dual Degree)) 	OS 	OBC-NCL 	Gender-Neutral 	10214 	12558
National Institute of Technology Agartala	Computer Science and Engineering (4 Years, Bachelor of Technology) 	OS 	OBC-NCL 	Gender-Neutral 	5964 	6907
National Institute of Technology Agartala	Computer Science and Engineering (4 Years, Bachelor of Technology) 	OS 	OBC-NCL 	Female-only (including Supernumerary) 	12008 	13710
National Institute of Technology Agartala	Electrical Engineering (4 Years, Bachelor of Technology) 	OS 	OBC-NCL 	Gender-Neutral 	9437 	11328
National Institute of Technology Agartala	Electrical Engineering (4 Years, Bachelor of Technology) 	OS 	OBC-NCL 	Female-only (including Supernumerary) 	17540 	19037
National Institute of Technology Agartala	Electronics and Communication Engineering (4 Years, Bachelor of Technology) 	OS 	OBC-NCL 	Gender-Neutral 	7313 	8798
National Institute of Technology Agartala	Electronics and Communication Engineering (4 Years, Bachelor of Technology) 	OS 	OBC-NCL 	Female-only (including Supernumerary) 	14489 	15077
National Institute of Technology Agartala	Electronics and Instrumentation Engineering (4 Years, Bachelor of Technology) 	OS 	OBC-NCL 	Gender-Neutral 	10565 	12419
National Institute of Technology Agartala	Electronics and Instrumentation Engineering (4 Years, Bachelor of Technology) 	OS 	OBC-NCL 	Female-only (including Supernumerary) 	17229 	19532
National Institute of Technology Agartala	Engineering Physics (5 Years, Bachelor and Master of Technology (Dual Degree)) 	OS 	OBC-NCL 	Gender-Neutral 	16265 	17151
National Institute of Technology Agartala	Mathematics & Computing (5 Years, Bachelor of Science and Master of Science (Dual Degree)) 	OS 	OBC-NCL 	Gender-Neutral 	12122 	14541
National Institute of Technology Agartala	Mechanical Engineering (4 Years, Bachelor of Technology) 	OS 	OBC-NCL 	Gender-Neutral 	13326 	14953
National Institute of Technology Agartala	Mechanical Engineering (4 Years, Bachelor of Technology) 	OS 	OBC-NCL 	Female-only (including Supernumerary) 	22224 	22970
National Institute of Technology Agartala	Physics (5 Years, Bachelor of Science and Master of Science (Dual Degree)) 	OS 	OBC-NCL 	Gender-Neutral 	17198 	17861
National Institute of Technology Agartala	Production Engineering (4 Years, Bachelor of Technology) 	OS 	OBC-NCL 	Gender-Neutral 	16041 	17681
National Institute of Technology Agartala	Production Engineering (4 Years, Bachelor of Technology) 	OS 	OBC-NCL 	Female-only (including Supernumerary) 	23376 	23826
National Institute of Technology Calicut	Architecture (5 Years, Bachelor of Architecture) 	HS 	OBC-NCL 	Gender-Neutral 	53 	85
National Institute of Technology Calicut	Architecture (5 Years, Bachelor of Architecture) 	HS 	OBC-NCL 	Female-only (including Supernumerary) 	58 	58
National Institute of Technology Calicut	Architecture (5 Years, Bachelor of Architecture) 	OS 	OBC-NCL 	Gender-Neutral 	145 	233
National Institute of Technology Calicut	Architecture (5 Years, Bachelor of Architecture) 	OS 	OBC-NCL 	Female-only (including Supernumerary) 	157 	188
National Institute of Technology Calicut	Bio Technology (4 Years, Bachelor of Technology) 	HS 	OBC-NCL 	Gender-Neutral 	10659 	11853
National Institute of Technology Calicut	Bio Technology (4 Years, Bachelor of Technology) 	HS 	OBC-NCL 	Female-only (including Supernumerary) 	12854 	12854
National Institute of Technology Calicut	Bio Technology (4 Years, Bachelor of Technology) 	OS 	OBC-NCL 	Gender-Neutral 	9918 	10924
National Institute of Technology Calicut	Bio Technology (4 Years, Bachelor of Technology) 	OS 	OBC-NCL 	Female-only (including Supernumerary) 	14700 	14700
National Institute of Technology Calicut	Chemical Engineering (4 Years, Bachelor of Technology) 	HS 	OBC-NCL 	Gender-Neutral 	6843 	8182
National Institute of Technology Calicut	Chemical Engineering (4 Years, Bachelor of Technology) 	HS 	OBC-NCL 	Female-only (including Supernumerary) 	9305 	10455
National Institute of Technology Calicut	Chemical Engineering (4 Years, Bachelor of Technology) 	OS 	OBC-NCL 	Gender-Neutral 	6434 	7960
National Institute of Technology Calicut	Chemical Engineering (4 Years, Bachelor of Technology) 	OS 	OBC-NCL 	Female-only (including Supernumerary) 	14040 	14339
National Institute of Technology Calicut	Civil Engineering (4 Years, Bachelor of Technology) 	HS 	OBC-NCL 	Gender-Neutral 	10832 	13401
National Institute of Technology Calicut	Civil Engineering (4 Years, Bachelor of Technology) 	HS 	OBC-NCL 	Female-only (including Supernumerary) 	11720 	12542
National Institute of Technology Calicut	Civil Engineering (4 Years, Bachelor of Technology) 	OS 	OBC-NCL 	Gender-Neutral 	8254 	9822
National Institute of Technology Calicut	Civil Engineering (4 Years, Bachelor of Technology) 	OS 	OBC-NCL 	Female-only (including Supernumerary) 	13234 	15265
National Institute of Technology Calicut	Computer Science and Engineering (4 Years, Bachelor of Technology) 	HS 	OBC-NCL 	Gender-Neutral 	1843 	2855
National Institute of Technology Calicut	Computer Science and Engineering (4 Years, Bachelor of Technology) 	HS 	OBC-NCL 	Female-only (including Supernumerary) 	4023 	4572
National Institute of Technology Calicut	Computer Science and Engineering (4 Years, Bachelor of Technology) 	OS 	OBC-NCL 	Gender-Neutral 	1147 	1738
National Institute of Technology Calicut	Computer Science and Engineering (4 Years, Bachelor of Technology) 	OS 	OBC-NCL 	Female-only (including Supernumerary) 	3326 	4008
National Institute of Technology Calicut	Electrical and Electronics Engineering (4 Years, Bachelor of Technology) 	HS 	OBC-NCL 	Gender-Neutral 	4262 	4993
National Institute of Technology Calicut	Electrical and Electronics Engineering (4 Years, Bachelor of Technology) 	HS 	OBC-NCL 	Female-only (including Supernumerary) 	6356 	7512
National Institute of Technology Calicut	Electrical and Electronics Engineering (4 Years, Bachelor of Technology) 	OS 	OBC-NCL 	Gender-Neutral 	3093 	4213
National Institute of Technology Calicut	Electrical and Electronics Engineering (4 Years, Bachelor of Technology) 	OS 	OBC-NCL 	Female-only (including Supernumerary) 	6309 	7725
National Institute of Technology Calicut	Electronics and Communication Engineering (4 Years, Bachelor of Technology) 	HS 	OBC-NCL 	Gender-Neutral 	2881 	4231
National Institute of Technology Calicut	Electronics and Communication Engineering (4 Years, Bachelor of Technology) 	HS 	OBC-NCL 	Female-only (including Supernumerary) 	5707 	6290
National Institute of Technology Calicut	Electronics and Communication Engineering (4 Years, Bachelor of Technology) 	OS 	OBC-NCL 	Gender-Neutral 	2131 	2824
National Institute of Technology Calicut	Electronics and Communication Engineering (4 Years, Bachelor of Technology) 	OS 	OBC-NCL 	Female-only (including Supernumerary) 	4482 	6056
National Institute of Technology Calicut	Energy Engineering (4 Years, Bachelor of Technology) 	HS 	OBC-NCL 	Gender-Neutral 	8711 	10531
National Institute of Technology Calicut	Energy Engineering (4 Years, Bachelor of Technology) 	HS 	OBC-NCL 	Female-only (including Supernumerary) 	12831 	12831
National Institute of Technology Calicut	Energy Engineering (4 Years, Bachelor of Technology) 	OS 	OBC-NCL 	Gender-Neutral 	6591 	8443
National Institute of Technology Calicut	Energy Engineering (4 Years, Bachelor of Technology) 	OS 	OBC-NCL 	Female-only (including Supernumerary) 	13691 	13691
National Institute of Technology Calicut	Engineering Physics (4 Years, Bachelor of Technology) 	HS 	OBC-NCL 	Gender-Neutral 	7751 	9048
National Institute of Technology Calicut	Engineering Physics (4 Years, Bachelor of Technology) 	HS 	OBC-NCL 	Female-only (including Supernumerary) 	8599 	8599
National Institute of Technology Calicut	Engineering Physics (4 Years, Bachelor of Technology) 	OS 	OBC-NCL 	Gender-Neutral 	5113 	6482
National Institute of Technology Calicut	Engineering Physics (4 Years, Bachelor of Technology) 	OS 	OBC-NCL 	Female-only (including Supernumerary) 	13244 	13244
National Institute of Technology Calicut	Materials Science and Engineering (4 Years, Bachelor of Technology) 	HS 	OBC-NCL 	Gender-Neutral 	10822 	11216
National Institute of Technology Calicut	Materials Science and Engineering (4 Years, Bachelor of Technology) 	HS 	OBC-NCL 	Female-only (including Supernumerary) 	13133 	13133
National Institute of Technology Calicut	Materials Science and Engineering (4 Years, Bachelor of Technology) 	OS 	OBC-NCL 	Gender-Neutral 	9795 	10104
National Institute of Technology Calicut	Materials Science and Engineering (4 Years, Bachelor of Technology) 	OS 	OBC-NCL 	Female-only (including Supernumerary) 	16243 	16243
National Institute of Technology Calicut	Mechanical Engineering (4 Years, Bachelor of Technology) 	HS 	OBC-NCL 	Gender-Neutral 	5019 	6343
National Institute of Technology Calicut	Mechanical Engineering (4 Years, Bachelor of Technology) 	HS 	OBC-NCL 	Female-only (including Supernumerary) 	10583 	11658
National Institute of Technology Calicut	Mechanical Engineering (4 Years, Bachelor of Technology) 	OS 	OBC-NCL 	Gender-Neutral 	4468 	6330
National Institute of Technology Calicut	Mechanical Engineering (4 Years, Bachelor of Technology) 	OS 	OBC-NCL 	Female-only (including Supernumerary) 	9673 	12065
National Institute of Technology Calicut	Production Engineering (4 Years, Bachelor of Technology) 	HS 	OBC-NCL 	Gender-Neutral 	10400 	12068
National Institute of Technology Calicut	Production Engineering (4 Years, Bachelor of Technology) 	HS 	OBC-NCL 	Female-only (including Supernumerary) 	12586 	12586
National Institute of Technology Calicut	Production Engineering (4 Years, Bachelor of Technology) 	OS 	OBC-NCL 	Gender-Neutral 	9630 	10440
National Institute of Technology Calicut	Production Engineering (4 Years, Bachelor of Technology) 	OS 	OBC-NCL 	Female-only (including Supernumerary) 	14910 	16212
National Institute of Technology Delhi	Aerospace Engineering (4 Years, Bachelor of Technology) 	HS 	OBC-NCL 	Gender-Neutral 	7026 	10703
National Institute of Technology Delhi	Aerospace Engineering (4 Years, Bachelor of Technology) 	OS 	OBC-NCL 	Gender-Neutral 	3955 	4388
National Institute of Technology Delhi	Artificial Intelligence and Data Science (4 Years, Bachelor of Technology) 	HS 	OBC-NCL 	Gender-Neutral 	5553 	5998
National Institute of Technology Delhi	Artificial Intelligence and Data Science (4 Years, Bachelor of Technology) 	HS 	OBC-NCL 	Female-only (including Supernumerary) 	14443 	14443
National Institute of Technology Delhi	Artificial Intelligence and Data Science (4 Years, Bachelor of Technology) 	OS 	OBC-NCL 	Gender-Neutral 	2220 	2371
National Institute of Technology Delhi	Artificial Intelligence and Data Science (4 Years, Bachelor of Technology) 	OS 	OBC-NCL 	Female-only (including Supernumerary) 	5997 	5997
National Institute of Technology Delhi	Civil Engineering (4 Years, Bachelor of Technology) 	HS 	OBC-NCL 	Gender-Neutral 	12281 	14175
National Institute of Technology Delhi	Civil Engineering (4 Years, Bachelor of Technology) 	HS 	OBC-NCL 	Female-only (including Supernumerary) 	25036 	25036
National Institute of Technology Delhi	Civil Engineering (4 Years, Bachelor of Technology) 	OS 	OBC-NCL 	Gender-Neutral 	7402 	8056
National Institute of Technology Delhi	Computer Science and Engineering (4 Years, Bachelor of Technology) 	HS 	OBC-NCL 	Gender-Neutral 	2272 	5458
National Institute of Technology Delhi	Computer Science and Engineering (4 Years, Bachelor of Technology) 	HS 	OBC-NCL 	Female-only (including Supernumerary) 	6699 	9726
National Institute of Technology Delhi	Computer Science and Engineering (4 Years, Bachelor of Technology) 	OS 	OBC-NCL 	Gender-Neutral 	2511 	2903
National Institute of Technology Delhi	Computer Science and Engineering (4 Years, Bachelor of Technology) 	OS 	OBC-NCL 	Female-only (including Supernumerary) 	3739 	4822
National Institute of Technology Delhi	Electrical Engineering (4 Years, Bachelor of Technology) 	HS 	OBC-NCL 	Gender-Neutral 	7674 	9825
National Institute of Technology Delhi	Electrical Engineering (4 Years, Bachelor of Technology) 	HS 	OBC-NCL 	Female-only (including Supernumerary) 	21447 	21489
National Institute of Technology Delhi	Electrical Engineering (4 Years, Bachelor of Technology) 	OS 	OBC-NCL 	Gender-Neutral 	4674 	5314
National Institute of Technology Delhi	Electrical Engineering (4 Years, Bachelor of Technology) 	OS 	OBC-NCL 	Female-only (including Supernumerary) 	11230 	11230
National Institute of Technology Delhi	Electronics and Communication Engineering (4 Years, Bachelor of Technology) 	HS 	OBC-NCL 	Gender-Neutral 	5795 	7450
National Institute of Technology Delhi	Electronics and Communication Engineering (4 Years, Bachelor of Technology) 	HS 	OBC-NCL 	Female-only (including Supernumerary) 	10637 	19260
National Institute of Technology Delhi	Electronics and Communication Engineering (4 Years, Bachelor of Technology) 	OS 	OBC-NCL 	Gender-Neutral 	3668 	4020
National Institute of Technology Delhi	Mechanical Engineering (4 Years, Bachelor of Technology) 	HS 	OBC-NCL 	Gender-Neutral 	10988 	11444
National Institute of Technology Delhi	Mechanical Engineering (4 Years, Bachelor of Technology) 	HS 	OBC-NCL 	Female-only (including Supernumerary) 	22499 	22499
National Institute of Technology Delhi	Mechanical Engineering (4 Years, Bachelor of Technology) 	OS 	OBC-NCL 	Gender-Neutral 	6095 	6857
National Institute of Technology Delhi	Mechanical Engineering (4 Years, Bachelor of Technology) 	OS 	OBC-NCL 	Female-only (including Supernumerary) 	11918 	13994
National Institute of Technology Delhi	VLSI Design and Technology (4 Years, Bachelor of Technology) 	HS 	OBC-NCL 	Gender-Neutral 	8560 	8655
National Institute of Technology Delhi	VLSI Design and Technology (4 Years, Bachelor of Technology) 	HS 	OBC-NCL 	Female-only (including Supernumerary) 	19609 	19609
National Institute of Technology Delhi	VLSI Design and Technology (4 Years, Bachelor of Technology) 	OS 	OBC-NCL 	Gender-Neutral 	5082 	5189
National Institute of Technology Durgapur	B.Tech in Mathematics and Computing (4 Years, Bachelor of Technology) 	HS 	OBC-NCL 	Gender-Neutral 	7745 	14137
National Institute of Technology Durgapur	B.Tech in Mathematics and Computing (4 Years, Bachelor of Technology) 	HS 	OBC-NCL 	Female-only (including Supernumerary) 	12922 	19337
National Institute of Technology Durgapur	B.Tech in Mathematics and Computing (4 Years, Bachelor of Technology) 	OS 	OBC-NCL 	Gender-Neutral 	2976 	4052
National Institute of Technology Durgapur	B.Tech in Mathematics and Computing (4 Years, Bachelor of Technology) 	OS 	OBC-NCL 	Female-only (including Supernumerary) 	8962 	9593
National Institute of Technology Durgapur	Bio Technology (4 Years, Bachelor of Technology) 	HS 	OBC-NCL 	Gender-Neutral 	29666 	32550
National Institute of Technology Durgapur	Bio Technology (4 Years, Bachelor of Technology) 	HS 	OBC-NCL 	Female-only (including Supernumerary) 	34937 	36636
National Institute of Technology Durgapur	Bio Technology (4 Years, Bachelor of Technology) 	OS 	OBC-NCL 	Gender-Neutral 	13439 	15168
National Institute of Technology Durgapur	Bio Technology (4 Years, Bachelor of Technology) 	OS 	OBC-NCL 	Female-only (including Supernumerary) 	18619 	20903
National Institute of Technology Durgapur	Biotechnology (5 Years, Bachelor and Master of Technology (Dual Degree)) 	HS 	OBC-NCL 	Gender-Neutral 	27842 	27842
National Institute of Technology Durgapur	Chemical Engineering (4 Years, Bachelor of Technology) 	HS 	OBC-NCL 	Gender-Neutral 	22289 	24735
National Institute of Technology Durgapur	Chemical Engineering (4 Years, Bachelor of Technology) 	HS 	OBC-NCL 	Female-only (including Supernumerary) 	24204 	30708
National Institute of Technology Durgapur	Chemical Engineering (4 Years, Bachelor of Technology) 	OS 	OBC-NCL 	Gender-Neutral 	9386 	10814
National Institute of Technology Durgapur	Chemical Engineering (4 Years, Bachelor of Technology) 	OS 	OBC-NCL 	Female-only (including Supernumerary) 	15392 	16182
National Institute of Technology Durgapur	Chemical Engineering (5 Years, Bachelor and Master of Technology (Dual Degree)) 	HS 	OBC-NCL 	Gender-Neutral 	25607 	25607
National Institute of Technology Durgapur	Chemical Engineering (5 Years, Bachelor and Master of Technology (Dual Degree)) 	OS 	OBC-NCL 	Gender-Neutral 	11558 	11558
National Institute of Technology Durgapur	Chemistry (5 Years, Integrated Master of Science) 	HS 	OBC-NCL 	Gender-Neutral 	32404 	32881
National Institute of Technology Durgapur	Chemistry (5 Years, Integrated Master of Science) 	OS 	OBC-NCL 	Gender-Neutral 	14652 	16294
National Institute of Technology Durgapur	Chemistry (5 Years, Integrated Master of Science) 	OS 	OBC-NCL 	Female-only (including Supernumerary) 	20927 	20927
National Institute of Technology Durgapur	Civil Engineering (4 Years, Bachelor of Technology) 	HS 	OBC-NCL 	Gender-Neutral 	22230 	29144
National Institute of Technology Durgapur	Civil Engineering (4 Years, Bachelor of Technology) 	HS 	OBC-NCL 	Female-only (including Supernumerary) 	28096 	36065
National Institute of Technology Durgapur	Civil Engineering (4 Years, Bachelor of Technology) 	OS 	OBC-NCL 	Gender-Neutral 	11354 	12040
National Institute of Technology Durgapur	Civil Engineering (4 Years, Bachelor of Technology) 	OS 	OBC-NCL 	Female-only (including Supernumerary) 	15502 	19121
National Institute of Technology Durgapur	Computer Science and Engineering (4 Years, Bachelor of Technology) 	HS 	OBC-NCL 	Gender-Neutral 	2922 	6671
National Institute of Technology Durgapur	Computer Science and Engineering (4 Years, Bachelor of Technology) 	HS 	OBC-NCL 	Female-only (including Supernumerary) 	10551 	14371
National Institute of Technology Durgapur	Computer Science and Engineering (4 Years, Bachelor of Technology) 	OS 	OBC-NCL 	Gender-Neutral 	1970 	3017
National Institute of Technology Durgapur	Computer Science and Engineering (4 Years, Bachelor of Technology) 	OS 	OBC-NCL 	Female-only (including Supernumerary) 	5494 	6516
National Institute of Technology Durgapur	Electrical Engineering (4 Years, Bachelor of Technology) 	HS 	OBC-NCL 	Gender-Neutral 	12768 	15258
National Institute of Technology Durgapur	Electrical Engineering (4 Years, Bachelor of Technology) 	HS 	OBC-NCL 	Female-only (including Supernumerary) 	20961 	26056
National Institute of Technology Durgapur	Electrical Engineering (4 Years, Bachelor of Technology) 	OS 	OBC-NCL 	Gender-Neutral 	4836 	5719
National Institute of Technology Durgapur	Electrical Engineering (4 Years, Bachelor of Technology) 	OS 	OBC-NCL 	Female-only (including Supernumerary) 	9803 	10294
National Institute of Technology Durgapur	Electronics and Communication Engineering (4 Years, Bachelor of Technology) 	HS 	OBC-NCL 	Gender-Neutral 	7624 	12452
National Institute of Technology Durgapur	Electronics and Communication Engineering (4 Years, Bachelor of Technology) 	HS 	OBC-NCL 	Female-only (including Supernumerary) 	15002 	19153
National Institute of Technology Durgapur	Electronics and Communication Engineering (4 Years, Bachelor of Technology) 	OS 	OBC-NCL 	Gender-Neutral 	3156 	4589
National Institute of Technology Durgapur	Electronics and Communication Engineering (4 Years, Bachelor of Technology) 	OS 	OBC-NCL 	Female-only (including Supernumerary) 	6965 	8166
National Institute of Technology Durgapur	Mechanical Engineering (4 Years, Bachelor of Technology) 	HS 	OBC-NCL 	Gender-Neutral 	15691 	22099
National Institute of Technology Durgapur	Mechanical Engineering (4 Years, Bachelor of Technology) 	HS 	OBC-NCL 	Female-only (including Supernumerary) 	26782 	33183
National Institute of Technology Durgapur	Mechanical Engineering (4 Years, Bachelor of Technology) 	OS 	OBC-NCL 	Gender-Neutral 	7089 	8832
National Institute of Technology Durgapur	Mechanical Engineering (4 Years, Bachelor of Technology) 	OS 	OBC-NCL 	Female-only (including Supernumerary) 	16976 	18218
National Institute of Technology Durgapur	Metallurgical and Materials Engineering (4 Years, Bachelor of Technology) 	HS 	OBC-NCL 	Gender-Neutral 	24560 	28775
National Institute of Technology Durgapur	Metallurgical and Materials Engineering (4 Years, Bachelor of Technology) 	HS 	OBC-NCL 	Female-only (including Supernumerary) 	34910 	34910
National Institute of Technology Durgapur	Metallurgical and Materials Engineering (4 Years, Bachelor of Technology) 	OS 	OBC-NCL 	Gender-Neutral 	12813 	14589
National Institute of Technology Durgapur	Metallurgical and Materials Engineering (4 Years, Bachelor of Technology) 	OS 	OBC-NCL 	Female-only (including Supernumerary) 	20422 	20422
National Institute of Technology Goa	Civil Engineering (4 Years, Bachelor of Technology) 	GO 	OBC-NCL 	Gender-Neutral 	74228 	126648
National Institute of Technology Goa	Civil Engineering (4 Years, Bachelor of Technology) 	GO 	OBC-NCL 	Female-only (including Supernumerary) 	157803 	157803
National Institute of Technology Goa	Civil Engineering (4 Years, Bachelor of Technology) 	HS 	OBC-NCL 	Gender-Neutral 	34891 	34891
National Institute of Technology Goa	Civil Engineering (4 Years, Bachelor of Technology) 	OS 	OBC-NCL 	Gender-Neutral 	13024 	14363
National Institute of Technology Goa	Civil Engineering (4 Years, Bachelor of Technology) 	OS 	OBC-NCL 	Female-only (including Supernumerary) 	18170 	18170
National Institute of Technology Goa	Computer Science and Engineering (4 Years, Bachelor of Technology) 	GO 	OBC-NCL 	Gender-Neutral 	10509 	56604
National Institute of Technology Goa	Computer Science and Engineering (4 Years, Bachelor of Technology) 	GO 	OBC-NCL 	Female-only (including Supernumerary) 	33807 	33807
National Institute of Technology Goa	Computer Science and Engineering (4 Years, Bachelor of Technology) 	HS 	OBC-NCL 	Gender-Neutral 	12567 	12567
National Institute of Technology Goa	Computer Science and Engineering (4 Years, Bachelor of Technology) 	OS 	OBC-NCL 	Gender-Neutral 	3085 	4489
National Institute of Technology Goa	Computer Science and Engineering (4 Years, Bachelor of Technology) 	OS 	OBC-NCL 	Female-only (including Supernumerary) 	8120 	8120
National Institute of Technology Goa	Electrical and Electronics Engineering (4 Years, Bachelor of Technology) 	GO 	OBC-NCL 	Gender-Neutral 	88752 	127143
National Institute of Technology Goa	Electrical and Electronics Engineering (4 Years, Bachelor of Technology) 	GO 	OBC-NCL 	Female-only (including Supernumerary) 	101156 	101156
National Institute of Technology Goa	Electrical and Electronics Engineering (4 Years, Bachelor of Technology) 	HS 	OBC-NCL 	Gender-Neutral 	27441 	27441
National Institute of Technology Goa	Electrical and Electronics Engineering (4 Years, Bachelor of Technology) 	OS 	OBC-NCL 	Gender-Neutral 	6438 	8048
National Institute of Technology Goa	Electrical and Electronics Engineering (4 Years, Bachelor of Technology) 	OS 	OBC-NCL 	Female-only (including Supernumerary) 	11519 	12560
National Institute of Technology Goa	Electronics and Communication Engineering (4 Years, Bachelor of Technology) 	GO 	OBC-NCL 	Gender-Neutral 	66862 	94815
National Institute of Technology Goa	Electronics and Communication Engineering (4 Years, Bachelor of Technology) 	HS 	OBC-NCL 	Gender-Neutral 	20787 	20787
National Institute of Technology Goa	Electronics and Communication Engineering (4 Years, Bachelor of Technology) 	OS 	OBC-NCL 	Gender-Neutral 	5218 	5958
National Institute of Technology Goa	Electronics and Communication Engineering (4 Years, Bachelor of Technology) 	OS 	OBC-NCL 	Female-only (including Supernumerary) 	9834 	9834
National Institute of Technology Goa	Mechanical Engineering (4 Years, Bachelor of Technology) 	GO 	OBC-NCL 	Gender-Neutral 	102058 	183792
National Institute of Technology Goa	Mechanical Engineering (4 Years, Bachelor of Technology) 	GO 	OBC-NCL 	Female-only (including Supernumerary) 	94870 	94870
National Institute of Technology Goa	Mechanical Engineering (4 Years, Bachelor of Technology) 	HS 	OBC-NCL 	Female-only (including Supernumerary) 	43297 	43297
National Institute of Technology Goa	Mechanical Engineering (4 Years, Bachelor of Technology) 	OS 	OBC-NCL 	Gender-Neutral 	8754 	10106
National Institute of Technology Goa	Mechanical Engineering (4 Years, Bachelor of Technology) 	OS 	OBC-NCL 	Female-only (including Supernumerary) 	17602 	17602
National Institute of Technology Hamirpur	Architecture (5 Years, Bachelor of Architecture) 	HS 	OBC-NCL 	Gender-Neutral 	2384 	19098
National Institute of Technology Hamirpur	Architecture (5 Years, Bachelor of Architecture) 	HS 	OBC-NCL 	Female-only (including Supernumerary) 	16069 	17486
National Institute of Technology Hamirpur	Architecture (5 Years, Bachelor of Architecture) 	OS 	OBC-NCL 	Gender-Neutral 	512 	584
National Institute of Technology Hamirpur	Architecture (5 Years, Bachelor of Architecture) 	OS 	OBC-NCL 	Female-only (including Supernumerary) 	511 	511
National Institute of Technology Hamirpur	Chemical Engineering (4 Years, Bachelor of Technology) 	HS 	OBC-NCL 	Gender-Neutral 	78983 	111763
National Institute of Technology Hamirpur	Chemical Engineering (4 Years, Bachelor of Technology) 	HS 	OBC-NCL 	Female-only (including Supernumerary) 	161753 	208658
National Institute of Technology Hamirpur	Chemical Engineering (4 Years, Bachelor of Technology) 	OS 	OBC-NCL 	Gender-Neutral 	11734 	12276
National Institute of Technology Hamirpur	Chemical Engineering (4 Years, Bachelor of Technology) 	OS 	OBC-NCL 	Female-only (including Supernumerary) 	15292 	18956
National Institute of Technology Hamirpur	Civil Engineering (4 Years, Bachelor of Technology) 	HS 	OBC-NCL 	Gender-Neutral 	71652 	143740
National Institute of Technology Hamirpur	Civil Engineering (4 Years, Bachelor of Technology) 	HS 	OBC-NCL 	Female-only (including Supernumerary) 	141529 	171453
National Institute of Technology Hamirpur	Civil Engineering (4 Years, Bachelor of Technology) 	OS 	OBC-NCL 	Gender-Neutral 	12708 	14276
National Institute of Technology Hamirpur	Civil Engineering (4 Years, Bachelor of Technology) 	OS 	OBC-NCL 	Female-only (including Supernumerary) 	20034 	21462
National Institute of Technology Hamirpur	Computer Science and Engineering (4 Years, Bachelor of Technology) 	HS 	OBC-NCL 	Gender-Neutral 	10492 	29030
National Institute of Technology Hamirpur	Computer Science and Engineering (4 Years, Bachelor of Technology) 	HS 	OBC-NCL 	Female-only (including Supernumerary) 	11531 	32905
National Institute of Technology Hamirpur	Computer Science and Engineering (4 Years, Bachelor of Technology) 	OS 	OBC-NCL 	Gender-Neutral 	3005 	4039
National Institute of Technology Hamirpur	Computer Science and Engineering (4 Years, Bachelor of Technology) 	OS 	OBC-NCL 	Female-only (including Supernumerary) 	8083 	9028
National Institute of Technology Hamirpur	Computer Science and Engineering (5 Years, Bachelor and Master of Technology (Dual Degree)) 	HS 	OBC-NCL 	Gender-Neutral 	14429 	31081
National Institute of Technology Hamirpur	Computer Science and Engineering (5 Years, Bachelor and Master of Technology (Dual Degree)) 	HS 	OBC-NCL 	Female-only (including Supernumerary) 	47848 	57596
National Institute of Technology Hamirpur	Computer Science and Engineering (5 Years, Bachelor and Master of Technology (Dual Degree)) 	OS 	OBC-NCL 	Gender-Neutral 	4203 	4302
National Institute of Technology Hamirpur	Computer Science and Engineering (5 Years, Bachelor and Master of Technology (Dual Degree)) 	OS 	OBC-NCL 	Female-only (including Supernumerary) 	8779 	8779
National Institute of Technology Hamirpur	Electrical Engineering (4 Years, Bachelor of Technology) 	HS 	OBC-NCL 	Gender-Neutral 	38963 	74456
National Institute of Technology Hamirpur	Electrical Engineering (4 Years, Bachelor of Technology) 	HS 	OBC-NCL 	Female-only (including Supernumerary) 	83660 	147378
National Institute of Technology Hamirpur	Electrical Engineering (4 Years, Bachelor of Technology) 	OS 	OBC-NCL 	Gender-Neutral 	6743 	8472
National Institute of Technology Hamirpur	Electrical Engineering (4 Years, Bachelor of Technology) 	OS 	OBC-NCL 	Female-only (including Supernumerary) 	13304 	14990
National Institute of Technology Hamirpur	Electronics and Communication Engineering (4 Years, Bachelor of Technology) 	HS 	OBC-NCL 	Gender-Neutral 	36550 	49875
National Institute of Technology Hamirpur	Electronics and Communication Engineering (4 Years, Bachelor of Technology) 	HS 	OBC-NCL 	Female-only (including Supernumerary) 	57741 	84780
National Institute of Technology Hamirpur	Electronics and Communication Engineering (4 Years, Bachelor of Technology) 	OS 	OBC-NCL 	Gender-Neutral 	4729 	6355
National Institute of Technology Hamirpur	Electronics and Communication Engineering (4 Years, Bachelor of Technology) 	OS 	OBC-NCL 	Female-only (including Supernumerary) 	11737 	12987
National Institute of Technology Hamirpur	Electronics and Communication Engineering (5 Years, Bachelor and Master of Technology (Dual Degree)) 	HS 	OBC-NCL 	Gender-Neutral 	54736 	59757
National Institute of Technology Hamirpur	Electronics and Communication Engineering (5 Years, Bachelor and Master of Technology (Dual Degree)) 	HS 	OBC-NCL 	Female-only (including Supernumerary) 	122105 	122105
National Institute of Technology Hamirpur	Electronics and Communication Engineering (5 Years, Bachelor and Master of Technology (Dual Degree)) 	OS 	OBC-NCL 	Gender-Neutral 	5582 	6405
National Institute of Technology Hamirpur	Electronics and Communication Engineering (5 Years, Bachelor and Master of Technology (Dual Degree)) 	OS 	OBC-NCL 	Female-only (including Supernumerary) 	14384 	14825
National Institute of Technology Hamirpur	Engineering Physics (4 Years, Bachelor of Technology) 	HS 	OBC-NCL 	Gender-Neutral 	103286 	137883
National Institute of Technology Hamirpur	Engineering Physics (4 Years, Bachelor of Technology) 	HS 	OBC-NCL 	Female-only (including Supernumerary) 	141711 	141711
National Institute of Technology Hamirpur	Engineering Physics (4 Years, Bachelor of Technology) 	OS 	OBC-NCL 	Gender-Neutral 	10285 	12982
National Institute of Technology Hamirpur	Engineering Physics (4 Years, Bachelor of Technology) 	OS 	OBC-NCL 	Female-only (including Supernumerary) 	19143 	19902
National Institute of Technology Hamirpur	Materials Science and Engineering (4 Years, Bachelor of Technology) 	HS 	OBC-NCL 	Gender-Neutral 	134891 	146850
National Institute of Technology Hamirpur	Materials Science and Engineering (4 Years, Bachelor of Technology) 	HS 	OBC-NCL 	Female-only (including Supernumerary) 	145028 	145028
National Institute of Technology Hamirpur	Materials Science and Engineering (4 Years, Bachelor of Technology) 	OS 	OBC-NCL 	Gender-Neutral 	13751 	14751
National Institute of Technology Hamirpur	Materials Science and Engineering (4 Years, Bachelor of Technology) 	OS 	OBC-NCL 	Female-only (including Supernumerary) 	19700 	19700
National Institute of Technology Hamirpur	Mathematics and Computing (4 Years, Bachelor of Technology) 	HS 	OBC-NCL 	Gender-Neutral 	32009 	40895
National Institute of Technology Hamirpur	Mathematics and Computing (4 Years, Bachelor of Technology) 	HS 	OBC-NCL 	Female-only (including Supernumerary) 	86994 	106610
National Institute of Technology Hamirpur	Mathematics and Computing (4 Years, Bachelor of Technology) 	OS 	OBC-NCL 	Gender-Neutral 	4363 	5307
National Institute of Technology Hamirpur	Mathematics and Computing (4 Years, Bachelor of Technology) 	OS 	OBC-NCL 	Female-only (including Supernumerary) 	10617 	10617
National Institute of Technology Hamirpur	Mechanical Engineering (4 Years, Bachelor of Technology) 	HS 	OBC-NCL 	Gender-Neutral 	24435 	97791
National Institute of Technology Hamirpur	Mechanical Engineering (4 Years, Bachelor of Technology) 	HS 	OBC-NCL 	Female-only (including Supernumerary) 	101498 	240423
National Institute of Technology Hamirpur	Mechanical Engineering (4 Years, Bachelor of Technology) 	OS 	OBC-NCL 	Gender-Neutral 	9440 	10706
National Institute of Technology Hamirpur	Mechanical Engineering (4 Years, Bachelor of Technology) 	OS 	OBC-NCL 	Female-only (including Supernumerary) 	15846 	18922
National Institute of Technology Karnataka, Surathkal	Artificial Intelligence (4 Years, Bachelor of Technology) 	HS 	OBC-NCL 	Gender-Neutral 	1301 	2350
National Institute of Technology Karnataka, Surathkal	Artificial Intelligence (4 Years, Bachelor of Technology) 	HS 	OBC-NCL 	Female-only (including Supernumerary) 	4693 	4693
National Institute of Technology Karnataka, Surathkal	Artificial Intelligence (4 Years, Bachelor of Technology) 	OS 	OBC-NCL 	Gender-Neutral 	625 	927
National Institute of Technology Karnataka, Surathkal	Artificial Intelligence (4 Years, Bachelor of Technology) 	OS 	OBC-NCL 	Female-only (including Supernumerary) 	1792 	1792
National Institute of Technology Karnataka, Surathkal	Chemical Engineering (4 Years, Bachelor of Technology) 	HS 	OBC-NCL 	Gender-Neutral 	6846 	8111
National Institute of Technology Karnataka, Surathkal	Chemical Engineering (4 Years, Bachelor of Technology) 	HS 	OBC-NCL 	Female-only (including Supernumerary) 	10898 	14957
National Institute of Technology Karnataka, Surathkal	Chemical Engineering (4 Years, Bachelor of Technology) 	OS 	OBC-NCL 	Gender-Neutral 	4164 	5416
National Institute of Technology Karnataka, Surathkal	Chemical Engineering (4 Years, Bachelor of Technology) 	OS 	OBC-NCL 	Female-only (including Supernumerary) 	8556 	9791
National Institute of Technology Karnataka, Surathkal	Civil Engineering (4 Years, Bachelor of Technology) 	HS 	OBC-NCL 	Gender-Neutral 	6861 	10287
National Institute of Technology Karnataka, Surathkal	Civil Engineering (4 Years, Bachelor of Technology) 	HS 	OBC-NCL 	Female-only (including Supernumerary) 	13197 	15737
National Institute of Technology Karnataka, Surathkal	Civil Engineering (4 Years, Bachelor of Technology) 	OS 	OBC-NCL 	Gender-Neutral 	5623 	7363
National Institute of Technology Karnataka, Surathkal	Civil Engineering (4 Years, Bachelor of Technology) 	OS 	OBC-NCL 	Female-only (including Supernumerary) 	11687 	13140
National Institute of Technology Karnataka, Surathkal	Computational and Data Science (4 Years, Bachelor of Technology) 	HS 	OBC-NCL 	Gender-Neutral 	3454 	3627
National Institute of Technology Karnataka, Surathkal	Computational and Data Science (4 Years, Bachelor of Technology) 	HS 	OBC-NCL 	Female-only (including Supernumerary) 	7041 	7041
National Institute of Technology Karnataka, Surathkal	Computational and Data Science (4 Years, Bachelor of Technology) 	OS 	OBC-NCL 	Gender-Neutral 	1341 	1452
National Institute of Technology Karnataka, Surathkal	Computational and Data Science (4 Years, Bachelor of Technology) 	OS 	OBC-NCL 	Female-only (including Supernumerary) 	2459 	2459
National Institute of Technology Karnataka, Surathkal	Computer Science and Engineering (4 Years, Bachelor of Technology) 	HS 	OBC-NCL 	Gender-Neutral 	638 	1934
National Institute of Technology Karnataka, Surathkal	Computer Science and Engineering (4 Years, Bachelor of Technology) 	HS 	OBC-NCL 	Female-only (including Supernumerary) 	1783 	3457
National Institute of Technology Karnataka, Surathkal	Computer Science and Engineering (4 Years, Bachelor of Technology) 	OS 	OBC-NCL 	Gender-Neutral 	342 	568
National Institute of Technology Karnataka, Surathkal	Computer Science and Engineering (4 Years, Bachelor of Technology) 	OS 	OBC-NCL 	Female-only (including Supernumerary) 	1486 	1723
National Institute of Technology Karnataka, Surathkal	Electrical and Electronics Engineering (4 Years, Bachelor of Technology) 	HS 	OBC-NCL 	Gender-Neutral 	3749 	4557
National Institute of Technology Karnataka, Surathkal	Electrical and Electronics Engineering (4 Years, Bachelor of Technology) 	HS 	OBC-NCL 	Female-only (including Supernumerary) 	6139 	7884
National Institute of Technology Karnataka, Surathkal	Electrical and Electronics Engineering (4 Years, Bachelor of Technology) 	OS 	OBC-NCL 	Gender-Neutral 	2122 	2444
National Institute of Technology Karnataka, Surathkal	Electrical and Electronics Engineering (4 Years, Bachelor of Technology) 	OS 	OBC-NCL 	Female-only (including Supernumerary) 	5068 	5773
National Institute of Technology Karnataka, Surathkal	Electronics and Communication Engineering (4 Years, Bachelor of Technology) 	HS 	OBC-NCL 	Gender-Neutral 	2491 	3794
National Institute of Technology Karnataka, Surathkal	Electronics and Communication Engineering (4 Years, Bachelor of Technology) 	HS 	OBC-NCL 	Female-only (including Supernumerary) 	3831 	5742
National Institute of Technology Karnataka, Surathkal	Electronics and Communication Engineering (4 Years, Bachelor of Technology) 	OS 	OBC-NCL 	Gender-Neutral 	1240 	1772
National Institute of Technology Karnataka, Surathkal	Electronics and Communication Engineering (4 Years, Bachelor of Technology) 	OS 	OBC-NCL 	Female-only (including Supernumerary) 	3275 	3589
National Institute of Technology Karnataka, Surathkal	Information Technology (4 Years, Bachelor of Technology) 	HS 	OBC-NCL 	Gender-Neutral 	2545 	3286
National Institute of Technology Karnataka, Surathkal	Information Technology (4 Years, Bachelor of Technology) 	HS 	OBC-NCL 	Female-only (including Supernumerary) 	5078 	5786
National Institute of Technology Karnataka, Surathkal	Information Technology (4 Years, Bachelor of Technology) 	OS 	OBC-NCL 	Gender-Neutral 	735 	1198
National Institute of Technology Karnataka, Surathkal	Information Technology (4 Years, Bachelor of Technology) 	OS 	OBC-NCL 	Female-only (including Supernumerary) 	2367 	2950
National Institute of Technology Karnataka, Surathkal	Mechanical Engineering (4 Years, Bachelor of Technology) 	HS 	OBC-NCL 	Gender-Neutral 	4664 	6786
National Institute of Technology Karnataka, Surathkal	Mechanical Engineering (4 Years, Bachelor of Technology) 	HS 	OBC-NCL 	Female-only (including Supernumerary) 	10088 	13849
National Institute of Technology Karnataka, Surathkal	Mechanical Engineering (4 Years, Bachelor of Technology) 	OS 	OBC-NCL 	Gender-Neutral 	3305 	4441
National Institute of Technology Karnataka, Surathkal	Mechanical Engineering (4 Years, Bachelor of Technology) 	OS 	OBC-NCL 	Female-only (including Supernumerary) 	8278 	9529
National Institute of Technology Karnataka, Surathkal	Metallurgical and Materials Engineering (4 Years, Bachelor of Technology) 	HS 	OBC-NCL 	Gender-Neutral 	11103 	14368
National Institute of Technology Karnataka, Surathkal	Metallurgical and Materials Engineering (4 Years, Bachelor of Technology) 	HS 	OBC-NCL 	Female-only (including Supernumerary) 	16382 	16382
National Institute of Technology Karnataka, Surathkal	Metallurgical and Materials Engineering (4 Years, Bachelor of Technology) 	OS 	OBC-NCL 	Gender-Neutral 	7993 	8272
National Institute of Technology Karnataka, Surathkal	Metallurgical and Materials Engineering (4 Years, Bachelor of Technology) 	OS 	OBC-NCL 	Female-only (including Supernumerary) 	10704 	11779
National Institute of Technology Karnataka, Surathkal	Mining Engineering (4 Years, Bachelor of Technology) 	HS 	OBC-NCL 	Gender-Neutral 	10666 	16125
National Institute of Technology Karnataka, Surathkal	Mining Engineering (4 Years, Bachelor of Technology) 	HS 	OBC-NCL 	Female-only (including Supernumerary) 	17301 	17301
National Institute of Technology Karnataka, Surathkal	Mining Engineering (4 Years, Bachelor of Technology) 	OS 	OBC-NCL 	Gender-Neutral 	7768 	9552
National Institute of Technology Karnataka, Surathkal	Mining Engineering (4 Years, Bachelor of Technology) 	OS 	OBC-NCL 	Female-only (including Supernumerary) 	14389 	14389
National Institute of Technology Meghalaya	Civil Engineering (4 Years, Bachelor of Technology) 	OS 	OBC-NCL 	Gender-Neutral 	15606 	16061
National Institute of Technology Meghalaya	Civil Engineering (4 Years, Bachelor of Technology) 	OS 	OBC-NCL 	Female-only (including Supernumerary) 	23870 	23870
National Institute of Technology Meghalaya	Computer Science and Engineering (4 Years, Bachelor of Technology) 	OS 	OBC-NCL 	Gender-Neutral 	6111 	6921
National Institute of Technology Meghalaya	Computer Science and Engineering (4 Years, Bachelor of Technology) 	OS 	OBC-NCL 	Female-only (including Supernumerary) 	10781 	10781
National Institute of Technology Meghalaya	Electrical and Electronics Engineering (4 Years, Bachelor of Technology) 	OS 	OBC-NCL 	Gender-Neutral 	10859 	12571
National Institute of Technology Meghalaya	Electrical and Electronics Engineering (4 Years, Bachelor of Technology) 	OS 	OBC-NCL 	Female-only (including Supernumerary) 	20885 	20885
National Institute of Technology Meghalaya	Electronics and Communication Engineering (4 Years, Bachelor of Technology) 	OS 	OBC-NCL 	Gender-Neutral 	9155 	9594
National Institute of Technology Meghalaya	Electronics and Communication Engineering (4 Years, Bachelor of Technology) 	OS 	OBC-NCL 	Female-only (including Supernumerary) 	18885 	18885
National Institute of Technology Meghalaya	Mechanical Engineering (4 Years, Bachelor of Technology) 	OS 	OBC-NCL 	Gender-Neutral 	13075 	14433
National Institute of Technology Meghalaya	Mechanical Engineering (4 Years, Bachelor of Technology) 	OS 	OBC-NCL 	Female-only (including Supernumerary) 	21724 	21724
National Institute of Technology Nagaland	Civil Engineering (4 Years, Bachelor of Technology) 	OS 	OBC-NCL 	Gender-Neutral 	17258 	17754
National Institute of Technology Nagaland	Civil Engineering (4 Years, Bachelor of Technology) 	OS 	OBC-NCL 	Female-only (including Supernumerary) 	24256 	24256
National Institute of Technology Nagaland	Computer Science and Engineering (4 Years, Bachelor of Technology) 	OS 	OBC-NCL 	Gender-Neutral 	10144 	11395
National Institute of Technology Nagaland	Computer Science and Engineering (4 Years, Bachelor of Technology) 	OS 	OBC-NCL 	Female-only (including Supernumerary) 	15455 	15455
National Institute of Technology Nagaland	Electrical and Electronics Engineering (4 Years, Bachelor of Technology) 	OS 	OBC-NCL 	Gender-Neutral 	14187 	15226
National Institute of Technology Nagaland	Electrical and Electronics Engineering (4 Years, Bachelor of Technology) 	OS 	OBC-NCL 	Female-only (including Supernumerary) 	21636 	21636
National Institute of Technology Nagaland	Electronics and Communication Engineering (4 Years, Bachelor of Technology) 	OS 	OBC-NCL 	Gender-Neutral 	12564 	12893
National Institute of Technology Nagaland	Electronics and Communication Engineering (4 Years, Bachelor of Technology) 	OS 	OBC-NCL 	Female-only (including Supernumerary) 	20379 	20379
National Institute of Technology Nagaland	Electronics and Instrumentation Engineering (4 Years, Bachelor of Technology) 	OS 	OBC-NCL 	Gender-Neutral 	14474 	15096
National Institute of Technology Nagaland	Electronics and Instrumentation Engineering (4 Years, Bachelor of Technology) 	OS 	OBC-NCL 	Female-only (including Supernumerary) 	20758 	20758
National Institute of Technology Nagaland	Mechanical Engineering (4 Years, Bachelor of Technology) 	OS 	OBC-NCL 	Gender-Neutral 	15849 	16337
National Institute of Technology Nagaland	Mechanical Engineering (4 Years, Bachelor of Technology) 	OS 	OBC-NCL 	Female-only (including Supernumerary) 	24398 	24398
National Institute of Technology Patna	Architecture (5 Years, Bachelor of Architecture) 	HS 	OBC-NCL 	Gender-Neutral 	1177 	1415
National Institute of Technology Patna	Architecture (5 Years, Bachelor of Architecture) 	HS 	OBC-NCL 	Female-only (including Supernumerary) 	1240 	1240
National Institute of Technology Patna	Architecture (5 Years, Bachelor of Architecture) 	OS 	OBC-NCL 	Gender-Neutral 	527 	538
National Institute of Technology Patna	Architecture (5 Years, Bachelor of Architecture) 	OS 	OBC-NCL 	Female-only (including Supernumerary) 	517 	517
National Institute of Technology Patna	Artificial Intelligence and Data Science (4 Years, Bachelor of Technology) 	HS 	OBC-NCL 	Gender-Neutral 	5438 	6403
National Institute of Technology Patna	Artificial Intelligence and Data Science (4 Years, Bachelor of Technology) 	HS 	OBC-NCL 	Female-only (including Supernumerary) 	10941 	11334
National Institute of Technology Patna	Artificial Intelligence and Data Science (4 Years, Bachelor of Technology) 	OS 	OBC-NCL 	Gender-Neutral 	4767 	5653
National Institute of Technology Patna	Artificial Intelligence and Data Science (4 Years, Bachelor of Technology) 	OS 	OBC-NCL 	Female-only (including Supernumerary) 	10807 	10860
National Institute of Technology Patna	Chemical Technology (5 Years, Bachelor and Master of Technology (Dual Degree)) 	HS 	OBC-NCL 	Gender-Neutral 	15284 	15284
National Institute of Technology Patna	Chemical Technology (5 Years, Bachelor and Master of Technology (Dual Degree)) 	OS 	OBC-NCL 	Gender-Neutral 	13923 	13923
National Institute of Technology Patna	Civil Engineering (4 Years, Bachelor of Technology) 	HS 	OBC-NCL 	Gender-Neutral 	13524 	14626
National Institute of Technology Patna	Civil Engineering (4 Years, Bachelor of Technology) 	HS 	OBC-NCL 	Female-only (including Supernumerary) 	21981 	22503
National Institute of Technology Patna	Civil Engineering (4 Years, Bachelor of Technology) 	OS 	OBC-NCL 	Gender-Neutral 	12996 	14563
National Institute of Technology Patna	Civil Engineering (4 Years, Bachelor of Technology) 	OS 	OBC-NCL 	Female-only (including Supernumerary) 	18705 	20293
National Institute of Technology Patna	Civil Engineering with Specialization in Construction Technology and Management (5 Years, Bachelor and Master of Technology (Dual Degree)) 	HS 	OBC-NCL 	Gender-Neutral 	14056 	14056
National Institute of Technology Patna	Civil Engineering with Specialization in Construction Technology and Management (5 Years, Bachelor and Master of Technology (Dual Degree)) 	OS 	OBC-NCL 	Gender-Neutral 	14683 	14683
National Institute of Technology Patna	Computer Science and Engineering (4 Years, Bachelor of Technology) 	HS 	OBC-NCL 	Gender-Neutral 	4079 	4916
National Institute of Technology Patna	Computer Science and Engineering (4 Years, Bachelor of Technology) 	HS 	OBC-NCL 	Female-only (including Supernumerary) 	8038 	9173
National Institute of Technology Patna	Computer Science and Engineering (4 Years, Bachelor of Technology) 	OS 	OBC-NCL 	Gender-Neutral 	3492 	4574
National Institute of Technology Patna	Computer Science and Engineering (4 Years, Bachelor of Technology) 	OS 	OBC-NCL 	Female-only (including Supernumerary) 	8975 	10236
National Institute of Technology Patna	Computer Science and Engineering with Specialization in Cyber Security (5 Years, Bachelor and Master of Technology (Dual Degree)) 	HS 	OBC-NCL 	Gender-Neutral 	6321 	6654
National Institute of Technology Patna	Computer Science and Engineering with Specialization in Cyber Security (5 Years, Bachelor and Master of Technology (Dual Degree)) 	HS 	OBC-NCL 	Female-only (including Supernumerary) 	11981 	11981
National Institute of Technology Patna	Computer Science and Engineering with Specialization in Cyber Security (5 Years, Bachelor and Master of Technology (Dual Degree)) 	OS 	OBC-NCL 	Gender-Neutral 	4148 	5080
National Institute of Technology Patna	Computer Science and Engineering with Specialization in Cyber Security (5 Years, Bachelor and Master of Technology (Dual Degree)) 	OS 	OBC-NCL 	Female-only (including Supernumerary) 	11896 	11896
National Institute of Technology Patna	Computer Science and Engineering with Specialization in Data Science (5 Years, Bachelor and Master of Technology (Dual Degree)) 	HS 	OBC-NCL 	Gender-Neutral 	5844 	6302
National Institute of Technology Patna	Computer Science and Engineering with Specialization in Data Science (5 Years, Bachelor and Master of Technology (Dual Degree)) 	OS 	OBC-NCL 	Gender-Neutral 	5204 	5614
National Institute of Technology Patna	Electrical Engineering (4 Years, Bachelor of Technology) 	HS 	OBC-NCL 	Gender-Neutral 	8442 	9301
National Institute of Technology Patna	Electrical Engineering (4 Years, Bachelor of Technology) 	HS 	OBC-NCL 	Female-only (including Supernumerary) 	14448 	14724
National Institute of Technology Patna	Electrical Engineering (4 Years, Bachelor of Technology) 	OS 	OBC-NCL 	Gender-Neutral 	6573 	8246
National Institute of Technology Patna	Electrical Engineering (4 Years, Bachelor of Technology) 	OS 	OBC-NCL 	Female-only (including Supernumerary) 	14020 	14816
National Institute of Technology Patna	Electrical Engineering with Specialization In Power System Engineering (5 Years, Bachelor and Master of Technology (Dual Degree)) 	HS 	OBC-NCL 	Gender-Neutral 	9944 	10177
National Institute of Technology Patna	Electrical Engineering with Specialization In Power System Engineering (5 Years, Bachelor and Master of Technology (Dual Degree)) 	OS 	OBC-NCL 	Gender-Neutral 	8295 	8653
National Institute of Technology Patna	Electrical Engineering with Specialization In Power System Engineering (5 Years, Bachelor and Master of Technology (Dual Degree)) 	OS 	OBC-NCL 	Female-only (including Supernumerary) 	15473 	15473
National Institute of Technology Patna	Electronics and Communication Engineering (4 Years, Bachelor of Technology) 	HS 	OBC-NCL 	Gender-Neutral 	6611 	7266
National Institute of Technology Patna	Electronics and Communication Engineering (4 Years, Bachelor of Technology) 	HS 	OBC-NCL 	Female-only (including Supernumerary) 	11095 	14387
National Institute of Technology Patna	Electronics and Communication Engineering (4 Years, Bachelor of Technology) 	OS 	OBC-NCL 	Gender-Neutral 	5254 	6484
National Institute of Technology Patna	Electronics and Communication Engineering (4 Years, Bachelor of Technology) 	OS 	OBC-NCL 	Female-only (including Supernumerary) 	12755 	13387
National Institute of Technology Patna	Electronics and Communication Engineering with Specialization in Microelectronics and VLSI System Design (5 Years, Bachelor and Master of Technology (Dual Degree)) 	HS 	OBC-NCL 	Gender-Neutral 	8461 	8527
National Institute of Technology Patna	Electronics and Communication Engineering with Specialization in Microelectronics and VLSI System Design (5 Years, Bachelor and Master of Technology (Dual Degree)) 	HS 	OBC-NCL 	Female-only (including Supernumerary) 	16613 	16613
National Institute of Technology Patna	Electronics and Communication Engineering with Specialization in Microelectronics and VLSI System Design (5 Years, Bachelor and Master of Technology (Dual Degree)) 	OS 	OBC-NCL 	Gender-Neutral 	6790 	6884
National Institute of Technology Patna	Electronics and Communication Engineering with Specialization in Microelectronics and VLSI System Design (5 Years, Bachelor and Master of Technology (Dual Degree)) 	OS 	OBC-NCL 	Female-only (including Supernumerary) 	13827 	13827
National Institute of Technology Patna	Electronics Engineering (VLSI Design and Technology) (4 Years, Bachelor of Technology) 	HS 	OBC-NCL 	Gender-Neutral 	8221 	8870
National Institute of Technology Patna	Electronics Engineering (VLSI Design and Technology) (4 Years, Bachelor of Technology) 	HS 	OBC-NCL 	Female-only (including Supernumerary) 	15058 	15167
National Institute of Technology Patna	Electronics Engineering (VLSI Design and Technology) (4 Years, Bachelor of Technology) 	OS 	OBC-NCL 	Gender-Neutral 	6498 	7614
National Institute of Technology Patna	Electronics Engineering (VLSI Design and Technology) (4 Years, Bachelor of Technology) 	OS 	OBC-NCL 	Female-only (including Supernumerary) 	14290 	14575
National Institute of Technology Patna	Material Science and Engineering (5 Years, Bachelor and Master of Technology (Dual Degree)) 	HS 	OBC-NCL 	Gender-Neutral 	15433 	15433
National Institute of Technology Patna	Material Science and Engineering (5 Years, Bachelor and Master of Technology (Dual Degree)) 	OS 	OBC-NCL 	Gender-Neutral 	13610 	13610
National Institute of Technology Patna	Mathematics and Computing Technology (5 Years, Bachelor and Master of Technology (Dual Degree)) 	HS 	OBC-NCL 	Gender-Neutral 	7046 	7046
National Institute of Technology Patna	Mathematics and Computing Technology (5 Years, Bachelor and Master of Technology (Dual Degree)) 	OS 	OBC-NCL 	Gender-Neutral 	4774 	4774
National Institute of Technology Patna	Mechanical Engineering (4 Years, Bachelor of Technology) 	HS 	OBC-NCL 	Gender-Neutral 	10770 	11931
National Institute of Technology Patna	Mechanical Engineering (4 Years, Bachelor of Technology) 	HS 	OBC-NCL 	Female-only (including Supernumerary) 	19081 	20023
National Institute of Technology Patna	Mechanical Engineering (4 Years, Bachelor of Technology) 	OS 	OBC-NCL 	Gender-Neutral 	10071 	11269
National Institute of Technology Patna	Mechanical Engineering (4 Years, Bachelor of Technology) 	OS 	OBC-NCL 	Female-only (including Supernumerary) 	18489 	18868
National Institute of Technology Patna	Mechanical Engineering with Specialization in Manufacturing and Industrial Engineering (5 Years, Bachelor and Master of Technology (Dual Degree)) 	HS 	OBC-NCL 	Gender-Neutral 	13752 	13949
National Institute of Technology Patna	Mechanical Engineering with Specialization in Manufacturing and Industrial Engineering (5 Years, Bachelor and Master of Technology (Dual Degree)) 	HS 	OBC-NCL 	Female-only (including Supernumerary) 	21700 	21700
National Institute of Technology Patna	Mechanical Engineering with Specialization in Manufacturing and Industrial Engineering (5 Years, Bachelor and Master of Technology (Dual Degree)) 	OS 	OBC-NCL 	Gender-Neutral 	12158 	12286
National Institute of Technology Patna	Mechanical Engineering with Specialization in Manufacturing and Industrial Engineering (5 Years, Bachelor and Master of Technology (Dual Degree)) 	OS 	OBC-NCL 	Female-only (including Supernumerary) 	20072 	20072
National Institute of Technology Patna	Mechatronics and Automation Engineering (4 Years, Bachelor of Technology) 	HS 	OBC-NCL 	Gender-Neutral 	9715 	10283
National Institute of Technology Patna	Mechatronics and Automation Engineering (4 Years, Bachelor of Technology) 	HS 	OBC-NCL 	Female-only (including Supernumerary) 	19562 	19562
National Institute of Technology Patna	Mechatronics and Automation Engineering (4 Years, Bachelor of Technology) 	OS 	OBC-NCL 	Gender-Neutral 	7935 	8378
National Institute of Technology Patna	Mechatronics and Automation Engineering (4 Years, Bachelor of Technology) 	OS 	OBC-NCL 	Female-only (including Supernumerary) 	14915 	14915
National Institute of Technology Puducherry	Civil Engineering (4 Years, Bachelor of Technology) 	HS 	OBC-NCL 	Gender-Neutral 	70051 	75105
National Institute of Technology Puducherry	Civil Engineering (4 Years, Bachelor of Technology) 	OS 	OBC-NCL 	Gender-Neutral 	14414 	15677
National Institute of Technology Puducherry	Civil Engineering (4 Years, Bachelor of Technology) 	OS 	OBC-NCL 	Female-only (including Supernumerary) 	16619 	16619
National Institute of Technology Puducherry	Computer Science and Engineering (4 Years, Bachelor of Technology) 	HS 	OBC-NCL 	Gender-Neutral 	19205 	23526
National Institute of Technology Puducherry	Computer Science and Engineering (4 Years, Bachelor of Technology) 	HS 	OBC-NCL 	Female-only (including Supernumerary) 	28405 	28405
National Institute of Technology Puducherry	Computer Science and Engineering (4 Years, Bachelor of Technology) 	OS 	OBC-NCL 	Gender-Neutral 	5686 	6239
National Institute of Technology Puducherry	Computer Science and Engineering (4 Years, Bachelor of Technology) 	OS 	OBC-NCL 	Female-only (including Supernumerary) 	8776 	8947
National Institute of Technology Puducherry	Electrical and Electronics Engineering (4 Years, Bachelor of Technology) 	HS 	OBC-NCL 	Gender-Neutral 	36973 	42941
National Institute of Technology Puducherry	Electrical and Electronics Engineering (4 Years, Bachelor of Technology) 	HS 	OBC-NCL 	Female-only (including Supernumerary) 	36205 	36205
National Institute of Technology Puducherry	Electrical and Electronics Engineering (4 Years, Bachelor of Technology) 	OS 	OBC-NCL 	Gender-Neutral 	8587 	9997
National Institute of Technology Puducherry	Electrical and Electronics Engineering (4 Years, Bachelor of Technology) 	OS 	OBC-NCL 	Female-only (including Supernumerary) 	9970 	13454
National Institute of Technology Puducherry	Electronics and Communication Engineering (4 Years, Bachelor of Technology) 	HS 	OBC-NCL 	Gender-Neutral 	25127 	32882
National Institute of Technology Puducherry	Electronics and Communication Engineering (4 Years, Bachelor of Technology) 	HS 	OBC-NCL 	Female-only (including Supernumerary) 	30069 	31128
National Institute of Technology Puducherry	Electronics and Communication Engineering (4 Years, Bachelor of Technology) 	OS 	OBC-NCL 	Gender-Neutral 	6677 	7517
National Institute of Technology Puducherry	Electronics and Communication Engineering (4 Years, Bachelor of Technology) 	OS 	OBC-NCL 	Female-only (including Supernumerary) 	10152 	10152
National Institute of Technology Puducherry	Mechanical Engineering (4 Years, Bachelor of Technology) 	HS 	OBC-NCL 	Gender-Neutral 	53735 	66009
National Institute of Technology Puducherry	Mechanical Engineering (4 Years, Bachelor of Technology) 	HS 	OBC-NCL 	Female-only (including Supernumerary) 	57213 	57213
National Institute of Technology Puducherry	Mechanical Engineering (4 Years, Bachelor of Technology) 	OS 	OBC-NCL 	Gender-Neutral 	11277 	12541
National Institute of Technology Puducherry	Mechanical Engineering (4 Years, Bachelor of Technology) 	OS 	OBC-NCL 	Female-only (including Supernumerary) 	16201 	16309
National Institute of Technology Raipur	Architecture (5 Years, Bachelor of Architecture) 	HS 	OBC-NCL 	Gender-Neutral 	2425 	2836
National Institute of Technology Raipur	Architecture (5 Years, Bachelor of Architecture) 	HS 	OBC-NCL 	Female-only (including Supernumerary) 	1168 	1168
National Institute of Technology Raipur	Architecture (5 Years, Bachelor of Architecture) 	OS 	OBC-NCL 	Gender-Neutral 	485 	513
National Institute of Technology Raipur	Architecture (5 Years, Bachelor of Architecture) 	OS 	OBC-NCL 	Female-only (including Supernumerary) 	311 	311
National Institute of Technology Raipur	Bio Medical Engineering (4 Years, Bachelor of Technology) 	HS 	OBC-NCL 	Gender-Neutral 	36329 	38329
National Institute of Technology Raipur	Bio Medical Engineering (4 Years, Bachelor of Technology) 	HS 	OBC-NCL 	Female-only (including Supernumerary) 	38765 	40587
National Institute of Technology Raipur	Bio Medical Engineering (4 Years, Bachelor of Technology) 	OS 	OBC-NCL 	Gender-Neutral 	15667 	17337
National Institute of Technology Raipur	Bio Medical Engineering (4 Years, Bachelor of Technology) 	OS 	OBC-NCL 	Female-only (including Supernumerary) 	19839 	21804
National Institute of Technology Raipur	Bio Technology (4 Years, Bachelor of Technology) 	HS 	OBC-NCL 	Gender-Neutral 	34589 	37071
National Institute of Technology Raipur	Bio Technology (4 Years, Bachelor of Technology) 	HS 	OBC-NCL 	Female-only (including Supernumerary) 	36574 	38492
National Institute of Technology Raipur	Bio Technology (4 Years, Bachelor of Technology) 	OS 	OBC-NCL 	Gender-Neutral 	15541 	16943
National Institute of Technology Raipur	Bio Technology (4 Years, Bachelor of Technology) 	OS 	OBC-NCL 	Female-only (including Supernumerary) 	20825 	21273
National Institute of Technology Raipur	Chemical Engineering (4 Years, Bachelor of Technology) 	HS 	OBC-NCL 	Gender-Neutral 	20827 	23261
National Institute of Technology Raipur	Chemical Engineering (4 Years, Bachelor of Technology) 	HS 	OBC-NCL 	Female-only (including Supernumerary) 	24887 	27187
National Institute of Technology Raipur	Chemical Engineering (4 Years, Bachelor of Technology) 	OS 	OBC-NCL 	Gender-Neutral 	10915 	11669
National Institute of Technology Raipur	Chemical Engineering (4 Years, Bachelor of Technology) 	OS 	OBC-NCL 	Female-only (including Supernumerary) 	14418 	18360
National Institute of Technology Raipur	Civil Engineering (4 Years, Bachelor of Technology) 	HS 	OBC-NCL 	Gender-Neutral 	21647 	27617
National Institute of Technology Raipur	Civil Engineering (4 Years, Bachelor of Technology) 	HS 	OBC-NCL 	Female-only (including Supernumerary) 	28731 	30007
National Institute of Technology Raipur	Civil Engineering (4 Years, Bachelor of Technology) 	OS 	OBC-NCL 	Gender-Neutral 	12797 	14356
National Institute of Technology Raipur	Civil Engineering (4 Years, Bachelor of Technology) 	OS 	OBC-NCL 	Female-only (including Supernumerary) 	19602 	19620
National Institute of Technology Raipur	Computer Science and Engineering (4 Years, Bachelor of Technology) 	HS 	OBC-NCL 	Gender-Neutral 	5922 	10634
National Institute of Technology Raipur	Computer Science and Engineering (4 Years, Bachelor of Technology) 	HS 	OBC-NCL 	Female-only (including Supernumerary) 	8313 	14837
National Institute of Technology Raipur	Computer Science and Engineering (4 Years, Bachelor of Technology) 	OS 	OBC-NCL 	Gender-Neutral 	2911 	4100
National Institute of Technology Raipur	Computer Science and Engineering (4 Years, Bachelor of Technology) 	OS 	OBC-NCL 	Female-only (including Supernumerary) 	6855 	7181
National Institute of Technology Raipur	Electrical Engineering (4 Years, Bachelor of Technology) 	HS 	OBC-NCL 	Gender-Neutral 	15414 	17249
National Institute of Technology Raipur	Electrical Engineering (4 Years, Bachelor of Technology) 	HS 	OBC-NCL 	Female-only (including Supernumerary) 	22880 	24048
National Institute of Technology Raipur	Electrical Engineering (4 Years, Bachelor of Technology) 	OS 	OBC-NCL 	Gender-Neutral 	6601 	7956
National Institute of Technology Raipur	Electrical Engineering (4 Years, Bachelor of Technology) 	OS 	OBC-NCL 	Female-only (including Supernumerary) 	12157 	13935
National Institute of Technology Raipur	Electronics and Communication Engineering (4 Years, Bachelor of Technology) 	HS 	OBC-NCL 	Gender-Neutral 	12162 	14702
National Institute of Technology Raipur	Electronics and Communication Engineering (4 Years, Bachelor of Technology) 	HS 	OBC-NCL 	Female-only (including Supernumerary) 	21052 	21481
National Institute of Technology Raipur	Electronics and Communication Engineering (4 Years, Bachelor of Technology) 	OS 	OBC-NCL 	Gender-Neutral 	5363 	6314
National Institute of Technology Raipur	Electronics and Communication Engineering (4 Years, Bachelor of Technology) 	OS 	OBC-NCL 	Female-only (including Supernumerary) 	10487 	11606
National Institute of Technology Raipur	Information Technology (4 Years, Bachelor of Technology) 	HS 	OBC-NCL 	Gender-Neutral 	8454 	12018
National Institute of Technology Raipur	Information Technology (4 Years, Bachelor of Technology) 	HS 	OBC-NCL 	Female-only (including Supernumerary) 	15198 	21685
National Institute of Technology Raipur	Information Technology (4 Years, Bachelor of Technology) 	OS 	OBC-NCL 	Gender-Neutral 	4629 	5451
National Institute of Technology Raipur	Information Technology (4 Years, Bachelor of Technology) 	OS 	OBC-NCL 	Female-only (including Supernumerary) 	8747 	9740
National Institute of Technology Raipur	Mechanical Engineering (4 Years, Bachelor of Technology) 	HS 	OBC-NCL 	Gender-Neutral 	17265 	19319
National Institute of Technology Raipur	Mechanical Engineering (4 Years, Bachelor of Technology) 	HS 	OBC-NCL 	Female-only (including Supernumerary) 	25746 	26875
National Institute of Technology Raipur	Mechanical Engineering (4 Years, Bachelor of Technology) 	OS 	OBC-NCL 	Gender-Neutral 	9526 	10567
National Institute of Technology Raipur	Mechanical Engineering (4 Years, Bachelor of Technology) 	OS 	OBC-NCL 	Female-only (including Supernumerary) 	15397 	18292
National Institute of Technology Raipur	Metallurgical and Materials Engineering (4 Years, Bachelor of Technology) 	HS 	OBC-NCL 	Gender-Neutral 	26500 	31919
National Institute of Technology Raipur	Metallurgical and Materials Engineering (4 Years, Bachelor of Technology) 	HS 	OBC-NCL 	Female-only (including Supernumerary) 	29481 	33867
National Institute of Technology Raipur	Metallurgical and Materials Engineering (4 Years, Bachelor of Technology) 	OS 	OBC-NCL 	Gender-Neutral 	14869 	16467
National Institute of Technology Raipur	Metallurgical and Materials Engineering (4 Years, Bachelor of Technology) 	OS 	OBC-NCL 	Female-only (including Supernumerary) 	19947 	22196
National Institute of Technology Raipur	Mining Engineering (4 Years, Bachelor of Technology) 	HS 	OBC-NCL 	Gender-Neutral 	32424 	34541
National Institute of Technology Raipur	Mining Engineering (4 Years, Bachelor of Technology) 	HS 	OBC-NCL 	Female-only (including Supernumerary) 	34133 	39528
National Institute of Technology Raipur	Mining Engineering (4 Years, Bachelor of Technology) 	OS 	OBC-NCL 	Gender-Neutral 	14882 	16616
National Institute of Technology Raipur	Mining Engineering (4 Years, Bachelor of Technology) 	OS 	OBC-NCL 	Female-only (including Supernumerary) 	20264 	22723
National Institute of Technology Sikkim	Artificial Intelligence and Machine Learning (4 Years, Bachelor of Technology) 	HS 	OBC-NCL 	Gender-Neutral 	132548 	279864
National Institute of Technology Sikkim	Artificial Intelligence and Machine Learning (4 Years, Bachelor of Technology) 	HS 	OBC-NCL 	Female-only (including Supernumerary) 	298345 	298345
National Institute of Technology Sikkim	Artificial Intelligence and Machine Learning (4 Years, Bachelor of Technology) 	OS 	OBC-NCL 	Gender-Neutral 	8651 	8828
National Institute of Technology Sikkim	Artificial Intelligence and Machine Learning (4 Years, Bachelor of Technology) 	OS 	OBC-NCL 	Female-only (including Supernumerary) 	16428 	16428
National Institute of Technology Sikkim	Civil Engineering (4 Years, Bachelor of Technology) 	HS 	OBC-NCL 	Gender-Neutral 	476722 	542586
National Institute of Technology Sikkim	Civil Engineering (4 Years, Bachelor of Technology) 	OS 	OBC-NCL 	Gender-Neutral 	16062 	16460
National Institute of Technology Sikkim	Civil Engineering (4 Years, Bachelor of Technology) 	OS 	OBC-NCL 	Female-only (including Supernumerary) 	23770 	23770
National Institute of Technology Sikkim	Computer Science and Engineering (4 Years, Bachelor of Technology) 	HS 	OBC-NCL 	Gender-Neutral 	62865 	129104
National Institute of Technology Sikkim	Computer Science and Engineering (4 Years, Bachelor of Technology) 	HS 	OBC-NCL 	Female-only (including Supernumerary) 	94632 	94632
National Institute of Technology Sikkim	Computer Science and Engineering (4 Years, Bachelor of Technology) 	OS 	OBC-NCL 	Gender-Neutral 	7697 	8680
National Institute of Technology Sikkim	Computer Science and Engineering (4 Years, Bachelor of Technology) 	OS 	OBC-NCL 	Female-only (including Supernumerary) 	16397 	16397
National Institute of Technology Sikkim	Electrical and Electronics Engineering (4 Years, Bachelor of Technology) 	HS 	OBC-NCL 	Gender-Neutral 	299776 	396093
National Institute of Technology Sikkim	Electrical and Electronics Engineering (4 Years, Bachelor of Technology) 	OS 	OBC-NCL 	Gender-Neutral 	11452 	11933
National Institute of Technology Sikkim	Electrical and Electronics Engineering (4 Years, Bachelor of Technology) 	OS 	OBC-NCL 	Female-only (including Supernumerary) 	19146 	19146
National Institute of Technology Sikkim	Electronics and Communication Engineering (4 Years, Bachelor of Technology) 	HS 	OBC-NCL 	Gender-Neutral 	160004 	344903
National Institute of Technology Sikkim	Electronics and Communication Engineering (4 Years, Bachelor of Technology) 	HS 	OBC-NCL 	Female-only (including Supernumerary) 	303584 	303584
National Institute of Technology Sikkim	Electronics and Communication Engineering (4 Years, Bachelor of Technology) 	OS 	OBC-NCL 	Gender-Neutral 	10298 	10505
National Institute of Technology Sikkim	Electronics and Communication Engineering (4 Years, Bachelor of Technology) 	OS 	OBC-NCL 	Female-only (including Supernumerary) 	18335 	18335
National Institute of Technology Sikkim	Mechanical Engineering (4 Years, Bachelor of Technology) 	HS 	OBC-NCL 	Gender-Neutral 	443508 	460472
National Institute of Technology Sikkim	Mechanical Engineering (4 Years, Bachelor of Technology) 	OS 	OBC-NCL 	Gender-Neutral 	13137 	14195
National Institute of Technology Sikkim	Mechanical Engineering (4 Years, Bachelor of Technology) 	OS 	OBC-NCL 	Female-only (including Supernumerary) 	22589 	22589
National Institute of Technology Arunachal Pradesh 	Biosciences and Bioengineering (4 Years, Bachelor of Technology) 	HS 	OBC-NCL 	Gender-Neutral 	156599 	156599
National Institute of Technology Arunachal Pradesh 	Biosciences and Bioengineering (4 Years, Bachelor of Technology) 	OS 	OBC-NCL 	Gender-Neutral 	17875 	17875
National Institute of Technology Arunachal Pradesh 	Biosciences and Bioengineering (4 Years, Bachelor of Technology) 	OS 	OBC-NCL 	Female-only (including Supernumerary) 	24549 	24549
National Institute of Technology Arunachal Pradesh 	Civil Engineering (4 Years, Bachelor of Technology) 	HS 	OBC-NCL 	Gender-Neutral 	121430 	121430
National Institute of Technology Arunachal Pradesh 	Civil Engineering (4 Years, Bachelor of Technology) 	OS 	OBC-NCL 	Gender-Neutral 	16290 	17047
National Institute of Technology Arunachal Pradesh 	Civil Engineering (4 Years, Bachelor of Technology) 	OS 	OBC-NCL 	Female-only (including Supernumerary) 	23685 	24380
National Institute of Technology Arunachal Pradesh 	Computer Science and Engineering (4 Years, Bachelor of Technology) 	HS 	OBC-NCL 	Gender-Neutral 	35124 	35124
National Institute of Technology Arunachal Pradesh 	Computer Science and Engineering (4 Years, Bachelor of Technology) 	OS 	OBC-NCL 	Gender-Neutral 	8328 	9880
National Institute of Technology Arunachal Pradesh 	Computer Science and Engineering (4 Years, Bachelor of Technology) 	OS 	OBC-NCL 	Female-only (including Supernumerary) 	15369 	17870
National Institute of Technology Arunachal Pradesh 	Electrical Engineering (4 Years, Bachelor of Technology) 	HS 	OBC-NCL 	Gender-Neutral 	68145 	68145
National Institute of Technology Arunachal Pradesh 	Electrical Engineering (4 Years, Bachelor of Technology) 	OS 	OBC-NCL 	Gender-Neutral 	12849 	13681
National Institute of Technology Arunachal Pradesh 	Electrical Engineering (4 Years, Bachelor of Technology) 	OS 	OBC-NCL 	Female-only (including Supernumerary) 	20925 	20925
National Institute of Technology Arunachal Pradesh 	Electronics and Communication Engineering (4 Years, Bachelor of Technology) 	HS 	OBC-NCL 	Gender-Neutral 	37684 	37684
National Institute of Technology Arunachal Pradesh 	Electronics and Communication Engineering (4 Years, Bachelor of Technology) 	OS 	OBC-NCL 	Gender-Neutral 	11492 	11889
National Institute of Technology Arunachal Pradesh 	Electronics and Communication Engineering (4 Years, Bachelor of Technology) 	OS 	OBC-NCL 	Female-only (including Supernumerary) 	19949 	19949
National Institute of Technology Arunachal Pradesh 	Mechanical Engineering (4 Years, Bachelor of Technology) 	HS 	OBC-NCL 	Gender-Neutral 	66207 	66207
National Institute of Technology Arunachal Pradesh 	Mechanical Engineering (4 Years, Bachelor of Technology) 	OS 	OBC-NCL 	Gender-Neutral 	14453 	15519
National Institute of Technology Arunachal Pradesh 	Mechanical Engineering (4 Years, Bachelor of Technology) 	OS 	OBC-NCL 	Female-only (including Supernumerary) 	23023 	23023
National Institute of Technology, Jamshedpur	Civil Engineering (4 Years, Bachelor of Technology) 	HS 	OBC-NCL 	Gender-Neutral 	13658 	15879
National Institute of Technology, Jamshedpur	Civil Engineering (4 Years, Bachelor of Technology) 	HS 	OBC-NCL 	Female-only (including Supernumerary) 	24050 	24779
National Institute of Technology, Jamshedpur	Civil Engineering (4 Years, Bachelor of Technology) 	OS 	OBC-NCL 	Gender-Neutral 	11628 	12473
National Institute of Technology, Jamshedpur	Civil Engineering (4 Years, Bachelor of Technology) 	OS 	OBC-NCL 	Female-only (including Supernumerary) 	19626 	20092
National Institute of Technology, Jamshedpur	Computer Science and Engineering (4 Years, Bachelor of Technology) 	HS 	OBC-NCL 	Gender-Neutral 	2621 	4247
National Institute of Technology, Jamshedpur	Computer Science and Engineering (4 Years, Bachelor of Technology) 	HS 	OBC-NCL 	Female-only (including Supernumerary) 	7823 	8264
National Institute of Technology, Jamshedpur	Computer Science and Engineering (4 Years, Bachelor of Technology) 	OS 	OBC-NCL 	Gender-Neutral 	2086 	2905
National Institute of Technology, Jamshedpur	Computer Science and Engineering (4 Years, Bachelor of Technology) 	OS 	OBC-NCL 	Female-only (including Supernumerary) 	5497 	6298
National Institute of Technology, Jamshedpur	Electrical Engineering (4 Years, Bachelor of Technology) 	HS 	OBC-NCL 	Gender-Neutral 	5827 	7737
National Institute of Technology, Jamshedpur	Electrical Engineering (4 Years, Bachelor of Technology) 	HS 	OBC-NCL 	Female-only (including Supernumerary) 	11873 	13271
National Institute of Technology, Jamshedpur	Electrical Engineering (4 Years, Bachelor of Technology) 	OS 	OBC-NCL 	Gender-Neutral 	4876 	5986
National Institute of Technology, Jamshedpur	Electrical Engineering (4 Years, Bachelor of Technology) 	OS 	OBC-NCL 	Female-only (including Supernumerary) 	12471 	13320
National Institute of Technology, Jamshedpur	Electronics and Communication Engineering (4 Years, Bachelor of Technology) 	HS 	OBC-NCL 	Gender-Neutral 	4345 	4888
National Institute of Technology, Jamshedpur	Electronics and Communication Engineering (4 Years, Bachelor of Technology) 	HS 	OBC-NCL 	Female-only (including Supernumerary) 	9604 	9837
National Institute of Technology, Jamshedpur	Electronics and Communication Engineering (4 Years, Bachelor of Technology) 	OS 	OBC-NCL 	Gender-Neutral 	3389 	4608
National Institute of Technology, Jamshedpur	Electronics and Communication Engineering (4 Years, Bachelor of Technology) 	OS 	OBC-NCL 	Female-only (including Supernumerary) 	7601 	10328
National Institute of Technology, Jamshedpur	Engineering and Computational Mechanics (4 Years, Bachelor of Technology) 	HS 	OBC-NCL 	Gender-Neutral 	8022 	8422
National Institute of Technology, Jamshedpur	Engineering and Computational Mechanics (4 Years, Bachelor of Technology) 	HS 	OBC-NCL 	Female-only (including Supernumerary) 	16074 	16074
National Institute of Technology, Jamshedpur	Engineering and Computational Mechanics (4 Years, Bachelor of Technology) 	OS 	OBC-NCL 	Gender-Neutral 	5779 	5842
National Institute of Technology, Jamshedpur	Engineering and Computational Mechanics (4 Years, Bachelor of Technology) 	OS 	OBC-NCL 	Female-only (including Supernumerary) 	12961 	12961
National Institute of Technology, Jamshedpur	Mechanical Engineering (4 Years, Bachelor of Technology) 	HS 	OBC-NCL 	Gender-Neutral 	9151 	11241
National Institute of Technology, Jamshedpur	Mechanical Engineering (4 Years, Bachelor of Technology) 	HS 	OBC-NCL 	Female-only (including Supernumerary) 	18179 	18716
National Institute of Technology, Jamshedpur	Mechanical Engineering (4 Years, Bachelor of Technology) 	OS 	OBC-NCL 	Gender-Neutral 	7524 	8988
National Institute of Technology, Jamshedpur	Mechanical Engineering (4 Years, Bachelor of Technology) 	OS 	OBC-NCL 	Female-only (including Supernumerary) 	16527 	18232
National Institute of Technology, Jamshedpur	Metallurgical and Materials Engineering (4 Years, Bachelor of Technology) 	HS 	OBC-NCL 	Gender-Neutral 	14209 	16246
National Institute of Technology, Jamshedpur	Metallurgical and Materials Engineering (4 Years, Bachelor of Technology) 	HS 	OBC-NCL 	Female-only (including Supernumerary) 	22549 	23691
National Institute of Technology, Jamshedpur	Metallurgical and Materials Engineering (4 Years, Bachelor of Technology) 	OS 	OBC-NCL 	Gender-Neutral 	12118 	14037
National Institute of Technology, Jamshedpur	Metallurgical and Materials Engineering (4 Years, Bachelor of Technology) 	OS 	OBC-NCL 	Female-only (including Supernumerary) 	19975 	21506
National Institute of Technology, Jamshedpur	Production and Industrial Engineering (4 Years, Bachelor of Technology) 	HS 	OBC-NCL 	Gender-Neutral 	16877 	17491
National Institute of Technology, Jamshedpur	Production and Industrial Engineering (4 Years, Bachelor of Technology) 	HS 	OBC-NCL 	Female-only (including Supernumerary) 	25274 	25648
National Institute of Technology, Jamshedpur	Production and Industrial Engineering (4 Years, Bachelor of Technology) 	OS 	OBC-NCL 	Gender-Neutral 	12681 	13558
National Institute of Technology, Jamshedpur	Production and Industrial Engineering (4 Years, Bachelor of Technology) 	OS 	OBC-NCL 	Female-only (including Supernumerary) 	19664 	20456
National Institute of Technology, Kurukshetra	Architecture (5 Years, Bachelor of Architecture) 	HS 	OBC-NCL 	Gender-Neutral 	660 	1533
National Institute of Technology, Kurukshetra	Architecture (5 Years, Bachelor of Architecture) 	HS 	OBC-NCL 	Female-only (including Supernumerary) 	567 	567
National Institute of Technology, Kurukshetra	Architecture (5 Years, Bachelor of Architecture) 	OS 	OBC-NCL 	Gender-Neutral 	411 	515
National Institute of Technology, Kurukshetra	Architecture (5 Years, Bachelor of Architecture) 	OS 	OBC-NCL 	Female-only (including Supernumerary) 	502 	502
National Institute of Technology, Kurukshetra	Artificial Intelligence and Data Science (4 Years, Bachelor of Technology) 	HS 	OBC-NCL 	Gender-Neutral 	2960 	4628
National Institute of Technology, Kurukshetra	Artificial Intelligence and Data Science (4 Years, Bachelor of Technology) 	HS 	OBC-NCL 	Female-only (including Supernumerary) 	10752 	11250
National Institute of Technology, Kurukshetra	Artificial Intelligence and Data Science (4 Years, Bachelor of Technology) 	OS 	OBC-NCL 	Gender-Neutral 	2780 	3187
National Institute of Technology, Kurukshetra	Artificial Intelligence and Data Science (4 Years, Bachelor of Technology) 	OS 	OBC-NCL 	Female-only (including Supernumerary) 	6400 	6400
National Institute of Technology, Kurukshetra	Artificial Intelligence and Machine Learning (4 Years, Bachelor of Technology) 	HS 	OBC-NCL 	Gender-Neutral 	3062 	4614
National Institute of Technology, Kurukshetra	Artificial Intelligence and Machine Learning (4 Years, Bachelor of Technology) 	HS 	OBC-NCL 	Female-only (including Supernumerary) 	11678 	13236
National Institute of Technology, Kurukshetra	Artificial Intelligence and Machine Learning (4 Years, Bachelor of Technology) 	OS 	OBC-NCL 	Gender-Neutral 	2630 	3196
National Institute of Technology, Kurukshetra	Artificial Intelligence and Machine Learning (4 Years, Bachelor of Technology) 	OS 	OBC-NCL 	Female-only (including Supernumerary) 	6261 	6949
National Institute of Technology, Kurukshetra	Civil Engineering (4 Years, Bachelor of Technology) 	HS 	OBC-NCL 	Gender-Neutral 	11490 	14031
National Institute of Technology, Kurukshetra	Civil Engineering (4 Years, Bachelor of Technology) 	HS 	OBC-NCL 	Female-only (including Supernumerary) 	16464 	21224
National Institute of Technology, Kurukshetra	Civil Engineering (4 Years, Bachelor of Technology) 	OS 	OBC-NCL 	Gender-Neutral 	9704 	10605
National Institute of Technology, Kurukshetra	Civil Engineering (4 Years, Bachelor of Technology) 	OS 	OBC-NCL 	Female-only (including Supernumerary) 	17344 	19214
National Institute of Technology, Kurukshetra	Civil Engineering (5 Years, Bachelor and Master of Technology (Dual Degree)) 	HS 	OBC-NCL 	Gender-Neutral 	15885 	15885
National Institute of Technology, Kurukshetra	Civil Engineering (5 Years, Bachelor and Master of Technology (Dual Degree)) 	OS 	OBC-NCL 	Gender-Neutral 	12435 	12924
National Institute of Technology, Kurukshetra	Computer Science and Engineering (4 Years, Bachelor of Technology) 	HS 	OBC-NCL 	Gender-Neutral 	2171 	2982
National Institute of Technology, Kurukshetra	Computer Science and Engineering (4 Years, Bachelor of Technology) 	HS 	OBC-NCL 	Female-only (including Supernumerary) 	4333 	6549
National Institute of Technology, Kurukshetra	Computer Science and Engineering (4 Years, Bachelor of Technology) 	OS 	OBC-NCL 	Gender-Neutral 	1752 	2532
National Institute of Technology, Kurukshetra	Computer Science and Engineering (4 Years, Bachelor of Technology) 	OS 	OBC-NCL 	Female-only (including Supernumerary) 	4017 	4563
National Institute of Technology, Kurukshetra	Computer Science and Engineering (5 Years, Bachelor and Master of Technology (Dual Degree)) 	HS 	OBC-NCL 	Gender-Neutral 	5503 	5503
National Institute of Technology, Kurukshetra	Computer Science and Engineering (5 Years, Bachelor and Master of Technology (Dual Degree)) 	HS 	OBC-NCL 	Female-only (including Supernumerary) 	12511 	12511
National Institute of Technology, Kurukshetra	Computer Science and Engineering (5 Years, Bachelor and Master of Technology (Dual Degree)) 	OS 	OBC-NCL 	Gender-Neutral 	2092 	2092
National Institute of Technology, Kurukshetra	Electrical Engineering (4 Years, Bachelor of Technology) 	HS 	OBC-NCL 	Gender-Neutral 	6469 	7952
National Institute of Technology, Kurukshetra	Electrical Engineering (4 Years, Bachelor of Technology) 	HS 	OBC-NCL 	Female-only (including Supernumerary) 	14266 	17040
National Institute of Technology, Kurukshetra	Electrical Engineering (4 Years, Bachelor of Technology) 	OS 	OBC-NCL 	Gender-Neutral 	4851 	5680
National Institute of Technology, Kurukshetra	Electrical Engineering (4 Years, Bachelor of Technology) 	OS 	OBC-NCL 	Female-only (including Supernumerary) 	10671 	12112
National Institute of Technology, Kurukshetra	Electrical Engineering (5 Years, Bachelor and Master of Technology (Dual Degree)) 	HS 	OBC-NCL 	Gender-Neutral 	8532 	8532
National Institute of Technology, Kurukshetra	Electrical Engineering (5 Years, Bachelor and Master of Technology (Dual Degree)) 	OS 	OBC-NCL 	Gender-Neutral 	5740 	6048
National Institute of Technology, Kurukshetra	Electronics and Communication Engineering (4 Years, Bachelor of Technology) 	HS 	OBC-NCL 	Gender-Neutral 	5312 	6423
National Institute of Technology, Kurukshetra	Electronics and Communication Engineering (4 Years, Bachelor of Technology) 	HS 	OBC-NCL 	Female-only (including Supernumerary) 	12549 	14113
National Institute of Technology, Kurukshetra	Electronics and Communication Engineering (4 Years, Bachelor of Technology) 	OS 	OBC-NCL 	Gender-Neutral 	3519 	4429
National Institute of Technology, Kurukshetra	Electronics and Communication Engineering (4 Years, Bachelor of Technology) 	OS 	OBC-NCL 	Female-only (including Supernumerary) 	6474 	8054
National Institute of Technology, Kurukshetra	Electronics and Communication Engineering (5 Years, Bachelor and Master of Technology (Dual Degree)) 	HS 	OBC-NCL 	Gender-Neutral 	6762 	6762
National Institute of Technology, Kurukshetra	Electronics and Communication Engineering (5 Years, Bachelor and Master of Technology (Dual Degree)) 	OS 	OBC-NCL 	Gender-Neutral 	4459 	4802
National Institute of Technology, Kurukshetra	Industrial Internet of Things (4 Years, Bachelor of Technology) 	HS 	OBC-NCL 	Gender-Neutral 	8016 	10341
National Institute of Technology, Kurukshetra	Industrial Internet of Things (4 Years, Bachelor of Technology) 	HS 	OBC-NCL 	Female-only (including Supernumerary) 	16124 	16124
National Institute of Technology, Kurukshetra	Industrial Internet of Things (4 Years, Bachelor of Technology) 	OS 	OBC-NCL 	Gender-Neutral 	4732 	6412
National Institute of Technology, Kurukshetra	Industrial Internet of Things (4 Years, Bachelor of Technology) 	OS 	OBC-NCL 	Female-only (including Supernumerary) 	11317 	11317
National Institute of Technology, Kurukshetra	Information Technology (4 Years, Bachelor of Technology) 	HS 	OBC-NCL 	Gender-Neutral 	3113 	4208
National Institute of Technology, Kurukshetra	Information Technology (4 Years, Bachelor of Technology) 	HS 	OBC-NCL 	Female-only (including Supernumerary) 	6724 	9430
National Institute of Technology, Kurukshetra	Information Technology (4 Years, Bachelor of Technology) 	OS 	OBC-NCL 	Gender-Neutral 	2534 	2823
National Institute of Technology, Kurukshetra	Information Technology (4 Years, Bachelor of Technology) 	OS 	OBC-NCL 	Female-only (including Supernumerary) 	7102 	7102
National Institute of Technology, Kurukshetra	Mathematics and Computing (4 Years, Bachelor of Technology) 	HS 	OBC-NCL 	Gender-Neutral 	5067 	5650
National Institute of Technology, Kurukshetra	Mathematics and Computing (4 Years, Bachelor of Technology) 	HS 	OBC-NCL 	Female-only (including Supernumerary) 	9181 	9181
National Institute of Technology, Kurukshetra	Mathematics and Computing (4 Years, Bachelor of Technology) 	OS 	OBC-NCL 	Gender-Neutral 	3157 	3628
National Institute of Technology, Kurukshetra	Mathematics and Computing (4 Years, Bachelor of Technology) 	OS 	OBC-NCL 	Female-only (including Supernumerary) 	5974 	5974
National Institute of Technology, Kurukshetra	Mechanical Engineering (4 Years, Bachelor of Technology) 	HS 	OBC-NCL 	Gender-Neutral 	8575 	11139
National Institute of Technology, Kurukshetra	Mechanical Engineering (4 Years, Bachelor of Technology) 	HS 	OBC-NCL 	Female-only (including Supernumerary) 	17259 	18278
National Institute of Technology, Kurukshetra	Mechanical Engineering (4 Years, Bachelor of Technology) 	OS 	OBC-NCL 	Gender-Neutral 	7286 	8103
National Institute of Technology, Kurukshetra	Mechanical Engineering (4 Years, Bachelor of Technology) 	OS 	OBC-NCL 	Female-only (including Supernumerary) 	13429 	16610
National Institute of Technology, Kurukshetra	Mechanical Engineering (5 Years, Bachelor and Master of Technology (Dual Degree)) 	HS 	OBC-NCL 	Gender-Neutral 	12144 	12144
National Institute of Technology, Kurukshetra	Mechanical Engineering (5 Years, Bachelor and Master of Technology (Dual Degree)) 	OS 	OBC-NCL 	Gender-Neutral 	8521 	8848
National Institute of Technology, Kurukshetra	Microelectronics & VLSI Engineering (4 Years, Bachelor of Technology) 	HS 	OBC-NCL 	Gender-Neutral 	6810 	9991
National Institute of Technology, Kurukshetra	Microelectronics & VLSI Engineering (4 Years, Bachelor of Technology) 	HS 	OBC-NCL 	Female-only (including Supernumerary) 	17382 	17688
National Institute of Technology, Kurukshetra	Microelectronics & VLSI Engineering (4 Years, Bachelor of Technology) 	OS 	OBC-NCL 	Gender-Neutral 	4731 	5511
National Institute of Technology, Kurukshetra	Microelectronics & VLSI Engineering (4 Years, Bachelor of Technology) 	OS 	OBC-NCL 	Female-only (including Supernumerary) 	10385 	10385
National Institute of Technology, Kurukshetra	Production and Industrial Engineering (4 Years, Bachelor of Technology) 	HS 	OBC-NCL 	Gender-Neutral 	13706 	14899
National Institute of Technology, Kurukshetra	Production and Industrial Engineering (4 Years, Bachelor of Technology) 	HS 	OBC-NCL 	Female-only (including Supernumerary) 	21179 	21179
National Institute of Technology, Kurukshetra	Production and Industrial Engineering (4 Years, Bachelor of Technology) 	OS 	OBC-NCL 	Gender-Neutral 	12164 	12877
National Institute of Technology, Kurukshetra	Production and Industrial Engineering (4 Years, Bachelor of Technology) 	OS 	OBC-NCL 	Female-only (including Supernumerary) 	18940 	18940
National Institute of Technology, Kurukshetra	ROBOTICS & AUTOMATION (4 Years, Bachelor of Technology) 	HS 	OBC-NCL 	Gender-Neutral 	5723 	8327
National Institute of Technology, Kurukshetra	ROBOTICS & AUTOMATION (4 Years, Bachelor of Technology) 	HS 	OBC-NCL 	Female-only (including Supernumerary) 	13614 	13614
National Institute of Technology, Kurukshetra	ROBOTICS & AUTOMATION (4 Years, Bachelor of Technology) 	OS 	OBC-NCL 	Gender-Neutral 	3957 	4740
National Institute of Technology, Kurukshetra	ROBOTICS & AUTOMATION (4 Years, Bachelor of Technology) 	OS 	OBC-NCL 	Female-only (including Supernumerary) 	9470 	10092
National Institute of Technology, Kurukshetra	SUSTAINABLE ENERGY TECHNOLOGIES (4 Years, Bachelor of Technology) 	HS 	OBC-NCL 	Gender-Neutral 	12679 	16239
National Institute of Technology, Kurukshetra	SUSTAINABLE ENERGY TECHNOLOGIES (4 Years, Bachelor of Technology) 	HS 	OBC-NCL 	Female-only (including Supernumerary) 	21099 	21099
National Institute of Technology, Kurukshetra	SUSTAINABLE ENERGY TECHNOLOGIES (4 Years, Bachelor of Technology) 	OS 	OBC-NCL 	Gender-Neutral 	9550 	10332
National Institute of Technology, Kurukshetra	SUSTAINABLE ENERGY TECHNOLOGIES (4 Years, Bachelor of Technology) 	OS 	OBC-NCL 	Female-only (including Supernumerary) 	16645 	16645
National Institute of Technology, Manipur	Civil Engineering (4 Years, Bachelor of Technology) 	HS 	OBC-NCL 	Gender-Neutral 	105813 	113869
National Institute of Technology, Manipur	Civil Engineering (4 Years, Bachelor of Technology) 	HS 	OBC-NCL 	Female-only (including Supernumerary) 	199827 	199827
National Institute of Technology, Manipur	Civil Engineering (4 Years, Bachelor of Technology) 	OS 	OBC-NCL 	Gender-Neutral 	16715 	17796
National Institute of Technology, Manipur	Civil Engineering (4 Years, Bachelor of Technology) 	OS 	OBC-NCL 	Female-only (including Supernumerary) 	22810 	22810
National Institute of Technology, Manipur	Computer Science and Engineering (4 Years, Bachelor of Technology) 	HS 	OBC-NCL 	Gender-Neutral 	73862 	80694
National Institute of Technology, Manipur	Computer Science and Engineering (4 Years, Bachelor of Technology) 	HS 	OBC-NCL 	Female-only (including Supernumerary) 	99987 	99987
National Institute of Technology, Manipur	Computer Science and Engineering (4 Years, Bachelor of Technology) 	OS 	OBC-NCL 	Gender-Neutral 	8597 	11286
National Institute of Technology, Manipur	Computer Science and Engineering (4 Years, Bachelor of Technology) 	OS 	OBC-NCL 	Female-only (including Supernumerary) 	16604 	19469
National Institute of Technology, Manipur	Electrical Engineering (4 Years, Bachelor of Technology) 	HS 	OBC-NCL 	Gender-Neutral 	123381 	151916
National Institute of Technology, Manipur	Electrical Engineering (4 Years, Bachelor of Technology) 	HS 	OBC-NCL 	Female-only (including Supernumerary) 	256379 	256379
National Institute of Technology, Manipur	Electrical Engineering (4 Years, Bachelor of Technology) 	OS 	OBC-NCL 	Gender-Neutral 	12862 	15553
National Institute of Technology, Manipur	Electrical Engineering (4 Years, Bachelor of Technology) 	OS 	OBC-NCL 	Female-only (including Supernumerary) 	21717 	21717
National Institute of Technology, Manipur	Electronics and Communication Engineering (4 Years, Bachelor of Technology) 	HS 	OBC-NCL 	Gender-Neutral 	125558 	138696
National Institute of Technology, Manipur	Electronics and Communication Engineering (4 Years, Bachelor of Technology) 	OS 	OBC-NCL 	Gender-Neutral 	12139 	12241
National Institute of Technology, Manipur	Electronics and Communication Engineering (4 Years, Bachelor of Technology) 	OS 	OBC-NCL 	Female-only (including Supernumerary) 	20312 	20312
National Institute of Technology, Manipur	Mechanical Engineering (4 Years, Bachelor of Technology) 	HS 	OBC-NCL 	Gender-Neutral 	149402 	190210
National Institute of Technology, Manipur	Mechanical Engineering (4 Years, Bachelor of Technology) 	OS 	OBC-NCL 	Gender-Neutral 	14956 	15690
National Institute of Technology, Manipur	Mechanical Engineering (4 Years, Bachelor of Technology) 	OS 	OBC-NCL 	Female-only (including Supernumerary) 	23704 	23704
National Institute of Technology, Mizoram	Chemical Science and Technology (4 Years, Bachelor of Technology) 	OS 	OBC-NCL 	Female-only (including Supernumerary) 	23774 	23774
National Institute of Technology, Mizoram	Civil Engineering (4 Years, Bachelor of Technology) 	OS 	OBC-NCL 	Gender-Neutral 	17236 	17807
National Institute of Technology, Mizoram	Civil Engineering (4 Years, Bachelor of Technology) 	OS 	OBC-NCL 	Female-only (including Supernumerary) 	24006 	24006
National Institute of Technology, Mizoram	Computer Science and Engineering (4 Years, Bachelor of Technology) 	OS 	OBC-NCL 	Gender-Neutral 	10040 	11866
National Institute of Technology, Mizoram	Computer Science and Engineering (4 Years, Bachelor of Technology) 	OS 	OBC-NCL 	Female-only (including Supernumerary) 	18060 	18060
National Institute of Technology, Mizoram	Electrical Engineering (4 Years, Bachelor of Technology) 	OS 	OBC-NCL 	Gender-Neutral 	14726 	14893
National Institute of Technology, Mizoram	Electrical Engineering (4 Years, Bachelor of Technology) 	OS 	OBC-NCL 	Female-only (including Supernumerary) 	18987 	18987
National Institute of Technology, Mizoram	Electronics and Communication Engineering (4 Years, Bachelor of Technology) 	OS 	OBC-NCL 	Gender-Neutral 	12273 	12715
National Institute of Technology, Mizoram	Mathematics and Computing (4 Years, Bachelor of Technology) 	OS 	OBC-NCL 	Gender-Neutral 	10673 	10673
National Institute of Technology, Mizoram	Mathematics and Computing (4 Years, Bachelor of Technology) 	OS 	OBC-NCL 	Female-only (including Supernumerary) 	19899 	19899
National Institute of Technology, Mizoram	Mechanical Engineering (4 Years, Bachelor of Technology) 	OS 	OBC-NCL 	Gender-Neutral 	15850 	16171
National Institute of Technology, Rourkela	Architecture (5 Years, Bachelor of Architecture) 	HS 	OBC-NCL 	Gender-Neutral 	919 	1585
National Institute of Technology, Rourkela	Architecture (5 Years, Bachelor of Architecture) 	HS 	OBC-NCL 	Female-only (including Supernumerary) 	729 	729
National Institute of Technology, Rourkela	Architecture (5 Years, Bachelor of Architecture) 	OS 	OBC-NCL 	Gender-Neutral 	219 	240
National Institute of Technology, Rourkela	Architecture (5 Years, Bachelor of Architecture) 	OS 	OBC-NCL 	Female-only (including Supernumerary) 	208 	208
National Institute of Technology, Rourkela	Artificial Intelligence (4 Years, Bachelor of Technology) 	HS 	OBC-NCL 	Gender-Neutral 	4092 	4682
National Institute of Technology, Rourkela	Artificial Intelligence (4 Years, Bachelor of Technology) 	HS 	OBC-NCL 	Female-only (including Supernumerary) 	11537 	12978
National Institute of Technology, Rourkela	Artificial Intelligence (4 Years, Bachelor of Technology) 	OS 	OBC-NCL 	Gender-Neutral 	1224 	1454
National Institute of Technology, Rourkela	Artificial Intelligence (4 Years, Bachelor of Technology) 	OS 	OBC-NCL 	Female-only (including Supernumerary) 	3140 	3284
National Institute of Technology, Rourkela	Bio Medical Engineering (4 Years, Bachelor of Technology) 	HS 	OBC-NCL 	Gender-Neutral 	19265 	21118
National Institute of Technology, Rourkela	Bio Medical Engineering (4 Years, Bachelor of Technology) 	HS 	OBC-NCL 	Female-only (including Supernumerary) 	32605 	32605
National Institute of Technology, Rourkela	Bio Medical Engineering (4 Years, Bachelor of Technology) 	OS 	OBC-NCL 	Gender-Neutral 	9577 	11331
National Institute of Technology, Rourkela	Bio Medical Engineering (4 Years, Bachelor of Technology) 	OS 	OBC-NCL 	Female-only (including Supernumerary) 	10809 	10809
National Institute of Technology, Rourkela	Bio Technology (4 Years, Bachelor of Technology) 	HS 	OBC-NCL 	Gender-Neutral 	14691 	17889
National Institute of Technology, Rourkela	Bio Technology (4 Years, Bachelor of Technology) 	HS 	OBC-NCL 	Female-only (including Supernumerary) 	18168 	18168
National Institute of Technology, Rourkela	Bio Technology (4 Years, Bachelor of Technology) 	OS 	OBC-NCL 	Gender-Neutral 	8850 	10656
National Institute of Technology, Rourkela	Bio Technology (4 Years, Bachelor of Technology) 	OS 	OBC-NCL 	Female-only (including Supernumerary) 	11906 	11906
National Institute of Technology, Rourkela	Ceramic Engineering (4 Years, Bachelor of Technology) 	HS 	OBC-NCL 	Gender-Neutral 	15113 	16899
National Institute of Technology, Rourkela	Ceramic Engineering (4 Years, Bachelor of Technology) 	HS 	OBC-NCL 	Female-only (including Supernumerary) 	30603 	30603
National Institute of Technology, Rourkela	Ceramic Engineering (4 Years, Bachelor of Technology) 	OS 	OBC-NCL 	Gender-Neutral 	9483 	9926
National Institute of Technology, Rourkela	Ceramic Engineering (4 Years, Bachelor of Technology) 	OS 	OBC-NCL 	Female-only (including Supernumerary) 	16533 	16533
National Institute of Technology, Rourkela	Ceramic Engineering and M.Tech Industrial Ceramic (5 Years, Bachelor and Master of Technology (Dual Degree)) 	HS 	OBC-NCL 	Gender-Neutral 	17654 	18386
National Institute of Technology, Rourkela	Ceramic Engineering and M.Tech Industrial Ceramic (5 Years, Bachelor and Master of Technology (Dual Degree)) 	OS 	OBC-NCL 	Gender-Neutral 	12387 	13259
National Institute of Technology, Rourkela	Chemical Engineering (4 Years, Bachelor of Technology) 	HS 	OBC-NCL 	Gender-Neutral 	10846 	11922
National Institute of Technology, Rourkela	Chemical Engineering (4 Years, Bachelor of Technology) 	HS 	OBC-NCL 	Female-only (including Supernumerary) 	31085 	31085
National Institute of Technology, Rourkela	Chemical Engineering (4 Years, Bachelor of Technology) 	OS 	OBC-NCL 	Gender-Neutral 	6156 	6607
National Institute of Technology, Rourkela	Chemical Engineering (4 Years, Bachelor of Technology) 	OS 	OBC-NCL 	Female-only (including Supernumerary) 	10408 	11568
National Institute of Technology, Rourkela	Chemical Engineering (5 Years, Bachelor and Master of Technology (Dual Degree)) 	HS 	OBC-NCL 	Gender-Neutral 	15985 	15985
National Institute of Technology, Rourkela	Chemical Engineering (5 Years, Bachelor and Master of Technology (Dual Degree)) 	HS 	OBC-NCL 	Female-only (including Supernumerary) 	32227 	32227
National Institute of Technology, Rourkela	Chemical Engineering (5 Years, Bachelor and Master of Technology (Dual Degree)) 	OS 	OBC-NCL 	Gender-Neutral 	6935 	6935
National Institute of Technology, Rourkela	Chemistry (5 Years, Integrated Master of Science) 	HS 	OBC-NCL 	Gender-Neutral 	21730 	22234
National Institute of Technology, Rourkela	Chemistry (5 Years, Integrated Master of Science) 	HS 	OBC-NCL 	Female-only (including Supernumerary) 	25049 	25049
National Institute of Technology, Rourkela	Chemistry (5 Years, Integrated Master of Science) 	OS 	OBC-NCL 	Gender-Neutral 	13471 	13676
National Institute of Technology, Rourkela	Chemistry (5 Years, Integrated Master of Science) 	OS 	OBC-NCL 	Female-only (including Supernumerary) 	19814 	19814
National Institute of Technology, Rourkela	Civil Engineering (4 Years, Bachelor of Technology) 	HS 	OBC-NCL 	Gender-Neutral 	11371 	12953
National Institute of Technology, Rourkela	Civil Engineering (4 Years, Bachelor of Technology) 	HS 	OBC-NCL 	Female-only (including Supernumerary) 	29217 	32670
National Institute of Technology, Rourkela	Civil Engineering (4 Years, Bachelor of Technology) 	OS 	OBC-NCL 	Gender-Neutral 	7647 	8231
National Institute of Technology, Rourkela	Civil Engineering (4 Years, Bachelor of Technology) 	OS 	OBC-NCL 	Female-only (including Supernumerary) 	13733 	14118
National Institute of Technology, Rourkela	Computer Science and Engineering (4 Years, Bachelor of Technology) 	HS 	OBC-NCL 	Gender-Neutral 	2170 	4440
National Institute of Technology, Rourkela	Computer Science and Engineering (4 Years, Bachelor of Technology) 	HS 	OBC-NCL 	Female-only (including Supernumerary) 	6327 	11964
National Institute of Technology, Rourkela	Computer Science and Engineering (4 Years, Bachelor of Technology) 	OS 	OBC-NCL 	Gender-Neutral 	637 	1049
National Institute of Technology, Rourkela	Computer Science and Engineering (4 Years, Bachelor of Technology) 	OS 	OBC-NCL 	Female-only (including Supernumerary) 	2603 	2833
National Institute of Technology, Rourkela	Electrical Engineering (4 Years, Bachelor of Technology) 	HS 	OBC-NCL 	Gender-Neutral 	6008 	8074
National Institute of Technology, Rourkela	Electrical Engineering (4 Years, Bachelor of Technology) 	HS 	OBC-NCL 	Female-only (including Supernumerary) 	20080 	29864
National Institute of Technology, Rourkela	Electrical Engineering (4 Years, Bachelor of Technology) 	OS 	OBC-NCL 	Gender-Neutral 	2826 	3740
National Institute of Technology, Rourkela	Electrical Engineering (4 Years, Bachelor of Technology) 	OS 	OBC-NCL 	Female-only (including Supernumerary) 	5461 	6070
National Institute of Technology, Rourkela	Electronics and Communication Engineering (4 Years, Bachelor of Technology) 	HS 	OBC-NCL 	Gender-Neutral 	4804 	5452
National Institute of Technology, Rourkela	Electronics and Communication Engineering (4 Years, Bachelor of Technology) 	HS 	OBC-NCL 	Female-only (including Supernumerary) 	16237 	16237
National Institute of Technology, Rourkela	Electronics and Communication Engineering (4 Years, Bachelor of Technology) 	OS 	OBC-NCL 	Gender-Neutral 	1253 	2052
National Institute of Technology, Rourkela	Electronics and Communication Engineering (4 Years, Bachelor of Technology) 	OS 	OBC-NCL 	Female-only (including Supernumerary) 	3678 	3678
National Institute of Technology, Rourkela	Electronics and Instrumentation Engineering (4 Years, Bachelor of Technology) 	HS 	OBC-NCL 	Gender-Neutral 	5759 	6222
National Institute of Technology, Rourkela	Electronics and Instrumentation Engineering (4 Years, Bachelor of Technology) 	HS 	OBC-NCL 	Female-only (including Supernumerary) 	23559 	23559
National Institute of Technology, Rourkela	Electronics and Instrumentation Engineering (4 Years, Bachelor of Technology) 	OS 	OBC-NCL 	Gender-Neutral 	2915 	3708
National Institute of Technology, Rourkela	Electronics and Instrumentation Engineering (4 Years, Bachelor of Technology) 	OS 	OBC-NCL 	Female-only (including Supernumerary) 	7054 	8335
National Institute of Technology, Rourkela	Food Process Engineering (4 Years, Bachelor of Technology) 	HS 	OBC-NCL 	Gender-Neutral 	19011 	21705
National Institute of Technology, Rourkela	Food Process Engineering (4 Years, Bachelor of Technology) 	HS 	OBC-NCL 	Female-only (including Supernumerary) 	37197 	37197
National Institute of Technology, Rourkela	Food Process Engineering (4 Years, Bachelor of Technology) 	OS 	OBC-NCL 	Gender-Neutral 	11324 	11403
National Institute of Technology, Rourkela	Food Process Engineering (4 Years, Bachelor of Technology) 	OS 	OBC-NCL 	Female-only (including Supernumerary) 	19066 	19066
National Institute of Technology, Rourkela	Industrial Design (4 Years, Bachelor of Technology) 	HS 	OBC-NCL 	Gender-Neutral 	13557 	14498
National Institute of Technology, Rourkela	Industrial Design (4 Years, Bachelor of Technology) 	HS 	OBC-NCL 	Female-only (including Supernumerary) 	35483 	35483
National Institute of Technology, Rourkela	Industrial Design (4 Years, Bachelor of Technology) 	OS 	OBC-NCL 	Gender-Neutral 	8310 	8579
National Institute of Technology, Rourkela	Industrial Design (4 Years, Bachelor of Technology) 	OS 	OBC-NCL 	Female-only (including Supernumerary) 	14449 	14449
National Institute of Technology, Rourkela	Life Science (5 Years, Integrated Master of Science) 	HS 	OBC-NCL 	Gender-Neutral 	24904 	25319
National Institute of Technology, Rourkela	Life Science (5 Years, Integrated Master of Science) 	HS 	OBC-NCL 	Female-only (including Supernumerary) 	34420 	34420
National Institute of Technology, Rourkela	Life Science (5 Years, Integrated Master of Science) 	OS 	OBC-NCL 	Gender-Neutral 	15135 	16537
National Institute of Technology, Rourkela	Life Science (5 Years, Integrated Master of Science) 	OS 	OBC-NCL 	Female-only (including Supernumerary) 	22774 	22774
National Institute of Technology, Rourkela	Mathematics (5 Years, Integrated Master of Science) 	HS 	OBC-NCL 	Gender-Neutral 	18108 	22879
National Institute of Technology, Rourkela	Mathematics (5 Years, Integrated Master of Science) 	OS 	OBC-NCL 	Gender-Neutral 	8266 	11164
National Institute of Technology, Rourkela	Mechanical Engineering (4 Years, Bachelor of Technology) 	HS 	OBC-NCL 	Gender-Neutral 	8336 	10384
National Institute of Technology, Rourkela	Mechanical Engineering (4 Years, Bachelor of Technology) 	HS 	OBC-NCL 	Female-only (including Supernumerary) 	22826 	30011
National Institute of Technology, Rourkela	Mechanical Engineering (4 Years, Bachelor of Technology) 	OS 	OBC-NCL 	Gender-Neutral 	4460 	5420
National Institute of Technology, Rourkela	Mechanical Engineering (4 Years, Bachelor of Technology) 	OS 	OBC-NCL 	Female-only (including Supernumerary) 	8134 	11399
National Institute of Technology, Rourkela	Metallurgical and Materials Engineering (4 Years, Bachelor of Technology) 	HS 	OBC-NCL 	Gender-Neutral 	12423 	13664
National Institute of Technology, Rourkela	Metallurgical and Materials Engineering (4 Years, Bachelor of Technology) 	HS 	OBC-NCL 	Female-only (including Supernumerary) 	32449 	36638
National Institute of Technology, Rourkela	Metallurgical and Materials Engineering (4 Years, Bachelor of Technology) 	OS 	OBC-NCL 	Gender-Neutral 	8296 	8944
National Institute of Technology, Rourkela	Metallurgical and Materials Engineering (4 Years, Bachelor of Technology) 	OS 	OBC-NCL 	Female-only (including Supernumerary) 	15430 	15521
National Institute of Technology, Rourkela	Metallurgical and Materials Engineering (5 Years, Bachelor and Master of Technology (Dual Degree)) 	HS 	OBC-NCL 	Gender-Neutral 	15038 	15038
National Institute of Technology, Rourkela	Metallurgical and Materials Engineering (5 Years, Bachelor and Master of Technology (Dual Degree)) 	HS 	OBC-NCL 	Female-only (including Supernumerary) 	37907 	37907
National Institute of Technology, Rourkela	Metallurgical and Materials Engineering (5 Years, Bachelor and Master of Technology (Dual Degree)) 	OS 	OBC-NCL 	Gender-Neutral 	10395 	10733
National Institute of Technology, Rourkela	Mining Engineering (4 Years, Bachelor of Technology) 	HS 	OBC-NCL 	Gender-Neutral 	12000 	14610
National Institute of Technology, Rourkela	Mining Engineering (4 Years, Bachelor of Technology) 	OS 	OBC-NCL 	Gender-Neutral 	9875 	10250
National Institute of Technology, Rourkela	Mining Engineering (4 Years, Bachelor of Technology) 	OS 	OBC-NCL 	Female-only (including Supernumerary) 	14781 	14781
National Institute of Technology, Rourkela	Mining Engineering (5 Years, Bachelor and Master of Technology (Dual Degree)) 	HS 	OBC-NCL 	Gender-Neutral 	16003 	16003
National Institute of Technology, Rourkela	Mining Engineering (5 Years, Bachelor and Master of Technology (Dual Degree)) 	HS 	OBC-NCL 	Female-only (including Supernumerary) 	37914 	37914
National Institute of Technology, Rourkela	Mining Engineering (5 Years, Bachelor and Master of Technology (Dual Degree)) 	OS 	OBC-NCL 	Female-only (including Supernumerary) 	16135 	16135
National Institute of Technology, Rourkela	Physics (5 Years, Integrated Master of Science) 	HS 	OBC-NCL 	Gender-Neutral 	18109 	21018
National Institute of Technology, Rourkela	Physics (5 Years, Integrated Master of Science) 	HS 	OBC-NCL 	Female-only (including Supernumerary) 	24677 	24677
National Institute of Technology, Rourkela	Physics (5 Years, Integrated Master of Science) 	OS 	OBC-NCL 	Gender-Neutral 	6838 	10417
National Institute of Technology, Silchar	Civil Engineering (4 Years, Bachelor of Technology) 	HS 	OBC-NCL 	Gender-Neutral 	24905 	46847
National Institute of Technology, Silchar	Civil Engineering (4 Years, Bachelor of Technology) 	HS 	OBC-NCL 	Female-only (including Supernumerary) 	60156 	67424
National Institute of Technology, Silchar	Civil Engineering (4 Years, Bachelor of Technology) 	OS 	OBC-NCL 	Gender-Neutral 	12522 	14431
National Institute of Technology, Silchar	Civil Engineering (4 Years, Bachelor of Technology) 	OS 	OBC-NCL 	Female-only (including Supernumerary) 	18502 	20598
National Institute of Technology, Silchar	Computer Science and Engineering (4 Years, Bachelor of Technology) 	HS 	OBC-NCL 	Gender-Neutral 	5952 	13541
National Institute of Technology, Silchar	Computer Science and Engineering (4 Years, Bachelor of Technology) 	HS 	OBC-NCL 	Female-only (including Supernumerary) 	22560 	29556
National Institute of Technology, Silchar	Computer Science and Engineering (4 Years, Bachelor of Technology) 	OS 	OBC-NCL 	Gender-Neutral 	2962 	3948
National Institute of Technology, Silchar	Computer Science and Engineering (4 Years, Bachelor of Technology) 	OS 	OBC-NCL 	Female-only (including Supernumerary) 	6568 	7883
National Institute of Technology, Silchar	Electrical Engineering (4 Years, Bachelor of Technology) 	HS 	OBC-NCL 	Gender-Neutral 	17280 	34122
National Institute of Technology, Silchar	Electrical Engineering (4 Years, Bachelor of Technology) 	HS 	OBC-NCL 	Female-only (including Supernumerary) 	29834 	56270
National Institute of Technology, Silchar	Electrical Engineering (4 Years, Bachelor of Technology) 	OS 	OBC-NCL 	Gender-Neutral 	6561 	7878
National Institute of Technology, Silchar	Electrical Engineering (4 Years, Bachelor of Technology) 	OS 	OBC-NCL 	Female-only (including Supernumerary) 	12356 	14894
National Institute of Technology, Silchar	Electronics and Communication Engineering (4 Years, Bachelor of Technology) 	HS 	OBC-NCL 	Gender-Neutral 	13553 	22358
National Institute of Technology, Silchar	Electronics and Communication Engineering (4 Years, Bachelor of Technology) 	HS 	OBC-NCL 	Female-only (including Supernumerary) 	32336 	37267
National Institute of Technology, Silchar	Electronics and Communication Engineering (4 Years, Bachelor of Technology) 	OS 	OBC-NCL 	Gender-Neutral 	4174 	5822
National Institute of Technology, Silchar	Electronics and Communication Engineering (4 Years, Bachelor of Technology) 	OS 	OBC-NCL 	Female-only (including Supernumerary) 	10489 	11806
National Institute of Technology, Silchar	Electronics and Instrumentation Engineering (4 Years, Bachelor of Technology) 	HS 	OBC-NCL 	Gender-Neutral 	22365 	28895
National Institute of Technology, Silchar	Electronics and Instrumentation Engineering (4 Years, Bachelor of Technology) 	HS 	OBC-NCL 	Female-only (including Supernumerary) 	42007 	49389
National Institute of Technology, Silchar	Electronics and Instrumentation Engineering (4 Years, Bachelor of Technology) 	OS 	OBC-NCL 	Gender-Neutral 	5698 	6803
National Institute of Technology, Silchar	Electronics and Instrumentation Engineering (4 Years, Bachelor of Technology) 	OS 	OBC-NCL 	Female-only (including Supernumerary) 	13938 	15359
National Institute of Technology, Silchar	Mechanical Engineering (4 Years, Bachelor of Technology) 	HS 	OBC-NCL 	Gender-Neutral 	26077 	38787
National Institute of Technology, Silchar	Mechanical Engineering (4 Years, Bachelor of Technology) 	HS 	OBC-NCL 	Female-only (including Supernumerary) 	56173 	66079
National Institute of Technology, Silchar	Mechanical Engineering (4 Years, Bachelor of Technology) 	OS 	OBC-NCL 	Gender-Neutral 	8354 	10323
National Institute of Technology, Silchar	Mechanical Engineering (4 Years, Bachelor of Technology) 	OS 	OBC-NCL 	Female-only (including Supernumerary) 	16523 	19215
National Institute of Technology, Srinagar	Chemical Engineering (4 Years, Bachelor of Technology) 	JK 	OBC-NCL 	Gender-Neutral 	311482 	311482
National Institute of Technology, Srinagar	Chemical Engineering (4 Years, Bachelor of Technology) 	OS 	OBC-NCL 	Gender-Neutral 	14943 	15994
National Institute of Technology, Srinagar	Chemical Engineering (4 Years, Bachelor of Technology) 	OS 	OBC-NCL 	Female-only (including Supernumerary) 	23310 	23600
National Institute of Technology, Srinagar	Civil Engineering (4 Years, Bachelor of Technology) 	JK 	OBC-NCL 	Gender-Neutral 	117619 	180135
National Institute of Technology, Srinagar	Civil Engineering (4 Years, Bachelor of Technology) 	JK 	OBC-NCL 	Female-only (including Supernumerary) 	119414 	119414
National Institute of Technology, Srinagar	Civil Engineering (4 Years, Bachelor of Technology) 	OS 	OBC-NCL 	Gender-Neutral 	16089 	16866
National Institute of Technology, Srinagar	Civil Engineering (4 Years, Bachelor of Technology) 	OS 	OBC-NCL 	Female-only (including Supernumerary) 	21173 	24133
National Institute of Technology, Srinagar	Computer Science and Engineering (4 Years, Bachelor of Technology) 	JK 	OBC-NCL 	Gender-Neutral 	19628 	52331
National Institute of Technology, Srinagar	Computer Science and Engineering (4 Years, Bachelor of Technology) 	JK 	OBC-NCL 	Female-only (including Supernumerary) 	22158 	330860
National Institute of Technology, Srinagar	Computer Science and Engineering (4 Years, Bachelor of Technology) 	OS 	OBC-NCL 	Gender-Neutral 	6739 	7905
National Institute of Technology, Srinagar	Computer Science and Engineering (4 Years, Bachelor of Technology) 	OS 	OBC-NCL 	Female-only (including Supernumerary) 	13573 	15934
National Institute of Technology, Srinagar	Electrical Engineering (4 Years, Bachelor of Technology) 	JK 	OBC-NCL 	Gender-Neutral 	60738 	258623
National Institute of Technology, Srinagar	Electrical Engineering (4 Years, Bachelor of Technology) 	OS 	OBC-NCL 	Gender-Neutral 	11370 	12732
National Institute of Technology, Srinagar	Electrical Engineering (4 Years, Bachelor of Technology) 	OS 	OBC-NCL 	Female-only (including Supernumerary) 	18664 	19226
National Institute of Technology, Srinagar	Electronics and Communication Engineering (4 Years, Bachelor of Technology) 	JK 	OBC-NCL 	Gender-Neutral 	55163 	129737
National Institute of Technology, Srinagar	Electronics and Communication Engineering (4 Years, Bachelor of Technology) 	OS 	OBC-NCL 	Gender-Neutral 	9633 	11136
National Institute of Technology, Srinagar	Electronics and Communication Engineering (4 Years, Bachelor of Technology) 	OS 	OBC-NCL 	Female-only (including Supernumerary) 	18639 	19134
National Institute of Technology, Srinagar	Information Technology (4 Years, Bachelor of Technology) 	JK 	OBC-NCL 	Gender-Neutral 	51495 	100933
National Institute of Technology, Srinagar	Information Technology (4 Years, Bachelor of Technology) 	OS 	OBC-NCL 	Gender-Neutral 	8397 	9983
National Institute of Technology, Srinagar	Information Technology (4 Years, Bachelor of Technology) 	OS 	OBC-NCL 	Female-only (including Supernumerary) 	16166 	18373
National Institute of Technology, Srinagar	Mechanical Engineering (4 Years, Bachelor of Technology) 	JK 	OBC-NCL 	Gender-Neutral 	63002 	460212
National Institute of Technology, Srinagar	Mechanical Engineering (4 Years, Bachelor of Technology) 	OS 	OBC-NCL 	Gender-Neutral 	13639 	14823
National Institute of Technology, Srinagar	Mechanical Engineering (4 Years, Bachelor of Technology) 	OS 	OBC-NCL 	Female-only (including Supernumerary) 	19652 	22799
National Institute of Technology, Srinagar	Metallurgical and Materials Engineering (4 Years, Bachelor of Technology) 	JK 	OBC-NCL 	Gender-Neutral 	328138 	328138
National Institute of Technology, Srinagar	Metallurgical and Materials Engineering (4 Years, Bachelor of Technology) 	OS 	OBC-NCL 	Gender-Neutral 	16566 	17381
National Institute of Technology, Srinagar	Metallurgical and Materials Engineering (4 Years, Bachelor of Technology) 	OS 	OBC-NCL 	Female-only (including Supernumerary) 	23838 	24317
National Institute of Technology, Tiruchirappalli	Architecture (5 Years, Bachelor of Architecture) 	HS 	OBC-NCL 	Gender-Neutral 	129 	158
National Institute of Technology, Tiruchirappalli	Architecture (5 Years, Bachelor of Architecture) 	HS 	OBC-NCL 	Female-only (including Supernumerary) 	104 	114
National Institute of Technology, Tiruchirappalli	Architecture (5 Years, Bachelor of Architecture) 	OS 	OBC-NCL 	Gender-Neutral 	100 	125
National Institute of Technology, Tiruchirappalli	Architecture (5 Years, Bachelor of Architecture) 	OS 	OBC-NCL 	Female-only (including Supernumerary) 	88 	88
National Institute of Technology, Tiruchirappalli	Chemical Engineering (4 Years, Bachelor of Technology) 	HS 	OBC-NCL 	Gender-Neutral 	4676 	5285
National Institute of Technology, Tiruchirappalli	Chemical Engineering (4 Years, Bachelor of Technology) 	HS 	OBC-NCL 	Female-only (including Supernumerary) 	8456 	8547
National Institute of Technology, Tiruchirappalli	Chemical Engineering (4 Years, Bachelor of Technology) 	OS 	OBC-NCL 	Gender-Neutral 	3134 	5278
National Institute of Technology, Tiruchirappalli	Chemical Engineering (4 Years, Bachelor of Technology) 	OS 	OBC-NCL 	Female-only (including Supernumerary) 	8536 	8536
National Institute of Technology, Tiruchirappalli	Civil Engineering (4 Years, Bachelor of Technology) 	HS 	OBC-NCL 	Gender-Neutral 	8573 	9697
National Institute of Technology, Tiruchirappalli	Civil Engineering (4 Years, Bachelor of Technology) 	HS 	OBC-NCL 	Female-only (including Supernumerary) 	12283 	12771
National Institute of Technology, Tiruchirappalli	Civil Engineering (4 Years, Bachelor of Technology) 	OS 	OBC-NCL 	Gender-Neutral 	4050 	6194
National Institute of Technology, Tiruchirappalli	Civil Engineering (4 Years, Bachelor of Technology) 	OS 	OBC-NCL 	Female-only (including Supernumerary) 	9962 	11204
National Institute of Technology, Tiruchirappalli	Computer Science and Engineering (4 Years, Bachelor of Technology) 	HS 	OBC-NCL 	Gender-Neutral 	1007 	1631
National Institute of Technology, Tiruchirappalli	Computer Science and Engineering (4 Years, Bachelor of Technology) 	HS 	OBC-NCL 	Female-only (including Supernumerary) 	1918 	2301
National Institute of Technology, Tiruchirappalli	Computer Science and Engineering (4 Years, Bachelor of Technology) 	OS 	OBC-NCL 	Gender-Neutral 	241 	390
National Institute of Technology, Tiruchirappalli	Computer Science and Engineering (4 Years, Bachelor of Technology) 	OS 	OBC-NCL 	Female-only (including Supernumerary) 	741 	991
National Institute of Technology, Tiruchirappalli	Electrical and Electronics Engineering (4 Years, Bachelor of Technology) 	HS 	OBC-NCL 	Gender-Neutral 	2015 	2452
National Institute of Technology, Tiruchirappalli	Electrical and Electronics Engineering (4 Years, Bachelor of Technology) 	HS 	OBC-NCL 	Female-only (including Supernumerary) 	4484 	5294
National Institute of Technology, Tiruchirappalli	Electrical and Electronics Engineering (4 Years, Bachelor of Technology) 	OS 	OBC-NCL 	Gender-Neutral 	1535 	2150
National Institute of Technology, Tiruchirappalli	Electrical and Electronics Engineering (4 Years, Bachelor of Technology) 	OS 	OBC-NCL 	Female-only (including Supernumerary) 	3343 	3699
National Institute of Technology, Tiruchirappalli	Electronics and Communication Engineering (4 Years, Bachelor of Technology) 	HS 	OBC-NCL 	Gender-Neutral 	1523 	2013
National Institute of Technology, Tiruchirappalli	Electronics and Communication Engineering (4 Years, Bachelor of Technology) 	HS 	OBC-NCL 	Female-only (including Supernumerary) 	2912 	3069
National Institute of Technology, Tiruchirappalli	Electronics and Communication Engineering (4 Years, Bachelor of Technology) 	OS 	OBC-NCL 	Gender-Neutral 	833 	1213
National Institute of Technology, Tiruchirappalli	Electronics and Communication Engineering (4 Years, Bachelor of Technology) 	OS 	OBC-NCL 	Female-only (including Supernumerary) 	1649 	3128
National Institute of Technology, Tiruchirappalli	Instrumentation and Control Engineering (4 Years, Bachelor of Technology) 	HS 	OBC-NCL 	Gender-Neutral 	3076 	3629
National Institute of Technology, Tiruchirappalli	Instrumentation and Control Engineering (4 Years, Bachelor of Technology) 	HS 	OBC-NCL 	Female-only (including Supernumerary) 	5823 	6224
National Institute of Technology, Tiruchirappalli	Instrumentation and Control Engineering (4 Years, Bachelor of Technology) 	OS 	OBC-NCL 	Gender-Neutral 	3064 	3888
National Institute of Technology, Tiruchirappalli	Instrumentation and Control Engineering (4 Years, Bachelor of Technology) 	OS 	OBC-NCL 	Female-only (including Supernumerary) 	6738 	8891
National Institute of Technology, Tiruchirappalli	Mechanical Engineering (4 Years, Bachelor of Technology) 	HS 	OBC-NCL 	Gender-Neutral 	3400 	4025
National Institute of Technology, Tiruchirappalli	Mechanical Engineering (4 Years, Bachelor of Technology) 	HS 	OBC-NCL 	Female-only (including Supernumerary) 	7949 	8274
National Institute of Technology, Tiruchirappalli	Mechanical Engineering (4 Years, Bachelor of Technology) 	OS 	OBC-NCL 	Gender-Neutral 	1919 	3406
National Institute of Technology, Tiruchirappalli	Mechanical Engineering (4 Years, Bachelor of Technology) 	OS 	OBC-NCL 	Female-only (including Supernumerary) 	6436 	8394
National Institute of Technology, Tiruchirappalli	Metallurgical and Materials Engineering (4 Years, Bachelor of Technology) 	HS 	OBC-NCL 	Gender-Neutral 	7233 	7822
National Institute of Technology, Tiruchirappalli	Metallurgical and Materials Engineering (4 Years, Bachelor of Technology) 	HS 	OBC-NCL 	Female-only (including Supernumerary) 	11157 	11338
National Institute of Technology, Tiruchirappalli	Metallurgical and Materials Engineering (4 Years, Bachelor of Technology) 	OS 	OBC-NCL 	Gender-Neutral 	6443 	8021
National Institute of Technology, Tiruchirappalli	Metallurgical and Materials Engineering (4 Years, Bachelor of Technology) 	OS 	OBC-NCL 	Female-only (including Supernumerary) 	12343 	12343
National Institute of Technology, Tiruchirappalli	Production Engineering (4 Years, Bachelor of Technology) 	HS 	OBC-NCL 	Gender-Neutral 	6231 	6971
National Institute of Technology, Tiruchirappalli	Production Engineering (4 Years, Bachelor of Technology) 	HS 	OBC-NCL 	Female-only (including Supernumerary) 	8888 	8940
National Institute of Technology, Tiruchirappalli	Production Engineering (4 Years, Bachelor of Technology) 	OS 	OBC-NCL 	Gender-Neutral 	5744 	7913
National Institute of Technology, Tiruchirappalli	Production Engineering (4 Years, Bachelor of Technology) 	OS 	OBC-NCL 	Female-only (including Supernumerary) 	13005 	13221
National Institute of Technology, Uttarakhand	Civil Engineering (4 Years, Bachelor of Technology) 	HS 	OBC-NCL 	Gender-Neutral 	20268 	24678
National Institute of Technology, Uttarakhand	Civil Engineering (4 Years, Bachelor of Technology) 	HS 	OBC-NCL 	Female-only (including Supernumerary) 	37764 	37764
National Institute of Technology, Uttarakhand	Civil Engineering (4 Years, Bachelor of Technology) 	OS 	OBC-NCL 	Gender-Neutral 	14381 	14878
National Institute of Technology, Uttarakhand	Civil Engineering (4 Years, Bachelor of Technology) 	OS 	OBC-NCL 	Female-only (including Supernumerary) 	20097 	22621
National Institute of Technology, Uttarakhand	Computer Science and Engineering (4 Years, Bachelor of Technology) 	HS 	OBC-NCL 	Gender-Neutral 	12692 	17031
National Institute of Technology, Uttarakhand	Computer Science and Engineering (4 Years, Bachelor of Technology) 	OS 	OBC-NCL 	Gender-Neutral 	5507 	6212
National Institute of Technology, Uttarakhand	Computer Science and Engineering (4 Years, Bachelor of Technology) 	OS 	OBC-NCL 	Female-only (including Supernumerary) 	10525 	10607
National Institute of Technology, Uttarakhand	Electrical and Electronics Engineering (4 Years, Bachelor of Technology) 	HS 	OBC-NCL 	Gender-Neutral 	18698 	19587
National Institute of Technology, Uttarakhand	Electrical and Electronics Engineering (4 Years, Bachelor of Technology) 	HS 	OBC-NCL 	Female-only (including Supernumerary) 	18460 	18460
National Institute of Technology, Uttarakhand	Electrical and Electronics Engineering (4 Years, Bachelor of Technology) 	OS 	OBC-NCL 	Gender-Neutral 	9591 	10169
National Institute of Technology, Uttarakhand	Electrical and Electronics Engineering (4 Years, Bachelor of Technology) 	OS 	OBC-NCL 	Female-only (including Supernumerary) 	15141 	15141
National Institute of Technology, Uttarakhand	Electronics and Communication Engineering (4 Years, Bachelor of Technology) 	HS 	OBC-NCL 	Gender-Neutral 	17054 	18302
National Institute of Technology, Uttarakhand	Electronics and Communication Engineering (4 Years, Bachelor of Technology) 	HS 	OBC-NCL 	Female-only (including Supernumerary) 	28218 	28218
National Institute of Technology, Uttarakhand	Electronics and Communication Engineering (4 Years, Bachelor of Technology) 	OS 	OBC-NCL 	Gender-Neutral 	6918 	7094
National Institute of Technology, Uttarakhand	Electronics and Communication Engineering (4 Years, Bachelor of Technology) 	OS 	OBC-NCL 	Female-only (including Supernumerary) 	14828 	14828
National Institute of Technology, Uttarakhand	Mechanical Engineering (4 Years, Bachelor of Technology) 	HS 	OBC-NCL 	Gender-Neutral 	19196 	20216
National Institute of Technology, Uttarakhand	Mechanical Engineering (4 Years, Bachelor of Technology) 	HS 	OBC-NCL 	Female-only (including Supernumerary) 	36128 	37270
National Institute of Technology, Uttarakhand	Mechanical Engineering (4 Years, Bachelor of Technology) 	OS 	OBC-NCL 	Gender-Neutral 	10977 	12306
National Institute of Technology, Warangal	Bio Technology (4 Years, Bachelor of Technology) 	HS 	OBC-NCL 	Gender-Neutral 	11935 	13555
National Institute of Technology, Warangal	Bio Technology (4 Years, Bachelor of Technology) 	HS 	OBC-NCL 	Female-only (including Supernumerary) 	16524 	16524
National Institute of Technology, Warangal	Bio Technology (4 Years, Bachelor of Technology) 	OS 	OBC-NCL 	Gender-Neutral 	7269 	10667
National Institute of Technology, Warangal	Bio Technology (4 Years, Bachelor of Technology) 	OS 	OBC-NCL 	Female-only (including Supernumerary) 	11435 	12909
National Institute of Technology, Warangal	Chemical Engineering (4 Years, Bachelor of Technology) 	HS 	OBC-NCL 	Gender-Neutral 	5895 	8242
National Institute of Technology, Warangal	Chemical Engineering (4 Years, Bachelor of Technology) 	HS 	OBC-NCL 	Female-only (including Supernumerary) 	10643 	15034
National Institute of Technology, Warangal	Chemical Engineering (4 Years, Bachelor of Technology) 	OS 	OBC-NCL 	Gender-Neutral 	5577 	6196
National Institute of Technology, Warangal	Chemical Engineering (4 Years, Bachelor of Technology) 	OS 	OBC-NCL 	Female-only (including Supernumerary) 	8866 	10050
National Institute of Technology, Warangal	Chemical Engineering (5 Years, Bachelor and Master of Technology (Dual Degree)) 	HS 	OBC-NCL 	Gender-Neutral 	8320 	8320
National Institute of Technology, Warangal	Chemical Engineering (5 Years, Bachelor and Master of Technology (Dual Degree)) 	OS 	OBC-NCL 	Gender-Neutral 	6105 	6105
National Institute of Technology, Warangal	Chemical Engineering (5 Years, Bachelor and Master of Technology (Dual Degree)) 	OS 	OBC-NCL 	Female-only (including Supernumerary) 	10614 	10614
National Institute of Technology, Warangal	Chemistry (5 Years, Integrated Master of Science) 	HS 	OBC-NCL 	Gender-Neutral 	14126 	17331
National Institute of Technology, Warangal	Chemistry (5 Years, Integrated Master of Science) 	HS 	OBC-NCL 	Female-only (including Supernumerary) 	20677 	20677
National Institute of Technology, Warangal	Chemistry (5 Years, Integrated Master of Science) 	OS 	OBC-NCL 	Gender-Neutral 	11777 	12074
National Institute of Technology, Warangal	Civil Engineering (4 Years, Bachelor of Technology) 	HS 	OBC-NCL 	Gender-Neutral 	8645 	10327
National Institute of Technology, Warangal	Civil Engineering (4 Years, Bachelor of Technology) 	HS 	OBC-NCL 	Female-only (including Supernumerary) 	12009 	13002
National Institute of Technology, Warangal	Civil Engineering (4 Years, Bachelor of Technology) 	OS 	OBC-NCL 	Gender-Neutral 	6278 	7831
National Institute of Technology, Warangal	Civil Engineering (4 Years, Bachelor of Technology) 	OS 	OBC-NCL 	Female-only (including Supernumerary) 	12450 	12618
National Institute of Technology, Warangal	Computer Science and Engineering ( Artificial Intelligence & Data Science) (4 Years, Bachelor of Technology) 	HS 	OBC-NCL 	Gender-Neutral 	864 	1270
National Institute of Technology, Warangal	Computer Science and Engineering ( Artificial Intelligence & Data Science) (4 Years, Bachelor of Technology) 	HS 	OBC-NCL 	Female-only (including Supernumerary) 	2054 	2054
National Institute of Technology, Warangal	Computer Science and Engineering ( Artificial Intelligence & Data Science) (4 Years, Bachelor of Technology) 	OS 	OBC-NCL 	Gender-Neutral 	693 	1023
National Institute of Technology, Warangal	Computer Science and Engineering ( Artificial Intelligence & Data Science) (4 Years, Bachelor of Technology) 	OS 	OBC-NCL 	Female-only (including Supernumerary) 	2155 	2155
National Institute of Technology, Warangal	Computer Science and Engineering (4 Years, Bachelor of Technology) 	HS 	OBC-NCL 	Gender-Neutral 	676 	1241
National Institute of Technology, Warangal	Computer Science and Engineering (4 Years, Bachelor of Technology) 	HS 	OBC-NCL 	Female-only (including Supernumerary) 	1305 	2112
National Institute of Technology, Warangal	Computer Science and Engineering (4 Years, Bachelor of Technology) 	OS 	OBC-NCL 	Gender-Neutral 	434 	669
National Institute of Technology, Warangal	Computer Science and Engineering (4 Years, Bachelor of Technology) 	OS 	OBC-NCL 	Female-only (including Supernumerary) 	1080 	1932
National Institute of Technology, Warangal	Electrical and Electronics Engineering (4 Years, Bachelor of Technology) 	HS 	OBC-NCL 	Gender-Neutral 	2503 	3592
National Institute of Technology, Warangal	Electrical and Electronics Engineering (4 Years, Bachelor of Technology) 	HS 	OBC-NCL 	Female-only (including Supernumerary) 	4635 	5354
National Institute of Technology, Warangal	Electrical and Electronics Engineering (4 Years, Bachelor of Technology) 	OS 	OBC-NCL 	Gender-Neutral 	2175 	2692
National Institute of Technology, Warangal	Electrical and Electronics Engineering (4 Years, Bachelor of Technology) 	OS 	OBC-NCL 	Female-only (including Supernumerary) 	5149 	5855
National Institute of Technology, Warangal	Electronics and Communication Engineering (4 Years, Bachelor of Technology) 	HS 	OBC-NCL 	Gender-Neutral 	1637 	2125
National Institute of Technology, Warangal	Electronics and Communication Engineering (4 Years, Bachelor of Technology) 	HS 	OBC-NCL 	Female-only (including Supernumerary) 	3151 	3172
National Institute of Technology, Warangal	Electronics and Communication Engineering (4 Years, Bachelor of Technology) 	OS 	OBC-NCL 	Gender-Neutral 	1214 	1800
National Institute of Technology, Warangal	Electronics and Communication Engineering (4 Years, Bachelor of Technology) 	OS 	OBC-NCL 	Female-only (including Supernumerary) 	3008 	3309
National Institute of Technology, Warangal	Electronics and Communication Engineering (VLSI Design and Technology) (4 Years, Bachelor of Technology) 	HS 	OBC-NCL 	Gender-Neutral 	1784 	2282
National Institute of Technology, Warangal	Electronics and Communication Engineering (VLSI Design and Technology) (4 Years, Bachelor of Technology) 	HS 	OBC-NCL 	Female-only (including Supernumerary) 	2739 	2739
National Institute of Technology, Warangal	Electronics and Communication Engineering (VLSI Design and Technology) (4 Years, Bachelor of Technology) 	OS 	OBC-NCL 	Gender-Neutral 	1823 	1908
National Institute of Technology, Warangal	Electronics and Communication Engineering (VLSI Design and Technology) (4 Years, Bachelor of Technology) 	OS 	OBC-NCL 	Female-only (including Supernumerary) 	3037 	3037
National Institute of Technology, Warangal	Mathematics (5 Years, Integrated Master of Science) 	HS 	OBC-NCL 	Gender-Neutral 	14038 	14038
National Institute of Technology, Warangal	Mathematics (5 Years, Integrated Master of Science) 	OS 	OBC-NCL 	Gender-Neutral 	4758 	6993
National Institute of Technology, Warangal	Mathematics (5 Years, Integrated Master of Science) 	OS 	OBC-NCL 	Female-only (including Supernumerary) 	13390 	13390
National Institute of Technology, Warangal	Mathematics and Computing (4 Years, Bachelor of Technology) 	HS 	OBC-NCL 	Gender-Neutral 	1508 	1771
National Institute of Technology, Warangal	Mathematics and Computing (4 Years, Bachelor of Technology) 	HS 	OBC-NCL 	Female-only (including Supernumerary) 	2414 	2414
National Institute of Technology, Warangal	Mathematics and Computing (4 Years, Bachelor of Technology) 	OS 	OBC-NCL 	Gender-Neutral 	1089 	1167
National Institute of Technology, Warangal	Mathematics and Computing (4 Years, Bachelor of Technology) 	OS 	OBC-NCL 	Female-only (including Supernumerary) 	2236 	2236
National Institute of Technology, Warangal	Mechanical Engineering (4 Years, Bachelor of Technology) 	HS 	OBC-NCL 	Gender-Neutral 	4096 	6062
National Institute of Technology, Warangal	Mechanical Engineering (4 Years, Bachelor of Technology) 	HS 	OBC-NCL 	Female-only (including Supernumerary) 	10156 	12951
National Institute of Technology, Warangal	Mechanical Engineering (4 Years, Bachelor of Technology) 	OS 	OBC-NCL 	Gender-Neutral 	4147 	5164
National Institute of Technology, Warangal	Mechanical Engineering (4 Years, Bachelor of Technology) 	OS 	OBC-NCL 	Female-only (including Supernumerary) 	8413 	10918
National Institute of Technology, Warangal	Metallurgical and Materials Engineering (4 Years, Bachelor of Technology) 	HS 	OBC-NCL 	Gender-Neutral 	10312 	12271
National Institute of Technology, Warangal	Metallurgical and Materials Engineering (4 Years, Bachelor of Technology) 	HS 	OBC-NCL 	Female-only (including Supernumerary) 	14143 	16454
National Institute of Technology, Warangal	Metallurgical and Materials Engineering (4 Years, Bachelor of Technology) 	OS 	OBC-NCL 	Gender-Neutral 	8374 	9353
National Institute of Technology, Warangal	Metallurgical and Materials Engineering (4 Years, Bachelor of Technology) 	OS 	OBC-NCL 	Female-only (including Supernumerary) 	11827 	11827
National Institute of Technology, Warangal	Metallurgical and Materials Engineering (5 Years, Bachelor and Master of Technology (Dual Degree)) 	HS 	OBC-NCL 	Gender-Neutral 	13242 	13242
National Institute of Technology, Warangal	Metallurgical and Materials Engineering (5 Years, Bachelor and Master of Technology (Dual Degree)) 	OS 	OBC-NCL 	Gender-Neutral 	10720 	10720
National Institute of Technology, Warangal	Metallurgical and Materials Engineering (5 Years, Bachelor and Master of Technology (Dual Degree)) 	OS 	OBC-NCL 	Female-only (including Supernumerary) 	15812 	15812
National Institute of Technology, Warangal	Physics (5 Years, Integrated Master of Science) 	HS 	OBC-NCL 	Gender-Neutral 	14265 	17214
National Institute of Technology, Warangal	Physics (5 Years, Integrated Master of Science) 	OS 	OBC-NCL 	Gender-Neutral 	9104 	9120
National Institute of Technology, Warangal	Physics (5 Years, Integrated Master of Science) 	OS 	OBC-NCL 	Female-only (including Supernumerary) 	13486 	13486
Sardar Vallabhbhai National Institute of Technology, Surat	Artificial Intelligence (4 Years, Bachelor of Technology) 	HS 	OBC-NCL 	Gender-Neutral 	3468 	5688
Sardar Vallabhbhai National Institute of Technology, Surat	Artificial Intelligence (4 Years, Bachelor of Technology) 	HS 	OBC-NCL 	Female-only (including Supernumerary) 	7958 	9169
Sardar Vallabhbhai National Institute of Technology, Surat	Artificial Intelligence (4 Years, Bachelor of Technology) 	OS 	OBC-NCL 	Gender-Neutral 	2885 	3642
Sardar Vallabhbhai National Institute of Technology, Surat	Artificial Intelligence (4 Years, Bachelor of Technology) 	OS 	OBC-NCL 	Female-only (including Supernumerary) 	7474 	7868
Sardar Vallabhbhai National Institute of Technology, Surat	Artificial Intelligence (5 Years, Integrated B. Tech. and M. Tech.) 	HS 	OBC-NCL 	Gender-Neutral 	5036 	6535
Sardar Vallabhbhai National Institute of Technology, Surat	Artificial Intelligence (5 Years, Integrated B. Tech. and M. Tech.) 	HS 	OBC-NCL 	Female-only (including Supernumerary) 	12472 	12472
Sardar Vallabhbhai National Institute of Technology, Surat	Artificial Intelligence (5 Years, Integrated B. Tech. and M. Tech.) 	OS 	OBC-NCL 	Gender-Neutral 	3909 	4969
Sardar Vallabhbhai National Institute of Technology, Surat	Artificial Intelligence (5 Years, Integrated B. Tech. and M. Tech.) 	OS 	OBC-NCL 	Female-only (including Supernumerary) 	8960 	8960
Sardar Vallabhbhai National Institute of Technology, Surat	Chemical Engineering (4 Years, Bachelor of Technology) 	HS 	OBC-NCL 	Gender-Neutral 	13281 	20410
Sardar Vallabhbhai National Institute of Technology, Surat	Chemical Engineering (4 Years, Bachelor of Technology) 	HS 	OBC-NCL 	Female-only (including Supernumerary) 	24154 	30284
Sardar Vallabhbhai National Institute of Technology, Surat	Chemical Engineering (4 Years, Bachelor of Technology) 	OS 	OBC-NCL 	Gender-Neutral 	9576 	10705
Sardar Vallabhbhai National Institute of Technology, Surat	Chemical Engineering (4 Years, Bachelor of Technology) 	OS 	OBC-NCL 	Female-only (including Supernumerary) 	15992 	17522
Sardar Vallabhbhai National Institute of Technology, Surat	Chemistry (5 Years, Integrated Master of Science) 	HS 	OBC-NCL 	Gender-Neutral 	33572 	37646
Sardar Vallabhbhai National Institute of Technology, Surat	Chemistry (5 Years, Integrated Master of Science) 	OS 	OBC-NCL 	Gender-Neutral 	17231 	17811
Sardar Vallabhbhai National Institute of Technology, Surat	Civil Engineering (4 Years, Bachelor of Technology) 	HS 	OBC-NCL 	Gender-Neutral 	18630 	23222
Sardar Vallabhbhai National Institute of Technology, Surat	Civil Engineering (4 Years, Bachelor of Technology) 	HS 	OBC-NCL 	Female-only (including Supernumerary) 	20438 	37904
Sardar Vallabhbhai National Institute of Technology, Surat	Civil Engineering (4 Years, Bachelor of Technology) 	OS 	OBC-NCL 	Gender-Neutral 	11428 	12136
Sardar Vallabhbhai National Institute of Technology, Surat	Civil Engineering (4 Years, Bachelor of Technology) 	OS 	OBC-NCL 	Female-only (including Supernumerary) 	15499 	19920
Sardar Vallabhbhai National Institute of Technology, Surat	Computer Science and Engineering (4 Years, Bachelor of Technology) 	HS 	OBC-NCL 	Gender-Neutral 	1943 	3439
Sardar Vallabhbhai National Institute of Technology, Surat	Computer Science and Engineering (4 Years, Bachelor of Technology) 	HS 	OBC-NCL 	Female-only (including Supernumerary) 	6264 	8392
Sardar Vallabhbhai National Institute of Technology, Surat	Computer Science and Engineering (4 Years, Bachelor of Technology) 	OS 	OBC-NCL 	Gender-Neutral 	2085 	2856
Sardar Vallabhbhai National Institute of Technology, Surat	Computer Science and Engineering (4 Years, Bachelor of Technology) 	OS 	OBC-NCL 	Female-only (including Supernumerary) 	4768 	6707
Sardar Vallabhbhai National Institute of Technology, Surat	Electrical Engineering (4 Years, Bachelor of Technology) 	HS 	OBC-NCL 	Gender-Neutral 	5981 	12985
Sardar Vallabhbhai National Institute of Technology, Surat	Electrical Engineering (4 Years, Bachelor of Technology) 	HS 	OBC-NCL 	Female-only (including Supernumerary) 	10167 	19686
Sardar Vallabhbhai National Institute of Technology, Surat	Electrical Engineering (4 Years, Bachelor of Technology) 	OS 	OBC-NCL 	Gender-Neutral 	5173 	6464
Sardar Vallabhbhai National Institute of Technology, Surat	Electrical Engineering (4 Years, Bachelor of Technology) 	OS 	OBC-NCL 	Female-only (including Supernumerary) 	11754 	12022
Sardar Vallabhbhai National Institute of Technology, Surat	Electronics and Communication Engineering (4 Years, Bachelor of Technology) 	HS 	OBC-NCL 	Gender-Neutral 	4343 	7207
Sardar Vallabhbhai National Institute of Technology, Surat	Electronics and Communication Engineering (4 Years, Bachelor of Technology) 	HS 	OBC-NCL 	Female-only (including Supernumerary) 	8704 	15123
Sardar Vallabhbhai National Institute of Technology, Surat	Electronics and Communication Engineering (4 Years, Bachelor of Technology) 	OS 	OBC-NCL 	Gender-Neutral 	3863 	4920
Sardar Vallabhbhai National Institute of Technology, Surat	Electronics and Communication Engineering (4 Years, Bachelor of Technology) 	OS 	OBC-NCL 	Female-only (including Supernumerary) 	7873 	8936
Sardar Vallabhbhai National Institute of Technology, Surat	Electronics and VLSI Engineering (4 Years, Bachelor of Technology) 	HS 	OBC-NCL 	Gender-Neutral 	5287 	8770
Sardar Vallabhbhai National Institute of Technology, Surat	Electronics and VLSI Engineering (4 Years, Bachelor of Technology) 	HS 	OBC-NCL 	Female-only (including Supernumerary) 	14908 	14908
Sardar Vallabhbhai National Institute of Technology, Surat	Electronics and VLSI Engineering (4 Years, Bachelor of Technology) 	OS 	OBC-NCL 	Gender-Neutral 	5155 	5610
Sardar Vallabhbhai National Institute of Technology, Surat	Electronics and VLSI Engineering (4 Years, Bachelor of Technology) 	OS 	OBC-NCL 	Female-only (including Supernumerary) 	9986 	9986
Sardar Vallabhbhai National Institute of Technology, Surat	Engineering Physics (4 Years, Bachelor of Technology) 	HS 	OBC-NCL 	Gender-Neutral 	16354 	17976
Sardar Vallabhbhai National Institute of Technology, Surat	Engineering Physics (4 Years, Bachelor of Technology) 	HS 	OBC-NCL 	Female-only (including Supernumerary) 	29370 	29370
Sardar Vallabhbhai National Institute of Technology, Surat	Engineering Physics (4 Years, Bachelor of Technology) 	OS 	OBC-NCL 	Gender-Neutral 	10028 	10149
Sardar Vallabhbhai National Institute of Technology, Surat	Engineering Physics (4 Years, Bachelor of Technology) 	OS 	OBC-NCL 	Female-only (including Supernumerary) 	14231 	14231
Sardar Vallabhbhai National Institute of Technology, Surat	Industrial Chemistry (4 Years, Bachelor of Technology) 	HS 	OBC-NCL 	Gender-Neutral 	22117 	25684
Sardar Vallabhbhai National Institute of Technology, Surat	Industrial Chemistry (4 Years, Bachelor of Technology) 	HS 	OBC-NCL 	Female-only (including Supernumerary) 	33172 	33172
Sardar Vallabhbhai National Institute of Technology, Surat	Industrial Chemistry (4 Years, Bachelor of Technology) 	OS 	OBC-NCL 	Gender-Neutral 	14676 	15075
Sardar Vallabhbhai National Institute of Technology, Surat	Industrial Chemistry (4 Years, Bachelor of Technology) 	OS 	OBC-NCL 	Female-only (including Supernumerary) 	20801 	20801
Sardar Vallabhbhai National Institute of Technology, Surat	Mathematics (5 Years, Integrated Master of Science) 	HS 	OBC-NCL 	Gender-Neutral 	25025 	35049
Sardar Vallabhbhai National Institute of Technology, Surat	Mathematics (5 Years, Integrated Master of Science) 	OS 	OBC-NCL 	Gender-Neutral 	13892 	15440
Sardar Vallabhbhai National Institute of Technology, Surat	Mathematics and Computing (4 Years, Bachelor of Technology) 	HS 	OBC-NCL 	Gender-Neutral 	3459 	4645
Sardar Vallabhbhai National Institute of Technology, Surat	Mathematics and Computing (4 Years, Bachelor of Technology) 	HS 	OBC-NCL 	Female-only (including Supernumerary) 	8469 	8469
Sardar Vallabhbhai National Institute of Technology, Surat	Mathematics and Computing (4 Years, Bachelor of Technology) 	OS 	OBC-NCL 	Gender-Neutral 	3898 	4010
Sardar Vallabhbhai National Institute of Technology, Surat	Mathematics and Computing (4 Years, Bachelor of Technology) 	OS 	OBC-NCL 	Female-only (including Supernumerary) 	8259 	8259
Sardar Vallabhbhai National Institute of Technology, Surat	Mechanical Engineering (4 Years, Bachelor of Technology) 	HS 	OBC-NCL 	Gender-Neutral 	9083 	18558
Sardar Vallabhbhai National Institute of Technology, Surat	Mechanical Engineering (4 Years, Bachelor of Technology) 	HS 	OBC-NCL 	Female-only (including Supernumerary) 	28078 	44132
Sardar Vallabhbhai National Institute of Technology, Surat	Mechanical Engineering (4 Years, Bachelor of Technology) 	OS 	OBC-NCL 	Gender-Neutral 	7478 	9186
Sardar Vallabhbhai National Institute of Technology, Surat	Mechanical Engineering (4 Years, Bachelor of Technology) 	OS 	OBC-NCL 	Female-only (including Supernumerary) 	14585 	17913
Sardar Vallabhbhai National Institute of Technology, Surat	Physics (5 Years, Integrated Master of Science) 	HS 	OBC-NCL 	Gender-Neutral 	27100 	35059
Sardar Vallabhbhai National Institute of Technology, Surat	Physics (5 Years, Integrated Master of Science) 	OS 	OBC-NCL 	Gender-Neutral 	12576 	16792
Visvesvaraya National Institute of Technology, Nagpur	Architecture (5 Years, Bachelor of Architecture) 	HS 	OBC-NCL 	Gender-Neutral 	384 	634
Visvesvaraya National Institute of Technology, Nagpur	Architecture (5 Years, Bachelor of Architecture) 	HS 	OBC-NCL 	Female-only (including Supernumerary) 	363 	454
Visvesvaraya National Institute of Technology, Nagpur	Architecture (5 Years, Bachelor of Architecture) 	OS 	OBC-NCL 	Gender-Neutral 	235 	395
Visvesvaraya National Institute of Technology, Nagpur	Architecture (5 Years, Bachelor of Architecture) 	OS 	OBC-NCL 	Female-only (including Supernumerary) 	313 	337
Visvesvaraya National Institute of Technology, Nagpur	Chemical Engineering (4 Years, Bachelor of Technology) 	HS 	OBC-NCL 	Gender-Neutral 	7788 	11258
Visvesvaraya National Institute of Technology, Nagpur	Chemical Engineering (4 Years, Bachelor of Technology) 	HS 	OBC-NCL 	Female-only (including Supernumerary) 	11940 	16192
Visvesvaraya National Institute of Technology, Nagpur	Chemical Engineering (4 Years, Bachelor of Technology) 	OS 	OBC-NCL 	Gender-Neutral 	8148 	9358
Visvesvaraya National Institute of Technology, Nagpur	Chemical Engineering (4 Years, Bachelor of Technology) 	OS 	OBC-NCL 	Female-only (including Supernumerary) 	11939 	13952
Visvesvaraya National Institute of Technology, Nagpur	Civil Engineering (4 Years, Bachelor of Technology) 	HS 	OBC-NCL 	Gender-Neutral 	11625 	14135
Visvesvaraya National Institute of Technology, Nagpur	Civil Engineering (4 Years, Bachelor of Technology) 	HS 	OBC-NCL 	Female-only (including Supernumerary) 	17452 	20439
Visvesvaraya National Institute of Technology, Nagpur	Civil Engineering (4 Years, Bachelor of Technology) 	OS 	OBC-NCL 	Gender-Neutral 	10022 	11227
Visvesvaraya National Institute of Technology, Nagpur	Civil Engineering (4 Years, Bachelor of Technology) 	OS 	OBC-NCL 	Female-only (including Supernumerary) 	14737 	15442
Visvesvaraya National Institute of Technology, Nagpur	Computer Science and Engineering (4 Years, Bachelor of Technology) 	HS 	OBC-NCL 	Gender-Neutral 	1683 	2385
Visvesvaraya National Institute of Technology, Nagpur	Computer Science and Engineering (4 Years, Bachelor of Technology) 	HS 	OBC-NCL 	Female-only (including Supernumerary) 	3656 	4202
Visvesvaraya National Institute of Technology, Nagpur	Computer Science and Engineering (4 Years, Bachelor of Technology) 	OS 	OBC-NCL 	Gender-Neutral 	1260 	2218
Visvesvaraya National Institute of Technology, Nagpur	Computer Science and Engineering (4 Years, Bachelor of Technology) 	OS 	OBC-NCL 	Female-only (including Supernumerary) 	3985 	4522
Visvesvaraya National Institute of Technology, Nagpur	Electrical and Electronics Engineering (4 Years, Bachelor of Technology) 	HS 	OBC-NCL 	Gender-Neutral 	4450 	5564
Visvesvaraya National Institute of Technology, Nagpur	Electrical and Electronics Engineering (4 Years, Bachelor of Technology) 	HS 	OBC-NCL 	Female-only (including Supernumerary) 	9276 	11012
Visvesvaraya National Institute of Technology, Nagpur	Electrical and Electronics Engineering (4 Years, Bachelor of Technology) 	OS 	OBC-NCL 	Gender-Neutral 	4125 	5145
Visvesvaraya National Institute of Technology, Nagpur	Electrical and Electronics Engineering (4 Years, Bachelor of Technology) 	OS 	OBC-NCL 	Female-only (including Supernumerary) 	8438 	9713
Visvesvaraya National Institute of Technology, Nagpur	Electronics and Communication Engineering (4 Years, Bachelor of Technology) 	HS 	OBC-NCL 	Gender-Neutral 	3281 	4300
Visvesvaraya National Institute of Technology, Nagpur	Electronics and Communication Engineering (4 Years, Bachelor of Technology) 	HS 	OBC-NCL 	Female-only (including Supernumerary) 	4432 	6933
Visvesvaraya National Institute of Technology, Nagpur	Electronics and Communication Engineering (4 Years, Bachelor of Technology) 	OS 	OBC-NCL 	Gender-Neutral 	2865 	3891
Visvesvaraya National Institute of Technology, Nagpur	Electronics and Communication Engineering (4 Years, Bachelor of Technology) 	OS 	OBC-NCL 	Female-only (including Supernumerary) 	6427 	6806
Visvesvaraya National Institute of Technology, Nagpur	Mechanical Engineering (4 Years, Bachelor of Technology) 	HS 	OBC-NCL 	Gender-Neutral 	5737 	7786
Visvesvaraya National Institute of Technology, Nagpur	Mechanical Engineering (4 Years, Bachelor of Technology) 	HS 	OBC-NCL 	Female-only (including Supernumerary) 	12007 	14540
Visvesvaraya National Institute of Technology, Nagpur	Mechanical Engineering (4 Years, Bachelor of Technology) 	OS 	OBC-NCL 	Gender-Neutral 	6446 	7356
Visvesvaraya National Institute of Technology, Nagpur	Mechanical Engineering (4 Years, Bachelor of Technology) 	OS 	OBC-NCL 	Female-only (including Supernumerary) 	10676 	13476
Visvesvaraya National Institute of Technology, Nagpur	Metallurgical and Materials Engineering (4 Years, Bachelor of Technology) 	HS 	OBC-NCL 	Gender-Neutral 	12411 	15824
Visvesvaraya National Institute of Technology, Nagpur	Metallurgical and Materials Engineering (4 Years, Bachelor of Technology) 	HS 	OBC-NCL 	Female-only (including Supernumerary) 	16726 	20457
Visvesvaraya National Institute of Technology, Nagpur	Metallurgical and Materials Engineering (4 Years, Bachelor of Technology) 	OS 	OBC-NCL 	Gender-Neutral 	11369 	13165
Visvesvaraya National Institute of Technology, Nagpur	Metallurgical and Materials Engineering (4 Years, Bachelor of Technology) 	OS 	OBC-NCL 	Female-only (including Supernumerary) 	16975 	18446
Visvesvaraya National Institute of Technology, Nagpur	Mining Engineering (4 Years, Bachelor of Technology) 	HS 	OBC-NCL 	Gender-Neutral 	15864 	16167
Visvesvaraya National Institute of Technology, Nagpur	Mining Engineering (4 Years, Bachelor of Technology) 	HS 	OBC-NCL 	Female-only (including Supernumerary) 	20984 	21343
Visvesvaraya National Institute of Technology, Nagpur	Mining Engineering (4 Years, Bachelor of Technology) 	OS 	OBC-NCL 	Gender-Neutral 	13522 	14336
Visvesvaraya National Institute of Technology, Nagpur	Mining Engineering (4 Years, Bachelor of Technology) 	OS 	OBC-NCL 	Female-only (including Supernumerary) 	20814 	21114
National Institute of Technology, Andhra Pradesh	Bio Technology (4 Years, Bachelor of Technology) 	HS 	OBC-NCL 	Gender-Neutral 	17900 	18524
National Institute of Technology, Andhra Pradesh	Bio Technology (4 Years, Bachelor of Technology) 	HS 	OBC-NCL 	Female-only (including Supernumerary) 	20876 	20876
National Institute of Technology, Andhra Pradesh	Bio Technology (4 Years, Bachelor of Technology) 	OS 	OBC-NCL 	Gender-Neutral 	14681 	16297
National Institute of Technology, Andhra Pradesh	Bio Technology (4 Years, Bachelor of Technology) 	OS 	OBC-NCL 	Female-only (including Supernumerary) 	15080 	15080
National Institute of Technology, Andhra Pradesh	Chemical Engineering (4 Years, Bachelor of Technology) 	HS 	OBC-NCL 	Gender-Neutral 	15826 	17208
National Institute of Technology, Andhra Pradesh	Chemical Engineering (4 Years, Bachelor of Technology) 	HS 	OBC-NCL 	Female-only (including Supernumerary) 	19966 	19966
National Institute of Technology, Andhra Pradesh	Chemical Engineering (4 Years, Bachelor of Technology) 	OS 	OBC-NCL 	Gender-Neutral 	13662 	15324
National Institute of Technology, Andhra Pradesh	Chemical Engineering (4 Years, Bachelor of Technology) 	OS 	OBC-NCL 	Female-only (including Supernumerary) 	18629 	18629
National Institute of Technology, Andhra Pradesh	Civil Engineering (4 Years, Bachelor of Technology) 	HS 	OBC-NCL 	Gender-Neutral 	15647 	17333
National Institute of Technology, Andhra Pradesh	Civil Engineering (4 Years, Bachelor of Technology) 	HS 	OBC-NCL 	Female-only (including Supernumerary) 	20977 	20977
National Institute of Technology, Andhra Pradesh	Civil Engineering (4 Years, Bachelor of Technology) 	OS 	OBC-NCL 	Gender-Neutral 	15629 	15865
National Institute of Technology, Andhra Pradesh	Civil Engineering (4 Years, Bachelor of Technology) 	OS 	OBC-NCL 	Female-only (including Supernumerary) 	18996 	18996
National Institute of Technology, Andhra Pradesh	Computer Science and Engineering (4 Years, Bachelor of Technology) 	HS 	OBC-NCL 	Gender-Neutral 	4607 	6789
National Institute of Technology, Andhra Pradesh	Computer Science and Engineering (4 Years, Bachelor of Technology) 	HS 	OBC-NCL 	Female-only (including Supernumerary) 	7063 	7736
National Institute of Technology, Andhra Pradesh	Computer Science and Engineering (4 Years, Bachelor of Technology) 	OS 	OBC-NCL 	Gender-Neutral 	4712 	5741
National Institute of Technology, Andhra Pradesh	Computer Science and Engineering (4 Years, Bachelor of Technology) 	OS 	OBC-NCL 	Female-only (including Supernumerary) 	8539 	8815
National Institute of Technology, Andhra Pradesh	Electrical and Electronics Engineering (4 Years, Bachelor of Technology) 	HS 	OBC-NCL 	Gender-Neutral 	9685 	12092
National Institute of Technology, Andhra Pradesh	Electrical and Electronics Engineering (4 Years, Bachelor of Technology) 	HS 	OBC-NCL 	Female-only (including Supernumerary) 	16136 	16172
National Institute of Technology, Andhra Pradesh	Electrical and Electronics Engineering (4 Years, Bachelor of Technology) 	OS 	OBC-NCL 	Gender-Neutral 	9346 	10929
National Institute of Technology, Andhra Pradesh	Electrical and Electronics Engineering (4 Years, Bachelor of Technology) 	OS 	OBC-NCL 	Female-only (including Supernumerary) 	14101 	15500
National Institute of Technology, Andhra Pradesh	Electronics and Communication Engineering (4 Years, Bachelor of Technology) 	HS 	OBC-NCL 	Gender-Neutral 	7112 	8916
National Institute of Technology, Andhra Pradesh	Electronics and Communication Engineering (4 Years, Bachelor of Technology) 	HS 	OBC-NCL 	Female-only (including Supernumerary) 	11133 	12652
National Institute of Technology, Andhra Pradesh	Electronics and Communication Engineering (4 Years, Bachelor of Technology) 	OS 	OBC-NCL 	Gender-Neutral 	6698 	7918
National Institute of Technology, Andhra Pradesh	Electronics and Communication Engineering (4 Years, Bachelor of Technology) 	OS 	OBC-NCL 	Female-only (including Supernumerary) 	11292 	11796
National Institute of Technology, Andhra Pradesh	Mechanical Engineering (4 Years, Bachelor of Technology) 	HS 	OBC-NCL 	Gender-Neutral 	12585 	14353
National Institute of Technology, Andhra Pradesh	Mechanical Engineering (4 Years, Bachelor of Technology) 	HS 	OBC-NCL 	Female-only (including Supernumerary) 	18620 	18620
National Institute of Technology, Andhra Pradesh	Mechanical Engineering (4 Years, Bachelor of Technology) 	OS 	OBC-NCL 	Gender-Neutral 	12533 	13331
National Institute of Technology, Andhra Pradesh	Mechanical Engineering (4 Years, Bachelor of Technology) 	OS 	OBC-NCL 	Female-only (including Supernumerary) 	17683 	17683
National Institute of Technology, Andhra Pradesh	Metallurgical and Materials Engineering (4 Years, Bachelor of Technology) 	HS 	OBC-NCL 	Gender-Neutral 	18110 	18681
National Institute of Technology, Andhra Pradesh	Metallurgical and Materials Engineering (4 Years, Bachelor of Technology) 	HS 	OBC-NCL 	Female-only (including Supernumerary) 	20930 	20930
National Institute of Technology, Andhra Pradesh	Metallurgical and Materials Engineering (4 Years, Bachelor of Technology) 	OS 	OBC-NCL 	Gender-Neutral 	15666 	16708
National Institute of Technology, Andhra Pradesh	Metallurgical and Materials Engineering (4 Years, Bachelor of Technology) 	OS 	OBC-NCL 	Female-only (including Supernumerary) 	14774 	14774
Indian Institute of Engineering Science and Technology, Shibpur	Aerospace Engineering (4 Years, Bachelor of Technology) 	HS 	OBC-NCL 	Gender-Neutral 	13215 	26949
Indian Institute of Engineering Science and Technology, Shibpur	Aerospace Engineering (4 Years, Bachelor of Technology) 	HS 	OBC-NCL 	Female-only (including Supernumerary) 	26630 	26630
Indian Institute of Engineering Science and Technology, Shibpur	Aerospace Engineering (4 Years, Bachelor of Technology) 	OS 	OBC-NCL 	Gender-Neutral 	7784 	8910
Indian Institute of Engineering Science and Technology, Shibpur	Aerospace Engineering (4 Years, Bachelor of Technology) 	OS 	OBC-NCL 	Female-only (including Supernumerary) 	15839 	15839
Indian Institute of Engineering Science and Technology, Shibpur	Architecture (5 Years, Bachelor of Architecture) 	HS 	OBC-NCL 	Gender-Neutral 	1102 	1400
Indian Institute of Engineering Science and Technology, Shibpur	Architecture (5 Years, Bachelor of Architecture) 	HS 	OBC-NCL 	Female-only (including Supernumerary) 	907 	907
Indian Institute of Engineering Science and Technology, Shibpur	Architecture (5 Years, Bachelor of Architecture) 	OS 	OBC-NCL 	Gender-Neutral 	326 	450
Indian Institute of Engineering Science and Technology, Shibpur	Architecture (5 Years, Bachelor of Architecture) 	OS 	OBC-NCL 	Female-only (including Supernumerary) 	334 	334
Indian Institute of Engineering Science and Technology, Shibpur	Civil Engineering (4 Years, Bachelor of Technology) 	HS 	OBC-NCL 	Gender-Neutral 	24370 	32367
Indian Institute of Engineering Science and Technology, Shibpur	Civil Engineering (4 Years, Bachelor of Technology) 	HS 	OBC-NCL 	Female-only (including Supernumerary) 	38764 	43221
Indian Institute of Engineering Science and Technology, Shibpur	Civil Engineering (4 Years, Bachelor of Technology) 	OS 	OBC-NCL 	Gender-Neutral 	14786 	15806
Indian Institute of Engineering Science and Technology, Shibpur	Civil Engineering (4 Years, Bachelor of Technology) 	OS 	OBC-NCL 	Female-only (including Supernumerary) 	22505 	23485
Indian Institute of Engineering Science and Technology, Shibpur	Computer Science and Engineering (4 Years, Bachelor of Technology) 	HS 	OBC-NCL 	Gender-Neutral 	5652 	9867
Indian Institute of Engineering Science and Technology, Shibpur	Computer Science and Engineering (4 Years, Bachelor of Technology) 	HS 	OBC-NCL 	Female-only (including Supernumerary) 	19383 	20269
Indian Institute of Engineering Science and Technology, Shibpur	Computer Science and Engineering (4 Years, Bachelor of Technology) 	OS 	OBC-NCL 	Gender-Neutral 	4702 	5730
Indian Institute of Engineering Science and Technology, Shibpur	Computer Science and Engineering (4 Years, Bachelor of Technology) 	OS 	OBC-NCL 	Female-only (including Supernumerary) 	11308 	11392
Indian Institute of Engineering Science and Technology, Shibpur	Electrical Engineering (4 Years, Bachelor of Technology) 	HS 	OBC-NCL 	Gender-Neutral 	16531 	19274
Indian Institute of Engineering Science and Technology, Shibpur	Electrical Engineering (4 Years, Bachelor of Technology) 	HS 	OBC-NCL 	Female-only (including Supernumerary) 	26660 	29812
Indian Institute of Engineering Science and Technology, Shibpur	Electrical Engineering (4 Years, Bachelor of Technology) 	OS 	OBC-NCL 	Gender-Neutral 	8145 	9285
Indian Institute of Engineering Science and Technology, Shibpur	Electrical Engineering (4 Years, Bachelor of Technology) 	OS 	OBC-NCL 	Female-only (including Supernumerary) 	13579 	16496
Indian Institute of Engineering Science and Technology, Shibpur	Electronics and Telecommunication Engineering (4 Years, Bachelor of Technology) 	HS 	OBC-NCL 	Gender-Neutral 	13529 	16334
Indian Institute of Engineering Science and Technology, Shibpur	Electronics and Telecommunication Engineering (4 Years, Bachelor of Technology) 	HS 	OBC-NCL 	Female-only (including Supernumerary) 	24866 	24866
Indian Institute of Engineering Science and Technology, Shibpur	Electronics and Telecommunication Engineering (4 Years, Bachelor of Technology) 	OS 	OBC-NCL 	Gender-Neutral 	6823 	7765
Indian Institute of Engineering Science and Technology, Shibpur	Electronics and Telecommunication Engineering (4 Years, Bachelor of Technology) 	OS 	OBC-NCL 	Female-only (including Supernumerary) 	15045 	15115
Indian Institute of Engineering Science and Technology, Shibpur	Information Technology (4 Years, Bachelor of Technology) 	HS 	OBC-NCL 	Gender-Neutral 	13946 	15692
Indian Institute of Engineering Science and Technology, Shibpur	Information Technology (4 Years, Bachelor of Technology) 	HS 	OBC-NCL 	Female-only (including Supernumerary) 	21731 	22386
Indian Institute of Engineering Science and Technology, Shibpur	Information Technology (4 Years, Bachelor of Technology) 	OS 	OBC-NCL 	Gender-Neutral 	5979 	6570
Indian Institute of Engineering Science and Technology, Shibpur	Information Technology (4 Years, Bachelor of Technology) 	OS 	OBC-NCL 	Female-only (including Supernumerary) 	11638 	12375
Indian Institute of Engineering Science and Technology, Shibpur	Mechanical Engineering (4 Years, Bachelor of Technology) 	HS 	OBC-NCL 	Gender-Neutral 	20191 	25222
Indian Institute of Engineering Science and Technology, Shibpur	Mechanical Engineering (4 Years, Bachelor of Technology) 	HS 	OBC-NCL 	Female-only (including Supernumerary) 	33450 	34141
Indian Institute of Engineering Science and Technology, Shibpur	Mechanical Engineering (4 Years, Bachelor of Technology) 	OS 	OBC-NCL 	Gender-Neutral 	11198 	12217
Indian Institute of Engineering Science and Technology, Shibpur	Mechanical Engineering (4 Years, Bachelor of Technology) 	OS 	OBC-NCL 	Female-only (including Supernumerary) 	19002 	20714
Indian Institute of Engineering Science and Technology, Shibpur	Metallurgy and Materials Engineering (4 Years, Bachelor of Technology) 	HS 	OBC-NCL 	Gender-Neutral 	28912 	31835
Indian Institute of Engineering Science and Technology, Shibpur	Metallurgy and Materials Engineering (4 Years, Bachelor of Technology) 	HS 	OBC-NCL 	Female-only (including Supernumerary) 	31241 	31241
Indian Institute of Engineering Science and Technology, Shibpur	Metallurgy and Materials Engineering (4 Years, Bachelor of Technology) 	OS 	OBC-NCL 	Gender-Neutral 	14624 	16179
Indian Institute of Engineering Science and Technology, Shibpur	Metallurgy and Materials Engineering (4 Years, Bachelor of Technology) 	OS 	OBC-NCL 	Female-only (including Supernumerary) 	21891 	21891
Indian Institute of Engineering Science and Technology, Shibpur	Mining Engineering (4 Years, Bachelor of Technology) 	HS 	OBC-NCL 	Gender-Neutral 	30258 	33912
Indian Institute of Engineering Science and Technology, Shibpur	Mining Engineering (4 Years, Bachelor of Technology) 	HS 	OBC-NCL 	Female-only (including Supernumerary) 	42989 	42989
Indian Institute of Engineering Science and Technology, Shibpur	Mining Engineering (4 Years, Bachelor of Technology) 	OS 	OBC-NCL 	Gender-Neutral 	16368 	17526
Indian Institute of Engineering Science and Technology, Shibpur	Mining Engineering (4 Years, Bachelor of Technology) 	OS 	OBC-NCL 	Female-only (including Supernumerary) 	23303 	24074
Atal Bihari Vajpayee Indian Institute of Information Technology & Management Gwalior	Computer Science and Engineering (4 Years, Bachelor of Technology) 	AI 	OBC-NCL 	Gender-Neutral 	2538 	3300
Atal Bihari Vajpayee Indian Institute of Information Technology & Management Gwalior	Computer Science and Engineering (4 Years, Bachelor of Technology) 	AI 	OBC-NCL 	Female-only (including Supernumerary) 	4902 	6583
Atal Bihari Vajpayee Indian Institute of Information Technology & Management Gwalior	Electrical and Electronics Engineering (4 Years, Bachelor of Technology) 	AI 	OBC-NCL 	Gender-Neutral 	4044 	6241
Atal Bihari Vajpayee Indian Institute of Information Technology & Management Gwalior	Electrical and Electronics Engineering (4 Years, Bachelor of Technology) 	AI 	OBC-NCL 	Female-only (including Supernumerary) 	13108 	14184
Atal Bihari Vajpayee Indian Institute of Information Technology & Management Gwalior	Integrated B. Tech.(IT) and M. Tech (IT) (5 Years, Integrated B. Tech. and M. Tech.) 	AI 	OBC-NCL 	Gender-Neutral 	4150 	5245
Atal Bihari Vajpayee Indian Institute of Information Technology & Management Gwalior	Integrated B. Tech.(IT) and M. Tech (IT) (5 Years, Integrated B. Tech. and M. Tech.) 	AI 	OBC-NCL 	Female-only (including Supernumerary) 	9391 	10183
Atal Bihari Vajpayee Indian Institute of Information Technology & Management Gwalior	Integrated B. Tech.(IT) and MBA (5 Years, Integrated B. Tech. and MBA) 	AI 	OBC-NCL 	Gender-Neutral 	5151 	6033
Atal Bihari Vajpayee Indian Institute of Information Technology & Management Gwalior	Integrated B. Tech.(IT) and MBA (5 Years, Integrated B. Tech. and MBA) 	AI 	OBC-NCL 	Female-only (including Supernumerary) 	10281 	10675
Atal Bihari Vajpayee Indian Institute of Information Technology & Management Gwalior	Mathematics and Scientific Computing (4 Years, Bachelor of Technology) 	AI 	OBC-NCL 	Gender-Neutral 	3438 	4696
Atal Bihari Vajpayee Indian Institute of Information Technology & Management Gwalior	Mathematics and Scientific Computing (4 Years, Bachelor of Technology) 	AI 	OBC-NCL 	Female-only (including Supernumerary) 	8474 	10045
Indian Institute of Information Technology (IIIT)Kota, Rajasthan	Artificial Intelligence and Data Engineering (4 Years, Bachelor of Technology) 	AI 	OBC-NCL 	Gender-Neutral 	8874 	11404
Indian Institute of Information Technology (IIIT)Kota, Rajasthan	Artificial Intelligence and Data Engineering (4 Years, Bachelor of Technology) 	AI 	OBC-NCL 	Female-only (including Supernumerary) 	17147 	17695
Indian Institute of Information Technology (IIIT)Kota, Rajasthan	Computer Science and Engineering (4 Years, Bachelor of Technology) 	AI 	OBC-NCL 	Gender-Neutral 	6766 	10485
Indian Institute of Information Technology (IIIT)Kota, Rajasthan	Computer Science and Engineering (4 Years, Bachelor of Technology) 	AI 	OBC-NCL 	Female-only (including Supernumerary) 	12749 	16526
Indian Institute of Information Technology (IIIT)Kota, Rajasthan	Electronics and Communication Engineering (4 Years, Bachelor of Technology) 	AI 	OBC-NCL 	Gender-Neutral 	12083 	13264
Indian Institute of Information Technology (IIIT)Kota, Rajasthan	Electronics and Communication Engineering (4 Years, Bachelor of Technology) 	AI 	OBC-NCL 	Female-only (including Supernumerary) 	19202 	19475
Indian Institute of Information Technology Guwahati	Computer Science and Engineering (4 Years, Bachelor of Technology) 	AI 	OBC-NCL 	Gender-Neutral 	5543 	8096
Indian Institute of Information Technology Guwahati	Computer Science and Engineering (4 Years, Bachelor of Technology) 	AI 	OBC-NCL 	Female-only (including Supernumerary) 	12545 	15218
Indian Institute of Information Technology Guwahati	Electronics and Communication Engineering (4 Years, Bachelor of Technology) 	AI 	OBC-NCL 	Gender-Neutral 	8160 	11962
Indian Institute of Information Technology Guwahati	Electronics and Communication Engineering (4 Years, Bachelor of Technology) 	AI 	OBC-NCL 	Female-only (including Supernumerary) 	16390 	19046
Indian Institute of Information Technology(IIIT) Kalyani, West Bengal	Computer Science and Engineering ( Artificial Intelligence & Data Science) (4 Years, Bachelor of Technology) 	AI 	OBC-NCL 	Gender-Neutral 	12828 	15229
Indian Institute of Information Technology(IIIT) Kalyani, West Bengal	Computer Science and Engineering ( Artificial Intelligence & Data Science) (4 Years, Bachelor of Technology) 	AI 	OBC-NCL 	Female-only (including Supernumerary) 	18618 	18618
Indian Institute of Information Technology(IIIT) Kalyani, West Bengal	Computer Science and Engineering (4 Years, Bachelor of Technology) 	AI 	OBC-NCL 	Gender-Neutral 	12330 	15760
Indian Institute of Information Technology(IIIT) Kalyani, West Bengal	Computer Science and Engineering (4 Years, Bachelor of Technology) 	AI 	OBC-NCL 	Female-only (including Supernumerary) 	17885 	19082
Indian Institute of Information Technology(IIIT) Kalyani, West Bengal	Computer Science and Engineering (Cyber Security) (4 Years, Bachelor of Technology) 	AI 	OBC-NCL 	Gender-Neutral 	15340 	16000
Indian Institute of Information Technology(IIIT) Kalyani, West Bengal	Computer Science and Engineering (Cyber Security) (4 Years, Bachelor of Technology) 	AI 	OBC-NCL 	Female-only (including Supernumerary) 	19120 	19120
Indian Institute of Information Technology(IIIT) Kalyani, West Bengal	Electronics and Communication Engineering (4 Years, Bachelor of Technology) 	AI 	OBC-NCL 	Gender-Neutral 	13068 	16742
Indian Institute of Information Technology(IIIT) Kalyani, West Bengal	Electronics and Communication Engineering (4 Years, Bachelor of Technology) 	AI 	OBC-NCL 	Female-only (including Supernumerary) 	19386 	19386
Indian Institute of Information Technology(IIIT) Kilohrad, Sonepat, Haryana	Computer Science and Engineering (4 Years, Bachelor of Technology) 	AI 	OBC-NCL 	Gender-Neutral 	8626 	12531
Indian Institute of Information Technology(IIIT) Kilohrad, Sonepat, Haryana	CSE ( Data Science & Analytics) (4 Years, Bachelor of Technology) 	AI 	OBC-NCL 	Gender-Neutral 	11034 	13864
Indian Institute of Information Technology(IIIT) Kilohrad, Sonepat, Haryana	Information Technology (4 Years, Bachelor of Technology) 	AI 	OBC-NCL 	Gender-Neutral 	10522 	14225
Indian Institute of Information Technology(IIIT) Una, Himachal Pradesh	Computer Science and Engineering (4 Years, Bachelor of Technology) 	AI 	OBC-NCL 	Gender-Neutral 	8787 	13327
Indian Institute of Information Technology(IIIT) Una, Himachal Pradesh	Computer Science and Engineering (4 Years, Bachelor of Technology) 	AI 	OBC-NCL 	Female-only (including Supernumerary) 	13033 	15742
Indian Institute of Information Technology(IIIT) Una, Himachal Pradesh	Computer Science and Engineering (Cyber Security) (4 Years, Bachelor of Technology) 	AI 	OBC-NCL 	Gender-Neutral 	12935 	14050
Indian Institute of Information Technology(IIIT) Una, Himachal Pradesh	Computer Science and Engineering (Data Science) (4 Years, Bachelor of Technology) 	AI 	OBC-NCL 	Gender-Neutral 	13377 	13774
Indian Institute of Information Technology(IIIT) Una, Himachal Pradesh	Electronics and Communication Engineering (4 Years, Bachelor of Technology) 	AI 	OBC-NCL 	Gender-Neutral 	13970 	15550
Indian Institute of Information Technology(IIIT) Una, Himachal Pradesh	Electronics and Communication Engineering (4 Years, Bachelor of Technology) 	AI 	OBC-NCL 	Female-only (including Supernumerary) 	18500 	18500
Indian Institute of Information Technology (IIIT), Sri City, Chittoor	Artificial Intelligence and Data Science (4 Years, Bachelor of Technology) 	AI 	OBC-NCL 	Gender-Neutral 	7787 	10701
Indian Institute of Information Technology (IIIT), Sri City, Chittoor	Artificial Intelligence and Data Science (4 Years, Bachelor of Technology) 	AI 	OBC-NCL 	Female-only (including Supernumerary) 	13744 	14952
Indian Institute of Information Technology (IIIT), Sri City, Chittoor	Computer Science and Engineering (4 Years, Bachelor of Technology) 	AI 	OBC-NCL 	Gender-Neutral 	6559 	10199
Indian Institute of Information Technology (IIIT), Sri City, Chittoor	Computer Science and Engineering (4 Years, Bachelor of Technology) 	AI 	OBC-NCL 	Female-only (including Supernumerary) 	8526 	13799
Indian Institute of Information Technology (IIIT), Sri City, Chittoor	Electronics and Communication Engineering (4 Years, Bachelor of Technology) 	AI 	OBC-NCL 	Gender-Neutral 	9574 	11875
Indian Institute of Information Technology (IIIT), Sri City, Chittoor	Electronics and Communication Engineering (4 Years, Bachelor of Technology) 	AI 	OBC-NCL 	Female-only (including Supernumerary) 	14152 	16367
Indian Institute of Information Technology(IIIT), Vadodara, Gujrat	Artificial Intelligence (4 Years, Bachelor of Technology) 	AI 	OBC-NCL 	Gender-Neutral 	9278 	11420
Indian Institute of Information Technology(IIIT), Vadodara, Gujrat	Artificial Intelligence (4 Years, Bachelor of Technology) 	AI 	OBC-NCL 	Female-only (including Supernumerary) 	17501 	17804
Indian Institute of Information Technology(IIIT), Vadodara, Gujrat	Computer Science and Engineering (4 Years, Bachelor of Technology) 	AI 	OBC-NCL 	Gender-Neutral 	6198 	10260
Indian Institute of Information Technology(IIIT), Vadodara, Gujrat	Computer Science and Engineering (4 Years, Bachelor of Technology) 	AI 	OBC-NCL 	Female-only (including Supernumerary) 	10755 	15656
Indian Institute of Information Technology(IIIT), Vadodara, Gujrat	Electronics and Communication Engineering (4 Years, Bachelor of Technology) 	AI 	OBC-NCL 	Gender-Neutral 	12537 	14925
Indian Institute of Information Technology(IIIT), Vadodara, Gujrat	Electronics and Communication Engineering (4 Years, Bachelor of Technology) 	AI 	OBC-NCL 	Female-only (including Supernumerary) 	16605 	19440
Indian Institute of Information Technology(IIIT), Vadodara, Gujrat	Information Technology (4 Years, Bachelor of Technology) 	AI 	OBC-NCL 	Gender-Neutral 	9836 	11356
Indian Institute of Information Technology(IIIT), Vadodara, Gujrat	Information Technology (4 Years, Bachelor of Technology) 	AI 	OBC-NCL 	Female-only (including Supernumerary) 	15242 	17165
Indian Institute of Information Technology, Allahabad	Electronics and Communication Engineering (4 Years, Bachelor of Technology) 	AI 	OBC-NCL 	Gender-Neutral 	2293 	3409
Indian Institute of Information Technology, Allahabad	Electronics and Communication Engineering (4 Years, Bachelor of Technology) 	AI 	OBC-NCL 	Female-only (including Supernumerary) 	5713 	8125
Indian Institute of Information Technology, Allahabad	Information Technology (4 Years, Bachelor of Technology) 	AI 	OBC-NCL 	Gender-Neutral 	1092 	2492
Indian Institute of Information Technology, Allahabad	Information Technology (4 Years, Bachelor of Technology) 	AI 	OBC-NCL 	Female-only (including Supernumerary) 	3019 	5102
Indian Institute of Information Technology, Allahabad	Information Technology-Business Informatics (4 Years, Bachelor of Technology) 	AI 	OBC-NCL 	Gender-Neutral 	1635 	2496
Indian Institute of Information Technology, Allahabad	Information Technology-Business Informatics (4 Years, Bachelor of Technology) 	AI 	OBC-NCL 	Female-only (including Supernumerary) 	5444 	5499
Indian Institute of Information Technology, Design & Manufacturing, Kancheepuram	B.Tech in Mechanical Engineering and M.Tech in AI and Robotics (5 Years, B.Tech. + M.Tech./MS (Dual Degree)) 	AI 	OBC-NCL 	Gender-Neutral 	10963 	14180
Indian Institute of Information Technology, Design & Manufacturing, Kancheepuram	B.Tech in Mechanical Engineering and M.Tech in AI and Robotics (5 Years, B.Tech. + M.Tech./MS (Dual Degree)) 	AI 	OBC-NCL 	Female-only (including Supernumerary) 	17323 	17982
Indian Institute of Information Technology, Design & Manufacturing, Kancheepuram	B.Tech. in Electronics and Communication Engineering and M.Tech. in Communication Systems (5 Years, Bachelor and Master of Technology (Dual Degree)) 	AI 	OBC-NCL 	Gender-Neutral 	7632 	8726
Indian Institute of Information Technology, Design & Manufacturing, Kancheepuram	B.Tech. in Electronics and Communication Engineering and M.Tech. in Communication Systems (5 Years, Bachelor and Master of Technology (Dual Degree)) 	AI 	OBC-NCL 	Female-only (including Supernumerary) 	13790 	13790
Indian Institute of Information Technology, Design & Manufacturing, Kancheepuram	B.Tech. in Electronics and Communication Engineering and M.Tech. in Microelectronics and VLSI Systems (5 Years, Bachelor and Master of Technology (Dual Degree)) 	AI 	OBC-NCL 	Gender-Neutral 	6477 	8995
Indian Institute of Information Technology, Design & Manufacturing, Kancheepuram	B.Tech. in Electronics and Communication Engineering and M.Tech. in Microelectronics and VLSI Systems (5 Years, Bachelor and Master of Technology (Dual Degree)) 	AI 	OBC-NCL 	Female-only (including Supernumerary) 	13088 	13088
Indian Institute of Information Technology, Design & Manufacturing, Kancheepuram	Computer Science and Engineering (4 Years, Bachelor of Technology) 	AI 	OBC-NCL 	Gender-Neutral 	4569 	6251
Indian Institute of Information Technology, Design & Manufacturing, Kancheepuram	Computer Science and Engineering (4 Years, Bachelor of Technology) 	AI 	OBC-NCL 	Female-only (including Supernumerary) 	8797 	8990
Indian Institute of Information Technology, Design & Manufacturing, Kancheepuram	Computer Science and Engineering (5 Years, Bachelor and Master of Technology (Dual Degree)) 	AI 	OBC-NCL 	Gender-Neutral 	6402 	7544
Indian Institute of Information Technology, Design & Manufacturing, Kancheepuram	Computer Science and Engineering (5 Years, Bachelor and Master of Technology (Dual Degree)) 	AI 	OBC-NCL 	Female-only (including Supernumerary) 	7911 	11374
Indian Institute of Information Technology, Design & Manufacturing, Kancheepuram	Computer Science and Engineering with Major in Artificial Intelligence (4 Years, Bachelor of Technology) 	AI 	OBC-NCL 	Gender-Neutral 	5697 	6466
Indian Institute of Information Technology, Design & Manufacturing, Kancheepuram	Computer Science and Engineering with Major in Artificial Intelligence (4 Years, Bachelor of Technology) 	AI 	OBC-NCL 	Female-only (including Supernumerary) 	7540 	9074
Indian Institute of Information Technology, Design & Manufacturing, Kancheepuram	Design Engineering (4 Years, Bachelor of Technology) 	AI 	OBC-NCL 	Gender-Neutral 	14780 	16587
Indian Institute of Information Technology, Design & Manufacturing, Kancheepuram	Electronics and Communication Engineering (4 Years, Bachelor of Technology) 	AI 	OBC-NCL 	Gender-Neutral 	6496 	8364
Indian Institute of Information Technology, Design & Manufacturing, Kancheepuram	Electronics and Communication Engineering (4 Years, Bachelor of Technology) 	AI 	OBC-NCL 	Female-only (including Supernumerary) 	9429 	12480
Indian Institute of Information Technology, Design & Manufacturing, Kancheepuram	Engineering Physics (4 Years, Bachelor of Technology) 	AI 	OBC-NCL 	Gender-Neutral 	11347 	14788
Indian Institute of Information Technology, Design & Manufacturing, Kancheepuram	Mechanical Engineering (4 Years, Bachelor of Technology) 	AI 	OBC-NCL 	Gender-Neutral 	11155 	14504
Indian Institute of Information Technology, Design & Manufacturing, Kancheepuram	Mechanical Engineering (4 Years, Bachelor of Technology) 	AI 	OBC-NCL 	Female-only (including Supernumerary) 	17841 	19343
Indian Institute of Information Technology, Design & Manufacturing, Kancheepuram	Smart Manufacturing (4 Years, Bachelor of Technology) 	AI 	OBC-NCL 	Gender-Neutral 	14457 	16318
Indian Institute of Information Technology, Design & Manufacturing, Kancheepuram	Smart Manufacturing (4 Years, Bachelor of Technology) 	AI 	OBC-NCL 	Female-only (including Supernumerary) 	17148 	19424
Pt. Dwarka Prasad Mishra Indian Institute of Information Technology, Design & Manufacture Jabalpur	Computer Science and Engineering (4 Years, Bachelor of Technology) 	AI 	OBC-NCL 	Gender-Neutral 	3278 	5123
Pt. Dwarka Prasad Mishra Indian Institute of Information Technology, Design & Manufacture Jabalpur	Computer Science and Engineering (4 Years, Bachelor of Technology) 	AI 	OBC-NCL 	Female-only (including Supernumerary) 	6006 	10444
Pt. Dwarka Prasad Mishra Indian Institute of Information Technology, Design & Manufacture Jabalpur	Electronics and Communication Engineering (4 Years, Bachelor of Technology) 	AI 	OBC-NCL 	Gender-Neutral 	5660 	7023
Pt. Dwarka Prasad Mishra Indian Institute of Information Technology, Design & Manufacture Jabalpur	Electronics and Communication Engineering (4 Years, Bachelor of Technology) 	AI 	OBC-NCL 	Female-only (including Supernumerary) 	10589 	12800
Pt. Dwarka Prasad Mishra Indian Institute of Information Technology, Design & Manufacture Jabalpur	Mechanical Engineering (4 Years, Bachelor of Technology) 	AI 	OBC-NCL 	Gender-Neutral 	11508 	14455
Pt. Dwarka Prasad Mishra Indian Institute of Information Technology, Design & Manufacture Jabalpur	Mechanical Engineering (4 Years, Bachelor of Technology) 	AI 	OBC-NCL 	Female-only (including Supernumerary) 	18510 	19472
Pt. Dwarka Prasad Mishra Indian Institute of Information Technology, Design & Manufacture Jabalpur	Smart Manufacturing (4 Years, Bachelor of Technology) 	AI 	OBC-NCL 	Gender-Neutral 	14376 	16930
Pt. Dwarka Prasad Mishra Indian Institute of Information Technology, Design & Manufacture Jabalpur	Smart Manufacturing (4 Years, Bachelor of Technology) 	AI 	OBC-NCL 	Female-only (including Supernumerary) 	19480 	20243
INDIAN INSTITUTE OF INFORMATION TECHNOLOGY SENAPATI MANIPUR	Computer Science and Engineering (4 Years, Bachelor of Technology) 	AI 	OBC-NCL 	Gender-Neutral 	15924 	18275
INDIAN INSTITUTE OF INFORMATION TECHNOLOGY SENAPATI MANIPUR	Computer Science and Engineering (4 Years, Bachelor of Technology) 	AI 	OBC-NCL 	Female-only (including Supernumerary) 	21313 	23384
INDIAN INSTITUTE OF INFORMATION TECHNOLOGY SENAPATI MANIPUR	Computer Science and Engineering with specialization in Artificial Intelligence and Data Science (4 Years, Bachelor of Technology) 	AI 	OBC-NCL 	Gender-Neutral 	16203 	18487
INDIAN INSTITUTE OF INFORMATION TECHNOLOGY SENAPATI MANIPUR	Computer Science and Engineering with specialization in Artificial Intelligence and Data Science (4 Years, Bachelor of Technology) 	AI 	OBC-NCL 	Female-only (including Supernumerary) 	21803 	23604
INDIAN INSTITUTE OF INFORMATION TECHNOLOGY SENAPATI MANIPUR	Computer Science and Engineering with specialization in Cyber Security (4 Years, Bachelor of Technology) 	AI 	OBC-NCL 	Gender-Neutral 	17336 	18638
INDIAN INSTITUTE OF INFORMATION TECHNOLOGY SENAPATI MANIPUR	Computer Science and Engineering with specialization in Cyber Security (4 Years, Bachelor of Technology) 	AI 	OBC-NCL 	Female-only (including Supernumerary) 	22535 	24428
INDIAN INSTITUTE OF INFORMATION TECHNOLOGY SENAPATI MANIPUR	Computer Science and Engineering with specialization in Quantum Technologies (4 Years, Bachelor of Technology) 	AI 	OBC-NCL 	Gender-Neutral 	15327 	17826
INDIAN INSTITUTE OF INFORMATION TECHNOLOGY SENAPATI MANIPUR	Computer Science and Engineering with specialization in Quantum Technologies (4 Years, Bachelor of Technology) 	AI 	OBC-NCL 	Female-only (including Supernumerary) 	22034 	22933
INDIAN INSTITUTE OF INFORMATION TECHNOLOGY SENAPATI MANIPUR	Electronics and Communication Engineering (4 Years, Bachelor of Technology) 	AI 	OBC-NCL 	Gender-Neutral 	17825 	19358
INDIAN INSTITUTE OF INFORMATION TECHNOLOGY SENAPATI MANIPUR	Electronics and Communication Engineering (4 Years, Bachelor of Technology) 	AI 	OBC-NCL 	Female-only (including Supernumerary) 	22404 	25266
INDIAN INSTITUTE OF INFORMATION TECHNOLOGY SENAPATI MANIPUR	Electronics and Communication Engineering with specialization in VLSI and Embedded Systems (4 Years, Bachelor of Technology) 	AI 	OBC-NCL 	Gender-Neutral 	18890 	19866
INDIAN INSTITUTE OF INFORMATION TECHNOLOGY SENAPATI MANIPUR	Electronics and Communication Engineering with specialization in VLSI and Embedded Systems (4 Years, Bachelor of Technology) 	AI 	OBC-NCL 	Female-only (including Supernumerary) 	25145 	26631
Indian Institute of Information Technology Tiruchirappalli	Computer Science and Engineering ( Artificial Intelligence & Data Science) (4 Years, Bachelor of Technology) 	AI 	OBC-NCL 	Gender-Neutral 	7330 	10194
Indian Institute of Information Technology Tiruchirappalli	Computer Science and Engineering (4 Years, Bachelor of Technology) 	AI 	OBC-NCL 	Gender-Neutral 	7606 	10841
Indian Institute of Information Technology Tiruchirappalli	Computer Science and Engineering (4 Years, Bachelor of Technology) 	AI 	OBC-NCL 	Female-only (including Supernumerary) 	10900 	14947
Indian Institute of Information Technology Tiruchirappalli	Electronics and Communication Engineering (4 Years, Bachelor of Technology) 	AI 	OBC-NCL 	Gender-Neutral 	11116 	13873
Indian Institute of Information Technology Tiruchirappalli	Electronics and Communication Engineering (4 Years, Bachelor of Technology) 	AI 	OBC-NCL 	Female-only (including Supernumerary) 	13388 	16692
Indian Institute of Information Technology Tiruchirappalli	Electronics and Communication Engineering (VLSI Design) (4 Years, Bachelor of Technology) 	AI 	OBC-NCL 	Gender-Neutral 	9034 	12806
Indian Institute of Information Technology Lucknow	Computer Science (4 Years, Bachelor of Technology) 	AI 	OBC-NCL 	Gender-Neutral 	2468 	3704
Indian Institute of Information Technology Lucknow	Computer Science (4 Years, Bachelor of Technology) 	AI 	OBC-NCL 	Female-only (including Supernumerary) 	5695 	6178
Indian Institute of Information Technology Lucknow	Computer Science and Artificial Intelligence (4 Years, Bachelor of Technology) 	AI 	OBC-NCL 	Gender-Neutral 	2258 	3399
Indian Institute of Information Technology Lucknow	Computer Science and Artificial Intelligence (4 Years, Bachelor of Technology) 	AI 	OBC-NCL 	Female-only (including Supernumerary) 	7473 	7597
Indian Institute of Information Technology Lucknow	Computer Science and Business (4 Years, Bachelor of Technology) 	AI 	OBC-NCL 	Gender-Neutral 	3414 	4297
Indian Institute of Information Technology Lucknow	Computer Science and Business (4 Years, Bachelor of Technology) 	AI 	OBC-NCL 	Female-only (including Supernumerary) 	6850 	8318
Indian Institute of Information Technology Lucknow	Information Technology (4 Years, Bachelor of Technology) 	AI 	OBC-NCL 	Gender-Neutral 	3833 	4469
Indian Institute of Information Technology Lucknow	Information Technology (4 Years, Bachelor of Technology) 	AI 	OBC-NCL 	Female-only (including Supernumerary) 	7772 	9497
Indian Institute of Information Technology(IIIT) Dharwad 	Computer Science and Engineering (4 Years, Bachelor of Technology) 	AI 	OBC-NCL 	Gender-Neutral 	11049 	15069
Indian Institute of Information Technology(IIIT) Dharwad 	Computer Science and Engineering (4 Years, Bachelor of Technology) 	AI 	OBC-NCL 	Female-only (including Supernumerary) 	13393 	18462
Indian Institute of Information Technology(IIIT) Dharwad 	Data Science and Artificial Intelligence (4 Years, Bachelor of Technology) 	AI 	OBC-NCL 	Gender-Neutral 	13229 	15866
Indian Institute of Information Technology(IIIT) Dharwad 	Data Science and Artificial Intelligence (4 Years, Bachelor of Technology) 	AI 	OBC-NCL 	Female-only (including Supernumerary) 	18233 	18892
Indian Institute of Information Technology(IIIT) Dharwad 	Electronics and Communication Engineering (4 Years, Bachelor of Technology) 	AI 	OBC-NCL 	Gender-Neutral 	13803 	16250
Indian Institute of Information Technology(IIIT) Dharwad 	Electronics and Communication Engineering (4 Years, Bachelor of Technology) 	AI 	OBC-NCL 	Female-only (including Supernumerary) 	19108 	19755
Indian Institute of Information Technology Design & Manufacturing Kurnool, Andhra Pradesh	Artificial Intelligence and Data Science (4 Years, Bachelor of Technology) 	AI 	OBC-NCL 	Gender-Neutral 	11970 	13999
Indian Institute of Information Technology Design & Manufacturing Kurnool, Andhra Pradesh	Artificial Intelligence and Data Science (4 Years, Bachelor of Technology) 	AI 	OBC-NCL 	Female-only (including Supernumerary) 	13919 	17697
Indian Institute of Information Technology Design & Manufacturing Kurnool, Andhra Pradesh	Computer Science and Engineering (4 Years, Bachelor of Technology) 	AI 	OBC-NCL 	Gender-Neutral 	9665 	12900
Indian Institute of Information Technology Design & Manufacturing Kurnool, Andhra Pradesh	Computer Science and Engineering (4 Years, Bachelor of Technology) 	AI 	OBC-NCL 	Female-only (including Supernumerary) 	11676 	15125
Indian Institute of Information Technology Design & Manufacturing Kurnool, Andhra Pradesh	Computer Science and Engineering (5 Years, Bachelor and Master of Technology (Dual Degree)) 	AI 	OBC-NCL 	Gender-Neutral 	11773 	12973
Indian Institute of Information Technology Design & Manufacturing Kurnool, Andhra Pradesh	Computer Science and Engineering (5 Years, Bachelor and Master of Technology (Dual Degree)) 	AI 	OBC-NCL 	Female-only (including Supernumerary) 	15627 	15627
Indian Institute of Information Technology Design & Manufacturing Kurnool, Andhra Pradesh	Electronics and Communication Engineering (5 Years, Bachelor and Master of Technology (Dual Degree)) 	AI 	OBC-NCL 	Gender-Neutral 	15351 	15460
Indian Institute of Information Technology Design & Manufacturing Kurnool, Andhra Pradesh	Electronics and Communication Engineering (5 Years, Bachelor and Master of Technology (Dual Degree)) 	AI 	OBC-NCL 	Female-only (including Supernumerary) 	19279 	19279
Indian Institute of Information Technology Design & Manufacturing Kurnool, Andhra Pradesh	Electronics and Communication Engineering with specialization in Design and Manufacturing (4 Years, Bachelor of Technology) 	AI 	OBC-NCL 	Gender-Neutral 	12185 	15183
Indian Institute of Information Technology Design & Manufacturing Kurnool, Andhra Pradesh	Electronics and Communication Engineering with specialization in Design and Manufacturing (4 Years, Bachelor of Technology) 	AI 	OBC-NCL 	Female-only (including Supernumerary) 	17955 	19184
Indian Institute of Information Technology Design & Manufacturing Kurnool, Andhra Pradesh	Mechanical Engineering (5 Years, Bachelor and Master of Technology (Dual Degree)) 	AI 	OBC-NCL 	Gender-Neutral 	17159 	17469
Indian Institute of Information Technology Design & Manufacturing Kurnool, Andhra Pradesh	Mechanical Engineering (5 Years, Bachelor and Master of Technology (Dual Degree)) 	AI 	OBC-NCL 	Female-only (including Supernumerary) 	20773 	22059
Indian Institute of Information Technology Design & Manufacturing Kurnool, Andhra Pradesh	Mechanical Engineering with specialization in Design and Manufacturing (4 Years, Bachelor of Technology) 	AI 	OBC-NCL 	Gender-Neutral 	14920 	17350
Indian Institute of Information Technology Design & Manufacturing Kurnool, Andhra Pradesh	Mechanical Engineering with specialization in Design and Manufacturing (4 Years, Bachelor of Technology) 	AI 	OBC-NCL 	Female-only (including Supernumerary) 	20248 	21766
Indian Institute of Information Technology(IIIT) Kottayam	Computer Science and Engineering (4 Years, Bachelor of Technology) 	AI 	OBC-NCL 	Gender-Neutral 	10350 	13779
Indian Institute of Information Technology(IIIT) Kottayam	Computer Science and Engineering (4 Years, Bachelor of Technology) 	AI 	OBC-NCL 	Female-only (including Supernumerary) 	14338 	16856
Indian Institute of Information Technology(IIIT) Kottayam	Computer Science and Engineering with specialization in Artificial Intelligence and Data Science (4 Years, Bachelor of Technology) 	AI 	OBC-NCL 	Gender-Neutral 	9041 	12107
Indian Institute of Information Technology(IIIT) Kottayam	Computer Science and Engineering with specialization in Artificial Intelligence and Data Science (4 Years, Bachelor of Technology) 	AI 	OBC-NCL 	Female-only (including Supernumerary) 	11485 	12590
Indian Institute of Information Technology(IIIT) Kottayam	Computer Science and Engineering with specialization in Cyber Security (4 Years, Bachelor of Technology) 	AI 	OBC-NCL 	Gender-Neutral 	10594 	13975
Indian Institute of Information Technology(IIIT) Kottayam	Computer Science and Engineering with specialization in Cyber Security (4 Years, Bachelor of Technology) 	AI 	OBC-NCL 	Female-only (including Supernumerary) 	13260 	16425
Indian Institute of Information Technology(IIIT) Kottayam	Electronics and Communication Engineering (4 Years, Bachelor of Technology) 	AI 	OBC-NCL 	Gender-Neutral 	11309 	14267
Indian Institute of Information Technology(IIIT) Kottayam	Electronics and Communication Engineering (4 Years, Bachelor of Technology) 	AI 	OBC-NCL 	Female-only (including Supernumerary) 	14731 	16816
Indian Institute of Information Technology (IIIT) Ranchi	B.Tech in Mathematics and Computing (4 Years, Bachelor of Technology) 	AI 	OBC-NCL 	Gender-Neutral 	13256 	15412
Indian Institute of Information Technology (IIIT) Ranchi	Computer Science and Engineering (4 Years, Bachelor of Technology) 	AI 	OBC-NCL 	Gender-Neutral 	10203 	14069
Indian Institute of Information Technology (IIIT) Ranchi	Computer Science and Engineering (with Specialization of Data Science and Artificial Intelligence) (4 Years, B. Tech / B. Tech (Hons.)) 	AI 	OBC-NCL 	Gender-Neutral 	11337 	13700
Indian Institute of Information Technology (IIIT) Ranchi	Electronics and Communication Engineering (4 Years, Bachelor of Technology) 	AI 	OBC-NCL 	Gender-Neutral 	14232 	16215
Indian Institute of Information Technology (IIIT) Ranchi	Electronics and Communication Engineering (with Specialization of Embedded Systems and Internet of Things) (4 Years, B. Tech / B. Tech (Hons.)) 	AI 	OBC-NCL 	Gender-Neutral 	13656 	15981
Indian Institute of Information Technology (IIIT) Nagpur	Computer Science and Engineering (4 Years, Bachelor of Technology) 	AI 	OBC-NCL 	Gender-Neutral 	7333 	10636
Indian Institute of Information Technology (IIIT) Nagpur	Computer Science Engineering (Artificial lntelligence and Machine Learning) (4 Years, Bachelor of Technology) 	AI 	OBC-NCL 	Gender-Neutral 	7177 	10020
Indian Institute of Information Technology (IIIT) Nagpur	Computer Science Engineering (Data Science and Analytics) (4 Years, Bachelor of Technology) 	AI 	OBC-NCL 	Gender-Neutral 	8478 	11366
Indian Institute of Information Technology (IIIT) Nagpur	Computer Science Engineering (Human Computer lnteraction and Gaming Technology) (4 Years, Bachelor of Technology) 	AI 	OBC-NCL 	Gender-Neutral 	9807 	12440
Indian Institute of Information Technology (IIIT) Nagpur	Electronics and Communication Engineering (4 Years, Bachelor of Technology) 	AI 	OBC-NCL 	Gender-Neutral 	11930 	14940
Indian Institute of Information Technology (IIIT) Nagpur	Electronics and Communication Engineering (Internet of Things) (4 Years, Bachelor of Technology) 	AI 	OBC-NCL 	Gender-Neutral 	10684 	14547
Indian Institute of Information Technology (IIIT) Pune	Computer Science and Engineering (4 Years, Bachelor of Technology) 	AI 	OBC-NCL 	Gender-Neutral 	5197 	8063
Indian Institute of Information Technology (IIIT) Pune	Computer Science and Engineering (4 Years, Bachelor of Technology) 	AI 	OBC-NCL 	Female-only (including Supernumerary) 	11084 	14200
Indian Institute of Information Technology (IIIT) Pune	Electronics and Communication Engineering (4 Years, Bachelor of Technology) 	AI 	OBC-NCL 	Gender-Neutral 	6859 	10443
Indian Institute of Information Technology (IIIT) Pune	Electronics and Communication Engineering (4 Years, Bachelor of Technology) 	AI 	OBC-NCL 	Female-only (including Supernumerary) 	14986 	17795
Indian Institute of Information Technology Bhagalpur	Computer Science and Engineering (4 Years, Bachelor of Technology) 	AI 	OBC-NCL 	Gender-Neutral 	12094 	15539
Indian Institute of Information Technology Bhagalpur	Computer Science and Engineering (4 Years, Bachelor of Technology) 	AI 	OBC-NCL 	Female-only (including Supernumerary) 	14896 	18686
Indian Institute of Information Technology Bhagalpur	Electronics and Communication Engineering (4 Years, Bachelor of Technology) 	AI 	OBC-NCL 	Gender-Neutral 	13838 	16738
Indian Institute of Information Technology Bhagalpur	Electronics and Communication Engineering (4 Years, Bachelor of Technology) 	AI 	OBC-NCL 	Female-only (including Supernumerary) 	19741 	19741
Indian Institute of Information Technology Bhagalpur	Mathematics and Computing (4 Years, Bachelor of Technology) 	AI 	OBC-NCL 	Gender-Neutral 	15011 	16091
Indian Institute of Information Technology Bhagalpur	Mathematics and Computing (4 Years, Bachelor of Technology) 	AI 	OBC-NCL 	Female-only (including Supernumerary) 	19794 	19794
Indian Institute of Information Technology Bhagalpur	Mechatronics and Automation Engineering (4 Years, Bachelor of Technology) 	AI 	OBC-NCL 	Gender-Neutral 	16781 	17571
Indian Institute of Information Technology Bhagalpur	Mechatronics and Automation Engineering (4 Years, Bachelor of Technology) 	AI 	OBC-NCL 	Female-only (including Supernumerary) 	22919 	23769
Indian Institute of Information Technology Bhopal	B.Tech in Mathematics and Computing (4 Years, Bachelor of Technology) 	AI 	OBC-NCL 	Gender-Neutral 	11396 	12513
Indian Institute of Information Technology Bhopal	Computer Science and Engineering (4 Years, Bachelor of Technology) 	AI 	OBC-NCL 	Gender-Neutral 	8223 	10975
Indian Institute of Information Technology Bhopal	Computer Science and Engineering (Artificial Intelligence) (4 Years, Bachelor of Technology) 	AI 	OBC-NCL 	Gender-Neutral 	7359 	10796
Indian Institute of Information Technology Bhopal	Computer Science and Engineering (Cyber Physical System) (4 Years, Bachelor of Technology) 	AI 	OBC-NCL 	Gender-Neutral 	9064 	13107
Indian Institute of Information Technology Bhopal	Computer Science and Engineering (Cyber Security) (4 Years, Bachelor of Technology) 	AI 	OBC-NCL 	Gender-Neutral 	8012 	12010
Indian Institute of Information Technology Bhopal	Computer Science and Engineering (Data Science) (4 Years, Bachelor of Technology) 	AI 	OBC-NCL 	Gender-Neutral 	8620 	10907
Indian Institute of Information Technology Bhopal	Electronics and Communication Engineering (4 Years, Bachelor of Technology) 	AI 	OBC-NCL 	Gender-Neutral 	11310 	14328
Indian Institute of Information Technology Bhopal	Information Technology (4 Years, Bachelor of Technology) 	AI 	OBC-NCL 	Gender-Neutral 	9206 	13086
Indian Institute of Information Technology Bhopal	Physics and Computational Engineering (4 Years, Bachelor of Technology) 	AI 	OBC-NCL 	Gender-Neutral 	14562 	16325
Indian Institute of Information Technology Surat	Computer Science and Engineering (4 Years, Bachelor of Technology) 	AI 	OBC-NCL 	Gender-Neutral 	7029 	10890
Indian Institute of Information Technology Surat	Computer Science and Engineering (4 Years, Bachelor of Technology) 	AI 	OBC-NCL 	Female-only (including Supernumerary) 	14406 	16472
Indian Institute of Information Technology Surat	Computer Science and Engineering (Artificial Intelligence and Machine Learning) (4 Years, Bachelor of Technology) 	AI 	OBC-NCL 	Gender-Neutral 	7215 	11458
Indian Institute of Information Technology Surat	Computer Science and Engineering (Artificial Intelligence and Machine Learning) (4 Years, Bachelor of Technology) 	AI 	OBC-NCL 	Female-only (including Supernumerary) 	11350 	12671
Indian Institute of Information Technology Surat	Computer Science and Engineering (Cyber Security) (4 Years, Bachelor of Technology) 	AI 	OBC-NCL 	Gender-Neutral 	8000 	11468
Indian Institute of Information Technology Surat	Computer Science and Engineering (Cyber Security) (4 Years, Bachelor of Technology) 	AI 	OBC-NCL 	Female-only (including Supernumerary) 	14797 	16739
Indian Institute of Information Technology Surat	Electronics and Communication Engineering (4 Years, Bachelor of Technology) 	AI 	OBC-NCL 	Gender-Neutral 	10908 	13896
Indian Institute of Information Technology Surat	Electronics and Communication Engineering (4 Years, Bachelor of Technology) 	AI 	OBC-NCL 	Female-only (including Supernumerary) 	17591 	19272
Indian Institute of Information Technology, Agartala	Computer Science and Engineering (4 Years, Bachelor of Technology) 	AI 	OBC-NCL 	Gender-Neutral 	11733 	14883
Indian Institute of Information Technology, Agartala	Computer Science and Engineering (4 Years, Bachelor of Technology) 	AI 	OBC-NCL 	Female-only (including Supernumerary) 	17953 	21553
Indian institute of information technology, Raichur, Karnataka	Artificial Intelligence and Data Science (4 Years, Bachelor of Technology) 	AI 	OBC-NCL 	Gender-Neutral 	10921 	14934
Indian institute of information technology, Raichur, Karnataka	Artificial Intelligence and Data Science (4 Years, Bachelor of Technology) 	AI 	OBC-NCL 	Female-only (including Supernumerary) 	16190 	18018
Indian institute of information technology, Raichur, Karnataka	Computer Science and Engineering (4 Years, Bachelor of Technology) 	AI 	OBC-NCL 	Gender-Neutral 	10334 	13633
Indian institute of information technology, Raichur, Karnataka	Computer Science and Engineering (4 Years, Bachelor of Technology) 	AI 	OBC-NCL 	Female-only (including Supernumerary) 	14412 	17593
Indian institute of information technology, Raichur, Karnataka	Mathematics and Computing (4 Years, Bachelor of Technology) 	AI 	OBC-NCL 	Gender-Neutral 	13871 	15590
Indian institute of information technology, Raichur, Karnataka	Mathematics and Computing (4 Years, Bachelor of Technology) 	AI 	OBC-NCL 	Female-only (including Supernumerary) 	16451 	19466
Indian Institute of Information Technology, Vadodara International Campus Diu (IIITVICD)	Artificial Intelligence (4 Years, Bachelor of Technology) 	AI 	OBC-NCL 	Gender-Neutral 	13305 	15555
Indian Institute of Information Technology, Vadodara International Campus Diu (IIITVICD)	Artificial Intelligence (4 Years, Bachelor of Technology) 	AI 	OBC-NCL 	Female-only (including Supernumerary) 	18194 	19554
Indian Institute of Information Technology, Vadodara International Campus Diu (IIITVICD)	Computer Science and Engineering (4 Years, Bachelor of Technology) 	AI 	OBC-NCL 	Gender-Neutral 	11003 	14709
Indian Institute of Information Technology, Vadodara International Campus Diu (IIITVICD)	Computer Science and Engineering (4 Years, Bachelor of Technology) 	AI 	OBC-NCL 	Female-only (including Supernumerary) 	16953 	18822
Indian Institute of Information Technology, Vadodara International Campus Diu (IIITVICD)	Electronics and Communication Engineering (4 Years, Bachelor of Technology) 	AI 	OBC-NCL 	Gender-Neutral 	12397 	16540
Indian Institute of Information Technology, Vadodara International Campus Diu (IIITVICD)	Electronics and Communication Engineering (4 Years, Bachelor of Technology) 	AI 	OBC-NCL 	Female-only (including Supernumerary) 	19835 	20301
Assam University, Silchar	Agricultural Engineering (4 Years, Bachelor of Technology) 	AI 	OBC-NCL 	Gender-Neutral 	23389 	26857
Assam University, Silchar	Agricultural Engineering (4 Years, Bachelor of Technology) 	AI 	OBC-NCL 	Female-only (including Supernumerary) 	25747 	25747
Assam University, Silchar	Agricultural Engineering (4 Years, Bachelor of Technology) 	HS 	OBC-NCL 	Gender-Neutral 	73432 	85861
Assam University, Silchar	Agricultural Engineering (4 Years, Bachelor of Technology) 	HS 	OBC-NCL 	Female-only (including Supernumerary) 	77452 	77452
Assam University, Silchar	Computer Science and Engineering (4 Years, Bachelor of Technology) 	AI 	OBC-NCL 	Gender-Neutral 	16005 	18377
Assam University, Silchar	Computer Science and Engineering (4 Years, Bachelor of Technology) 	AI 	OBC-NCL 	Female-only (including Supernumerary) 	21274 	21274
Assam University, Silchar	Computer Science and Engineering (4 Years, Bachelor of Technology) 	HS 	OBC-NCL 	Gender-Neutral 	43335 	56970
Assam University, Silchar	Computer Science and Engineering (4 Years, Bachelor of Technology) 	HS 	OBC-NCL 	Female-only (including Supernumerary) 	69071 	69071
Assam University, Silchar	Electronics and Communication Engineering (4 Years, Bachelor of Technology) 	AI 	OBC-NCL 	Gender-Neutral 	18383 	20009
Assam University, Silchar	Electronics and Communication Engineering (4 Years, Bachelor of Technology) 	AI 	OBC-NCL 	Female-only (including Supernumerary) 	22835 	22835
Assam University, Silchar	Electronics and Communication Engineering (4 Years, Bachelor of Technology) 	HS 	OBC-NCL 	Gender-Neutral 	57334 	69245
Assam University, Silchar	Electronics and Communication Engineering (4 Years, Bachelor of Technology) 	HS 	OBC-NCL 	Female-only (including Supernumerary) 	70503 	70503
Birla Institute of Technology, Mesra, Ranchi	Architecture (5 Years, Bachelor of Architecture) 	AI 	OBC-NCL 	Gender-Neutral 	451 	478
Birla Institute of Technology, Mesra, Ranchi	Artificial Intelligence and Machine Learning (4 Years, Bachelor of Technology) 	AI 	OBC-NCL 	Gender-Neutral 	7881 	8241
Birla Institute of Technology, Mesra, Ranchi	Bio Technology (4 Years, Bachelor of Technology) 	AI 	OBC-NCL 	Gender-Neutral 	15904 	19615
Birla Institute of Technology, Mesra, Ranchi	Chemical Engineering (4 Years, Bachelor of Technology) 	AI 	OBC-NCL 	Gender-Neutral 	15082 	18560
Birla Institute of Technology, Mesra, Ranchi	Civil Engineering (4 Years, Bachelor of Technology) 	AI 	OBC-NCL 	Gender-Neutral 	16076 	18393
Birla Institute of Technology, Mesra, Ranchi	Computer Science and Engineering (4 Years, Bachelor of Technology) 	AI 	OBC-NCL 	Gender-Neutral 	5491 	7599
Birla Institute of Technology, Mesra, Ranchi	Electrical and Electronics Engineering (4 Years, Bachelor of Technology) 	AI 	OBC-NCL 	Gender-Neutral 	9722 	15343
Birla Institute of Technology, Mesra, Ranchi	Electronics and Communication Engineering (4 Years, Bachelor of Technology) 	AI 	OBC-NCL 	Gender-Neutral 	8137 	11978
Birla Institute of Technology, Mesra, Ranchi	Food Engineering and Technology (4 Years, Bachelor of Technology) 	AI 	OBC-NCL 	Gender-Neutral 	19779 	20579
Birla Institute of Technology, Mesra, Ranchi	Mathematics and Computing (5 Years, Integrated Master of Science) 	AI 	OBC-NCL 	Gender-Neutral 	8528 	15162
Birla Institute of Technology, Mesra, Ranchi	Mechanical Engineering (4 Years, Bachelor of Technology) 	AI 	OBC-NCL 	Gender-Neutral 	12872 	17177
Birla Institute of Technology, Mesra, Ranchi	Physics (5 Years, Integrated Master of Science) 	AI 	OBC-NCL 	Gender-Neutral 	17586 	19372
Birla Institute of Technology, Mesra, Ranchi	Production and Industrial Engineering (4 Years, Bachelor of Technology) 	AI 	OBC-NCL 	Gender-Neutral 	17416 	20095
Birla Institute of Technology, Mesra, Ranchi	Quantitative Economics & Data Science (5 Years, Integrated Master of Science) 	AI 	OBC-NCL 	Gender-Neutral 	12629 	16007
Gurukula Kangri Vishwavidyalaya, Haridwar	Computer Science and Engineering (4 Years, Bachelor of Technology) 	AI 	OBC-NCL 	Gender-Neutral 	20865 	24372
Gurukula Kangri Vishwavidyalaya, Haridwar	Electrical Engineering (4 Years, Bachelor of Technology) 	AI 	OBC-NCL 	Gender-Neutral 	22782 	26770
Gurukula Kangri Vishwavidyalaya, Haridwar	Electronics and Communication Engineering (4 Years, Bachelor of Technology) 	AI 	OBC-NCL 	Gender-Neutral 	24522 	27444
Gurukula Kangri Vishwavidyalaya, Haridwar	Mechanical Engineering (4 Years, Bachelor of Technology) 	AI 	OBC-NCL 	Gender-Neutral 	27882 	30743
Indian Institute of Carpet Technology, Bhadohi	Carpet and Textile Technology (4 Years, Bachelor of Technology) 	AI 	OBC-NCL 	Gender-Neutral 	31724 	32943
Indian Institute of Carpet Technology, Bhadohi	Carpet and Textile Technology (4 Years, Bachelor of Technology) 	AI 	OBC-NCL 	Female-only (including Supernumerary) 	30757 	30890
Institute of Infrastructure, Technology, Research and Management-Ahmedabad	Civil Engineering (4 Years, Bachelor of Technology) 	AI 	OBC-NCL 	Gender-Neutral 	21544 	25378
Institute of Infrastructure, Technology, Research and Management-Ahmedabad	Computer Engineering (4 Years, Bachelor of Technology) 	AI 	OBC-NCL 	Gender-Neutral 	13477 	17500
Institute of Infrastructure, Technology, Research and Management-Ahmedabad	Electrical Engineering (4 Years, Bachelor of Technology) 	AI 	OBC-NCL 	Gender-Neutral 	17915 	21130
Institute of Infrastructure, Technology, Research and Management-Ahmedabad	Mechanical Engineering (4 Years, Bachelor of Technology) 	AI 	OBC-NCL 	Gender-Neutral 	19735 	22867
School of Studies of Engineering and Technology, Guru Ghasidas Vishwavidyalaya, Bilaspur	Animation and VFX (4 Years, Bachelor of Technology) 	AI 	OBC-NCL 	Gender-Neutral 	25370 	27322
School of Studies of Engineering and Technology, Guru Ghasidas Vishwavidyalaya, Bilaspur	Artificial Intelligence and Data Science (4 Years, Bachelor of Technology) 	AI 	OBC-NCL 	Gender-Neutral 	21939 	24487
School of Studies of Engineering and Technology, Guru Ghasidas Vishwavidyalaya, Bilaspur	Chemical Engineering (4 Years, Bachelor of Technology) 	AI 	OBC-NCL 	Gender-Neutral 	28875 	31637
School of Studies of Engineering and Technology, Guru Ghasidas Vishwavidyalaya, Bilaspur	Civil Engineering (4 Years, Bachelor of Technology) 	AI 	OBC-NCL 	Gender-Neutral 	29116 	30546
School of Studies of Engineering and Technology, Guru Ghasidas Vishwavidyalaya, Bilaspur	Computer Science and Engineering (4 Years, Bachelor of Technology) 	AI 	OBC-NCL 	Gender-Neutral 	20176 	23349
School of Studies of Engineering and Technology, Guru Ghasidas Vishwavidyalaya, Bilaspur	Electrical Engineering (4 Years, Bachelor of Technology) 	AI 	OBC-NCL 	Gender-Neutral 	27491 	28940
School of Studies of Engineering and Technology, Guru Ghasidas Vishwavidyalaya, Bilaspur	Electronics and Communication Engineering (4 Years, Bachelor of Technology) 	AI 	OBC-NCL 	Gender-Neutral 	22567 	26374
School of Studies of Engineering and Technology, Guru Ghasidas Vishwavidyalaya, Bilaspur	Industrial and Production Engineering (4 Years, Bachelor of Technology) 	AI 	OBC-NCL 	Gender-Neutral 	29939 	32266
School of Studies of Engineering and Technology, Guru Ghasidas Vishwavidyalaya, Bilaspur	Information Technology (4 Years, Bachelor of Technology) 	AI 	OBC-NCL 	Gender-Neutral 	23717 	25616
School of Studies of Engineering and Technology, Guru Ghasidas Vishwavidyalaya, Bilaspur	Mechanical Engineering (4 Years, Bachelor of Technology) 	AI 	OBC-NCL 	Gender-Neutral 	28266 	29911
J.K. Institute of Applied Physics & Technology, Department of Electronics & Communication, University of Allahabad- Allahabad	Computer Science and Engineering with Major in Artificial Intelligence (4 Years, Bachelor of Technology) 	AI 	OBC-NCL 	Gender-Neutral 	15120 	17822
J.K. Institute of Applied Physics & Technology, Department of Electronics & Communication, University of Allahabad- Allahabad	Electronics and Communication Engineering (4 Years, Bachelor of Technology) 	AI 	OBC-NCL 	Gender-Neutral 	17588 	20681
National Institute of Electronics and Information Technology, Aurangabad (Maharashtra)	Computer Science and Engineering (4 Years, Bachelor of Technology) 	AI 	OBC-NCL 	Gender-Neutral 	14062 	17693
National Institute of Electronics and Information Technology, Aurangabad (Maharashtra)	Electronic Engineering (4 Years, Bachelor of Technology) 	AI 	OBC-NCL 	Gender-Neutral 	16794 	19719
National Institute of Advanced Manufacturing Technology, Ranchi	Computer Engineering (4 Years, Bachelor of Technology) 	AI 	OBC-NCL 	Gender-Neutral 	15511 	18159
National Institute of Advanced Manufacturing Technology, Ranchi	Computer Engineering (4 Years, Bachelor of Technology) 	AI 	OBC-NCL 	Female-only (including Supernumerary) 	21132 	23479
National Institute of Advanced Manufacturing Technology, Ranchi	Mechanical Engineering (4 Years, Bachelor of Technology) 	AI 	OBC-NCL 	Gender-Neutral 	18865 	21760
National Institute of Advanced Manufacturing Technology, Ranchi	Mechanical Engineering (4 Years, Bachelor of Technology) 	AI 	OBC-NCL 	Female-only (including Supernumerary) 	23498 	24730
National Institute of Advanced Manufacturing Technology, Ranchi	Metallurgy and Materials Engineering (4 Years, Bachelor of Technology) 	AI 	OBC-NCL 	Gender-Neutral 	22504 	28767
National Institute of Advanced Manufacturing Technology, Ranchi	Metallurgy and Materials Engineering (4 Years, Bachelor of Technology) 	AI 	OBC-NCL 	Female-only (including Supernumerary) 	25678 	29393
National Institute of Advanced Manufacturing Technology, Ranchi	Production and Industrial Engineering (4 Years, Bachelor of Technology) 	AI 	OBC-NCL 	Gender-Neutral 	25052 	28359
National Institute of Advanced Manufacturing Technology, Ranchi	Production and Industrial Engineering (4 Years, Bachelor of Technology) 	AI 	OBC-NCL 	Female-only (including Supernumerary) 	26551 	29324
Sant Longowal Institute of Engineering and Technology	Artificial Intelligence and Data Science (4 Years, Bachelor of Technology) 	AI 	OBC-NCL 	Gender-Neutral 	19278 	21465
Sant Longowal Institute of Engineering and Technology	Chemical Engineering (4 Years, Bachelor of Technology) 	AI 	OBC-NCL 	Gender-Neutral 	27346 	30453
Sant Longowal Institute of Engineering and Technology	Chemistry (5 Years, Integrated Master of Science) 	AI 	OBC-NCL 	Gender-Neutral 	28465 	30295
Sant Longowal Institute of Engineering and Technology	Civil Engineering (4 Years, Bachelor of Technology) 	AI 	OBC-NCL 	Gender-Neutral 	27613 	30488
Sant Longowal Institute of Engineering and Technology	Computer Science and Engineering (4 Years, Bachelor of Technology) 	AI 	OBC-NCL 	Gender-Neutral 	17493 	20396
Sant Longowal Institute of Engineering and Technology	Computer Science and Engineering (5 Years, Bachelor and Master of Technology (Dual Degree)) 	AI 	OBC-NCL 	Gender-Neutral 	19737 	22400
Sant Longowal Institute of Engineering and Technology	Electrical Engineering (4 Years, Bachelor of Technology) 	AI 	OBC-NCL 	Gender-Neutral 	23424 	26277
Sant Longowal Institute of Engineering and Technology	Electrical Engineering (5 Years, Bachelor and Master of Technology (Dual Degree)) 	AI 	OBC-NCL 	Gender-Neutral 	24878 	27553
Sant Longowal Institute of Engineering and Technology	Electronics and Communication Engineering (4 Years, Bachelor of Technology) 	AI 	OBC-NCL 	Gender-Neutral 	20415 	22156
Sant Longowal Institute of Engineering and Technology	Food Technology (4 Years, Bachelor of Technology) 	AI 	OBC-NCL 	Gender-Neutral 	31625 	33748
Sant Longowal Institute of Engineering and Technology	Instrumentation and Control Engineering (4 Years, Bachelor of Technology) 	AI 	OBC-NCL 	Gender-Neutral 	28765 	31084
Sant Longowal Institute of Engineering and Technology	Mathematics (5 Years, Integrated Master of Science) 	AI 	OBC-NCL 	Gender-Neutral 	25954 	27652
Sant Longowal Institute of Engineering and Technology	Mechanical Engineering (4 Years, Bachelor of Technology) 	AI 	OBC-NCL 	Gender-Neutral 	26311 	29660
Sant Longowal Institute of Engineering and Technology	Mechanical Engineering (5 Years, Bachelor and Master of Technology (Dual Degree)) 	AI 	OBC-NCL 	Gender-Neutral 	26147 	30601
Sant Longowal Institute of Engineering and Technology	Physics (5 Years, Integrated Master of Science) 	AI 	OBC-NCL 	Gender-Neutral 	20750 	28686
School of Engineering, Tezpur University, Napaam, Tezpur	B.Tech. (Civil Engineering) - MBA (5 Years, Bachelor of Technology and MBA (Dual Degree)) 	AI 	OBC-NCL 	Gender-Neutral 	30829 	30829
School of Engineering, Tezpur University, Napaam, Tezpur	B.Tech. (Computer Science and Engineering) - MBA (5 Years, Bachelor of Technology and MBA (Dual Degree)) 	AI 	OBC-NCL 	Gender-Neutral 	16592 	16592
School of Engineering, Tezpur University, Napaam, Tezpur	B.Tech. (Elctrical Engineering) - MBA (5 Years, Bachelor of Technology and MBA (Dual Degree)) 	AI 	OBC-NCL 	Gender-Neutral 	27665 	27665
School of Engineering, Tezpur University, Napaam, Tezpur	B.Tech. (Electronics and Communication Engineering) - MBA (5 Years, Bachelor of Technology and MBA (Dual Degree)) 	AI 	OBC-NCL 	Gender-Neutral 	19950 	19950
School of Engineering, Tezpur University, Napaam, Tezpur	B.Tech. (Food Engineering and Technology) - MBA (5 Years, Bachelor of Technology and MBA (Dual Degree)) 	AI 	OBC-NCL 	Gender-Neutral 	22483 	24472
School of Engineering, Tezpur University, Napaam, Tezpur	B.Tech. (Mechanical Engineering) - MBA (5 Years, Bachelor of Technology and MBA (Dual Degree)) 	AI 	OBC-NCL 	Gender-Neutral 	27660 	27660
School of Engineering, Tezpur University, Napaam, Tezpur	Bachelor of Design (4 Years, Bachelor of Design) 	AI 	OBC-NCL 	Gender-Neutral 	26813 	26813
School of Engineering, Tezpur University, Napaam, Tezpur	Civil Engineering (4 Years, Bachelor of Technology) 	AI 	OBC-NCL 	Gender-Neutral 	28050 	30419
School of Engineering, Tezpur University, Napaam, Tezpur	Computer Science and Engineering (4 Years, Bachelor of Technology) 	AI 	OBC-NCL 	Gender-Neutral 	18452 	19716
School of Engineering, Tezpur University, Napaam, Tezpur	Electrical Engineering (4 Years, Bachelor of Technology) 	AI 	OBC-NCL 	Gender-Neutral 	23588 	26182
School of Engineering, Tezpur University, Napaam, Tezpur	Electronics and Communication Engineering (4 Years, Bachelor of Technology) 	AI 	OBC-NCL 	Gender-Neutral 	21967 	23523
School of Engineering, Tezpur University, Napaam, Tezpur	Food Engineering and Technology (4 Years, Bachelor of Technology) 	AI 	OBC-NCL 	Gender-Neutral 	30920 	32558
School of Engineering, Tezpur University, Napaam, Tezpur	Mechanical Engineering (4 Years, Bachelor of Technology) 	AI 	OBC-NCL 	Gender-Neutral 	25587 	27458
School of Planning & Architecture, Bhopal	Architecture (5 Years, Bachelor of Architecture) 	AI 	OBC-NCL 	Gender-Neutral 	115 	430
School of Planning & Architecture, Bhopal	Planning (4 Years, Bachelor of Planning) 	AI 	OBC-NCL 	Gender-Neutral 	238 	340
School of Planning & Architecture, New Delhi	Architecture (5 Years, Bachelor of Architecture) 	AI 	OBC-NCL 	Gender-Neutral 	42 	210
School of Planning & Architecture, New Delhi	Planning (4 Years, Bachelor of Planning) 	AI 	OBC-NCL 	Gender-Neutral 	61 	204
School of Planning & Architecture: Vijayawada	Architecture (5 Years, Bachelor of Architecture) 	AI 	OBC-NCL 	Gender-Neutral 	153 	364
School of Planning & Architecture: Vijayawada	Planning (4 Years, Bachelor of Planning) 	AI 	OBC-NCL 	Gender-Neutral 	272 	352
Shri Mata Vaishno Devi University, Katra, Jammu & Kashmir	Architecture (5 Years, Bachelor of Architecture) 	AI 	OBC-NCL 	Gender-Neutral 	613 	639
Shri Mata Vaishno Devi University, Katra, Jammu & Kashmir	B.Tech in Mathematics and Computing (4 Years, Bachelor of Technology) 	AI 	OBC-NCL 	Gender-Neutral 	22458 	24205
Shri Mata Vaishno Devi University, Katra, Jammu & Kashmir	Bio Technology (4 Years, Bachelor of Technology) 	AI 	OBC-NCL 	Gender-Neutral 	27465 	28363
Shri Mata Vaishno Devi University, Katra, Jammu & Kashmir	Civil Engineering (4 Years, Bachelor of Technology) 	AI 	OBC-NCL 	Gender-Neutral 	28730 	30387
Shri Mata Vaishno Devi University, Katra, Jammu & Kashmir	Computer Science and Engineering (4 Years, Bachelor of Technology) 	AI 	OBC-NCL 	Gender-Neutral 	19888 	22594
Shri Mata Vaishno Devi University, Katra, Jammu & Kashmir	Electrical Engineering (4 Years, Bachelor of Technology) 	AI 	OBC-NCL 	Gender-Neutral 	24269 	27072
Shri Mata Vaishno Devi University, Katra, Jammu & Kashmir	Electronics and Communication Engineering (4 Years, Bachelor of Technology) 	AI 	OBC-NCL 	Gender-Neutral 	23867 	27283
Shri Mata Vaishno Devi University, Katra, Jammu & Kashmir	Mechanical Engineering (4 Years, Bachelor of Technology) 	AI 	OBC-NCL 	Gender-Neutral 	27723 	28893
Shri Mata Vaishno Devi University, Katra, Jammu & Kashmir	Robotics and AI (4 Years, Bachelor of Technology) 	AI 	OBC-NCL 	Gender-Neutral 	21017 	23179
International Institute of Information Technology, Naya Raipur	Computer Science and Engineering (4 Years, Bachelor of Technology) 	AI 	OBC-NCL 	Gender-Neutral 	5805 	7022
International Institute of Information Technology, Naya Raipur	Computer Science and Engineering (4 Years, Bachelor of Technology) 	AI 	OBC-NCL 	Female-only (including Supernumerary) 	11850 	13527
International Institute of Information Technology, Naya Raipur	Data Science and Artificial Intelligence (4 Years, Bachelor of Technology) 	AI 	OBC-NCL 	Gender-Neutral 	6571 	8455
International Institute of Information Technology, Naya Raipur	Data Science and Artificial Intelligence (4 Years, Bachelor of Technology) 	AI 	OBC-NCL 	Female-only (including Supernumerary) 	14475 	14723
International Institute of Information Technology, Naya Raipur	Electronics and Communication Engineering (4 Years, Bachelor of Technology) 	AI 	OBC-NCL 	Gender-Neutral 	9157 	11114
International Institute of Information Technology, Naya Raipur	Electronics and Communication Engineering (4 Years, Bachelor of Technology) 	AI 	OBC-NCL 	Female-only (including Supernumerary) 	16012 	16782
University of Hyderabad	Computer Science and Engineering (5 Years, Bachelor and Master of Technology (Dual Degree)) 	AI 	OBC-NCL 	Gender-Neutral 	9899 	13796
University of Hyderabad	Materials Engineering (5 Years, Integrated Master of Technology) 	AI 	OBC-NCL 	Gender-Neutral 	20132 	23340
Jawaharlal Nehru University, Delhi	Computer Science and Engineering (4 Years, Bachelor of Technology) 	AI 	OBC-NCL 	Gender-Neutral 	8543 	11867
Jawaharlal Nehru University, Delhi	Electronics and Communication Engineering (4 Years, Bachelor of Technology) 	AI 	OBC-NCL 	Gender-Neutral 	11950 	14134
International Institute of Information Technology, Bhubaneswar	Computer Engineering (4 Years, Bachelor of Technology) 	AI 	OBC-NCL 	Gender-Neutral 	11018 	14917
International Institute of Information Technology, Bhubaneswar	Computer Science and Engineering (4 Years, Bachelor of Technology) 	AI 	OBC-NCL 	Gender-Neutral 	9883 	13566
International Institute of Information Technology, Bhubaneswar	Electrical and Electronics Engineering (4 Years, Bachelor of Technology) 	AI 	OBC-NCL 	Gender-Neutral 	14875 	16851
International Institute of Information Technology, Bhubaneswar	Electronics and Telecommunication Engineering (4 Years, Bachelor of Technology) 	AI 	OBC-NCL 	Gender-Neutral 	14951 	16452
International Institute of Information Technology, Bhubaneswar	Information Technology (4 Years, Bachelor of Technology) 	AI 	OBC-NCL 	Gender-Neutral 	12631 	14764
Central institute of Technology Kokrajar, Assam	Civil Engineering (4 Years, Bachelor of Technology) 	AI 	OBC-NCL 	Gender-Neutral 	23462 	23462
Central institute of Technology Kokrajar, Assam	Computer Science and Engineering (4 Years, Bachelor of Technology) 	AI 	OBC-NCL 	Gender-Neutral 	19441 	19441
Central institute of Technology Kokrajar, Assam	Electronics and Communication Engineering (4 Years, Bachelor of Technology) 	AI 	OBC-NCL 	Gender-Neutral 	22476 	22476
Central institute of Technology Kokrajar, Assam	Food Engineering and Technology (4 Years, Bachelor of Technology) 	AI 	OBC-NCL 	Gender-Neutral 	28508 	28508
Central institute of Technology Kokrajar, Assam	Instrumentation Engineering (4 Years, Bachelor of Technology) 	AI 	OBC-NCL 	Gender-Neutral 	24419 	24419
Puducherry Technological University, Puducherry	Chemical Engineering (4 Years, Bachelor of Technology) 	AI 	OBC-NCL 	Gender-Neutral 	18468 	18468
Puducherry Technological University, Puducherry	Civil Engineering (4 Years, Bachelor of Technology) 	AI 	OBC-NCL 	Gender-Neutral 	24432 	26486
Puducherry Technological University, Puducherry	Civil Engineering (4 Years, Bachelor of Technology) 	HS 	OBC-NCL 	Gender-Neutral 	105810 	123901
Puducherry Technological University, Puducherry	Computer Science and Engineering (4 Years, Bachelor of Technology) 	AI 	OBC-NCL 	Gender-Neutral 	14518 	17832
Puducherry Technological University, Puducherry	Computer Science and Engineering (4 Years, Bachelor of Technology) 	HS 	OBC-NCL 	Gender-Neutral 	66626 	77367
Puducherry Technological University, Puducherry	Electrical and Electronics Engineering (4 Years, Bachelor of Technology) 	AI 	OBC-NCL 	Gender-Neutral 	17689 	18535
Puducherry Technological University, Puducherry	Electronics and Communication Engineering (4 Years, Bachelor of Technology) 	AI 	OBC-NCL 	Gender-Neutral 	16420 	19179
Puducherry Technological University, Puducherry	Electronics and Communication Engineering (4 Years, Bachelor of Technology) 	HS 	OBC-NCL 	Gender-Neutral 	80692 	84933
Puducherry Technological University, Puducherry	Electronics and Instrumentation Engineering (4 Years, Bachelor of Technology) 	AI 	OBC-NCL 	Gender-Neutral 	19512 	19512
Puducherry Technological University, Puducherry	Information Technology (4 Years, Bachelor of Technology) 	AI 	OBC-NCL 	Gender-Neutral 	16450 	17536
Puducherry Technological University, Puducherry	Mechanical Engineering (4 Years, Bachelor of Technology) 	AI 	OBC-NCL 	Gender-Neutral 	20164 	23466
Puducherry Technological University, Puducherry	Mechanical Engineering (4 Years, Bachelor of Technology) 	HS 	OBC-NCL 	Gender-Neutral 	97643 	103157
Puducherry Technological University, Puducherry	Mechatronics Engineering (4 Years, Bachelor of Technology) 	AI 	OBC-NCL 	Gender-Neutral 	18951 	20522
Puducherry Technological University, Puducherry	Mechatronics Engineering (4 Years, Bachelor of Technology) 	HS 	OBC-NCL 	Gender-Neutral 	89043 	92338
Ghani Khan Choudhary Institute of Engineering and Technology, Malda, West Bengal	Civil and Environmental Engineering (4 Years, Bachelor of Technology) 	HS 	OBC-NCL 	Gender-Neutral 	101255 	132423
Ghani Khan Choudhary Institute of Engineering and Technology, Malda, West Bengal	Civil and Environmental Engineering (4 Years, Bachelor of Technology) 	HS 	OBC-NCL 	Female-only (including Supernumerary) 	104608 	104608
Ghani Khan Choudhary Institute of Engineering and Technology, Malda, West Bengal	Civil and Environmental Engineering (4 Years, Bachelor of Technology) 	OS 	OBC-NCL 	Gender-Neutral 	26101 	30097
Ghani Khan Choudhary Institute of Engineering and Technology, Malda, West Bengal	Civil and Environmental Engineering (4 Years, Bachelor of Technology) 	OS 	OBC-NCL 	Female-only (including Supernumerary) 	30659 	30659
Ghani Khan Choudhary Institute of Engineering and Technology, Malda, West Bengal	Computer Science Engineering (Artificial lntelligence and Machine Learning) (4 Years, Bachelor of Technology) 	HS 	OBC-NCL 	Gender-Neutral 	47840 	71149
Ghani Khan Choudhary Institute of Engineering and Technology, Malda, West Bengal	Computer Science Engineering (Artificial lntelligence and Machine Learning) (4 Years, Bachelor of Technology) 	OS 	OBC-NCL 	Gender-Neutral 	17341 	19643
Ghani Khan Choudhary Institute of Engineering and Technology, Malda, West Bengal	Electrical Engineering (4 Years, Bachelor of Technology) 	HS 	OBC-NCL 	Gender-Neutral 	74810 	97484
Ghani Khan Choudhary Institute of Engineering and Technology, Malda, West Bengal	Electrical Engineering (4 Years, Bachelor of Technology) 	OS 	OBC-NCL 	Gender-Neutral 	24673 	26550
Ghani Khan Choudhary Institute of Engineering and Technology, Malda, West Bengal	Food Technology (4 Years, Bachelor of Technology) 	HS 	OBC-NCL 	Gender-Neutral 	122730 	142022
Ghani Khan Choudhary Institute of Engineering and Technology, Malda, West Bengal	Food Technology (4 Years, Bachelor of Technology) 	OS 	OBC-NCL 	Gender-Neutral 	29776 	32004
Ghani Khan Choudhary Institute of Engineering and Technology, Malda, West Bengal	Mechanical Engineering (4 Years, Bachelor of Technology) 	HS 	OBC-NCL 	Gender-Neutral 	95772 	100153
Ghani Khan Choudhary Institute of Engineering and Technology, Malda, West Bengal	Mechanical Engineering (4 Years, Bachelor of Technology) 	OS 	OBC-NCL 	Gender-Neutral 	25971 	28663
Central University of Rajasthan, Rajasthan	Bio Medical Engineering (4 Years, Bachelor of Technology) 	AI 	OBC-NCL 	Gender-Neutral 	23430 	26832
Central University of Rajasthan, Rajasthan	Computer Science and Engineering (4 Years, Bachelor of Technology) 	AI 	OBC-NCL 	Gender-Neutral 	17573 	18998
Central University of Rajasthan, Rajasthan	Electronics and Communication Engineering (4 Years, Bachelor of Technology) 	AI 	OBC-NCL 	Gender-Neutral 	19691 	20554
National Institute of Food Technology Entrepreneurship and Management, Kundli	Food Technology and Management (4 Years, Bachelor of Technology) 	AI 	OBC-NCL 	Gender-Neutral 	29782 	32066
National Institute of Food Technology Entrepreneurship and Management, Thanjavur	Food Technology (4 Years, Bachelor of Technology) 	AI 	OBC-NCL 	Gender-Neutral 	26826 	29544
North Eastern Regional Institute of Science and Technology, Nirjuli-791109 (Itanagar),Arunachal Pradesh 	Civil Engineering (4 Years, Bachelor of Technology) 	AI 	OBC-NCL 	Gender-Neutral 	22818 	22818
North Eastern Regional Institute of Science and Technology, Nirjuli-791109 (Itanagar),Arunachal Pradesh 	Electronics and Communication Engineering (4 Years, Bachelor of Technology) 	AI 	OBC-NCL 	Gender-Neutral 	22900 	22900
Indian Institute of Handloom Technology(IIHT), Varanasi	Handloom and Textile Technology (4 Years, Bachelor of Technology) 	AI 	OBC-NCL 	Gender-Neutral 	30094 	32042
Chhattisgarh Swami Vivekanada Technical University, Bhilai (CSVTU Bhilai)	Civil Engineering (4 Years, Bachelor of Technology) 	AI 	OBC-NCL 	Gender-Neutral 	26685 	30996
Chhattisgarh Swami Vivekanada Technical University, Bhilai (CSVTU Bhilai)	Computer Science Engineering (Artificial Intelligence) (4 Years, B. Tech / B. Tech (Hons.)) 	AI 	OBC-NCL 	Gender-Neutral 	20022 	22932
Chhattisgarh Swami Vivekanada Technical University, Bhilai (CSVTU Bhilai)	Computer Science Engineering (Data Science) (4 Years, B. Tech / B. Tech (Hons.)) 	AI 	OBC-NCL 	Gender-Neutral 	21351 	23517
Institute of Chemical Technology, Mumbai: Indian Oil Odisha Campus, Bhubaneswar	Chemical Engineering (5 Years, Integrated Masters in Technology) 	AI 	OBC-NCL 	Gender-Neutral 	18101 	21881
Institute of Chemical Technology, Mumbai: Indian Oil Odisha Campus, Bhubaneswar	Chemical Engineering (5 Years, Integrated Masters in Technology) 	HS 	OBC-NCL 	Gender-Neutral 	30983 	34348
North-Eastern Hill University, Shillong	Biomedical Engineering (4 Years, Bachelor of Technology) 	AI 	OBC-NCL 	Gender-Neutral 	24582 	29635
North-Eastern Hill University, Shillong	Electronics and Communication Engineering (4 Years, Bachelor of Technology) 	AI 	OBC-NCL 	Gender-Neutral 	25591 	28060
North-Eastern Hill University, Shillong	Energy Engineering (4 Years, Bachelor of Technology) 	AI 	OBC-NCL 	Gender-Neutral 	24698 	27684
North-Eastern Hill University, Shillong	Information Technology (4 Years, Bachelor of Technology) 	AI 	OBC-NCL 	Gender-Neutral 	22456 	24853
Central University of Jammu	Computer Science and Engineering (4 Years, Bachelor of Technology) 	AI 	OBC-NCL 	Gender-Neutral 	22236 	25249
Central University of Jammu	Computer Science and Engineering with specialization in Cyber Security (4 Years, Bachelor of Technology) 	AI 	OBC-NCL 	Gender-Neutral 	23100 	25537
Central University of Jammu	Electronics and Communication Engineering (4 Years, Bachelor of Technology) 	AI 	OBC-NCL 	Gender-Neutral 	25894 	27833
Central University of Jammu	Electronics and Communication Engineering (Avionics) (4 Years, Bachelor of Technology) 	AI 	OBC-NCL 	Gender-Neutral 	26634 	28649
Central University of Jammu	Mathematics and Computing (4 Years, Bachelor of Technology) 	AI 	OBC-NCL 	Gender-Neutral 	25241 	27729
Institute of Engineering and Technology, Dr. H. S. Gour University. Sagar (A Central University)	Aeronautical Engineering (4 Years, Bachelor of Technology) 	AI 	OBC-NCL 	Gender-Neutral 	22183 	27067
Institute of Engineering and Technology, Dr. H. S. Gour University. Sagar (A Central University)	Computer Science and Engineering (4 Years, Bachelor of Technology) 	AI 	OBC-NCL 	Gender-Neutral 	19144 	22271
Institute of Engineering and Technology, Dr. H. S. Gour University. Sagar (A Central University)	Dairy Engineering (4 Years, Bachelor of Technology) 	AI 	OBC-NCL 	Gender-Neutral 	32749 	33635
Institute of Engineering and Technology, Dr. H. S. Gour University. Sagar (A Central University)	Electronics and Communication Engineering (4 Years, Bachelor of Technology) 	AI 	OBC-NCL 	Gender-Neutral 	24776 	27579
Institute of Engineering and Technology, Dr. H. S. Gour University. Sagar (A Central University)	Fashion and Apparel Engineering (4 Years, Bachelor of Technology) 	AI 	OBC-NCL 	Gender-Neutral 	31115 	33125
Institute of Engineering and Technology, Dr. H. S. Gour University. Sagar (A Central University)	Food Engineering and Technology (4 Years, Bachelor of Technology) 	AI 	OBC-NCL 	Gender-Neutral 	31352 	34186
Central University of Haryana	Civil Engineering (4 Years, Bachelor of Technology) 	AI 	OBC-NCL 	Gender-Neutral 	27532 	30477
Central University of Haryana	Computer Science and Engineering (4 Years, Bachelor of Technology) 	AI 	OBC-NCL 	Gender-Neutral 	19264 	20807
Central University of Haryana	Electrical Engineering (4 Years, Bachelor of Technology) 	AI 	OBC-NCL 	Gender-Neutral 	22555 	25837
Central University of Haryana	Printing and Packaging Technology (4 Years, Bachelor of Technology) 	AI 	OBC-NCL 	Gender-Neutral 	28140 	30369
Birla Institute of Technology, Deoghar Off-Campus	Computer Science and Engineering (4 Years, Bachelor of Technology) 	AI 	OBC-NCL 	Gender-Neutral 	15583 	19266
Birla Institute of Technology, Deoghar Off-Campus	Electrical and Electronics Engineering (4 Years, Bachelor of Technology) 	AI 	OBC-NCL 	Gender-Neutral 	18926 	21120
Birla Institute of Technology, Deoghar Off-Campus	Electronics and Communication Engineering (4 Years, Bachelor of Technology) 	AI 	OBC-NCL 	Gender-Neutral 	19321 	21677
Birla Institute of Technology, Deoghar Off-Campus	Mechanical Engineering (4 Years, Bachelor of Technology) 	AI 	OBC-NCL 	Gender-Neutral 	21137 	22994
Birla Institute of Technology, Patna Off-Campus	Artificial Intelligence and Machine Learning (4 Years, Bachelor of Technology) 	AI 	OBC-NCL 	Gender-Neutral 	17799 	18955
Birla Institute of Technology, Patna Off-Campus	Civil Engineering (4 Years, Bachelor of Technology) 	AI 	OBC-NCL 	Gender-Neutral 	22094 	23709
Birla Institute of Technology, Patna Off-Campus	Computer Science and Engineering (4 Years, Bachelor of Technology) 	AI 	OBC-NCL 	Gender-Neutral 	15787 	17359
Birla Institute of Technology, Patna Off-Campus	Electrical and Electronics Engineering (4 Years, Bachelor of Technology) 	AI 	OBC-NCL 	Gender-Neutral 	19508 	21332
Birla Institute of Technology, Patna Off-Campus	Electronics and Communication Engineering (4 Years, Bachelor of Technology) 	AI 	OBC-NCL 	Gender-Neutral 	17528 	19276
Birla Institute of Technology, Patna Off-Campus	Mathematics and Computing (5 Years, Integrated Master of Science) 	AI 	OBC-NCL 	Gender-Neutral 	19825 	21674
Birla Institute of Technology, Patna Off-Campus	Mechanical Engineering (4 Years, Bachelor of Technology) 	AI 	OBC-NCL 	Gender-Neutral 	21954 	23133
Indian Institute of Handloom Technology, Salem	Handloom and Textile Technology (4 Years, Bachelor of Technology) 	AI 	OBC-NCL 	Gender-Neutral 	27897 	30236
Gati Shakti Vishwavidyalaya, Vadodara	B.Tech in Artificial Intelligenece and Data Science (Transportation and Logistics) (4 Years, Bachelor of Technology) 	AI 	OBC-NCL 	Gender-Neutral 	17145 	20852
Gati Shakti Vishwavidyalaya, Vadodara	B.Tech in Artificial Intelligenece and Data Science (Transportation and Logistics) (4 Years, Bachelor of Technology) 	AI 	OBC-NCL 	Female-only (including Supernumerary) 	21521 	21521
Gati Shakti Vishwavidyalaya, Vadodara	B.Tech in Aviation Engineering (4 Years, Bachelor of Technology) 	AI 	OBC-NCL 	Gender-Neutral 	19390 	25732
Gati Shakti Vishwavidyalaya, Vadodara	B.Tech in Civil Engineering (Rail Engineering) (4 Years, Bachelor of Technology) 	AI 	OBC-NCL 	Gender-Neutral 	26071 	28903
Gati Shakti Vishwavidyalaya, Vadodara	B.Tech in Civil Engineering (Rail Engineering) (4 Years, Bachelor of Technology) 	AI 	OBC-NCL 	Female-only (including Supernumerary) 	26548 	26731
Gati Shakti Vishwavidyalaya, Vadodara	B.Tech in Electrical Engineering ( Rail Engineering) (4 Years, Bachelor of Technology) 	AI 	OBC-NCL 	Gender-Neutral 	23174 	25665
Gati Shakti Vishwavidyalaya, Vadodara	B.Tech in Electronics & Communication Engineering (Rail Engineering) (4 Years, Bachelor of Technology) 	AI 	OBC-NCL 	Gender-Neutral 	18436 	22295
Gati Shakti Vishwavidyalaya, Vadodara	B.Tech in Electronics & Communication Engineering (Rail Engineering) (4 Years, Bachelor of Technology) 	AI 	OBC-NCL 	Female-only (including Supernumerary) 	22878 	23762
Gati Shakti Vishwavidyalaya, Vadodara	B.Tech in Mechanical Engineering ( Rail Engineering) (4 Years, Bachelor of Technology) 	AI 	OBC-NCL 	Gender-Neutral 	21483 	26065
Gati Shakti Vishwavidyalaya, Vadodara	B.Tech in Mechanical Engineering ( Rail Engineering) (4 Years, Bachelor of Technology) 	AI 	OBC-NCL 	Female-only (including Supernumerary) 	24251 	24251
CU Jharkhand	Civil Engineering (4 Years, Bachelor of Technology) 	AI 	OBC-NCL 	Gender-Neutral 	24394 	26609
CU Jharkhand	Computer Science and Engineering (4 Years, Bachelor of Technology) 	AI 	OBC-NCL 	Gender-Neutral 	20659 	23438
CU Jharkhand	Electrical Engineering (4 Years, Bachelor of Technology) 	AI 	OBC-NCL 	Gender-Neutral 	25477 	26379
CU Jharkhand	Metallurgical and Materials Engineering (4 Years, Bachelor of Technology) 	AI 	OBC-NCL 	Gender-Neutral 	28134 	29893
National Institute of Electronics and Information Technology, Ropar (Punjab)	B.Tech in CSE (AI and ML) (4 Years, Bachelor of Technology) 	AI 	OBC-NCL 	Gender-Neutral 	13854 	19206
National Institute of Electronics and Information Technology, Patna (Bihar)	Computer Science and Engineering (4 Years, Bachelor of Technology) 	AI 	OBC-NCL 	Gender-Neutral 	17736 	21698
National Institute of Electronics and Information Technology, Ajmer (Rajasthan)	Computer Science and Engineering (Internet of Things, Cyber Security including Block Chain Technology ) (4 Years, Bachelor of Technology) 	AI 	OBC-NCL 	Gender-Neutral 	17410 	20967
National Institute of Electronics and Information Technology, Gorakhpur (UP)	B. Tech in Electronics and Communication Engineering with minor in Wearable Electronics (4 Years, Bachelor of Technology) 	AI 	OBC-NCL 	Gender-Neutral 	21773 	24352
National Institute of Electronics and Information Technology, Gorakhpur (UP)	Computer Science and Engineering with minor in AI and ML (4 Years, Bachelor of Technology) 	AI 	OBC-NCL 	Gender-Neutral 	18808 	22606
Rajiv Gandhi National Aviation University, Fursatganj, Amethi (UP)	Aerospace Engineering (4 Years, Bachelor of Technology) 	AI 	OBC-NCL 	Gender-Neutral 	20356 	23193
Rajiv Gandhi National Aviation University, Fursatganj, Amethi (UP)	Electronics and Communication Engineering (Avionics) (4 Years, Bachelor of Technology) 	AI 	OBC-NCL 	Gender-Neutral 	20682 	25373
Islamic University of Science and Technology Kashmir	Architecture (5 Years, Bachelor of Architecture) 	AI 	OBC-NCL 	Gender-Neutral 	633 	641
