Indian Institute of Technology Bhubaneswar	Civil Engineering (4 Years, Bachelor of Technology) 	AI 	OPEN 	Gender-Neutral 	10486 	14422
Indian Institute of Technology Bhubaneswar	Civil Engineering (4 Years, Bachelor of Technology) 	AI 	OPEN 	Female-only (including Supernumerary) 	19820 	23226
Indian Institute of Technology Bhubaneswar	Computer Science and Engineering (4 Years, Bachelor of Technology) 	AI 	OPEN 	Gender-Neutral 	2344 	3855
Indian Institute of Technology Bhubaneswar	Computer Science and Engineering (4 Years, Bachelor of Technology) 	AI 	OPEN 	Female-only (including Supernumerary) 	4082 	6467
Indian Institute of Technology Bhubaneswar	Electrical Engineering (4 Years, Bachelor of Technology) 	AI 	OPEN 	Gender-Neutral 	5585 	7354
Indian Institute of Technology Bhubaneswar	Electrical Engineering (4 Years, Bachelor of Technology) 	AI 	OPEN 	Female-only (including Supernumerary) 	10538 	14984
Indian Institute of Technology Bhubaneswar	Electronics and Communication Engineering (4 Years, Bachelor of Technology) 	AI 	OPEN 	Gender-Neutral 	3873 	5535
Indian Institute of Technology Bhubaneswar	Electronics and Communication Engineering (4 Years, Bachelor of Technology) 	AI 	OPEN 	Female-only (including Supernumerary) 	8804 	9686
Indian Institute of Technology Bhubaneswar	Engineering Physics (4 Years, Bachelor of Technology) 	AI 	OPEN 	Gender-Neutral 	8840 	10494
Indian Institute of Technology Bhubaneswar	Engineering Physics (4 Years, Bachelor of Technology) 	AI 	OPEN 	Female-only (including Supernumerary) 	20216 	20335
Indian Institute of Technology Bhubaneswar	Mathematics and Computing (4 Years, Bachelor of Technology) 	AI 	OPEN 	Gender-Neutral 	4174 	4607
Indian Institute of Technology Bhubaneswar	Mathematics and Computing (4 Years, Bachelor of Technology) 	AI 	OPEN 	Female-only (including Supernumerary) 	7679 	8287
Indian Institute of Technology Bhubaneswar	Mechanical Engineering (4 Years, Bachelor of Technology) 	AI 	OPEN 	Gender-Neutral 	4945 	10173
Indian Institute of Technology Bhubaneswar	Mechanical Engineering (4 Years, Bachelor of Technology) 	AI 	OPEN 	Female-only (including Supernumerary) 	15167 	19533
Indian Institute of Technology Bhubaneswar	Metallurgical and Materials Engineering (4 Years, Bachelor of Technology) 	AI 	OPEN 	Gender-Neutral 	11591 	14016
Indian Institute of Technology Bhubaneswar	Metallurgical and Materials Engineering (4 Years, Bachelor of Technology) 	AI 	OPEN 	Female-only (including Supernumerary) 	20044 	22981
Indian Institute of Technology Bombay	Aerospace Engineering (4 Years, Bachelor of Technology) 	AI 	OPEN 	Gender-Neutral 	1195 	2305
Indian Institute of Technology Bombay	Aerospace Engineering (4 Years, Bachelor of Technology) 	AI 	OPEN 	Female-only (including Supernumerary) 	4812 	5994
Indian Institute of Technology Bombay	Applied Geophysics (4 Years, Bachelor of Science) 	AI 	OPEN 	Gender-Neutral 	4724 	7847
Indian Institute of Technology Bombay	Applied Geophysics (4 Years, Bachelor of Science) 	AI 	OPEN 	Female-only (including Supernumerary) 	13688 	13761
Indian Institute of Technology Bombay	BS in Mathematics (4 Years, Bachelor of Science) 	AI 	OPEN 	Gender-Neutral 	370 	957
Indian Institute of Technology Bombay	BS in Mathematics (4 Years, Bachelor of Science) 	AI 	OPEN 	Female-only (including Supernumerary) 	3432 	3432
Indian Institute of Technology Bombay	Chemical Engineering (4 Years, Bachelor of Technology) 	AI 	OPEN 	Gender-Neutral 	601 	2405
Indian Institute of Technology Bombay	Chemical Engineering (4 Years, Bachelor of Technology) 	AI 	OPEN 	Female-only (including Supernumerary) 	4813 	5969
Indian Institute of Technology Bombay	Chemistry (4 Years, Bachelor of Science) 	AI 	OPEN 	Gender-Neutral 	3133 	7081
Indian Institute of Technology Bombay	Chemistry (4 Years, Bachelor of Science) 	AI 	OPEN 	Female-only (including Supernumerary) 	9368 	10435
Indian Institute of Technology Bombay	Civil Engineering (4 Years, Bachelor of Technology) 	AI 	OPEN 	Gender-Neutral 	2666 	4095
Indian Institute of Technology Bombay	Civil Engineering (4 Years, Bachelor of Technology) 	AI 	OPEN 	Female-only (including Supernumerary) 	6085 	8597
Indian Institute of Technology Bombay	Computer Science and Engineering (4 Years, Bachelor of Technology) 	AI 	OPEN 	Gender-Neutral 	1 	66
Indian Institute of Technology Bombay	Computer Science and Engineering (4 Years, Bachelor of Technology) 	AI 	OPEN 	Female-only (including Supernumerary) 	29 	296
Indian Institute of Technology Bombay	Economics (4 Years, Bachelor of Science) 	AI 	OPEN 	Gender-Neutral 	1531 	2312
Indian Institute of Technology Bombay	Economics (4 Years, Bachelor of Science) 	AI 	OPEN 	Female-only (including Supernumerary) 	3744 	4564
Indian Institute of Technology Bombay	Electrical Engineering (4 Years, Bachelor of Technology) 	AI 	OPEN 	Gender-Neutral 	106 	418
Indian Institute of Technology Bombay	Electrical Engineering (4 Years, Bachelor of Technology) 	AI 	OPEN 	Female-only (including Supernumerary) 	779 	1914
Indian Institute of Technology Bombay	Electrical Engineering (5 Years, Bachelor and Master of Technology (Dual Degree)) 	AI 	OPEN 	Gender-Neutral 	470 	830
Indian Institute of Technology Bombay	Electrical Engineering (5 Years, Bachelor and Master of Technology (Dual Degree)) 	AI 	OPEN 	Female-only (including Supernumerary) 	2219 	3274
Indian Institute of Technology Bombay	Energy Engineering (4 Years, Bachelor of Technology) 	AI 	OPEN 	Gender-Neutral 	1810 	2452
Indian Institute of Technology Bombay	Energy Engineering (4 Years, Bachelor of Technology) 	AI 	OPEN 	Female-only (including Supernumerary) 	4087 	5892
Indian Institute of Technology Bombay	Engineering Physics (4 Years, Bachelor of Technology) 	AI 	OPEN 	Gender-Neutral 	122 	1490
Indian Institute of Technology Bombay	Engineering Physics (4 Years, Bachelor of Technology) 	AI 	OPEN 	Female-only (including Supernumerary) 	3126 	4802
Indian Institute of Technology Bombay	Environmental Science and Engineering (4 Years, Bachelor of Technology) 	AI 	OPEN 	Gender-Neutral 	3143 	4696
Indian Institute of Technology Bombay	Environmental Science and Engineering (4 Years, Bachelor of Technology) 	AI 	OPEN 	Female-only (including Supernumerary) 	8026 	8925
Indian Institute of Technology Bombay	Industrial Engineering and Operations Research (4 Years, Bachelor of Technology) 	AI 	OPEN 	Gender-Neutral 	264 	1133
Indian Institute of Technology Bombay	Industrial Engineering and Operations Research (4 Years, Bachelor of Technology) 	AI 	OPEN 	Female-only (including Supernumerary) 	2669 	3012
Indian Institute of Technology Bombay	Mechanical Engineering (4 Years, Bachelor of Technology) 	AI 	OPEN 	Gender-Neutral 	490 	1770
Indian Institute of Technology Bombay	Mechanical Engineering (4 Years, Bachelor of Technology) 	AI 	OPEN 	Female-only (including Supernumerary) 	2816 	4693
Indian Institute of Technology Bombay	Metallurgical Engineering and Materials Science (4 Years, Bachelor of Technology) 	AI 	OPEN 	Gender-Neutral 	2584 	4119
Indian Institute of Technology Bombay	Metallurgical Engineering and Materials Science (4 Years, Bachelor of Technology) 	AI 	OPEN 	Female-only (including Supernumerary) 	6628 	8075
Indian Institute of Technology Mandi	B.Tech in General Engineering (4 Years, Bachelor of Technology) 	AI 	OPEN 	Gender-Neutral 	6043 	10184
Indian Institute of Technology Mandi	B.Tech in General Engineering (4 Years, Bachelor of Technology) 	AI 	OPEN 	Female-only (including Supernumerary) 	16970 	17710
Indian Institute of Technology Mandi	B.Tech in Materials Science and Engineering (4 Years, Bachelor of Technology) 	AI 	OPEN 	Gender-Neutral 	10782 	12961
Indian Institute of Technology Mandi	B.Tech in Materials Science and Engineering (4 Years, Bachelor of Technology) 	AI 	OPEN 	Female-only (including Supernumerary) 	23258 	23299
Indian Institute of Technology Mandi	B.Tech in Mathematics and Computing (4 Years, Bachelor of Technology) 	AI 	OPEN 	Gender-Neutral 	3648 	4068
Indian Institute of Technology Mandi	B.Tech in Mathematics and Computing (4 Years, Bachelor of Technology) 	AI 	OPEN 	Female-only (including Supernumerary) 	9721 	9846
Indian Institute of Technology Mandi	B.Tech in Microelectronics & VLSI (4 Years, Bachelor of Technology) 	AI 	OPEN 	Gender-Neutral 	4593 	5952
Indian Institute of Technology Mandi	B.Tech in Microelectronics & VLSI (4 Years, Bachelor of Technology) 	AI 	OPEN 	Female-only (including Supernumerary) 	11355 	12496
Indian Institute of Technology Mandi	Bio Engineering (4 Years, Bachelor of Technology) 	AI 	OPEN 	Gender-Neutral 	10606 	13156
Indian Institute of Technology Mandi	Bio Engineering (4 Years, Bachelor of Technology) 	AI 	OPEN 	Female-only (including Supernumerary) 	21521 	22651
Indian Institute of Technology Mandi	BS in Chemical Sciences (4 Years, Bachelor of Science) 	AI 	OPEN 	Gender-Neutral 	13425 	16040
Indian Institute of Technology Mandi	BS in Chemical Sciences (4 Years, Bachelor of Science) 	AI 	OPEN 	Female-only (including Supernumerary) 	25305 	25332
Indian Institute of Technology Mandi	Civil Engineering (4 Years, Bachelor of Technology) 	AI 	OPEN 	Gender-Neutral 	10191 	12378
Indian Institute of Technology Mandi	Civil Engineering (4 Years, Bachelor of Technology) 	AI 	OPEN 	Female-only (including Supernumerary) 	21169 	22308
Indian Institute of Technology Mandi	Computer Science and Engineering (4 Years, Bachelor of Technology) 	AI 	OPEN 	Gender-Neutral 	2096 	3087
Indian Institute of Technology Mandi	Computer Science and Engineering (4 Years, Bachelor of Technology) 	AI 	OPEN 	Female-only (including Supernumerary) 	6922 	7721
Indian Institute of Technology Mandi	Data Science and Artificial Intelligence (4 Years, Bachelor of Technology) 	AI 	OPEN 	Gender-Neutral 	3122 	3868
Indian Institute of Technology Mandi	Data Science and Artificial Intelligence (4 Years, Bachelor of Technology) 	AI 	OPEN 	Female-only (including Supernumerary) 	7997 	8476
Indian Institute of Technology Mandi	Electrical Engineering (4 Years, Bachelor of Technology) 	AI 	OPEN 	Gender-Neutral 	4918 	6502
Indian Institute of Technology Mandi	Electrical Engineering (4 Years, Bachelor of Technology) 	AI 	OPEN 	Female-only (including Supernumerary) 	11244 	13727
Indian Institute of Technology Mandi	Engineering Physics (4 Years, Bachelor of Technology) 	AI 	OPEN 	Gender-Neutral 	8536 	10407
Indian Institute of Technology Mandi	Engineering Physics (4 Years, Bachelor of Technology) 	AI 	OPEN 	Female-only (including Supernumerary) 	19108 	20049
Indian Institute of Technology Mandi	Mechanical Engineering (4 Years, Bachelor of Technology) 	AI 	OPEN 	Gender-Neutral 	7040 	9340
Indian Institute of Technology Mandi	Mechanical Engineering (4 Years, Bachelor of Technology) 	AI 	OPEN 	Female-only (including Supernumerary) 	17438 	18850
Indian Institute of Technology Delhi	Abu Dhabi Campus - Chemical Engineering (4 Years, Bachelor of Technology) 	AI 	OPEN 	Gender-Neutral 	5200 	5712
Indian Institute of Technology Delhi	Abu Dhabi Campus - Chemical Engineering (4 Years, Bachelor of Technology) 	AI 	OPEN 	Female-only (including Supernumerary) 	11520 	11520
Indian Institute of Technology Delhi	Abu Dhabi Campus - Computer Science and Engineering (4 Years, Bachelor of Technology) 	AI 	OPEN 	Gender-Neutral 	1169 	1346
Indian Institute of Technology Delhi	Abu Dhabi Campus - Computer Science and Engineering (4 Years, Bachelor of Technology) 	AI 	OPEN 	Female-only (including Supernumerary) 	6480 	6480
Indian Institute of Technology Delhi	Abu Dhabi Campus - Energy Engineering (4 Years, Bachelor of Technology) 	AI 	OPEN 	Gender-Neutral 	4277 	4661
Indian Institute of Technology Delhi	Abu Dhabi Campus - Energy Engineering (4 Years, Bachelor of Technology) 	AI 	OPEN 	Female-only (including Supernumerary) 	8973 	8973
Indian Institute of Technology Delhi	Biotechnology and Biochemical Engineering (4 Years, Bachelor of Technology) 	AI 	OPEN 	Gender-Neutral 	3147 	4919
Indian Institute of Technology Delhi	Biotechnology and Biochemical Engineering (4 Years, Bachelor of Technology) 	AI 	OPEN 	Female-only (including Supernumerary) 	6350 	8927
Indian Institute of Technology Delhi	Chemical Engineering (4 Years, Bachelor of Technology) 	AI 	OPEN 	Gender-Neutral 	1904 	2462
Indian Institute of Technology Delhi	Chemical Engineering (4 Years, Bachelor of Technology) 	AI 	OPEN 	Female-only (including Supernumerary) 	5287 	5968
Indian Institute of Technology Delhi	Chemical Engineering (5 Years, Bachelor and Master of Technology (Dual Degree)) 	AI 	OPEN 	Gender-Neutral 	2581 	3426
Indian Institute of Technology Delhi	Chemical Engineering (5 Years, Bachelor and Master of Technology (Dual Degree)) 	AI 	OPEN 	Female-only (including Supernumerary) 	6826 	7561
Indian Institute of Technology Delhi	Chemistry (4 Years, Bachelor of Science) 	AI 	OPEN 	Gender-Neutral 	5733 	8043
Indian Institute of Technology Delhi	Chemistry (4 Years, Bachelor of Science) 	AI 	OPEN 	Female-only (including Supernumerary) 	11389 	16252
Indian Institute of Technology Delhi	Civil Engineering (4 Years, Bachelor of Technology) 	AI 	OPEN 	Gender-Neutral 	3030 	4228
Indian Institute of Technology Delhi	Civil Engineering (4 Years, Bachelor of Technology) 	AI 	OPEN 	Female-only (including Supernumerary) 	3660 	9104
Indian Institute of Technology Delhi	Computer Science and Engineering (4 Years, Bachelor of Technology) 	AI 	OPEN 	Gender-Neutral 	24 	125
Indian Institute of Technology Delhi	Computer Science and Engineering (4 Years, Bachelor of Technology) 	AI 	OPEN 	Female-only (including Supernumerary) 	376 	498
Indian Institute of Technology Delhi	Computer Science and Engineering (5 Years, Bachelor and Master of Technology (Dual Degree)) 	AI 	OPEN 	Gender-Neutral 	134 	186
Indian Institute of Technology Delhi	Computer Science and Engineering (5 Years, Bachelor and Master of Technology (Dual Degree)) 	AI 	OPEN 	Female-only (including Supernumerary) 	560 	996
Indian Institute of Technology Delhi	Design (4 Years, Bachelor of Technology) 	AI 	OPEN 	Gender-Neutral 	7813 	10036
Indian Institute of Technology Delhi	Design (4 Years, Bachelor of Technology) 	AI 	OPEN 	Female-only (including Supernumerary) 	16045 	21631
Indian Institute of Technology Delhi	Electrical Engineering (4 Years, Bachelor of Technology) 	AI 	OPEN 	Gender-Neutral 	365 	591
Indian Institute of Technology Delhi	Electrical Engineering (4 Years, Bachelor of Technology) 	AI 	OPEN 	Female-only (including Supernumerary) 	1617 	2627
Indian Institute of Technology Delhi	Electrical Engineering (Power and Automation) (4 Years, Bachelor of Technology) 	AI 	OPEN 	Gender-Neutral 	612 	806
Indian Institute of Technology Delhi	Electrical Engineering (Power and Automation) (4 Years, Bachelor of Technology) 	AI 	OPEN 	Female-only (including Supernumerary) 	2789 	2886
Indian Institute of Technology Delhi	Energy Engineering (4 Years, Bachelor of Technology) 	AI 	OPEN 	Gender-Neutral 	1868 	2622
Indian Institute of Technology Delhi	Energy Engineering (4 Years, Bachelor of Technology) 	AI 	OPEN 	Female-only (including Supernumerary) 	3645 	6136
Indian Institute of Technology Delhi	Engineering and Computational Mechanics (4 Years, Bachelor of Technology) 	AI 	OPEN 	Gender-Neutral 	858 	1103
Indian Institute of Technology Delhi	Engineering and Computational Mechanics (4 Years, Bachelor of Technology) 	AI 	OPEN 	Female-only (including Supernumerary) 	3041 	3918
Indian Institute of Technology Delhi	Engineering Physics (4 Years, Bachelor of Technology) 	AI 	OPEN 	Gender-Neutral 	1393 	2483
Indian Institute of Technology Delhi	Engineering Physics (4 Years, Bachelor of Technology) 	AI 	OPEN 	Female-only (including Supernumerary) 	4457 	6755
Indian Institute of Technology Delhi	Materials Engineering (4 Years, Bachelor of Technology) 	AI 	OPEN 	Gender-Neutral 	2499 	3470
Indian Institute of Technology Delhi	Materials Engineering (4 Years, Bachelor of Technology) 	AI 	OPEN 	Female-only (including Supernumerary) 	7895 	9060
Indian Institute of Technology Delhi	Mathematics and Computing (4 Years, Bachelor of Technology) 	AI 	OPEN 	Gender-Neutral 	154 	316
Indian Institute of Technology Delhi	Mathematics and Computing (4 Years, Bachelor of Technology) 	AI 	OPEN 	Female-only (including Supernumerary) 	743 	1234
Indian Institute of Technology Delhi	Mathematics and Computing (5 Years, Bachelor and Master of Technology (Dual Degree)) 	AI 	OPEN 	Gender-Neutral 	319 	353
Indian Institute of Technology Delhi	Mathematics and Computing (5 Years, Bachelor and Master of Technology (Dual Degree)) 	AI 	OPEN 	Female-only (including Supernumerary) 	1447 	2258
Indian Institute of Technology Delhi	Mechanical Engineering (4 Years, Bachelor of Technology) 	AI 	OPEN 	Gender-Neutral 	1156 	1862
Indian Institute of Technology Delhi	Mechanical Engineering (4 Years, Bachelor of Technology) 	AI 	OPEN 	Female-only (including Supernumerary) 	4074 	5178
Indian Institute of Technology Delhi	Production and Industrial Engineering (4 Years, Bachelor of Technology) 	AI 	OPEN 	Gender-Neutral 	1988 	3027
Indian Institute of Technology Delhi	Production and Industrial Engineering (4 Years, Bachelor of Technology) 	AI 	OPEN 	Female-only (including Supernumerary) 	6315 	7364
Indian Institute of Technology Delhi	Textile Technology (4 Years, Bachelor of Technology) 	AI 	OPEN 	Gender-Neutral 	4999 	5608
Indian Institute of Technology Delhi	Textile Technology (4 Years, Bachelor of Technology) 	AI 	OPEN 	Female-only (including Supernumerary) 	9841 	11158
Indian Institute of Technology Indore	Chemical Engineering (4 Years, Bachelor of Technology) 	AI 	OPEN 	Gender-Neutral 	5414 	7739
Indian Institute of Technology Indore	Chemical Engineering (4 Years, Bachelor of Technology) 	AI 	OPEN 	Female-only (including Supernumerary) 	12689 	15214
Indian Institute of Technology Indore	Civil Engineering (4 Years, Bachelor of Technology) 	AI 	OPEN 	Gender-Neutral 	8139 	9971
Indian Institute of Technology Indore	Civil Engineering (4 Years, Bachelor of Technology) 	AI 	OPEN 	Female-only (including Supernumerary) 	15341 	16727
Indian Institute of Technology Indore	Computer Science and Engineering (4 Years, Bachelor of Technology) 	AI 	OPEN 	Gender-Neutral 	952 	1628
Indian Institute of Technology Indore	Computer Science and Engineering (4 Years, Bachelor of Technology) 	AI 	OPEN 	Female-only (including Supernumerary) 	2695 	3922
Indian Institute of Technology Indore	Electrical Engineering (4 Years, Bachelor of Technology) 	AI 	OPEN 	Gender-Neutral 	2390 	3675
Indian Institute of Technology Indore	Electrical Engineering (4 Years, Bachelor of Technology) 	AI 	OPEN 	Female-only (including Supernumerary) 	6403 	7968
Indian Institute of Technology Indore	Engineering Physics (4 Years, Bachelor of Technology) 	AI 	OPEN 	Gender-Neutral 	5236 	6736
Indian Institute of Technology Indore	Engineering Physics (4 Years, Bachelor of Technology) 	AI 	OPEN 	Female-only (including Supernumerary) 	14114 	16482
Indian Institute of Technology Indore	Mathematics and Computing (4 Years, Bachelor of Technology) 	AI 	OPEN 	Gender-Neutral 	1678 	2008
Indian Institute of Technology Indore	Mathematics and Computing (4 Years, Bachelor of Technology) 	AI 	OPEN 	Female-only (including Supernumerary) 	4271 	5553
Indian Institute of Technology Indore	Mechanical Engineering (4 Years, Bachelor of Technology) 	AI 	OPEN 	Gender-Neutral 	4506 	6850
Indian Institute of Technology Indore	Mechanical Engineering (4 Years, Bachelor of Technology) 	AI 	OPEN 	Female-only (including Supernumerary) 	12528 	15160
Indian Institute of Technology Indore	Metallurgical Engineering and Materials Science (4 Years, Bachelor of Technology) 	AI 	OPEN 	Gender-Neutral 	8439 	10576
Indian Institute of Technology Indore	Metallurgical Engineering and Materials Science (4 Years, Bachelor of Technology) 	AI 	OPEN 	Female-only (including Supernumerary) 	17303 	19655
Indian Institute of Technology Indore	Space Science and Engineering (4 Years, Bachelor of Technology) 	AI 	OPEN 	Gender-Neutral 	4860 	6548
Indian Institute of Technology Indore	Space Science and Engineering (4 Years, Bachelor of Technology) 	AI 	OPEN 	Female-only (including Supernumerary) 	13917 	13924
Indian Institute of Technology Kharagpur	Aerospace Engineering (4 Years, Bachelor of Technology) 	AI 	OPEN 	Gender-Neutral 	3740 	4567
Indian Institute of Technology Kharagpur	Aerospace Engineering (4 Years, Bachelor of Technology) 	AI 	OPEN 	Female-only (including Supernumerary) 	9899 	11367
Indian Institute of Technology Kharagpur	Agricultural and Food Engineering (4 Years, Bachelor of Technology) 	AI 	OPEN 	Gender-Neutral 	6545 	10498
Indian Institute of Technology Kharagpur	Agricultural and Food Engineering (4 Years, Bachelor of Technology) 	AI 	OPEN 	Female-only (including Supernumerary) 	16742 	18381
Indian Institute of Technology Kharagpur	Applied Geology (4 Years, Bachelor of Science) 	AI 	OPEN 	Gender-Neutral 	11734 	12758
Indian Institute of Technology Kharagpur	Applied Geology (4 Years, Bachelor of Science) 	AI 	OPEN 	Female-only (including Supernumerary) 	20024 	20949
Indian Institute of Technology Kharagpur	Architecture (5 Years, Bachelor of Architecture) 	AI 	OPEN 	Gender-Neutral 	9970 	18182
Indian Institute of Technology Kharagpur	Architecture (5 Years, Bachelor of Architecture) 	AI 	OPEN 	Female-only (including Supernumerary) 	19716 	23357
Indian Institute of Technology Kharagpur	Artificial Intelligence (4 Years, Bachelor of Technology) 	AI 	OPEN 	Gender-Neutral 	461 	839
Indian Institute of Technology Kharagpur	Artificial Intelligence (4 Years, Bachelor of Technology) 	AI 	OPEN 	Female-only (including Supernumerary) 	2612 	2901
Indian Institute of Technology Kharagpur	Biotechnology and Biochemical Engineering (4 Years, Bachelor of Technology) 	AI 	OPEN 	Gender-Neutral 	6774 	8070
Indian Institute of Technology Kharagpur	Biotechnology and Biochemical Engineering (4 Years, Bachelor of Technology) 	AI 	OPEN 	Female-only (including Supernumerary) 	7274 	12804
Indian Institute of Technology Kharagpur	Chemical Engineering (4 Years, Bachelor of Technology) 	AI 	OPEN 	Gender-Neutral 	3742 	4820
Indian Institute of Technology Kharagpur	Chemical Engineering (4 Years, Bachelor of Technology) 	AI 	OPEN 	Female-only (including Supernumerary) 	7574 	11140
Indian Institute of Technology Kharagpur	Chemistry (4 Years, Bachelor of Science) 	AI 	OPEN 	Gender-Neutral 	10734 	11933
Indian Institute of Technology Kharagpur	Chemistry (4 Years, Bachelor of Science) 	AI 	OPEN 	Female-only (including Supernumerary) 	19923 	20264
Indian Institute of Technology Kharagpur	Civil Engineering (4 Years, Bachelor of Technology) 	AI 	OPEN 	Gender-Neutral 	5615 	7180
Indian Institute of Technology Kharagpur	Civil Engineering (4 Years, Bachelor of Technology) 	AI 	OPEN 	Female-only (including Supernumerary) 	13556 	15013
Indian Institute of Technology Kharagpur	Computer Science and Engineering (4 Years, Bachelor of Technology) 	AI 	OPEN 	Gender-Neutral 	238 	450
Indian Institute of Technology Kharagpur	Computer Science and Engineering (4 Years, Bachelor of Technology) 	AI 	OPEN 	Female-only (including Supernumerary) 	1202 	1908
Indian Institute of Technology Kharagpur	Economics (4 Years, Bachelor of Science) 	AI 	OPEN 	Gender-Neutral 	3681 	5845
Indian Institute of Technology Kharagpur	Economics (4 Years, Bachelor of Science) 	AI 	OPEN 	Female-only (including Supernumerary) 	10113 	12760
Indian Institute of Technology Kharagpur	Electrical Engineering (4 Years, Bachelor of Technology) 	AI 	OPEN 	Gender-Neutral 	1471 	1898
Indian Institute of Technology Kharagpur	Electrical Engineering (4 Years, Bachelor of Technology) 	AI 	OPEN 	Female-only (including Supernumerary) 	4721 	5393
Indian Institute of Technology Kharagpur	Electronics and Electrical Communication Engineering (4 Years, Bachelor of Technology) 	AI 	OPEN 	Gender-Neutral 	419 	1441
Indian Institute of Technology Kharagpur	Electronics and Electrical Communication Engineering (4 Years, Bachelor of Technology) 	AI 	OPEN 	Female-only (including Supernumerary) 	3229 	4734
Indian Institute of Technology Kharagpur	Exploration Geophysics (4 Years, Bachelor of Science) 	AI 	OPEN 	Gender-Neutral 	10592 	11883
Indian Institute of Technology Kharagpur	Exploration Geophysics (4 Years, Bachelor of Science) 	AI 	OPEN 	Female-only (including Supernumerary) 	19766 	20249
Indian Institute of Technology Kharagpur	Industrial and Systems Engineering (4 Years, Bachelor of Technology) 	AI 	OPEN 	Gender-Neutral 	2873 	4113
Indian Institute of Technology Kharagpur	Industrial and Systems Engineering (4 Years, Bachelor of Technology) 	AI 	OPEN 	Female-only (including Supernumerary) 	9189 	10161
Indian Institute of Technology Kharagpur	Instrumentation Engineering (4 Years, Bachelor of Technology) 	AI 	OPEN 	Gender-Neutral 	2077 	2561
Indian Institute of Technology Kharagpur	Instrumentation Engineering (4 Years, Bachelor of Technology) 	AI 	OPEN 	Female-only (including Supernumerary) 	6076 	6224
Indian Institute of Technology Kharagpur	Manufacturing Science and Engineering (4 Years, Bachelor of Technology) 	AI 	OPEN 	Gender-Neutral 	5124 	6117
Indian Institute of Technology Kharagpur	Manufacturing Science and Engineering (4 Years, Bachelor of Technology) 	AI 	OPEN 	Female-only (including Supernumerary) 	12718 	13721
Indian Institute of Technology Kharagpur	Mathematics and Computing (4 Years, Bachelor of Science) 	AI 	OPEN 	Gender-Neutral 	519 	1335
Indian Institute of Technology Kharagpur	Mathematics and Computing (4 Years, Bachelor of Science) 	AI 	OPEN 	Female-only (including Supernumerary) 	3194 	4540
Indian Institute of Technology Kharagpur	Mechanical Engineering (4 Years, Bachelor of Technology) 	AI 	OPEN 	Gender-Neutral 	2684 	3642
Indian Institute of Technology Kharagpur	Mechanical Engineering (4 Years, Bachelor of Technology) 	AI 	OPEN 	Female-only (including Supernumerary) 	7605 	9754
Indian Institute of Technology Kharagpur	Metallurgical and Materials Engineering (4 Years, Bachelor of Technology) 	AI 	OPEN 	Gender-Neutral 	5212 	7035
Indian Institute of Technology Kharagpur	Metallurgical and Materials Engineering (4 Years, Bachelor of Technology) 	AI 	OPEN 	Female-only (including Supernumerary) 	13680 	15081
Indian Institute of Technology Kharagpur	Mining Engineering (4 Years, Bachelor of Technology) 	AI 	OPEN 	Gender-Neutral 	7342 	9726
Indian Institute of Technology Kharagpur	Mining Engineering (4 Years, Bachelor of Technology) 	AI 	OPEN 	Female-only (including Supernumerary) 	16444 	19600
Indian Institute of Technology Kharagpur	Ocean Engineering and Naval Architecture (4 Years, Bachelor of Technology) 	AI 	OPEN 	Gender-Neutral 	7019 	8924
Indian Institute of Technology Kharagpur	Ocean Engineering and Naval Architecture (4 Years, Bachelor of Technology) 	AI 	OPEN 	Female-only (including Supernumerary) 	15727 	16930
Indian Institute of Technology Kharagpur	Physics (4 Years, Bachelor of Science) 	AI 	OPEN 	Gender-Neutral 	5691 	9018
Indian Institute of Technology Kharagpur	Physics (4 Years, Bachelor of Science) 	AI 	OPEN 	Female-only (including Supernumerary) 	17428 	19650
Indian Institute of Technology Hyderabad	Artificial Intelligence (4 Years, Bachelor of Technology) 	AI 	OPEN 	Gender-Neutral 	690 	823
Indian Institute of Technology Hyderabad	Artificial Intelligence (4 Years, Bachelor of Technology) 	AI 	OPEN 	Female-only (including Supernumerary) 	2160 	2515
Indian Institute of Technology Hyderabad	Biomedical Engineering (4 Years, Bachelor of Technology) 	AI 	OPEN 	Gender-Neutral 	4950 	7641
Indian Institute of Technology Hyderabad	Biomedical Engineering (4 Years, Bachelor of Technology) 	AI 	OPEN 	Female-only (including Supernumerary) 	13324 	15443
Indian Institute of Technology Hyderabad	Biotechnology and Bioinformatics (4 Years, Bachelor of Technology) 	AI 	OPEN 	Gender-Neutral 	5421 	8358
Indian Institute of Technology Hyderabad	Biotechnology and Bioinformatics (4 Years, Bachelor of Technology) 	AI 	OPEN 	Female-only (including Supernumerary) 	10333 	10909
Indian Institute of Technology Hyderabad	Chemical Engineering (4 Years, Bachelor of Technology) 	AI 	OPEN 	Gender-Neutral 	4432 	5379
Indian Institute of Technology Hyderabad	Chemical Engineering (4 Years, Bachelor of Technology) 	AI 	OPEN 	Female-only (including Supernumerary) 	10003 	11174
Indian Institute of Technology Hyderabad	Civil Engineering (4 Years, Bachelor of Technology) 	AI 	OPEN 	Gender-Neutral 	5850 	8040
Indian Institute of Technology Hyderabad	Civil Engineering (4 Years, Bachelor of Technology) 	AI 	OPEN 	Female-only (including Supernumerary) 	11902 	15037
Indian Institute of Technology Hyderabad	Computational Engineering (4 Years, Bachelor of Technology) 	AI 	OPEN 	Gender-Neutral 	1368 	1675
Indian Institute of Technology Hyderabad	Computational Engineering (4 Years, Bachelor of Technology) 	AI 	OPEN 	Female-only (including Supernumerary) 	4136 	4712
Indian Institute of Technology Hyderabad	Computer Science and Engineering (4 Years, Bachelor of Technology) 	AI 	OPEN 	Gender-Neutral 	339 	667
Indian Institute of Technology Hyderabad	Computer Science and Engineering (4 Years, Bachelor of Technology) 	AI 	OPEN 	Female-only (including Supernumerary) 	1294 	2121
Indian Institute of Technology Hyderabad	Electrical Engineering (4 Years, Bachelor of Technology) 	AI 	OPEN 	Gender-Neutral 	848 	1781
Indian Institute of Technology Hyderabad	Electrical Engineering (4 Years, Bachelor of Technology) 	AI 	OPEN 	Female-only (including Supernumerary) 	3584 	4295
Indian Institute of Technology Hyderabad	Electrical Engineering (IC Design and Technology) (4 Years, Bachelor of Technology) 	AI 	OPEN 	Gender-Neutral 	1644 	1811
Indian Institute of Technology Hyderabad	Electrical Engineering (IC Design and Technology) (4 Years, Bachelor of Technology) 	AI 	OPEN 	Female-only (including Supernumerary) 	3778 	4071
Indian Institute of Technology Hyderabad	Engineering Physics (4 Years, Bachelor of Technology) 	AI 	OPEN 	Gender-Neutral 	3332 	4398
Indian Institute of Technology Hyderabad	Engineering Physics (4 Years, Bachelor of Technology) 	AI 	OPEN 	Female-only (including Supernumerary) 	7216 	9760
Indian Institute of Technology Hyderabad	Engineering Science (4 Years, Bachelor of Technology) 	AI 	OPEN 	Gender-Neutral 	2225 	3257
Indian Institute of Technology Hyderabad	Engineering Science (4 Years, Bachelor of Technology) 	AI 	OPEN 	Female-only (including Supernumerary) 	5898 	6473
Indian Institute of Technology Hyderabad	Industrial Chemistry (4 Years, Bachelor of Technology) 	AI 	OPEN 	Gender-Neutral 	7757 	9220
Indian Institute of Technology Hyderabad	Industrial Chemistry (4 Years, Bachelor of Technology) 	AI 	OPEN 	Female-only (including Supernumerary) 	15504 	15962
Indian Institute of Technology Hyderabad	Materials Science and Metallurgical Engineering (4 Years, Bachelor of Technology) 	AI 	OPEN 	Gender-Neutral 	6084 	7543
Indian Institute of Technology Hyderabad	Materials Science and Metallurgical Engineering (4 Years, Bachelor of Technology) 	AI 	OPEN 	Female-only (including Supernumerary) 	10359 	15258
Indian Institute of Technology Hyderabad	Mathematics and Computing (4 Years, Bachelor of Technology) 	AI 	OPEN 	Gender-Neutral 	736 	879
Indian Institute of Technology Hyderabad	Mathematics and Computing (4 Years, Bachelor of Technology) 	AI 	OPEN 	Female-only (including Supernumerary) 	2700 	2758
Indian Institute of Technology Hyderabad	Mechanical Engineering (4 Years, Bachelor of Technology) 	AI 	OPEN 	Gender-Neutral 	2108 	4260
Indian Institute of Technology Hyderabad	Mechanical Engineering (4 Years, Bachelor of Technology) 	AI 	OPEN 	Female-only (including Supernumerary) 	6682 	8962
Indian Institute of Technology Jodhpur	Artificial Intelligence and Data Science (4 Years, Bachelor of Technology) 	AI 	OPEN 	Gender-Neutral 	2957 	3928
Indian Institute of Technology Jodhpur	Artificial Intelligence and Data Science (4 Years, Bachelor of Technology) 	AI 	OPEN 	Female-only (including Supernumerary) 	7071 	8042
Indian Institute of Technology Jodhpur	Bio Engineering (4 Years, Bachelor of Technology) 	AI 	OPEN 	Gender-Neutral 	12491 	13692
Indian Institute of Technology Jodhpur	Bio Engineering (4 Years, Bachelor of Technology) 	AI 	OPEN 	Female-only (including Supernumerary) 	16749 	21722
Indian Institute of Technology Jodhpur	Chemical Engineering (4 Years, Bachelor of Technology) 	AI 	OPEN 	Gender-Neutral 	8543 	10547
Indian Institute of Technology Jodhpur	Chemical Engineering (4 Years, Bachelor of Technology) 	AI 	OPEN 	Female-only (including Supernumerary) 	17872 	18153
Indian Institute of Technology Jodhpur	Chemistry with Specialization (4 Years, Bachelor of Science) 	AI 	OPEN 	Gender-Neutral 	13317 	15488
Indian Institute of Technology Jodhpur	Chemistry with Specialization (4 Years, Bachelor of Science) 	AI 	OPEN 	Female-only (including Supernumerary) 	24802 	25533
Indian Institute of Technology Jodhpur	Civil and Infrastructure Engineering (4 Years, Bachelor of Technology) 	AI 	OPEN 	Gender-Neutral 	7683 	12486
Indian Institute of Technology Jodhpur	Civil and Infrastructure Engineering (4 Years, Bachelor of Technology) 	AI 	OPEN 	Female-only (including Supernumerary) 	18920 	21411
Indian Institute of Technology Jodhpur	Computer Science and Engineering (4 Years, Bachelor of Technology) 	AI 	OPEN 	Gender-Neutral 	2035 	2844
Indian Institute of Technology Jodhpur	Computer Science and Engineering (4 Years, Bachelor of Technology) 	AI 	OPEN 	Female-only (including Supernumerary) 	4979 	7026
Indian Institute of Technology Jodhpur	Electrical Engineering (4 Years, Bachelor of Technology) 	AI 	OPEN 	Gender-Neutral 	5241 	6299
Indian Institute of Technology Jodhpur	Electrical Engineering (4 Years, Bachelor of Technology) 	AI 	OPEN 	Female-only (including Supernumerary) 	9375 	14408
Indian Institute of Technology Jodhpur	Electronics Engineering (4 Years, Bachelor of Technology) 	AI 	OPEN 	Gender-Neutral 	4150 	5637
Indian Institute of Technology Jodhpur	Electronics Engineering (4 Years, Bachelor of Technology) 	AI 	OPEN 	Female-only (including Supernumerary) 	10250 	13298
Indian Institute of Technology Jodhpur	Materials Engineering (4 Years, Bachelor of Technology) 	AI 	OPEN 	Gender-Neutral 	10674 	12402
Indian Institute of Technology Jodhpur	Materials Engineering (4 Years, Bachelor of Technology) 	AI 	OPEN 	Female-only (including Supernumerary) 	20897 	22812
Indian Institute of Technology Jodhpur	Mechanical Engineering (4 Years, Bachelor of Technology) 	AI 	OPEN 	Gender-Neutral 	7058 	9005
Indian Institute of Technology Jodhpur	Mechanical Engineering (4 Years, Bachelor of Technology) 	AI 	OPEN 	Female-only (including Supernumerary) 	16098 	17858
Indian Institute of Technology Jodhpur	Physics with Specialization (4 Years, Bachelor of Science) 	AI 	OPEN 	Gender-Neutral 	10693 	13350
Indian Institute of Technology Jodhpur	Physics with Specialization (4 Years, Bachelor of Science) 	AI 	OPEN 	Female-only (including Supernumerary) 	21119 	23902
Indian Institute of Technology Kanpur	Aerospace Engineering (4 Years, Bachelor of Technology) 	AI 	OPEN 	Gender-Neutral 	1973 	3661
Indian Institute of Technology Kanpur	Aerospace Engineering (4 Years, Bachelor of Technology) 	AI 	OPEN 	Female-only (including Supernumerary) 	6160 	8869
Indian Institute of Technology Kanpur	Biological Sciences and Bioengineering (4 Years, Bachelor of Technology) 	AI 	OPEN 	Gender-Neutral 	3559 	6614
Indian Institute of Technology Kanpur	Biological Sciences and Bioengineering (4 Years, Bachelor of Technology) 	AI 	OPEN 	Female-only (including Supernumerary) 	10629 	12351
Indian Institute of Technology Kanpur	Chemical Engineering (4 Years, Bachelor of Technology) 	AI 	OPEN 	Gender-Neutral 	2464 	3990
Indian Institute of Technology Kanpur	Chemical Engineering (4 Years, Bachelor of Technology) 	AI 	OPEN 	Female-only (including Supernumerary) 	7379 	8776
Indian Institute of Technology Kanpur	Chemistry (4 Years, Bachelor of Science) 	AI 	OPEN 	Gender-Neutral 	8553 	10018
Indian Institute of Technology Kanpur	Chemistry (4 Years, Bachelor of Science) 	AI 	OPEN 	Female-only (including Supernumerary) 	11132 	17593
Indian Institute of Technology Kanpur	Civil Engineering (4 Years, Bachelor of Technology) 	AI 	OPEN 	Gender-Neutral 	4280 	5790
Indian Institute of Technology Kanpur	Civil Engineering (4 Years, Bachelor of Technology) 	AI 	OPEN 	Female-only (including Supernumerary) 	9442 	13359
Indian Institute of Technology Kanpur	Computer Science and Engineering (4 Years, Bachelor of Technology) 	AI 	OPEN 	Gender-Neutral 	147 	270
Indian Institute of Technology Kanpur	Computer Science and Engineering (4 Years, Bachelor of Technology) 	AI 	OPEN 	Female-only (including Supernumerary) 	507 	1109
Indian Institute of Technology Kanpur	Earth Sciences (4 Years, Bachelor of Science) 	AI 	OPEN 	Gender-Neutral 	6841 	9662
Indian Institute of Technology Kanpur	Earth Sciences (4 Years, Bachelor of Science) 	AI 	OPEN 	Female-only (including Supernumerary) 	17768 	19247
Indian Institute of Technology Kanpur	Economics (4 Years, Bachelor of Science) 	AI 	OPEN 	Gender-Neutral 	2625 	3155
Indian Institute of Technology Kanpur	Economics (4 Years, Bachelor of Science) 	AI 	OPEN 	Female-only (including Supernumerary) 	3719 	5452
Indian Institute of Technology Kanpur	Electrical Engineering (4 Years, Bachelor of Technology) 	AI 	OPEN 	Gender-Neutral 	783 	1112
Indian Institute of Technology Kanpur	Electrical Engineering (4 Years, Bachelor of Technology) 	AI 	OPEN 	Female-only (including Supernumerary) 	2222 	4142
Indian Institute of Technology Kanpur	Materials Science and Engineering (4 Years, Bachelor of Technology) 	AI 	OPEN 	Gender-Neutral 	4862 	6003
Indian Institute of Technology Kanpur	Materials Science and Engineering (4 Years, Bachelor of Technology) 	AI 	OPEN 	Female-only (including Supernumerary) 	9394 	13361
Indian Institute of Technology Kanpur	Mathematics and Scientific Computing (4 Years, Bachelor of Science) 	AI 	OPEN 	Gender-Neutral 	593 	1023
Indian Institute of Technology Kanpur	Mathematics and Scientific Computing (4 Years, Bachelor of Science) 	AI 	OPEN 	Female-only (including Supernumerary) 	3219 	4094
Indian Institute of Technology Kanpur	Mechanical Engineering (4 Years, Bachelor of Technology) 	AI 	OPEN 	Gender-Neutral 	1589 	2649
Indian Institute of Technology Kanpur	Mechanical Engineering (4 Years, Bachelor of Technology) 	AI 	OPEN 	Female-only (including Supernumerary) 	5199 	7346
Indian Institute of Technology Kanpur	Physics (4 Years, Bachelor of Science) 	AI 	OPEN 	Gender-Neutral 	2506 	5069
Indian Institute of Technology Kanpur	Physics (4 Years, Bachelor of Science) 	AI 	OPEN 	Female-only (including Supernumerary) 	15543 	17413
Indian Institute of Technology Kanpur	Statistics and Data Science (4 Years, Bachelor of Science) 	AI 	OPEN 	Gender-Neutral 	878 	1121
Indian Institute of Technology Kanpur	Statistics and Data Science (4 Years, Bachelor of Science) 	AI 	OPEN 	Female-only (including Supernumerary) 	2677 	3966
Indian Institute of Technology Madras	Aerospace Engineering (4 Years, Bachelor of Technology) 	AI 	OPEN 	Gender-Neutral 	662 	2749
Indian Institute of Technology Madras	Aerospace Engineering (4 Years, Bachelor of Technology) 	AI 	OPEN 	Female-only (including Supernumerary) 	4535 	5512
Indian Institute of Technology Madras	Aerospace Engineering (5 Years, Bachelor and Master of Technology (Dual Degree)) 	AI 	OPEN 	Gender-Neutral 	2304 	2808
Indian Institute of Technology Madras	Aerospace Engineering (5 Years, Bachelor and Master of Technology (Dual Degree)) 	AI 	OPEN 	Female-only (including Supernumerary) 	16 	16
Indian Institute of Technology Madras	Artificial Intelligence and Data Analytics (4 Years, Bachelor of Technology) 	AI 	OPEN 	Gender-Neutral 	102 	292
Indian Institute of Technology Madras	Artificial Intelligence and Data Analytics (4 Years, Bachelor of Technology) 	AI 	OPEN 	Female-only (including Supernumerary) 	778 	1140
Indian Institute of Technology Madras	Biological Engineering (4 Years, Bachelor of Technology) 	AI 	OPEN 	Gender-Neutral 	2247 	4645
Indian Institute of Technology Madras	Biological Engineering (4 Years, Bachelor of Technology) 	AI 	OPEN 	Female-only (including Supernumerary) 	7509 	8978
Indian Institute of Technology Madras	Biological Science (4 Years, Bachelor of Science) 	AI 	OPEN 	Gender-Neutral 	3268 	9555
Indian Institute of Technology Madras	Biological Science (4 Years, Bachelor of Science) 	AI 	OPEN 	Female-only (including Supernumerary) 	8718 	15596
Indian Institute of Technology Madras	Chemical Engineering (4 Years, Bachelor of Technology) 	AI 	OPEN 	Gender-Neutral 	1922 	3804
Indian Institute of Technology Madras	Chemical Engineering (4 Years, Bachelor of Technology) 	AI 	OPEN 	Female-only (including Supernumerary) 	3252 	7546
Indian Institute of Technology Madras	Civil Engineering (4 Years, Bachelor of Technology) 	AI 	OPEN 	Gender-Neutral 	4234 	5639
Indian Institute of Technology Madras	Civil Engineering (4 Years, Bachelor of Technology) 	AI 	OPEN 	Female-only (including Supernumerary) 	8877 	11888
Indian Institute of Technology Madras	Computational Engineering and Mechanics (4 Years, Bachelor of Technology) 	AI 	OPEN 	Gender-Neutral 	597 	1226
Indian Institute of Technology Madras	Computational Engineering and Mechanics (4 Years, Bachelor of Technology) 	AI 	OPEN 	Female-only (including Supernumerary) 	3825 	4402
Indian Institute of Technology Madras	Computer Science and Engineering (4 Years, Bachelor of Technology) 	AI 	OPEN 	Gender-Neutral 	79 	171
Indian Institute of Technology Madras	Computer Science and Engineering (4 Years, Bachelor of Technology) 	AI 	OPEN 	Female-only (including Supernumerary) 	369 	805
Indian Institute of Technology Madras	Electrical Engineering (4 Years, Bachelor of Technology) 	AI 	OPEN 	Gender-Neutral 	205 	751
Indian Institute of Technology Madras	Electrical Engineering (4 Years, Bachelor of Technology) 	AI 	OPEN 	Female-only (including Supernumerary) 	958 	2848
Indian Institute of Technology Madras	Engineering Design (5 Years, Bachelor and Master of Technology (Dual Degree)) 	AI 	OPEN 	Gender-Neutral 	816 	3076
Indian Institute of Technology Madras	Engineering Design (5 Years, Bachelor and Master of Technology (Dual Degree)) 	AI 	OPEN 	Female-only (including Supernumerary) 	4903 	7751
Indian Institute of Technology Madras	Engineering Physics (4 Years, Bachelor of Technology) 	AI 	OPEN 	Gender-Neutral 	872 	1428
Indian Institute of Technology Madras	Engineering Physics (4 Years, Bachelor of Technology) 	AI 	OPEN 	Female-only (including Supernumerary) 	2907 	4367
Indian Institute of Technology Madras	Instrumentation and Biomedical Engineering (4 Years, Bachelor of Technology) 	AI 	OPEN 	Gender-Neutral 	2733 	4103
Indian Institute of Technology Madras	Instrumentation and Biomedical Engineering (4 Years, Bachelor of Technology) 	AI 	OPEN 	Female-only (including Supernumerary) 	5888 	7756
Indian Institute of Technology Madras	Mechanical Engineering (4 Years, Bachelor of Technology) 	AI 	OPEN 	Gender-Neutral 	762 	2359
Indian Institute of Technology Madras	Mechanical Engineering (4 Years, Bachelor of Technology) 	AI 	OPEN 	Female-only (including Supernumerary) 	4788 	6036
Indian Institute of Technology Madras	Metallurgical and Materials Engineering (4 Years, Bachelor of Technology) 	AI 	OPEN 	Gender-Neutral 	3355 	5036
Indian Institute of Technology Madras	Metallurgical and Materials Engineering (4 Years, Bachelor of Technology) 	AI 	OPEN 	Female-only (including Supernumerary) 	8743 	9924
Indian Institute of Technology Madras	Naval Architecture and Ocean Engineering (4 Years, Bachelor of Technology) 	AI 	OPEN 	Gender-Neutral 	4908 	6956
Indian Institute of Technology Madras	Naval Architecture and Ocean Engineering (4 Years, Bachelor of Technology) 	AI 	OPEN 	Female-only (including Supernumerary) 	12655 	14878
Indian Institute of Technology Madras	Physics (4 Years, Bachelor of Science) 	AI 	OPEN 	Gender-Neutral 	1484 	2575
Indian Institute of Technology Madras	Physics (4 Years, Bachelor of Science) 	AI 	OPEN 	Female-only (including Supernumerary) 	7896 	14665
Indian Institute of Technology Gandhinagar	Artificial Intelligence (4 Years, Bachelor of Technology) 	AI 	OPEN 	Gender-Neutral 	1771 	2187
Indian Institute of Technology Gandhinagar	Artificial Intelligence (4 Years, Bachelor of Technology) 	AI 	OPEN 	Female-only (including Supernumerary) 	4811 	5140
Indian Institute of Technology Gandhinagar	Chemical Engineering (4 Years, Bachelor of Technology) 	AI 	OPEN 	Gender-Neutral 	6852 	7986
Indian Institute of Technology Gandhinagar	Chemical Engineering (4 Years, Bachelor of Technology) 	AI 	OPEN 	Female-only (including Supernumerary) 	13566 	14377
Indian Institute of Technology Gandhinagar	Civil Engineering (4 Years, Bachelor of Technology) 	AI 	OPEN 	Gender-Neutral 	8115 	9991
Indian Institute of Technology Gandhinagar	Civil Engineering (4 Years, Bachelor of Technology) 	AI 	OPEN 	Female-only (including Supernumerary) 	15658 	17377
Indian Institute of Technology Gandhinagar	Computer Science and Engineering (4 Years, Bachelor of Technology) 	AI 	OPEN 	Gender-Neutral 	905 	1872
Indian Institute of Technology Gandhinagar	Computer Science and Engineering (4 Years, Bachelor of Technology) 	AI 	OPEN 	Female-only (including Supernumerary) 	3718 	4556
Indian Institute of Technology Gandhinagar	Electrical Engineering (4 Years, Bachelor of Technology) 	AI 	OPEN 	Gender-Neutral 	2282 	3826
Indian Institute of Technology Gandhinagar	Electrical Engineering (4 Years, Bachelor of Technology) 	AI 	OPEN 	Female-only (including Supernumerary) 	8345 	9923
Indian Institute of Technology Gandhinagar	Integrated Circuit Design & Technology (4 Years, Bachelor of Technology) 	AI 	OPEN 	Gender-Neutral 	2295 	4331
Indian Institute of Technology Gandhinagar	Integrated Circuit Design & Technology (4 Years, Bachelor of Technology) 	AI 	OPEN 	Female-only (including Supernumerary) 	6639 	6999
Indian Institute of Technology Gandhinagar	Materials Engineering (4 Years, Bachelor of Technology) 	AI 	OPEN 	Gender-Neutral 	7239 	10521
Indian Institute of Technology Gandhinagar	Materials Engineering (4 Years, Bachelor of Technology) 	AI 	OPEN 	Female-only (including Supernumerary) 	16100 	17772
Indian Institute of Technology Gandhinagar	Mechanical Engineering (4 Years, Bachelor of Technology) 	AI 	OPEN 	Gender-Neutral 	4409 	6382
Indian Institute of Technology Gandhinagar	Mechanical Engineering (4 Years, Bachelor of Technology) 	AI 	OPEN 	Female-only (including Supernumerary) 	12719 	13774
Indian Institute of Technology Patna	Artificial Intelligence and Data Science (4 Years, Bachelor of Technology) 	AI 	OPEN 	Gender-Neutral 	3312 	4049
Indian Institute of Technology Patna	Artificial Intelligence and Data Science (4 Years, Bachelor of Technology) 	AI 	OPEN 	Female-only (including Supernumerary) 	9042 	9590
Indian Institute of Technology Patna	B. Tech in CE. - M. Tech. in Geotechnical Engineering (5 Years, B.Tech. + M.Tech./MS (Dual Degree)) 	AI 	OPEN 	Gender-Neutral 	14424 	14766
Indian Institute of Technology Patna	B. Tech in CE. - M. Tech. in Geotechnical Engineering (5 Years, B.Tech. + M.Tech./MS (Dual Degree)) 	AI 	OPEN 	Female-only (including Supernumerary) 	22945 	22945
Indian Institute of Technology Patna	B. Tech in CE. - M. Tech. in Structural Engineering (5 Years, B.Tech. + M.Tech./MS (Dual Degree)) 	AI 	OPEN 	Gender-Neutral 	12921 	14157
Indian Institute of Technology Patna	B. Tech in CE. - M. Tech. in Structural Engineering (5 Years, B.Tech. + M.Tech./MS (Dual Degree)) 	AI 	OPEN 	Female-only (including Supernumerary) 	22524 	22524
Indian Institute of Technology Patna	B. Tech. (CSE) and M.Tech in CSE (5 Years, B.Tech. + M.Tech./MS (Dual Degree)) 	AI 	OPEN 	Gender-Neutral 	3514 	4110
Indian Institute of Technology Patna	B. Tech. (CSE) and M.Tech in CSE (5 Years, B.Tech. + M.Tech./MS (Dual Degree)) 	AI 	OPEN 	Female-only (including Supernumerary) 	10148 	10148
Indian Institute of Technology Patna	B. Tech. (ECE) -M. Tech. in VLSI (5 Years, B.Tech. + M.Tech./MS (Dual Degree)) 	AI 	OPEN 	Gender-Neutral 	5930 	6221
Indian Institute of Technology Patna	B. Tech. (ECE) -M. Tech. in VLSI (5 Years, B.Tech. + M.Tech./MS (Dual Degree)) 	AI 	OPEN 	Female-only (including Supernumerary) 	13773 	13773
Indian Institute of Technology Patna	B. Tech. (EEE)-M. Tech. in (Power &. Control) (5 Years, B.Tech. + M.Tech./MS (Dual Degree)) 	AI 	OPEN 	Gender-Neutral 	7398 	7590
Indian Institute of Technology Patna	B. Tech. (EEE)-M. Tech. in (Power &. Control) (5 Years, B.Tech. + M.Tech./MS (Dual Degree)) 	AI 	OPEN 	Female-only (including Supernumerary) 	16171 	16171
Indian Institute of Technology Patna	B. Tech. (Mathematics & Computing) M. Tech. in (Mathematics & Computing) (5 Years, B.Tech. + M.Tech./MS (Dual Degree)) 	AI 	OPEN 	Gender-Neutral 	4360 	4560
Indian Institute of Technology Patna	B. Tech. (Mathematics & Computing) M. Tech. in (Mathematics & Computing) (5 Years, B.Tech. + M.Tech./MS (Dual Degree)) 	AI 	OPEN 	Female-only (including Supernumerary) 	10647 	10647
Indian Institute of Technology Patna	B. Tech. (ME) - M. Tech. in Mechatronics (5 Years, B.Tech. + M.Tech./MS (Dual Degree)) 	AI 	OPEN 	Gender-Neutral 	7496 	7854
Indian Institute of Technology Patna	B. Tech. (ME) - M. Tech. in Mechatronics (5 Years, B.Tech. + M.Tech./MS (Dual Degree)) 	AI 	OPEN 	Female-only (including Supernumerary) 	19865 	19865
Indian Institute of Technology Patna	B.Tech (Artificial Intelligence and Data Science) - MBA in Digital Business Management (IIM Bodh Gaya) (5 Years, Bachelor of Technology and MBA (Dual Degree)) 	AI 	OPEN 	Gender-Neutral 	4406 	4679
Indian Institute of Technology Patna	B.Tech (Chemical Engineering) - MBA in Hospital and Health Care Management (IIM Bodh Gaya) (5 Years, Bachelor of Technology and MBA (Dual Degree)) 	AI 	OPEN 	Gender-Neutral 	12669 	12721
Indian Institute of Technology Patna	B.Tech (Chemical Science and Technology) - MBA in Hospital and Health Care Management (IIM Bodh Gaya) (5 Years, Bachelor of Technology and MBA (Dual Degree)) 	AI 	OPEN 	Gender-Neutral 	13276 	13362
Indian Institute of Technology Patna	B.Tech (Chemical Science and Technology) - MBA in Hospital and Health Care Management (IIM Bodh Gaya) (5 Years, Bachelor of Technology and MBA (Dual Degree)) 	AI 	OPEN 	Female-only (including Supernumerary) 	22787 	22787
Indian Institute of Technology Patna	B.Tech (Civil Engineering) - MBA (IIM Bodh Gaya) (5 Years, Bachelor of Technology and MBA (Dual Degree)) 	AI 	OPEN 	Gender-Neutral 	13577 	14662
Indian Institute of Technology Patna	B.Tech (Computer Science and Engineering) - MBA in Digital Business Management (IIM Bodh Gaya) (5 Years, Bachelor of Technology and MBA (Dual Degree)) 	AI 	OPEN 	Gender-Neutral 	4297 	4297
Indian Institute of Technology Patna	B.Tech (Computer Science and Engineering) - MBA in Digital Business Management (IIM Bodh Gaya) (5 Years, Bachelor of Technology and MBA (Dual Degree)) 	AI 	OPEN 	Female-only (including Supernumerary) 	10748 	10748
Indian Institute of Technology Patna	B.Tech (Electrical and Electronics Engineering) - MBA (IIM Bodh Gaya) (5 Years, Bachelor of Technology and MBA (Dual Degree)) 	AI 	OPEN 	Gender-Neutral 	6111 	7718
Indian Institute of Technology Patna	B.Tech (Electrical and Electronics Engineering) - MBA (IIM Bodh Gaya) (5 Years, Bachelor of Technology and MBA (Dual Degree)) 	AI 	OPEN 	Female-only (including Supernumerary) 	16806 	16806
Indian Institute of Technology Patna	B.Tech (Electronics and Communication Engineering) - MBA in Hospital and Healthcare Management (IIM Bodh Gaya) (5 Years, Bachelor of Technology and MBA (Dual Degree)) 	AI 	OPEN 	Gender-Neutral 	7880 	7934
Indian Institute of Technology Patna	B.Tech (Electronics and Communication Engineering) - MBA in Hospital and Healthcare Management (IIM Bodh Gaya) (5 Years, Bachelor of Technology and MBA (Dual Degree)) 	AI 	OPEN 	Female-only (including Supernumerary) 	19678 	19678
Indian Institute of Technology Patna	B.Tech (Engineering Physics) - MBA (IIM Bodh Gaya) (5 Years, Bachelor of Technology and MBA (Dual Degree)) 	AI 	OPEN 	Gender-Neutral 	7473 	10431
Indian Institute of Technology Patna	B.Tech (Mathematics and Computing) - MBA in Digital Business Management (IIM Bodh Gaya) (5 Years, Bachelor of Technology and MBA (Dual Degree)) 	AI 	OPEN 	Gender-Neutral 	4990 	5020
Indian Institute of Technology Patna	B.Tech (Mechanical Engineering) - MBA (IIM Mumbai) (5 Years, Bachelor of Technology and MBA (Dual Degree)) 	AI 	OPEN 	Gender-Neutral 	6121 	9176
Indian Institute of Technology Patna	B.Tech (Mechanical Engineering) - MBA (IIM Mumbai) (5 Years, Bachelor of Technology and MBA (Dual Degree)) 	AI 	OPEN 	Female-only (including Supernumerary) 	16780 	17194
Indian Institute of Technology Patna	B.Tech (Metallurgical and Materials Engineering) - MBA (IIM Bodh Gaya) (5 Years, Bachelor of Technology and MBA (Dual Degree)) 	AI 	OPEN 	Gender-Neutral 	14382 	14480
Indian Institute of Technology Patna	B.Tech (Metallurgical and Materials Engineering) - MBA (IIM Bodh Gaya) (5 Years, Bachelor of Technology and MBA (Dual Degree)) 	AI 	OPEN 	Female-only (including Supernumerary) 	24631 	24631
Indian Institute of Technology Patna	B.Tech. in Electronics and Communication Engineering and M.Tech. in Communication Systems (5 Years, Bachelor and Master of Technology (Dual Degree)) 	AI 	OPEN 	Gender-Neutral 	6305 	6832
Indian Institute of Technology Patna	B.Tech. in Electronics and Communication Engineering and M.Tech. in Communication Systems (5 Years, Bachelor and Master of Technology (Dual Degree)) 	AI 	OPEN 	Female-only (including Supernumerary) 	14622 	14622
Indian Institute of Technology Patna	BS in Economics with MBA (IIM Bodh Gaya) (5 Years, Bachelor of Science and MBA (Dual Degree)) 	AI 	OPEN 	Gender-Neutral 	10678 	10729
Indian Institute of Technology Patna	Chemical Engineering (4 Years, Bachelor of Technology) 	AI 	OPEN 	Gender-Neutral 	8711 	11929
Indian Institute of Technology Patna	Chemical Engineering (4 Years, Bachelor of Technology) 	AI 	OPEN 	Female-only (including Supernumerary) 	18983 	21227
Indian Institute of Technology Patna	Chemical Science and Technology (4 Years, Bachelor of Technology) 	AI 	OPEN 	Gender-Neutral 	12691 	13683
Indian Institute of Technology Patna	Chemical Science and Technology (4 Years, Bachelor of Technology) 	AI 	OPEN 	Female-only (including Supernumerary) 	22540 	22766
Indian Institute of Technology Patna	Civil Engineering (4 Years, Bachelor of Technology) 	AI 	OPEN 	Gender-Neutral 	11475 	13657
Indian Institute of Technology Patna	Civil Engineering (4 Years, Bachelor of Technology) 	AI 	OPEN 	Female-only (including Supernumerary) 	20998 	23230
Indian Institute of Technology Patna	Computer Science and Engineering (4 Years, Bachelor of Technology) 	AI 	OPEN 	Gender-Neutral 	1954 	3215
Indian Institute of Technology Patna	Computer Science and Engineering (4 Years, Bachelor of Technology) 	AI 	OPEN 	Female-only (including Supernumerary) 	6603 	8273
Indian Institute of Technology Patna	Economics (4 Years, Bachelor of Science) 	AI 	OPEN 	Gender-Neutral 	7598 	12823
Indian Institute of Technology Patna	Economics (4 Years, Bachelor of Science) 	AI 	OPEN 	Female-only (including Supernumerary) 	19035 	22064
Indian Institute of Technology Patna	Electrical and Electronics Engineering (4 Years, Bachelor of Technology) 	AI 	OPEN 	Gender-Neutral 	5961 	6577
Indian Institute of Technology Patna	Electrical and Electronics Engineering (4 Years, Bachelor of Technology) 	AI 	OPEN 	Female-only (including Supernumerary) 	13817 	14747
Indian Institute of Technology Patna	Electronics and Communication Engineering (4 Years, Bachelor of Technology) 	AI 	OPEN 	Gender-Neutral 	4716 	5678
Indian Institute of Technology Patna	Electronics and Communication Engineering (4 Years, Bachelor of Technology) 	AI 	OPEN 	Female-only (including Supernumerary) 	10634 	12362
Indian Institute of Technology Patna	Engineering Physics (4 Years, Bachelor of Technology) 	AI 	OPEN 	Gender-Neutral 	10718 	11497
Indian Institute of Technology Patna	Engineering Physics (4 Years, Bachelor of Technology) 	AI 	OPEN 	Female-only (including Supernumerary) 	20761 	21075
Indian Institute of Technology Patna	Mathematics and Computing (4 Years, Bachelor of Technology) 	AI 	OPEN 	Gender-Neutral 	3708 	4272
Indian Institute of Technology Patna	Mathematics and Computing (4 Years, Bachelor of Technology) 	AI 	OPEN 	Female-only (including Supernumerary) 	9665 	10397
Indian Institute of Technology Patna	Mechanical Engineering (4 Years, Bachelor of Technology) 	AI 	OPEN 	Gender-Neutral 	7210 	10127
Indian Institute of Technology Patna	Mechanical Engineering (4 Years, Bachelor of Technology) 	AI 	OPEN 	Female-only (including Supernumerary) 	19717 	20567
Indian Institute of Technology Patna	Metallurgical and Materials Engineering (4 Years, Bachelor of Technology) 	AI 	OPEN 	Gender-Neutral 	11600 	14435
Indian Institute of Technology Patna	Metallurgical and Materials Engineering (4 Years, Bachelor of Technology) 	AI 	OPEN 	Female-only (including Supernumerary) 	23778 	24221
Indian Institute of Technology Roorkee	Architecture (5 Years, Bachelor of Architecture) 	AI 	OPEN 	Gender-Neutral 	12842 	16680
Indian Institute of Technology Roorkee	Architecture (5 Years, Bachelor of Architecture) 	AI 	OPEN 	Female-only (including Supernumerary) 	4770 	9462
Indian Institute of Technology Roorkee	Biosciences and Bioengineering (4 Years, Bachelor of Technology) 	AI 	OPEN 	Gender-Neutral 	752 	7251
Indian Institute of Technology Roorkee	Biosciences and Bioengineering (4 Years, Bachelor of Technology) 	AI 	OPEN 	Female-only (including Supernumerary) 	12357 	15187
Indian Institute of Technology Roorkee	Chemical Engineering (4 Years, Bachelor of Technology) 	AI 	OPEN 	Gender-Neutral 	3428 	4584
Indian Institute of Technology Roorkee	Chemical Engineering (4 Years, Bachelor of Technology) 	AI 	OPEN 	Female-only (including Supernumerary) 	7632 	10374
Indian Institute of Technology Roorkee	Chemical Sciences (5 Years, Bachelor of Science and Master of Science (Dual Degree)) 	AI 	OPEN 	Gender-Neutral 	9374 	10549
Indian Institute of Technology Roorkee	Chemical Sciences (5 Years, Bachelor of Science and Master of Science (Dual Degree)) 	AI 	OPEN 	Female-only (including Supernumerary) 	17372 	19396
Indian Institute of Technology Roorkee	Civil Engineering (4 Years, Bachelor of Technology) 	AI 	OPEN 	Gender-Neutral 	5247 	6397
Indian Institute of Technology Roorkee	Civil Engineering (4 Years, Bachelor of Technology) 	AI 	OPEN 	Female-only (including Supernumerary) 	11160 	13910
Indian Institute of Technology Roorkee	Computer Science and Engineering (4 Years, Bachelor of Technology) 	AI 	OPEN 	Gender-Neutral 	271 	535
Indian Institute of Technology Roorkee	Computer Science and Engineering (4 Years, Bachelor of Technology) 	AI 	OPEN 	Female-only (including Supernumerary) 	1331 	2013
Indian Institute of Technology Roorkee	Data Science and Artificial Intelligence (4 Years, Bachelor of Technology) 	AI 	OPEN 	Gender-Neutral 	562 	710
Indian Institute of Technology Roorkee	Data Science and Artificial Intelligence (4 Years, Bachelor of Technology) 	AI 	OPEN 	Female-only (including Supernumerary) 	2267 	2591
Indian Institute of Technology Roorkee	Economics (5 Years, Bachelor of Science and Master of Science (Dual Degree)) 	AI 	OPEN 	Gender-Neutral 	3876 	5568
Indian Institute of Technology Roorkee	Economics (5 Years, Bachelor of Science and Master of Science (Dual Degree)) 	AI 	OPEN 	Female-only (including Supernumerary) 	6937 	9905
Indian Institute of Technology Roorkee	Electrical Engineering (4 Years, Bachelor of Technology) 	AI 	OPEN 	Gender-Neutral 	1254 	2020
Indian Institute of Technology Roorkee	Electrical Engineering (4 Years, Bachelor of Technology) 	AI 	OPEN 	Female-only (including Supernumerary) 	4916 	5593
Indian Institute of Technology Roorkee	Electronics and Communication Engineering (4 Years, Bachelor of Technology) 	AI 	OPEN 	Gender-Neutral 	1048 	1394
Indian Institute of Technology Roorkee	Electronics and Communication Engineering (4 Years, Bachelor of Technology) 	AI 	OPEN 	Female-only (including Supernumerary) 	3077 	4563
Indian Institute of Technology Roorkee	Energy Engineering (4 Years, Bachelor of Technology) 	AI 	OPEN 	Gender-Neutral 	2663 	4727
Indian Institute of Technology Roorkee	Energy Engineering (4 Years, Bachelor of Technology) 	AI 	OPEN 	Female-only (including Supernumerary) 	8350 	8350
Indian Institute of Technology Roorkee	Engineering Physics (4 Years, Bachelor of Technology) 	AI 	OPEN 	Gender-Neutral 	2523 	4196
Indian Institute of Technology Roorkee	Engineering Physics (4 Years, Bachelor of Technology) 	AI 	OPEN 	Female-only (including Supernumerary) 	8120 	11032
Indian Institute of Technology Roorkee	Geological Technology (5 Years, Integrated Master of Technology) 	AI 	OPEN 	Gender-Neutral 	8630 	9491
Indian Institute of Technology Roorkee	Geological Technology (5 Years, Integrated Master of Technology) 	AI 	OPEN 	Female-only (including Supernumerary) 	17925 	18509
Indian Institute of Technology Roorkee	Geophysical Technology (5 Years, Integrated Master of Technology) 	AI 	OPEN 	Gender-Neutral 	6428 	8614
Indian Institute of Technology Roorkee	Geophysical Technology (5 Years, Integrated Master of Technology) 	AI 	OPEN 	Female-only (including Supernumerary) 	15223 	18953
Indian Institute of Technology Roorkee	Mathematics & Computing (5 Years, Bachelor of Science and Master of Science (Dual Degree)) 	AI 	OPEN 	Gender-Neutral 	1078 	1470
Indian Institute of Technology Roorkee	Mathematics & Computing (5 Years, Bachelor of Science and Master of Science (Dual Degree)) 	AI 	OPEN 	Female-only (including Supernumerary) 	4378 	4953
Indian Institute of Technology Roorkee	Mechanical Engineering (4 Years, Bachelor of Technology) 	AI 	OPEN 	Gender-Neutral 	2155 	3731
Indian Institute of Technology Roorkee	Mechanical Engineering (4 Years, Bachelor of Technology) 	AI 	OPEN 	Female-only (including Supernumerary) 	6626 	10346
Indian Institute of Technology Roorkee	Metallurgical and Materials Engineering (4 Years, Bachelor of Technology) 	AI 	OPEN 	Gender-Neutral 	6012 	6828
Indian Institute of Technology Roorkee	Metallurgical and Materials Engineering (4 Years, Bachelor of Technology) 	AI 	OPEN 	Female-only (including Supernumerary) 	15297 	16012
Indian Institute of Technology Roorkee	Physics (5 Years, Bachelor of Science and Master of Science (Dual Degree)) 	AI 	OPEN 	Gender-Neutral 	4489 	8144
Indian Institute of Technology Roorkee	Physics (5 Years, Bachelor of Science and Master of Science (Dual Degree)) 	AI 	OPEN 	Female-only (including Supernumerary) 	18169 	19251
Indian Institute of Technology Roorkee	Production and Industrial Engineering (4 Years, Bachelor of Technology) 	AI 	OPEN 	Gender-Neutral 	4206 	5274
Indian Institute of Technology Roorkee	Production and Industrial Engineering (4 Years, Bachelor of Technology) 	AI 	OPEN 	Female-only (including Supernumerary) 	9886 	11014
Indian Institute of Technology (ISM) Dhanbad	Applied Geology (5 Years, Integrated Master of Technology) 	AI 	OPEN 	Gender-Neutral 	13511 	15446
Indian Institute of Technology (ISM) Dhanbad	Applied Geology (5 Years, Integrated Master of Technology) 	AI 	OPEN 	Female-only (including Supernumerary) 	24505 	24505
Indian Institute of Technology (ISM) Dhanbad	Applied Geophysics (5 Years, Integrated Master of Technology) 	AI 	OPEN 	Gender-Neutral 	10750 	15139
Indian Institute of Technology (ISM) Dhanbad	Applied Geophysics (5 Years, Integrated Master of Technology) 	AI 	OPEN 	Female-only (including Supernumerary) 	25020 	25020
Indian Institute of Technology (ISM) Dhanbad	B.Tech Mining Engineering and MBA in Logistic and Supply Chain Management (IIM Mumbai) (5 Years, Integrated B. Tech. and MBA) 	AI 	OPEN 	Gender-Neutral 	8648 	14810
Indian Institute of Technology (ISM) Dhanbad	B.Tech Mining Engineering and MBA in Logistic and Supply Chain Management (IIM Mumbai) (5 Years, Integrated B. Tech. and MBA) 	AI 	OPEN 	Female-only (including Supernumerary) 	19266 	24121
Indian Institute of Technology (ISM) Dhanbad	Chemical Science (5 Years, Integrated Bachelor of Science-Master of Science) 	AI 	OPEN 	Gender-Neutral 	13804 	16082
Indian Institute of Technology (ISM) Dhanbad	Chemical Science (5 Years, Integrated Bachelor of Science-Master of Science) 	AI 	OPEN 	Female-only (including Supernumerary) 	25310 	25519
Indian Institute of Technology (ISM) Dhanbad	Chemical Engineering (4 Years, Bachelor of Technology) 	AI 	OPEN 	Gender-Neutral 	8263 	10756
Indian Institute of Technology (ISM) Dhanbad	Chemical Engineering (4 Years, Bachelor of Technology) 	AI 	OPEN 	Female-only (including Supernumerary) 	18816 	19737
Indian Institute of Technology (ISM) Dhanbad	Civil Engineering (4 Years, Bachelor of Technology) 	AI 	OPEN 	Gender-Neutral 	10481 	12467
Indian Institute of Technology (ISM) Dhanbad	Civil Engineering (4 Years, Bachelor of Technology) 	AI 	OPEN 	Female-only (including Supernumerary) 	19730 	22345
Indian Institute of Technology (ISM) Dhanbad	Computer Science and Engineering (4 Years, Bachelor of Technology) 	AI 	OPEN 	Gender-Neutral 	2143 	3348
Indian Institute of Technology (ISM) Dhanbad	Computer Science and Engineering (4 Years, Bachelor of Technology) 	AI 	OPEN 	Female-only (including Supernumerary) 	5353 	7841
Indian Institute of Technology (ISM) Dhanbad	Electrical Engineering (4 Years, Bachelor of Technology) 	AI 	OPEN 	Gender-Neutral 	5837 	7016
Indian Institute of Technology (ISM) Dhanbad	Electrical Engineering (4 Years, Bachelor of Technology) 	AI 	OPEN 	Female-only (including Supernumerary) 	9081 	15272
Indian Institute of Technology (ISM) Dhanbad	Electronics and Communication Engineering (4 Years, Bachelor of Technology) 	AI 	OPEN 	Gender-Neutral 	2795 	5572
Indian Institute of Technology (ISM) Dhanbad	Electronics and Communication Engineering (4 Years, Bachelor of Technology) 	AI 	OPEN 	Female-only (including Supernumerary) 	6704 	12175
Indian Institute of Technology (ISM) Dhanbad	Engineering Physics (4 Years, Bachelor of Technology) 	AI 	OPEN 	Gender-Neutral 	7714 	10247
Indian Institute of Technology (ISM) Dhanbad	Engineering Physics (4 Years, Bachelor of Technology) 	AI 	OPEN 	Female-only (including Supernumerary) 	16983 	19430
Indian Institute of Technology (ISM) Dhanbad	Environmental Engineering (4 Years, Bachelor of Technology) 	AI 	OPEN 	Gender-Neutral 	11602 	14372
Indian Institute of Technology (ISM) Dhanbad	Environmental Engineering (4 Years, Bachelor of Technology) 	AI 	OPEN 	Female-only (including Supernumerary) 	20318 	23853
Indian Institute of Technology (ISM) Dhanbad	Mathematics and Computing (4 Years, Bachelor of Technology) 	AI 	OPEN 	Gender-Neutral 	2297 	4014
Indian Institute of Technology (ISM) Dhanbad	Mathematics and Computing (4 Years, Bachelor of Technology) 	AI 	OPEN 	Female-only (including Supernumerary) 	8073 	9672
Indian Institute of Technology (ISM) Dhanbad	Mechanical Engineering (4 Years, Bachelor of Technology) 	AI 	OPEN 	Gender-Neutral 	7261 	9325
Indian Institute of Technology (ISM) Dhanbad	Mechanical Engineering (4 Years, Bachelor of Technology) 	AI 	OPEN 	Female-only (including Supernumerary) 	16086 	19276
Indian Institute of Technology (ISM) Dhanbad	Mineral and Metallurgical Engineering (4 Years, Bachelor of Technology) 	AI 	OPEN 	Gender-Neutral 	10891 	12957
Indian Institute of Technology (ISM) Dhanbad	Mineral and Metallurgical Engineering (4 Years, Bachelor of Technology) 	AI 	OPEN 	Female-only (including Supernumerary) 	21574 	23583
Indian Institute of Technology (ISM) Dhanbad	Mining Engineering (4 Years, Bachelor of Technology) 	AI 	OPEN 	Gender-Neutral 	12488 	14096
Indian Institute of Technology (ISM) Dhanbad	Mining Engineering (4 Years, Bachelor of Technology) 	AI 	OPEN 	Female-only (including Supernumerary) 	22996 	24011
Indian Institute of Technology (ISM) Dhanbad	Mining Machinery Engineering (4 Years, Bachelor of Technology) 	AI 	OPEN 	Gender-Neutral 	9786 	14567
Indian Institute of Technology (ISM) Dhanbad	Mining Machinery Engineering (4 Years, Bachelor of Technology) 	AI 	OPEN 	Female-only (including Supernumerary) 	23877 	24662
Indian Institute of Technology (ISM) Dhanbad	Petroleum Engineering (4 Years, Bachelor of Technology) 	AI 	OPEN 	Gender-Neutral 	9151 	12136
Indian Institute of Technology (ISM) Dhanbad	Petroleum Engineering (4 Years, Bachelor of Technology) 	AI 	OPEN 	Female-only (including Supernumerary) 	20322 	22975
Indian Institute of Technology (ISM) Dhanbad	Physical Science (5 Years, Integrated Bachelor of Science-Master of Science) 	AI 	OPEN 	Gender-Neutral 	13475 	15891
Indian Institute of Technology (ISM) Dhanbad	Physical Science (5 Years, Integrated Bachelor of Science-Master of Science) 	AI 	OPEN 	Female-only (including Supernumerary) 	25110 	25549
Indian Institute of Technology Ropar	Artificial Intelligence and Data Engineering (4 Years, Bachelor of Technology) 	AI 	OPEN 	Gender-Neutral 	2389 	3245
Indian Institute of Technology Ropar	Artificial Intelligence and Data Engineering (4 Years, Bachelor of Technology) 	AI 	OPEN 	Female-only (including Supernumerary) 	5982 	7458
Indian Institute of Technology Ropar	Chemical Engineering (4 Years, Bachelor of Technology) 	AI 	OPEN 	Gender-Neutral 	8163 	9587
Indian Institute of Technology Ropar	Chemical Engineering (4 Years, Bachelor of Technology) 	AI 	OPEN 	Female-only (including Supernumerary) 	16373 	16450
Indian Institute of Technology Ropar	Civil Engineering (4 Years, Bachelor of Technology) 	AI 	OPEN 	Gender-Neutral 	9142 	10796
Indian Institute of Technology Ropar	Civil Engineering (4 Years, Bachelor of Technology) 	AI 	OPEN 	Female-only (including Supernumerary) 	19804 	20462
Indian Institute of Technology Ropar	Computer Science and Engineering (4 Years, Bachelor of Technology) 	AI 	OPEN 	Gender-Neutral 	1477 	2376
Indian Institute of Technology Ropar	Computer Science and Engineering (4 Years, Bachelor of Technology) 	AI 	OPEN 	Female-only (including Supernumerary) 	3820 	6721
Indian Institute of Technology Ropar	Digital Agriculture (4 Years, Bachelor of Technology) 	AI 	OPEN 	Gender-Neutral 	9339 	13148
Indian Institute of Technology Ropar	Digital Agriculture (4 Years, Bachelor of Technology) 	AI 	OPEN 	Female-only (including Supernumerary) 	21565 	23540
Indian Institute of Technology Ropar	Electrical Engineering (4 Years, Bachelor of Technology) 	AI 	OPEN 	Gender-Neutral 	3940 	5714
Indian Institute of Technology Ropar	Electrical Engineering (4 Years, Bachelor of Technology) 	AI 	OPEN 	Female-only (including Supernumerary) 	8828 	13257
Indian Institute of Technology Ropar	Electrical Engineering (Integrated Circuit Design and Technology) (4 Years, Bachelor of Technology) 	AI 	OPEN 	Gender-Neutral 	4633 	5217
Indian Institute of Technology Ropar	Electrical Engineering (Integrated Circuit Design and Technology) (4 Years, Bachelor of Technology) 	AI 	OPEN 	Female-only (including Supernumerary) 	9429 	9891
Indian Institute of Technology Ropar	Engineering Physics (4 Years, Bachelor of Technology) 	AI 	OPEN 	Gender-Neutral 	7827 	8446
Indian Institute of Technology Ropar	Engineering Physics (4 Years, Bachelor of Technology) 	AI 	OPEN 	Female-only (including Supernumerary) 	18285 	19091
Indian Institute of Technology Ropar	Mathematics and Computing (4 Years, Bachelor of Technology) 	AI 	OPEN 	Gender-Neutral 	2122 	3817
Indian Institute of Technology Ropar	Mathematics and Computing (4 Years, Bachelor of Technology) 	AI 	OPEN 	Female-only (including Supernumerary) 	7735 	8968
Indian Institute of Technology Ropar	Mechanical Engineering (4 Years, Bachelor of Technology) 	AI 	OPEN 	Gender-Neutral 	6904 	8063
Indian Institute of Technology Ropar	Mechanical Engineering (4 Years, Bachelor of Technology) 	AI 	OPEN 	Female-only (including Supernumerary) 	14534 	16667
Indian Institute of Technology Ropar	Metallurgical and Materials Engineering (4 Years, Bachelor of Technology) 	AI 	OPEN 	Gender-Neutral 	10696 	11491
Indian Institute of Technology Ropar	Metallurgical and Materials Engineering (4 Years, Bachelor of Technology) 	AI 	OPEN 	Female-only (including Supernumerary) 	21792 	22664
Indian Institute of Technology (BHU) Varanasi	Architecture (5 Years, Bachelor of Architecture) 	AI 	OPEN 	Gender-Neutral 	18430 	19141
Indian Institute of Technology (BHU) Varanasi	Architecture (5 Years, Bachelor of Architecture) 	AI 	OPEN 	Female-only (including Supernumerary) 	24124 	26381
Indian Institute of Technology (BHU) Varanasi	Biochemical Engineering (4 Years, Bachelor of Technology) 	AI 	OPEN 	Gender-Neutral 	11001 	11771
Indian Institute of Technology (BHU) Varanasi	Biochemical Engineering (4 Years, Bachelor of Technology) 	AI 	OPEN 	Female-only (including Supernumerary) 	20035 	20752
Indian Institute of Technology (BHU) Varanasi	Bioengineering (4 Years, Bachelor of Technology) 	AI 	OPEN 	Gender-Neutral 	9767 	10948
Indian Institute of Technology (BHU) Varanasi	Bioengineering (4 Years, Bachelor of Technology) 	AI 	OPEN 	Female-only (including Supernumerary) 	15513 	16058
Indian Institute of Technology (BHU) Varanasi	Ceramic Engineering (4 Years, Bachelor of Technology) 	AI 	OPEN 	Gender-Neutral 	10551 	12208
Indian Institute of Technology (BHU) Varanasi	Ceramic Engineering (4 Years, Bachelor of Technology) 	AI 	OPEN 	Female-only (including Supernumerary) 	20457 	21518
Indian Institute of Technology (BHU) Varanasi	Chemical Engineering (4 Years, Bachelor of Technology) 	AI 	OPEN 	Gender-Neutral 	5480 	7535
Indian Institute of Technology (BHU) Varanasi	Chemical Engineering (4 Years, Bachelor of Technology) 	AI 	OPEN 	Female-only (including Supernumerary) 	12041 	16039
Indian Institute of Technology (BHU) Varanasi	Civil Engineering (4 Years, Bachelor of Technology) 	AI 	OPEN 	Gender-Neutral 	7201 	9404
Indian Institute of Technology (BHU) Varanasi	Civil Engineering (4 Years, Bachelor of Technology) 	AI 	OPEN 	Female-only (including Supernumerary) 	16861 	19219
Indian Institute of Technology (BHU) Varanasi	Computer Science and Engineering (4 Years, Bachelor of Technology) 	AI 	OPEN 	Gender-Neutral 	734 	1352
Indian Institute of Technology (BHU) Varanasi	Computer Science and Engineering (4 Years, Bachelor of Technology) 	AI 	OPEN 	Female-only (including Supernumerary) 	2832 	3784
Indian Institute of Technology (BHU) Varanasi	Electrical Engineering (4 Years, Bachelor of Technology) 	AI 	OPEN 	Gender-Neutral 	2343 	3493
Indian Institute of Technology (BHU) Varanasi	Electrical Engineering (4 Years, Bachelor of Technology) 	AI 	OPEN 	Female-only (including Supernumerary) 	6062 	7906
Indian Institute of Technology (BHU) Varanasi	Electronics Engineering (4 Years, Bachelor of Technology) 	AI 	OPEN 	Gender-Neutral 	1956 	2500
Indian Institute of Technology (BHU) Varanasi	Electronics Engineering (4 Years, Bachelor of Technology) 	AI 	OPEN 	Female-only (including Supernumerary) 	5798 	6461
Indian Institute of Technology (BHU) Varanasi	Engineering Physics (4 Years, Bachelor of Technology) 	AI 	OPEN 	Gender-Neutral 	5457 	7471
Indian Institute of Technology (BHU) Varanasi	Engineering Physics (4 Years, Bachelor of Technology) 	AI 	OPEN 	Female-only (including Supernumerary) 	15137 	16660
Indian Institute of Technology (BHU) Varanasi	Industrial Chemistry (4 Years, Bachelor of Technology) 	AI 	OPEN 	Gender-Neutral 	9166 	10655
Indian Institute of Technology (BHU) Varanasi	Industrial Chemistry (4 Years, Bachelor of Technology) 	AI 	OPEN 	Female-only (including Supernumerary) 	20060 	20141
Indian Institute of Technology (BHU) Varanasi	Materials Science and Technology (4 Years, Bachelor of Technology) 	AI 	OPEN 	Gender-Neutral 	7517 	9976
Indian Institute of Technology (BHU) Varanasi	Materials Science and Technology (4 Years, Bachelor of Technology) 	AI 	OPEN 	Female-only (including Supernumerary) 	17121 	17744
Indian Institute of Technology (BHU) Varanasi	Mathematics and Computing (4 Years, Bachelor of Technology) 	AI 	OPEN 	Gender-Neutral 	1461 	1842
Indian Institute of Technology (BHU) Varanasi	Mathematics and Computing (4 Years, Bachelor of Technology) 	AI 	OPEN 	Female-only (including Supernumerary) 	4466 	5382
Indian Institute of Technology (BHU) Varanasi	Mechanical Engineering (4 Years, Bachelor of Technology) 	AI 	OPEN 	Gender-Neutral 	4411 	6662
Indian Institute of Technology (BHU) Varanasi	Mechanical Engineering (4 Years, Bachelor of Technology) 	AI 	OPEN 	Female-only (including Supernumerary) 	14049 	16113
Indian Institute of Technology (BHU) Varanasi	Metallurgical Engineering (4 Years, Bachelor of Technology) 	AI 	OPEN 	Gender-Neutral 	8214 	10411
Indian Institute of Technology (BHU) Varanasi	Metallurgical Engineering (4 Years, Bachelor of Technology) 	AI 	OPEN 	Female-only (including Supernumerary) 	16852 	19519
Indian Institute of Technology (BHU) Varanasi	Mining Engineering (4 Years, Bachelor of Technology) 	AI 	OPEN 	Gender-Neutral 	10253 	12942
Indian Institute of Technology (BHU) Varanasi	Mining Engineering (4 Years, Bachelor of Technology) 	AI 	OPEN 	Female-only (including Supernumerary) 	19228 	22635
Indian Institute of Technology (BHU) Varanasi	Pharmaceutical Engineering & Technology (4 Years, Bachelor of Technology) 	AI 	OPEN 	Gender-Neutral 	11300 	13225
Indian Institute of Technology (BHU) Varanasi	Pharmaceutical Engineering & Technology (4 Years, Bachelor of Technology) 	AI 	OPEN 	Female-only (including Supernumerary) 	20608 	22744
Indian Institute of Technology Guwahati	Biosciences and Bioengineering (4 Years, Bachelor of Technology) 	AI 	OPEN 	Gender-Neutral 	6303 	9243
Indian Institute of Technology Guwahati	Biosciences and Bioengineering (4 Years, Bachelor of Technology) 	AI 	OPEN 	Female-only (including Supernumerary) 	15421 	15805
Indian Institute of Technology Guwahati	Chemical Engineering (4 Years, Bachelor of Technology) 	AI 	OPEN 	Gender-Neutral 	4289 	5193
Indian Institute of Technology Guwahati	Chemical Engineering (4 Years, Bachelor of Technology) 	AI 	OPEN 	Female-only (including Supernumerary) 	10455 	12161
Indian Institute of Technology Guwahati	Chemical Science and Technology (4 Years, Bachelor of Technology) 	AI 	OPEN 	Gender-Neutral 	4662 	7308
Indian Institute of Technology Guwahati	Chemical Science and Technology (4 Years, Bachelor of Technology) 	AI 	OPEN 	Female-only (including Supernumerary) 	13063 	14898
Indian Institute of Technology Guwahati	Civil Engineering (4 Years, Bachelor of Technology) 	AI 	OPEN 	Gender-Neutral 	6867 	7955
Indian Institute of Technology Guwahati	Civil Engineering (4 Years, Bachelor of Technology) 	AI 	OPEN 	Female-only (including Supernumerary) 	13434 	16309
Indian Institute of Technology Guwahati	Computer Science and Engineering (4 Years, Bachelor of Technology) 	AI 	OPEN 	Gender-Neutral 	504 	704
Indian Institute of Technology Guwahati	Computer Science and Engineering (4 Years, Bachelor of Technology) 	AI 	OPEN 	Female-only (including Supernumerary) 	2047 	2694
Indian Institute of Technology Guwahati	Data Science and Artificial Intelligence (4 Years, Bachelor of Technology) 	AI 	OPEN 	Gender-Neutral 	873 	1077
Indian Institute of Technology Guwahati	Data Science and Artificial Intelligence (4 Years, Bachelor of Technology) 	AI 	OPEN 	Female-only (including Supernumerary) 	2877 	3235
Indian Institute of Technology Guwahati	Electronics and Communication Engineering (4 Years, Bachelor of Technology) 	AI 	OPEN 	Gender-Neutral 	1399 	1656
Indian Institute of Technology Guwahati	Electronics and Communication Engineering (4 Years, Bachelor of Technology) 	AI 	OPEN 	Female-only (including Supernumerary) 	4863 	5298
Indian Institute of Technology Guwahati	Electronics and Electrical Engineering (4 Years, Bachelor of Technology) 	AI 	OPEN 	Gender-Neutral 	1727 	2066
Indian Institute of Technology Guwahati	Electronics and Electrical Engineering (4 Years, Bachelor of Technology) 	AI 	OPEN 	Female-only (including Supernumerary) 	5381 	5806
Indian Institute of Technology Guwahati	Energy Engineering (4 Years, Bachelor of Technology) 	AI 	OPEN 	Gender-Neutral 	4761 	5865
Indian Institute of Technology Guwahati	Energy Engineering (4 Years, Bachelor of Technology) 	AI 	OPEN 	Female-only (including Supernumerary) 	11994 	13282
Indian Institute of Technology Guwahati	Engineering Physics (4 Years, Bachelor of Technology) 	AI 	OPEN 	Gender-Neutral 	2692 	5907
Indian Institute of Technology Guwahati	Engineering Physics (4 Years, Bachelor of Technology) 	AI 	OPEN 	Female-only (including Supernumerary) 	11828 	13332
Indian Institute of Technology Guwahati	Mathematics and Computing (4 Years, Bachelor of Technology) 	AI 	OPEN 	Gender-Neutral 	740 	1222
Indian Institute of Technology Guwahati	Mathematics and Computing (4 Years, Bachelor of Technology) 	AI 	OPEN 	Female-only (including Supernumerary) 	2755 	3849
Indian Institute of Technology Guwahati	Mechanical Engineering (4 Years, Bachelor of Technology) 	AI 	OPEN 	Gender-Neutral 	3773 	4459
Indian Institute of Technology Guwahati	Mechanical Engineering (4 Years, Bachelor of Technology) 	AI 	OPEN 	Female-only (including Supernumerary) 	8789 	11913
Indian Institute of Technology Bhilai	Computer Science and Engineering (4 Years, Bachelor of Technology) 	AI 	OPEN 	Gender-Neutral 	4462 	6515
Indian Institute of Technology Bhilai	Computer Science and Engineering (4 Years, Bachelor of Technology) 	AI 	OPEN 	Female-only (including Supernumerary) 	9951 	12211
Indian Institute of Technology Bhilai	Data Science and Artificial Intelligence (4 Years, Bachelor of Technology) 	AI 	OPEN 	Gender-Neutral 	6688 	7616
Indian Institute of Technology Bhilai	Data Science and Artificial Intelligence (4 Years, Bachelor of Technology) 	AI 	OPEN 	Female-only (including Supernumerary) 	8600 	12215
Indian Institute of Technology Bhilai	Electrical Engineering (4 Years, Bachelor of Technology) 	AI 	OPEN 	Gender-Neutral 	9476 	10383
Indian Institute of Technology Bhilai	Electrical Engineering (4 Years, Bachelor of Technology) 	AI 	OPEN 	Female-only (including Supernumerary) 	16191 	18486
Indian Institute of Technology Bhilai	Electronics and Communication Engineering (4 Years, Bachelor of Technology) 	AI 	OPEN 	Gender-Neutral 	7464 	8483
Indian Institute of Technology Bhilai	Electronics and Communication Engineering (4 Years, Bachelor of Technology) 	AI 	OPEN 	Female-only (including Supernumerary) 	14098 	16046
Indian Institute of Technology Bhilai	Materials Science and Metallurgical Engineering (4 Years, Bachelor of Technology) 	AI 	OPEN 	Gender-Neutral 	14163 	15160
Indian Institute of Technology Bhilai	Materials Science and Metallurgical Engineering (4 Years, Bachelor of Technology) 	AI 	OPEN 	Female-only (including Supernumerary) 	23924 	25163
Indian Institute of Technology Bhilai	Mechanical Engineering (4 Years, Bachelor of Technology) 	AI 	OPEN 	Gender-Neutral 	10554 	12671
Indian Institute of Technology Bhilai	Mechanical Engineering (4 Years, Bachelor of Technology) 	AI 	OPEN 	Female-only (including Supernumerary) 	20066 	22070
Indian Institute of Technology Bhilai	Mechatronics Engineering (4 Years, Bachelor of Technology) 	AI 	OPEN 	Gender-Neutral 	9416 	10956
Indian Institute of Technology Bhilai	Mechatronics Engineering (4 Years, Bachelor of Technology) 	AI 	OPEN 	Female-only (including Supernumerary) 	20224 	21456
Indian Institute of Technology Goa	Computer Science and Engineering (4 Years, Bachelor of Technology) 	AI 	OPEN 	Gender-Neutral 	4176 	5628
Indian Institute of Technology Goa	Computer Science and Engineering (4 Years, Bachelor of Technology) 	AI 	OPEN 	Female-only (including Supernumerary) 	11372 	12097
Indian Institute of Technology Goa	Electrical Engineering (4 Years, Bachelor of Technology) 	AI 	OPEN 	Gender-Neutral 	6227 	9210
Indian Institute of Technology Goa	Electrical Engineering (4 Years, Bachelor of Technology) 	AI 	OPEN 	Female-only (including Supernumerary) 	15816 	16885
Indian Institute of Technology Goa	Mathematics and Computing (4 Years, Bachelor of Technology) 	AI 	OPEN 	Gender-Neutral 	5316 	6398
Indian Institute of Technology Goa	Mathematics and Computing (4 Years, Bachelor of Technology) 	AI 	OPEN 	Female-only (including Supernumerary) 	12219 	14482
Indian Institute of Technology Goa	Mechanical Engineering (4 Years, Bachelor of Technology) 	AI 	OPEN 	Gender-Neutral 	9502 	11509
Indian Institute of Technology Goa	Mechanical Engineering (4 Years, Bachelor of Technology) 	AI 	OPEN 	Female-only (including Supernumerary) 	20436 	21593
Indian Institute of Technology Palakkad	Civil Engineering (4 Years, Bachelor of Technology) 	AI 	OPEN 	Gender-Neutral 	13574 	15349
Indian Institute of Technology Palakkad	Civil Engineering (4 Years, Bachelor of Technology) 	AI 	OPEN 	Female-only (including Supernumerary) 	21748 	24168
Indian Institute of Technology Palakkad	Computer Science and Engineering (4 Years, Bachelor of Technology) 	AI 	OPEN 	Gender-Neutral 	4530 	5775
Indian Institute of Technology Palakkad	Computer Science and Engineering (4 Years, Bachelor of Technology) 	AI 	OPEN 	Female-only (including Supernumerary) 	6843 	8965
Indian Institute of Technology Palakkad	Data Science and Engineering (4 Years, Bachelor of Technology) 	AI 	OPEN 	Gender-Neutral 	6055 	7712
Indian Institute of Technology Palakkad	Data Science and Engineering (4 Years, Bachelor of Technology) 	AI 	OPEN 	Female-only (including Supernumerary) 	10280 	10964
Indian Institute of Technology Palakkad	Electrical Engineering (4 Years, Bachelor of Technology) 	AI 	OPEN 	Gender-Neutral 	8020 	9321
Indian Institute of Technology Palakkad	Electrical Engineering (4 Years, Bachelor of Technology) 	AI 	OPEN 	Female-only (including Supernumerary) 	12743 	17559
Indian Institute of Technology Palakkad	Mechanical Engineering (4 Years, Bachelor of Technology) 	AI 	OPEN 	Gender-Neutral 	8596 	11349
Indian Institute of Technology Palakkad	Mechanical Engineering (4 Years, Bachelor of Technology) 	AI 	OPEN 	Female-only (including Supernumerary) 	14960 	21192
Indian Institute of Technology Tirupati	Chemical Engineering (4 Years, Bachelor of Technology) 	AI 	OPEN 	Gender-Neutral 	11533 	14044
Indian Institute of Technology Tirupati	Chemical Engineering (4 Years, Bachelor of Technology) 	AI 	OPEN 	Female-only (including Supernumerary) 	16255 	18982
Indian Institute of Technology Tirupati	Civil Engineering (4 Years, Bachelor of Technology) 	AI 	OPEN 	Gender-Neutral 	8956 	14809
Indian Institute of Technology Tirupati	Civil Engineering (4 Years, Bachelor of Technology) 	AI 	OPEN 	Female-only (including Supernumerary) 	18585 	22200
Indian Institute of Technology Tirupati	Computer Science and Engineering (4 Years, Bachelor of Technology) 	AI 	OPEN 	Gender-Neutral 	1916 	4620
Indian Institute of Technology Tirupati	Computer Science and Engineering (4 Years, Bachelor of Technology) 	AI 	OPEN 	Female-only (including Supernumerary) 	5613 	8237
Indian Institute of Technology Tirupati	Electrical Engineering (4 Years, Bachelor of Technology) 	AI 	OPEN 	Gender-Neutral 	5098 	8163
Indian Institute of Technology Tirupati	Electrical Engineering (4 Years, Bachelor of Technology) 	AI 	OPEN 	Female-only (including Supernumerary) 	13602 	15060
Indian Institute of Technology Tirupati	Engineering Physics (4 Years, Bachelor of Technology) 	AI 	OPEN 	Gender-Neutral 	9718 	11066
Indian Institute of Technology Tirupati	Engineering Physics (4 Years, Bachelor of Technology) 	AI 	OPEN 	Female-only (including Supernumerary) 	16299 	16299
Indian Institute of Technology Tirupati	Mechanical Engineering (4 Years, Bachelor of Technology) 	AI 	OPEN 	Gender-Neutral 	8376 	10888
Indian Institute of Technology Tirupati	Mechanical Engineering (4 Years, Bachelor of Technology) 	AI 	OPEN 	Female-only (including Supernumerary) 	16542 	19839
Indian Institute of Technology Jammu	Chemical Engineering (4 Years, Bachelor of Technology) 	AI 	OPEN 	Gender-Neutral 	12991 	14560
Indian Institute of Technology Jammu	Chemical Engineering (4 Years, Bachelor of Technology) 	AI 	OPEN 	Female-only (including Supernumerary) 	22069 	22711
Indian Institute of Technology Jammu	Civil Engineering (4 Years, Bachelor of Technology) 	AI 	OPEN 	Gender-Neutral 	10641 	15448
Indian Institute of Technology Jammu	Civil Engineering (4 Years, Bachelor of Technology) 	AI 	OPEN 	Female-only (including Supernumerary) 	24870 	24904
Indian Institute of Technology Jammu	Computer Science and Engineering (4 Years, Bachelor of Technology) 	AI 	OPEN 	Gender-Neutral 	4298 	5988
Indian Institute of Technology Jammu	Computer Science and Engineering (4 Years, Bachelor of Technology) 	AI 	OPEN 	Female-only (including Supernumerary) 	9950 	11104
Indian Institute of Technology Jammu	Electrical Engineering (4 Years, Bachelor of Technology) 	AI 	OPEN 	Gender-Neutral 	7359 	9626
Indian Institute of Technology Jammu	Electrical Engineering (4 Years, Bachelor of Technology) 	AI 	OPEN 	Female-only (including Supernumerary) 	16599 	17461
Indian Institute of Technology Jammu	Engineering Physics (4 Years, Bachelor of Technology) 	AI 	OPEN 	Gender-Neutral 	11846 	14058
Indian Institute of Technology Jammu	Engineering Physics (4 Years, Bachelor of Technology) 	AI 	OPEN 	Female-only (including Supernumerary) 	22852 	23652
Indian Institute of Technology Jammu	Materials Engineering (4 Years, Bachelor of Technology) 	AI 	OPEN 	Gender-Neutral 	15455 	15917
Indian Institute of Technology Jammu	Materials Engineering (4 Years, Bachelor of Technology) 	AI 	OPEN 	Female-only (including Supernumerary) 	24772 	25347
Indian Institute of Technology Jammu	Mathematics and Computing (4 Years, Bachelor of Technology) 	AI 	OPEN 	Gender-Neutral 	6651 	7879
Indian Institute of Technology Jammu	Mathematics and Computing (4 Years, Bachelor of Technology) 	AI 	OPEN 	Female-only (including Supernumerary) 	13000 	16132
Indian Institute of Technology Jammu	Mechanical Engineering (4 Years, Bachelor of Technology) 	AI 	OPEN 	Gender-Neutral 	10308 	12326
Indian Institute of Technology Jammu	Mechanical Engineering (4 Years, Bachelor of Technology) 	AI 	OPEN 	Female-only (including Supernumerary) 	19472 	21997
Indian Institute of Technology Dharwad	Chemical and Biochemical Engineering (4 Years, Bachelor of Technology) 	AI 	OPEN 	Gender-Neutral 	11549 	14865
Indian Institute of Technology Dharwad	Chemical and Biochemical Engineering (4 Years, Bachelor of Technology) 	AI 	OPEN 	Female-only (including Supernumerary) 	21394 	22814
Indian Institute of Technology Dharwad	Civil and Infrastructure Engineering (4 Years, Bachelor of Technology) 	AI 	OPEN 	Gender-Neutral 	14731 	15600
Indian Institute of Technology Dharwad	Civil and Infrastructure Engineering (4 Years, Bachelor of Technology) 	AI 	OPEN 	Female-only (including Supernumerary) 	23183 	23385
Indian Institute of Technology Dharwad	Computer Science and Engineering (4 Years, Bachelor of Technology) 	AI 	OPEN 	Gender-Neutral 	4648 	6351
Indian Institute of Technology Dharwad	Computer Science and Engineering (4 Years, Bachelor of Technology) 	AI 	OPEN 	Female-only (including Supernumerary) 	8239 	8966
Indian Institute of Technology Dharwad	Electrical and Electronics Engineering (4 Years, Bachelor of Technology) 	AI 	OPEN 	Gender-Neutral 	8551 	9461
Indian Institute of Technology Dharwad	Electrical and Electronics Engineering (4 Years, Bachelor of Technology) 	AI 	OPEN 	Female-only (including Supernumerary) 	13284 	15997
Indian Institute of Technology Dharwad	Electronics and Communication Engineering (4 Years, Bachelor of Technology) 	AI 	OPEN 	Gender-Neutral 	6500 	8284
Indian Institute of Technology Dharwad	Electronics and Communication Engineering (4 Years, Bachelor of Technology) 	AI 	OPEN 	Female-only (including Supernumerary) 	10075 	15422
Indian Institute of Technology Dharwad	Engineering Physics (4 Years, Bachelor of Technology) 	AI 	OPEN 	Gender-Neutral 	11766 	12915
Indian Institute of Technology Dharwad	Engineering Physics (4 Years, Bachelor of Technology) 	AI 	OPEN 	Female-only (including Supernumerary) 	21963 	22094
Indian Institute of Technology Dharwad	Interdisciplinary Sciences (5 Years, Bachelor of Science and Master of Science (Dual Degree)) 	AI 	OPEN 	Gender-Neutral 	13451 	16642
Indian Institute of Technology Dharwad	Interdisciplinary Sciences (5 Years, Bachelor of Science and Master of Science (Dual Degree)) 	AI 	OPEN 	Female-only (including Supernumerary) 	19975 	25164
Indian Institute of Technology Dharwad	Mathematics and Computing (4 Years, Bachelor of Technology) 	AI 	OPEN 	Gender-Neutral 	6493 	7014
Indian Institute of Technology Dharwad	Mathematics and Computing (4 Years, Bachelor of Technology) 	AI 	OPEN 	Female-only (including Supernumerary) 	10860 	12015
Indian Institute of Technology Dharwad	Mechanical Engineering (4 Years, Bachelor of Technology) 	AI 	OPEN 	Gender-Neutral 	11499 	12606
Indian Institute of Technology Dharwad	Mechanical Engineering (4 Years, Bachelor of Technology) 	AI 	OPEN 	Female-only (including Supernumerary) 	16959 	21685
Dr. B R Ambedkar National Institute of Technology, Jalandhar	Bio Technology (4 Years, Bachelor of Technology) 	HS 	OPEN 	Gender-Neutral 	58341 	71613
Dr. B R Ambedkar National Institute of Technology, Jalandhar	Bio Technology (4 Years, Bachelor of Technology) 	HS 	OPEN 	Female-only (including Supernumerary) 	53648 	65917
Dr. B R Ambedkar National Institute of Technology, Jalandhar	Bio Technology (4 Years, Bachelor of Technology) 	OS 	OPEN 	Gender-Neutral 	41817 	45731
Dr. B R Ambedkar National Institute of Technology, Jalandhar	Bio Technology (4 Years, Bachelor of Technology) 	OS 	OPEN 	Female-only (including Supernumerary) 	50433 	50696
Dr. B R Ambedkar National Institute of Technology, Jalandhar	Chemical Engineering (4 Years, Bachelor of Technology) 	HS 	OPEN 	Gender-Neutral 	28297 	52584
Dr. B R Ambedkar National Institute of Technology, Jalandhar	Chemical Engineering (4 Years, Bachelor of Technology) 	HS 	OPEN 	Female-only (including Supernumerary) 	54809 	63822
Dr. B R Ambedkar National Institute of Technology, Jalandhar	Chemical Engineering (4 Years, Bachelor of Technology) 	OS 	OPEN 	Gender-Neutral 	21827 	36419
Dr. B R Ambedkar National Institute of Technology, Jalandhar	Chemical Engineering (4 Years, Bachelor of Technology) 	OS 	OPEN 	Female-only (including Supernumerary) 	41030 	47120
Dr. B R Ambedkar National Institute of Technology, Jalandhar	Civil Engineering (4 Years, Bachelor of Technology) 	HS 	OPEN 	Gender-Neutral 	46722 	57036
Dr. B R Ambedkar National Institute of Technology, Jalandhar	Civil Engineering (4 Years, Bachelor of Technology) 	HS 	OPEN 	Female-only (including Supernumerary) 	54402 	64613
Dr. B R Ambedkar National Institute of Technology, Jalandhar	Civil Engineering (4 Years, Bachelor of Technology) 	OS 	OPEN 	Gender-Neutral 	25507 	40078
Dr. B R Ambedkar National Institute of Technology, Jalandhar	Civil Engineering (4 Years, Bachelor of Technology) 	OS 	OPEN 	Female-only (including Supernumerary) 	42935 	49801
Dr. B R Ambedkar National Institute of Technology, Jalandhar	Computer Science and Engineering (4 Years, Bachelor of Technology) 	HS 	OPEN 	Gender-Neutral 	6821 	15902
Dr. B R Ambedkar National Institute of Technology, Jalandhar	Computer Science and Engineering (4 Years, Bachelor of Technology) 	HS 	OPEN 	Female-only (including Supernumerary) 	17315 	18633
Dr. B R Ambedkar National Institute of Technology, Jalandhar	Computer Science and Engineering (4 Years, Bachelor of Technology) 	OS 	OPEN 	Gender-Neutral 	1818 	10126
Dr. B R Ambedkar National Institute of Technology, Jalandhar	Computer Science and Engineering (4 Years, Bachelor of Technology) 	OS 	OPEN 	Female-only (including Supernumerary) 	14569 	18724
Dr. B R Ambedkar National Institute of Technology, Jalandhar	Data Science and Engineering (4 Years, Bachelor of Technology) 	HS 	OPEN 	Gender-Neutral 	16049 	19075
Dr. B R Ambedkar National Institute of Technology, Jalandhar	Data Science and Engineering (4 Years, Bachelor of Technology) 	HS 	OPEN 	Female-only (including Supernumerary) 	18820 	18820
Dr. B R Ambedkar National Institute of Technology, Jalandhar	Data Science and Engineering (4 Years, Bachelor of Technology) 	OS 	OPEN 	Gender-Neutral 	13134 	14123
Dr. B R Ambedkar National Institute of Technology, Jalandhar	Data Science and Engineering (4 Years, Bachelor of Technology) 	OS 	OPEN 	Female-only (including Supernumerary) 	19393 	19838
Dr. B R Ambedkar National Institute of Technology, Jalandhar	Electrical Engineering (4 Years, Bachelor of Technology) 	HS 	OPEN 	Gender-Neutral 	25406 	29154
Dr. B R Ambedkar National Institute of Technology, Jalandhar	Electrical Engineering (4 Years, Bachelor of Technology) 	HS 	OPEN 	Female-only (including Supernumerary) 	26666 	28169
Dr. B R Ambedkar National Institute of Technology, Jalandhar	Electrical Engineering (4 Years, Bachelor of Technology) 	OS 	OPEN 	Gender-Neutral 	15106 	18664
Dr. B R Ambedkar National Institute of Technology, Jalandhar	Electrical Engineering (4 Years, Bachelor of Technology) 	OS 	OPEN 	Female-only (including Supernumerary) 	26952 	31516
Dr. B R Ambedkar National Institute of Technology, Jalandhar	Electronics and Communication Engineering (4 Years, Bachelor of Technology) 	HS 	OPEN 	Gender-Neutral 	17414 	26098
Dr. B R Ambedkar National Institute of Technology, Jalandhar	Electronics and Communication Engineering (4 Years, Bachelor of Technology) 	HS 	OPEN 	Female-only (including Supernumerary) 	21017 	25474
Dr. B R Ambedkar National Institute of Technology, Jalandhar	Electronics and Communication Engineering (4 Years, Bachelor of Technology) 	OS 	OPEN 	Gender-Neutral 	13389 	14867
Dr. B R Ambedkar National Institute of Technology, Jalandhar	Electronics and Communication Engineering (4 Years, Bachelor of Technology) 	OS 	OPEN 	Female-only (including Supernumerary) 	24362 	26284
Dr. B R Ambedkar National Institute of Technology, Jalandhar	Electronics and VLSI Engineering (4 Years, Bachelor of Technology) 	HS 	OPEN 	Gender-Neutral 	24789 	26815
Dr. B R Ambedkar National Institute of Technology, Jalandhar	Electronics and VLSI Engineering (4 Years, Bachelor of Technology) 	HS 	OPEN 	Female-only (including Supernumerary) 	26765 	26765
Dr. B R Ambedkar National Institute of Technology, Jalandhar	Electronics and VLSI Engineering (4 Years, Bachelor of Technology) 	OS 	OPEN 	Gender-Neutral 	15326 	16173
Dr. B R Ambedkar National Institute of Technology, Jalandhar	Electronics and VLSI Engineering (4 Years, Bachelor of Technology) 	OS 	OPEN 	Female-only (including Supernumerary) 	25783 	25783
Dr. B R Ambedkar National Institute of Technology, Jalandhar	Industrial and Production Engineering (4 Years, Bachelor of Technology) 	HS 	OPEN 	Gender-Neutral 	48615 	66642
Dr. B R Ambedkar National Institute of Technology, Jalandhar	Industrial and Production Engineering (4 Years, Bachelor of Technology) 	HS 	OPEN 	Female-only (including Supernumerary) 	51164 	62629
Dr. B R Ambedkar National Institute of Technology, Jalandhar	Industrial and Production Engineering (4 Years, Bachelor of Technology) 	OS 	OPEN 	Gender-Neutral 	19975 	40460
Dr. B R Ambedkar National Institute of Technology, Jalandhar	Industrial and Production Engineering (4 Years, Bachelor of Technology) 	OS 	OPEN 	Female-only (including Supernumerary) 	53980 	54826
Dr. B R Ambedkar National Institute of Technology, Jalandhar	Information Technology (4 Years, Bachelor of Technology) 	HS 	OPEN 	Gender-Neutral 	16238 	22876
Dr. B R Ambedkar National Institute of Technology, Jalandhar	Information Technology (4 Years, Bachelor of Technology) 	HS 	OPEN 	Female-only (including Supernumerary) 	21230 	24521
Dr. B R Ambedkar National Institute of Technology, Jalandhar	Information Technology (4 Years, Bachelor of Technology) 	OS 	OPEN 	Gender-Neutral 	10816 	13732
Dr. B R Ambedkar National Institute of Technology, Jalandhar	Information Technology (4 Years, Bachelor of Technology) 	OS 	OPEN 	Female-only (including Supernumerary) 	20823 	22510
Dr. B R Ambedkar National Institute of Technology, Jalandhar	Instrumentation and Control Engineering (4 Years, Bachelor of Technology) 	HS 	OPEN 	Gender-Neutral 	28502 	41218
Dr. B R Ambedkar National Institute of Technology, Jalandhar	Instrumentation and Control Engineering (4 Years, Bachelor of Technology) 	HS 	OPEN 	Female-only (including Supernumerary) 	36779 	47330
Dr. B R Ambedkar National Institute of Technology, Jalandhar	Instrumentation and Control Engineering (4 Years, Bachelor of Technology) 	OS 	OPEN 	Gender-Neutral 	21070 	26480
Dr. B R Ambedkar National Institute of Technology, Jalandhar	Instrumentation and Control Engineering (4 Years, Bachelor of Technology) 	OS 	OPEN 	Female-only (including Supernumerary) 	33040 	39085
Dr. B R Ambedkar National Institute of Technology, Jalandhar	Mathematics and Computing (4 Years, Bachelor of Technology) 	HS 	OPEN 	Gender-Neutral 	12228 	22021
Dr. B R Ambedkar National Institute of Technology, Jalandhar	Mathematics and Computing (4 Years, Bachelor of Technology) 	HS 	OPEN 	Female-only (including Supernumerary) 	17921 	24158
Dr. B R Ambedkar National Institute of Technology, Jalandhar	Mathematics and Computing (4 Years, Bachelor of Technology) 	OS 	OPEN 	Gender-Neutral 	10431 	14062
Dr. B R Ambedkar National Institute of Technology, Jalandhar	Mathematics and Computing (4 Years, Bachelor of Technology) 	OS 	OPEN 	Female-only (including Supernumerary) 	21041 	23357
Dr. B R Ambedkar National Institute of Technology, Jalandhar	Mechanical Engineering (4 Years, Bachelor of Technology) 	HS 	OPEN 	Gender-Neutral 	27135 	44568
Dr. B R Ambedkar National Institute of Technology, Jalandhar	Mechanical Engineering (4 Years, Bachelor of Technology) 	HS 	OPEN 	Female-only (including Supernumerary) 	35572 	48452
Dr. B R Ambedkar National Institute of Technology, Jalandhar	Mechanical Engineering (4 Years, Bachelor of Technology) 	OS 	OPEN 	Gender-Neutral 	23675 	29205
Dr. B R Ambedkar National Institute of Technology, Jalandhar	Mechanical Engineering (4 Years, Bachelor of Technology) 	OS 	OPEN 	Female-only (including Supernumerary) 	29540 	45324
Dr. B R Ambedkar National Institute of Technology, Jalandhar	Textile Technology (4 Years, Bachelor of Technology) 	HS 	OPEN 	Gender-Neutral 	68146 	79551
Dr. B R Ambedkar National Institute of Technology, Jalandhar	Textile Technology (4 Years, Bachelor of Technology) 	HS 	OPEN 	Female-only (including Supernumerary) 	66693 	80506
Dr. B R Ambedkar National Institute of Technology, Jalandhar	Textile Technology (4 Years, Bachelor of Technology) 	OS 	OPEN 	Gender-Neutral 	43397 	48829
Dr. B R Ambedkar National Institute of Technology, Jalandhar	Textile Technology (4 Years, Bachelor of Technology) 	OS 	OPEN 	Female-only (including Supernumerary) 	53258 	55026
Malaviya National Institute of Technology Jaipur	Architecture (5 Years, Bachelor of Architecture) 	HS 	OPEN 	Gender-Neutral 	638 	1614
Malaviya National Institute of Technology Jaipur	Architecture (5 Years, Bachelor of Architecture) 	HS 	OPEN 	Female-only (including Supernumerary) 	312 	744
Malaviya National Institute of Technology Jaipur	Architecture (5 Years, Bachelor of Architecture) 	OS 	OPEN 	Gender-Neutral 	346 	608
Malaviya National Institute of Technology Jaipur	Architecture (5 Years, Bachelor of Architecture) 	OS 	OPEN 	Female-only (including Supernumerary) 	251 	394
Malaviya National Institute of Technology Jaipur	Artificial Intelligence and Data Engineering (4 Years, Bachelor of Technology) 	HS 	OPEN 	Gender-Neutral 	5931 	6393
Malaviya National Institute of Technology Jaipur	Artificial Intelligence and Data Engineering (4 Years, Bachelor of Technology) 	OS 	OPEN 	Gender-Neutral 	5398 	5700
Malaviya National Institute of Technology Jaipur	Artificial Intelligence and Data Engineering (4 Years, Bachelor of Technology) 	OS 	OPEN 	Female-only (including Supernumerary) 	9766 	9766
Malaviya National Institute of Technology Jaipur	Chemical Engineering (4 Years, Bachelor of Technology) 	HS 	OPEN 	Gender-Neutral 	14240 	24624
Malaviya National Institute of Technology Jaipur	Chemical Engineering (4 Years, Bachelor of Technology) 	HS 	OPEN 	Female-only (including Supernumerary) 	26304 	32446
Malaviya National Institute of Technology Jaipur	Chemical Engineering (4 Years, Bachelor of Technology) 	OS 	OPEN 	Gender-Neutral 	15363 	22608
Malaviya National Institute of Technology Jaipur	Chemical Engineering (4 Years, Bachelor of Technology) 	OS 	OPEN 	Female-only (including Supernumerary) 	23292 	33367
Malaviya National Institute of Technology Jaipur	Civil Engineering (4 Years, Bachelor of Technology) 	HS 	OPEN 	Gender-Neutral 	10944 	28260
Malaviya National Institute of Technology Jaipur	Civil Engineering (4 Years, Bachelor of Technology) 	HS 	OPEN 	Female-only (including Supernumerary) 	34049 	40799
Malaviya National Institute of Technology Jaipur	Civil Engineering (4 Years, Bachelor of Technology) 	OS 	OPEN 	Gender-Neutral 	21231 	32228
Malaviya National Institute of Technology Jaipur	Civil Engineering (4 Years, Bachelor of Technology) 	OS 	OPEN 	Female-only (including Supernumerary) 	37246 	46438
Malaviya National Institute of Technology Jaipur	Computer Science and Engineering (4 Years, Bachelor of Technology) 	HS 	OPEN 	Gender-Neutral 	2937 	5769
Malaviya National Institute of Technology Jaipur	Computer Science and Engineering (4 Years, Bachelor of Technology) 	HS 	OPEN 	Female-only (including Supernumerary) 	2422 	10065
Malaviya National Institute of Technology Jaipur	Computer Science and Engineering (4 Years, Bachelor of Technology) 	OS 	OPEN 	Gender-Neutral 	3027 	4910
Malaviya National Institute of Technology Jaipur	Computer Science and Engineering (4 Years, Bachelor of Technology) 	OS 	OPEN 	Female-only (including Supernumerary) 	5059 	8485
Malaviya National Institute of Technology Jaipur	Electrical Engineering (4 Years, Bachelor of Technology) 	HS 	OPEN 	Gender-Neutral 	10817 	12712
Malaviya National Institute of Technology Jaipur	Electrical Engineering (4 Years, Bachelor of Technology) 	HS 	OPEN 	Female-only (including Supernumerary) 	17818 	21027
Malaviya National Institute of Technology Jaipur	Electrical Engineering (4 Years, Bachelor of Technology) 	OS 	OPEN 	Gender-Neutral 	9795 	12608
Malaviya National Institute of Technology Jaipur	Electrical Engineering (4 Years, Bachelor of Technology) 	OS 	OPEN 	Female-only (including Supernumerary) 	20754 	23252
Malaviya National Institute of Technology Jaipur	Electronics and Communication Engineering (4 Years, Bachelor of Technology) 	HS 	OPEN 	Gender-Neutral 	7752 	10018
Malaviya National Institute of Technology Jaipur	Electronics and Communication Engineering (4 Years, Bachelor of Technology) 	HS 	OPEN 	Female-only (including Supernumerary) 	10644 	16938
Malaviya National Institute of Technology Jaipur	Electronics and Communication Engineering (4 Years, Bachelor of Technology) 	OS 	OPEN 	Gender-Neutral 	6608 	8821
Malaviya National Institute of Technology Jaipur	Electronics and Communication Engineering (4 Years, Bachelor of Technology) 	OS 	OPEN 	Female-only (including Supernumerary) 	11903 	14248
Malaviya National Institute of Technology Jaipur	Mechanical Engineering (4 Years, Bachelor of Technology) 	HS 	OPEN 	Gender-Neutral 	11118 	19423
Malaviya National Institute of Technology Jaipur	Mechanical Engineering (4 Years, Bachelor of Technology) 	HS 	OPEN 	Female-only (including Supernumerary) 	21551 	27271
Malaviya National Institute of Technology Jaipur	Mechanical Engineering (4 Years, Bachelor of Technology) 	OS 	OPEN 	Gender-Neutral 	8906 	18935
Malaviya National Institute of Technology Jaipur	Mechanical Engineering (4 Years, Bachelor of Technology) 	OS 	OPEN 	Female-only (including Supernumerary) 	24365 	31262
Malaviya National Institute of Technology Jaipur	Metallurgical and Materials Engineering (4 Years, Bachelor of Technology) 	HS 	OPEN 	Gender-Neutral 	28296 	33621
Malaviya National Institute of Technology Jaipur	Metallurgical and Materials Engineering (4 Years, Bachelor of Technology) 	HS 	OPEN 	Female-only (including Supernumerary) 	36660 	45042
Malaviya National Institute of Technology Jaipur	Metallurgical and Materials Engineering (4 Years, Bachelor of Technology) 	OS 	OPEN 	Gender-Neutral 	21537 	35384
Malaviya National Institute of Technology Jaipur	Metallurgical and Materials Engineering (4 Years, Bachelor of Technology) 	OS 	OPEN 	Female-only (including Supernumerary) 	43087 	43360
Maulana Azad National Institute of Technology Bhopal	Architecture (5 Years, Bachelor of Architecture) 	HS 	OPEN 	Gender-Neutral 	1069 	2765
Maulana Azad National Institute of Technology Bhopal	Architecture (5 Years, Bachelor of Architecture) 	HS 	OPEN 	Female-only (including Supernumerary) 	467 	879
Maulana Azad National Institute of Technology Bhopal	Architecture (5 Years, Bachelor of Architecture) 	OS 	OPEN 	Gender-Neutral 	566 	882
Maulana Azad National Institute of Technology Bhopal	Architecture (5 Years, Bachelor of Architecture) 	OS 	OPEN 	Female-only (including Supernumerary) 	647 	715
Maulana Azad National Institute of Technology Bhopal	B. Tech. and M. Tech. in Engineering and Computational Mechanics (Dual Degree) (5 Years, Bachelor and Master of Technology (Dual Degree)) 	HS 	OPEN 	Gender-Neutral 	29006 	30546
Maulana Azad National Institute of Technology Bhopal	B. Tech. and M. Tech. in Engineering and Computational Mechanics (Dual Degree) (5 Years, Bachelor and Master of Technology (Dual Degree)) 	HS 	OPEN 	Female-only (including Supernumerary) 	36013 	36013
Maulana Azad National Institute of Technology Bhopal	B. Tech. and M. Tech. in Engineering and Computational Mechanics (Dual Degree) (5 Years, Bachelor and Master of Technology (Dual Degree)) 	OS 	OPEN 	Gender-Neutral 	18328 	21416
Maulana Azad National Institute of Technology Bhopal	B. Tech. and M. Tech. in Engineering and Computational Mechanics (Dual Degree) (5 Years, Bachelor and Master of Technology (Dual Degree)) 	OS 	OPEN 	Female-only (including Supernumerary) 	30276 	30276
Maulana Azad National Institute of Technology Bhopal	Chemical Engineering (4 Years, Bachelor of Technology) 	HS 	OPEN 	Gender-Neutral 	27632 	37177
Maulana Azad National Institute of Technology Bhopal	Chemical Engineering (4 Years, Bachelor of Technology) 	HS 	OPEN 	Female-only (including Supernumerary) 	42260 	44629
Maulana Azad National Institute of Technology Bhopal	Chemical Engineering (4 Years, Bachelor of Technology) 	OS 	OPEN 	Gender-Neutral 	23432 	32552
Maulana Azad National Institute of Technology Bhopal	Chemical Engineering (4 Years, Bachelor of Technology) 	OS 	OPEN 	Female-only (including Supernumerary) 	37052 	37644
Maulana Azad National Institute of Technology Bhopal	Civil Engineering (4 Years, Bachelor of Technology) 	HS 	OPEN 	Gender-Neutral 	27877 	44165
Maulana Azad National Institute of Technology Bhopal	Civil Engineering (4 Years, Bachelor of Technology) 	HS 	OPEN 	Female-only (including Supernumerary) 	51653 	54796
Maulana Azad National Institute of Technology Bhopal	Civil Engineering (4 Years, Bachelor of Technology) 	OS 	OPEN 	Gender-Neutral 	26437 	37968
Maulana Azad National Institute of Technology Bhopal	Civil Engineering (4 Years, Bachelor of Technology) 	OS 	OPEN 	Female-only (including Supernumerary) 	45716 	50625
Maulana Azad National Institute of Technology Bhopal	Computer Science and Engineering (4 Years, Bachelor of Technology) 	HS 	OPEN 	Gender-Neutral 	6429 	11121
Maulana Azad National Institute of Technology Bhopal	Computer Science and Engineering (4 Years, Bachelor of Technology) 	HS 	OPEN 	Female-only (including Supernumerary) 	12477 	19524
Maulana Azad National Institute of Technology Bhopal	Computer Science and Engineering (4 Years, Bachelor of Technology) 	OS 	OPEN 	Gender-Neutral 	5796 	8911
Maulana Azad National Institute of Technology Bhopal	Computer Science and Engineering (4 Years, Bachelor of Technology) 	OS 	OPEN 	Female-only (including Supernumerary) 	11843 	15599
Maulana Azad National Institute of Technology Bhopal	Electrical Engineering (4 Years, Bachelor of Technology) 	HS 	OPEN 	Gender-Neutral 	17989 	22378
Maulana Azad National Institute of Technology Bhopal	Electrical Engineering (4 Years, Bachelor of Technology) 	HS 	OPEN 	Female-only (including Supernumerary) 	27015 	36403
Maulana Azad National Institute of Technology Bhopal	Electrical Engineering (4 Years, Bachelor of Technology) 	OS 	OPEN 	Gender-Neutral 	12816 	18766
Maulana Azad National Institute of Technology Bhopal	Electrical Engineering (4 Years, Bachelor of Technology) 	OS 	OPEN 	Female-only (including Supernumerary) 	26466 	29764
Maulana Azad National Institute of Technology Bhopal	Electronics and Communication Engineering (4 Years, Bachelor of Technology) 	HS 	OPEN 	Gender-Neutral 	11302 	16974
Maulana Azad National Institute of Technology Bhopal	Electronics and Communication Engineering (4 Years, Bachelor of Technology) 	HS 	OPEN 	Female-only (including Supernumerary) 	18188 	25913
Maulana Azad National Institute of Technology Bhopal	Electronics and Communication Engineering (4 Years, Bachelor of Technology) 	OS 	OPEN 	Gender-Neutral 	9640 	12925
Maulana Azad National Institute of Technology Bhopal	Electronics and Communication Engineering (4 Years, Bachelor of Technology) 	OS 	OPEN 	Female-only (including Supernumerary) 	19334 	22705
Maulana Azad National Institute of Technology Bhopal	Energy and Electrical Vehicle Engineering (4 Years, Bachelor of Technology) 	HS 	OPEN 	Gender-Neutral 	25206 	32310
Maulana Azad National Institute of Technology Bhopal	Energy and Electrical Vehicle Engineering (4 Years, Bachelor of Technology) 	HS 	OPEN 	Female-only (including Supernumerary) 	39901 	39901
Maulana Azad National Institute of Technology Bhopal	Energy and Electrical Vehicle Engineering (4 Years, Bachelor of Technology) 	OS 	OPEN 	Gender-Neutral 	17464 	23299
Maulana Azad National Institute of Technology Bhopal	Energy and Electrical Vehicle Engineering (4 Years, Bachelor of Technology) 	OS 	OPEN 	Female-only (including Supernumerary) 	40523 	40523
Maulana Azad National Institute of Technology Bhopal	Materials Science and Metallurgical Engineering (4 Years, Bachelor of Technology) 	HS 	OPEN 	Gender-Neutral 	43107 	48234
Maulana Azad National Institute of Technology Bhopal	Materials Science and Metallurgical Engineering (4 Years, Bachelor of Technology) 	HS 	OPEN 	Female-only (including Supernumerary) 	56839 	59932
Maulana Azad National Institute of Technology Bhopal	Materials Science and Metallurgical Engineering (4 Years, Bachelor of Technology) 	OS 	OPEN 	Gender-Neutral 	33161 	40814
Maulana Azad National Institute of Technology Bhopal	Materials Science and Metallurgical Engineering (4 Years, Bachelor of Technology) 	OS 	OPEN 	Female-only (including Supernumerary) 	47029 	52507
Maulana Azad National Institute of Technology Bhopal	Mathematics and Data Science (5 Years, Bachelor and Master of Technology (Dual Degree)) 	HS 	OPEN 	Gender-Neutral 	13200 	16703
Maulana Azad National Institute of Technology Bhopal	Mathematics and Data Science (5 Years, Bachelor and Master of Technology (Dual Degree)) 	HS 	OPEN 	Female-only (including Supernumerary) 	22952 	22952
Maulana Azad National Institute of Technology Bhopal	Mathematics and Data Science (5 Years, Bachelor and Master of Technology (Dual Degree)) 	OS 	OPEN 	Gender-Neutral 	13167 	14299
Maulana Azad National Institute of Technology Bhopal	Mathematics and Data Science (5 Years, Bachelor and Master of Technology (Dual Degree)) 	OS 	OPEN 	Female-only (including Supernumerary) 	20707 	20707
Maulana Azad National Institute of Technology Bhopal	Mechanical Engineering (4 Years, Bachelor of Technology) 	HS 	OPEN 	Gender-Neutral 	22945 	33181
Maulana Azad National Institute of Technology Bhopal	Mechanical Engineering (4 Years, Bachelor of Technology) 	HS 	OPEN 	Female-only (including Supernumerary) 	42076 	50150
Maulana Azad National Institute of Technology Bhopal	Mechanical Engineering (4 Years, Bachelor of Technology) 	OS 	OPEN 	Gender-Neutral 	18342 	27283
Maulana Azad National Institute of Technology Bhopal	Mechanical Engineering (4 Years, Bachelor of Technology) 	OS 	OPEN 	Female-only (including Supernumerary) 	33767 	45325
Maulana Azad National Institute of Technology Bhopal	Planning (4 Years, Bachelor of Planning) 	HS 	OPEN 	Gender-Neutral 	132 	2515
Maulana Azad National Institute of Technology Bhopal	Planning (4 Years, Bachelor of Planning) 	HS 	OPEN 	Female-only (including Supernumerary) 	841 	843
Maulana Azad National Institute of Technology Bhopal	Planning (4 Years, Bachelor of Planning) 	OS 	OPEN 	Gender-Neutral 	114 	546
Maulana Azad National Institute of Technology Bhopal	Planning (4 Years, Bachelor of Planning) 	OS 	OPEN 	Female-only (including Supernumerary) 	535 	562
Motilal Nehru National Institute of Technology Allahabad	Bio Technology (4 Years, Bachelor of Technology) 	HS 	OPEN 	Gender-Neutral 	29127 	35701
Motilal Nehru National Institute of Technology Allahabad	Bio Technology (4 Years, Bachelor of Technology) 	HS 	OPEN 	Female-only (including Supernumerary) 	34781 	44457
Motilal Nehru National Institute of Technology Allahabad	Bio Technology (4 Years, Bachelor of Technology) 	OS 	OPEN 	Gender-Neutral 	32234 	34834
Motilal Nehru National Institute of Technology Allahabad	Bio Technology (4 Years, Bachelor of Technology) 	OS 	OPEN 	Female-only (including Supernumerary) 	33107 	41061
Motilal Nehru National Institute of Technology Allahabad	Chemical Engineering (4 Years, Bachelor of Technology) 	HS 	OPEN 	Gender-Neutral 	16240 	21456
Motilal Nehru National Institute of Technology Allahabad	Chemical Engineering (4 Years, Bachelor of Technology) 	HS 	OPEN 	Female-only (including Supernumerary) 	30210 	32195
Motilal Nehru National Institute of Technology Allahabad	Chemical Engineering (4 Years, Bachelor of Technology) 	OS 	OPEN 	Gender-Neutral 	18807 	20966
Motilal Nehru National Institute of Technology Allahabad	Chemical Engineering (4 Years, Bachelor of Technology) 	OS 	OPEN 	Female-only (including Supernumerary) 	32378 	36209
Motilal Nehru National Institute of Technology Allahabad	Civil Engineering (4 Years, Bachelor of Technology) 	HS 	OPEN 	Gender-Neutral 	17628 	27210
Motilal Nehru National Institute of Technology Allahabad	Civil Engineering (4 Years, Bachelor of Technology) 	HS 	OPEN 	Female-only (including Supernumerary) 	34243 	46297
Motilal Nehru National Institute of Technology Allahabad	Civil Engineering (4 Years, Bachelor of Technology) 	OS 	OPEN 	Gender-Neutral 	8568 	30260
Motilal Nehru National Institute of Technology Allahabad	Civil Engineering (4 Years, Bachelor of Technology) 	OS 	OPEN 	Female-only (including Supernumerary) 	37704 	44699
Motilal Nehru National Institute of Technology Allahabad	Computer Science and Engineering (4 Years, Bachelor of Technology) 	HS 	OPEN 	Gender-Neutral 	2500 	6402
Motilal Nehru National Institute of Technology Allahabad	Computer Science and Engineering (4 Years, Bachelor of Technology) 	HS 	OPEN 	Female-only (including Supernumerary) 	5451 	11813
Motilal Nehru National Institute of Technology Allahabad	Computer Science and Engineering (4 Years, Bachelor of Technology) 	OS 	OPEN 	Gender-Neutral 	2730 	4433
Motilal Nehru National Institute of Technology Allahabad	Computer Science and Engineering (4 Years, Bachelor of Technology) 	OS 	OPEN 	Female-only (including Supernumerary) 	5064 	9827
Motilal Nehru National Institute of Technology Allahabad	Electrical Engineering (4 Years, Bachelor of Technology) 	HS 	OPEN 	Gender-Neutral 	9577 	11202
Motilal Nehru National Institute of Technology Allahabad	Electrical Engineering (4 Years, Bachelor of Technology) 	HS 	OPEN 	Female-only (including Supernumerary) 	19558 	22404
Motilal Nehru National Institute of Technology Allahabad	Electrical Engineering (4 Years, Bachelor of Technology) 	OS 	OPEN 	Gender-Neutral 	8212 	10821
Motilal Nehru National Institute of Technology Allahabad	Electrical Engineering (4 Years, Bachelor of Technology) 	OS 	OPEN 	Female-only (including Supernumerary) 	18071 	20650
Motilal Nehru National Institute of Technology Allahabad	Electronics and Communication Engineering (4 Years, Bachelor of Technology) 	HS 	OPEN 	Gender-Neutral 	6590 	9316
Motilal Nehru National Institute of Technology Allahabad	Electronics and Communication Engineering (4 Years, Bachelor of Technology) 	HS 	OPEN 	Female-only (including Supernumerary) 	13267 	18919
Motilal Nehru National Institute of Technology Allahabad	Electronics and Communication Engineering (4 Years, Bachelor of Technology) 	OS 	OPEN 	Gender-Neutral 	5296 	6919
Motilal Nehru National Institute of Technology Allahabad	Electronics and Communication Engineering (4 Years, Bachelor of Technology) 	OS 	OPEN 	Female-only (including Supernumerary) 	10515 	13817
Motilal Nehru National Institute of Technology Allahabad	Engineering and Computational Mechanics (4 Years, Bachelor of Technology) 	HS 	OPEN 	Gender-Neutral 	9363 	11483
Motilal Nehru National Institute of Technology Allahabad	Engineering and Computational Mechanics (4 Years, Bachelor of Technology) 	HS 	OPEN 	Female-only (including Supernumerary) 	19937 	19937
Motilal Nehru National Institute of Technology Allahabad	Engineering and Computational Mechanics (4 Years, Bachelor of Technology) 	OS 	OPEN 	Gender-Neutral 	7635 	10615
Motilal Nehru National Institute of Technology Allahabad	Engineering and Computational Mechanics (4 Years, Bachelor of Technology) 	OS 	OPEN 	Female-only (including Supernumerary) 	21208 	21208
Motilal Nehru National Institute of Technology Allahabad	Materials Engineering (4 Years, Bachelor of Technology) 	HS 	OPEN 	Gender-Neutral 	33162 	35606
Motilal Nehru National Institute of Technology Allahabad	Materials Engineering (4 Years, Bachelor of Technology) 	HS 	OPEN 	Female-only (including Supernumerary) 	45173 	45173
Motilal Nehru National Institute of Technology Allahabad	Materials Engineering (4 Years, Bachelor of Technology) 	OS 	OPEN 	Gender-Neutral 	26787 	35746
Motilal Nehru National Institute of Technology Allahabad	Materials Engineering (4 Years, Bachelor of Technology) 	OS 	OPEN 	Female-only (including Supernumerary) 	42632 	42632
Motilal Nehru National Institute of Technology Allahabad	Mechanical Engineering (4 Years, Bachelor of Technology) 	HS 	OPEN 	Gender-Neutral 	12888 	19046
Motilal Nehru National Institute of Technology Allahabad	Mechanical Engineering (4 Years, Bachelor of Technology) 	HS 	OPEN 	Female-only (including Supernumerary) 	24591 	29314
Motilal Nehru National Institute of Technology Allahabad	Mechanical Engineering (4 Years, Bachelor of Technology) 	OS 	OPEN 	Gender-Neutral 	12080 	17718
Motilal Nehru National Institute of Technology Allahabad	Mechanical Engineering (4 Years, Bachelor of Technology) 	OS 	OPEN 	Female-only (including Supernumerary) 	27826 	32770
Motilal Nehru National Institute of Technology Allahabad	Production and Industrial Engineering (4 Years, Bachelor of Technology) 	HS 	OPEN 	Gender-Neutral 	15406 	32741
Motilal Nehru National Institute of Technology Allahabad	Production and Industrial Engineering (4 Years, Bachelor of Technology) 	HS 	OPEN 	Female-only (including Supernumerary) 	46283 	48371
Motilal Nehru National Institute of Technology Allahabad	Production and Industrial Engineering (4 Years, Bachelor of Technology) 	OS 	OPEN 	Gender-Neutral 	24709 	32188
Motilal Nehru National Institute of Technology Allahabad	Production and Industrial Engineering (4 Years, Bachelor of Technology) 	OS 	OPEN 	Female-only (including Supernumerary) 	36470 	36766
National Institute of Technology Agartala	Biotechnology and Biochemical Engineering (4 Years, Bachelor of Technology) 	HS 	OPEN 	Gender-Neutral 	250663 	289128
National Institute of Technology Agartala	Biotechnology and Biochemical Engineering (4 Years, Bachelor of Technology) 	HS 	OPEN 	Female-only (including Supernumerary) 	243236 	262622
National Institute of Technology Agartala	Biotechnology and Biochemical Engineering (4 Years, Bachelor of Technology) 	OS 	OPEN 	Gender-Neutral 	43384 	54320
National Institute of Technology Agartala	Biotechnology and Biochemical Engineering (4 Years, Bachelor of Technology) 	OS 	OPEN 	Female-only (including Supernumerary) 	53315 	54199
National Institute of Technology Agartala	Chemical Engineering (4 Years, Bachelor of Technology) 	HS 	OPEN 	Gender-Neutral 	142810 	240107
National Institute of Technology Agartala	Chemical Engineering (4 Years, Bachelor of Technology) 	HS 	OPEN 	Female-only (including Supernumerary) 	149439 	162194
National Institute of Technology Agartala	Chemical Engineering (4 Years, Bachelor of Technology) 	OS 	OPEN 	Gender-Neutral 	42130 	48549
National Institute of Technology Agartala	Chemical Engineering (4 Years, Bachelor of Technology) 	OS 	OPEN 	Female-only (including Supernumerary) 	53234 	60904
National Institute of Technology Agartala	Chemistry (5 Years, Bachelor of Science and Master of Science (Dual Degree)) 	HS 	OPEN 	Gender-Neutral 	130922 	308735
National Institute of Technology Agartala	Chemistry (5 Years, Bachelor of Science and Master of Science (Dual Degree)) 	OS 	OPEN 	Gender-Neutral 	51378 	55760
National Institute of Technology Agartala	Civil Engineering (4 Years, Bachelor of Technology) 	HS 	OPEN 	Gender-Neutral 	73830 	231876
National Institute of Technology Agartala	Civil Engineering (4 Years, Bachelor of Technology) 	HS 	OPEN 	Female-only (including Supernumerary) 	127385 	228382
National Institute of Technology Agartala	Civil Engineering (4 Years, Bachelor of Technology) 	OS 	OPEN 	Gender-Neutral 	45109 	50885
National Institute of Technology Agartala	Civil Engineering (4 Years, Bachelor of Technology) 	OS 	OPEN 	Female-only (including Supernumerary) 	61849 	63908
National Institute of Technology Agartala	Computational Mathematics (5 Years, Bachelor and Master of Technology (Dual Degree)) 	HS 	OPEN 	Gender-Neutral 	111217 	164761
National Institute of Technology Agartala	Computational Mathematics (5 Years, Bachelor and Master of Technology (Dual Degree)) 	OS 	OPEN 	Gender-Neutral 	22449 	29465
National Institute of Technology Agartala	Computer Science and Engineering (4 Years, Bachelor of Technology) 	HS 	OPEN 	Gender-Neutral 	17769 	70884
National Institute of Technology Agartala	Computer Science and Engineering (4 Years, Bachelor of Technology) 	HS 	OPEN 	Female-only (including Supernumerary) 	59172 	71842
National Institute of Technology Agartala	Computer Science and Engineering (4 Years, Bachelor of Technology) 	OS 	OPEN 	Gender-Neutral 	12085 	20376
National Institute of Technology Agartala	Computer Science and Engineering (4 Years, Bachelor of Technology) 	OS 	OPEN 	Female-only (including Supernumerary) 	30693 	33333
National Institute of Technology Agartala	Electrical Engineering (4 Years, Bachelor of Technology) 	HS 	OPEN 	Gender-Neutral 	75417 	119235
National Institute of Technology Agartala	Electrical Engineering (4 Years, Bachelor of Technology) 	HS 	OPEN 	Female-only (including Supernumerary) 	97460 	114046
National Institute of Technology Agartala	Electrical Engineering (4 Years, Bachelor of Technology) 	OS 	OPEN 	Gender-Neutral 	23386 	33568
National Institute of Technology Agartala	Electrical Engineering (4 Years, Bachelor of Technology) 	OS 	OPEN 	Female-only (including Supernumerary) 	44750 	50326
National Institute of Technology Agartala	Electronics and Communication Engineering (4 Years, Bachelor of Technology) 	HS 	OPEN 	Gender-Neutral 	71230 	97745
National Institute of Technology Agartala	Electronics and Communication Engineering (4 Years, Bachelor of Technology) 	HS 	OPEN 	Female-only (including Supernumerary) 	77466 	92826
National Institute of Technology Agartala	Electronics and Communication Engineering (4 Years, Bachelor of Technology) 	OS 	OPEN 	Gender-Neutral 	20541 	26406
National Institute of Technology Agartala	Electronics and Communication Engineering (4 Years, Bachelor of Technology) 	OS 	OPEN 	Female-only (including Supernumerary) 	35770 	41513
National Institute of Technology Agartala	Electronics and Instrumentation Engineering (4 Years, Bachelor of Technology) 	HS 	OPEN 	Gender-Neutral 	82103 	137833
National Institute of Technology Agartala	Electronics and Instrumentation Engineering (4 Years, Bachelor of Technology) 	HS 	OPEN 	Female-only (including Supernumerary) 	118131 	127763
National Institute of Technology Agartala	Electronics and Instrumentation Engineering (4 Years, Bachelor of Technology) 	OS 	OPEN 	Gender-Neutral 	27314 	34472
National Institute of Technology Agartala	Electronics and Instrumentation Engineering (4 Years, Bachelor of Technology) 	OS 	OPEN 	Female-only (including Supernumerary) 	44222 	51561
National Institute of Technology Agartala	Engineering Physics (5 Years, Bachelor and Master of Technology (Dual Degree)) 	HS 	OPEN 	Gender-Neutral 	242523 	295929
National Institute of Technology Agartala	Engineering Physics (5 Years, Bachelor and Master of Technology (Dual Degree)) 	OS 	OPEN 	Gender-Neutral 	25066 	46692
National Institute of Technology Agartala	Mathematics & Computing (5 Years, Bachelor of Science and Master of Science (Dual Degree)) 	HS 	OPEN 	Gender-Neutral 	102834 	220764
National Institute of Technology Agartala	Mathematics & Computing (5 Years, Bachelor of Science and Master of Science (Dual Degree)) 	OS 	OPEN 	Gender-Neutral 	27810 	35560
National Institute of Technology Agartala	Mechanical Engineering (4 Years, Bachelor of Technology) 	HS 	OPEN 	Gender-Neutral 	120041 	183084
National Institute of Technology Agartala	Mechanical Engineering (4 Years, Bachelor of Technology) 	HS 	OPEN 	Female-only (including Supernumerary) 	122396 	196315
National Institute of Technology Agartala	Mechanical Engineering (4 Years, Bachelor of Technology) 	OS 	OPEN 	Gender-Neutral 	31846 	42072
National Institute of Technology Agartala	Mechanical Engineering (4 Years, Bachelor of Technology) 	OS 	OPEN 	Female-only (including Supernumerary) 	52306 	59923
National Institute of Technology Agartala	Physics (5 Years, Bachelor of Science and Master of Science (Dual Degree)) 	HS 	OPEN 	Gender-Neutral 	66356 	292733
National Institute of Technology Agartala	Physics (5 Years, Bachelor of Science and Master of Science (Dual Degree)) 	OS 	OPEN 	Gender-Neutral 	24786 	49961
National Institute of Technology Agartala	Production Engineering (4 Years, Bachelor of Technology) 	HS 	OPEN 	Gender-Neutral 	243612 	278840
National Institute of Technology Agartala	Production Engineering (4 Years, Bachelor of Technology) 	HS 	OPEN 	Female-only (including Supernumerary) 	229804 	254653
National Institute of Technology Agartala	Production Engineering (4 Years, Bachelor of Technology) 	OS 	OPEN 	Gender-Neutral 	44398 	52859
National Institute of Technology Agartala	Production Engineering (4 Years, Bachelor of Technology) 	OS 	OPEN 	Female-only (including Supernumerary) 	57003 	66424
National Institute of Technology Calicut	Architecture (5 Years, Bachelor of Architecture) 	HS 	OPEN 	Gender-Neutral 	93 	241
National Institute of Technology Calicut	Architecture (5 Years, Bachelor of Architecture) 	HS 	OPEN 	Female-only (including Supernumerary) 	25 	33
National Institute of Technology Calicut	Architecture (5 Years, Bachelor of Architecture) 	OS 	OPEN 	Gender-Neutral 	2 	289
National Institute of Technology Calicut	Architecture (5 Years, Bachelor of Architecture) 	OS 	OPEN 	Female-only (including Supernumerary) 	184 	210
National Institute of Technology Calicut	Bio Technology (4 Years, Bachelor of Technology) 	HS 	OPEN 	Gender-Neutral 	25676 	35680
National Institute of Technology Calicut	Bio Technology (4 Years, Bachelor of Technology) 	HS 	OPEN 	Female-only (including Supernumerary) 	24211 	38812
National Institute of Technology Calicut	Bio Technology (4 Years, Bachelor of Technology) 	OS 	OPEN 	Gender-Neutral 	8370 	32520
National Institute of Technology Calicut	Bio Technology (4 Years, Bachelor of Technology) 	OS 	OPEN 	Female-only (including Supernumerary) 	33808 	33808
National Institute of Technology Calicut	Chemical Engineering (4 Years, Bachelor of Technology) 	HS 	OPEN 	Gender-Neutral 	19561 	25494
National Institute of Technology Calicut	Chemical Engineering (4 Years, Bachelor of Technology) 	HS 	OPEN 	Female-only (including Supernumerary) 	17614 	33074
National Institute of Technology Calicut	Chemical Engineering (4 Years, Bachelor of Technology) 	OS 	OPEN 	Gender-Neutral 	16319 	21736
National Institute of Technology Calicut	Chemical Engineering (4 Years, Bachelor of Technology) 	OS 	OPEN 	Female-only (including Supernumerary) 	26381 	36908
National Institute of Technology Calicut	Civil Engineering (4 Years, Bachelor of Technology) 	HS 	OPEN 	Gender-Neutral 	20205 	37588
National Institute of Technology Calicut	Civil Engineering (4 Years, Bachelor of Technology) 	HS 	OPEN 	Female-only (including Supernumerary) 	29021 	39810
National Institute of Technology Calicut	Civil Engineering (4 Years, Bachelor of Technology) 	OS 	OPEN 	Gender-Neutral 	21512 	30077
National Institute of Technology Calicut	Civil Engineering (4 Years, Bachelor of Technology) 	OS 	OPEN 	Female-only (including Supernumerary) 	41048 	42321
National Institute of Technology Calicut	Computer Science and Engineering (4 Years, Bachelor of Technology) 	HS 	OPEN 	Gender-Neutral 	2998 	8428
National Institute of Technology Calicut	Computer Science and Engineering (4 Years, Bachelor of Technology) 	HS 	OPEN 	Female-only (including Supernumerary) 	7008 	9811
National Institute of Technology Calicut	Computer Science and Engineering (4 Years, Bachelor of Technology) 	OS 	OPEN 	Gender-Neutral 	3167 	4846
National Institute of Technology Calicut	Computer Science and Engineering (4 Years, Bachelor of Technology) 	OS 	OPEN 	Female-only (including Supernumerary) 	5066 	7401
National Institute of Technology Calicut	Electrical and Electronics Engineering (4 Years, Bachelor of Technology) 	HS 	OPEN 	Gender-Neutral 	11771 	14898
National Institute of Technology Calicut	Electrical and Electronics Engineering (4 Years, Bachelor of Technology) 	HS 	OPEN 	Female-only (including Supernumerary) 	17132 	19532
National Institute of Technology Calicut	Electrical and Electronics Engineering (4 Years, Bachelor of Technology) 	OS 	OPEN 	Gender-Neutral 	7302 	10016
National Institute of Technology Calicut	Electrical and Electronics Engineering (4 Years, Bachelor of Technology) 	OS 	OPEN 	Female-only (including Supernumerary) 	14585 	17473
National Institute of Technology Calicut	Electronics and Communication Engineering (4 Years, Bachelor of Technology) 	HS 	OPEN 	Gender-Neutral 	6028 	12245
National Institute of Technology Calicut	Electronics and Communication Engineering (4 Years, Bachelor of Technology) 	HS 	OPEN 	Female-only (including Supernumerary) 	12112 	16350
National Institute of Technology Calicut	Electronics and Communication Engineering (4 Years, Bachelor of Technology) 	OS 	OPEN 	Gender-Neutral 	5785 	7530
National Institute of Technology Calicut	Electronics and Communication Engineering (4 Years, Bachelor of Technology) 	OS 	OPEN 	Female-only (including Supernumerary) 	9286 	12560
National Institute of Technology Calicut	Energy Engineering (4 Years, Bachelor of Technology) 	HS 	OPEN 	Gender-Neutral 	27332 	29616
National Institute of Technology Calicut	Energy Engineering (4 Years, Bachelor of Technology) 	HS 	OPEN 	Female-only (including Supernumerary) 	41441 	41541
National Institute of Technology Calicut	Energy Engineering (4 Years, Bachelor of Technology) 	OS 	OPEN 	Gender-Neutral 	12759 	18696
National Institute of Technology Calicut	Energy Engineering (4 Years, Bachelor of Technology) 	OS 	OPEN 	Female-only (including Supernumerary) 	31203 	31203
National Institute of Technology Calicut	Engineering Physics (4 Years, Bachelor of Technology) 	HS 	OPEN 	Gender-Neutral 	17872 	21952
National Institute of Technology Calicut	Engineering Physics (4 Years, Bachelor of Technology) 	HS 	OPEN 	Female-only (including Supernumerary) 	19667 	19791
National Institute of Technology Calicut	Engineering Physics (4 Years, Bachelor of Technology) 	OS 	OPEN 	Gender-Neutral 	10374 	16808
National Institute of Technology Calicut	Engineering Physics (4 Years, Bachelor of Technology) 	OS 	OPEN 	Female-only (including Supernumerary) 	23296 	23296
National Institute of Technology Calicut	Materials Science and Engineering (4 Years, Bachelor of Technology) 	HS 	OPEN 	Gender-Neutral 	30846 	35835
National Institute of Technology Calicut	Materials Science and Engineering (4 Years, Bachelor of Technology) 	HS 	OPEN 	Female-only (including Supernumerary) 	40202 	40202
National Institute of Technology Calicut	Materials Science and Engineering (4 Years, Bachelor of Technology) 	OS 	OPEN 	Gender-Neutral 	19452 	29458
National Institute of Technology Calicut	Materials Science and Engineering (4 Years, Bachelor of Technology) 	OS 	OPEN 	Female-only (including Supernumerary) 	37797 	37797
National Institute of Technology Calicut	Mechanical Engineering (4 Years, Bachelor of Technology) 	HS 	OPEN 	Gender-Neutral 	13760 	19929
National Institute of Technology Calicut	Mechanical Engineering (4 Years, Bachelor of Technology) 	HS 	OPEN 	Female-only (including Supernumerary) 	23802 	35609
National Institute of Technology Calicut	Mechanical Engineering (4 Years, Bachelor of Technology) 	OS 	OPEN 	Gender-Neutral 	10576 	15792
National Institute of Technology Calicut	Mechanical Engineering (4 Years, Bachelor of Technology) 	OS 	OPEN 	Female-only (including Supernumerary) 	23427 	29417
National Institute of Technology Calicut	Production Engineering (4 Years, Bachelor of Technology) 	HS 	OPEN 	Gender-Neutral 	24030 	36314
National Institute of Technology Calicut	Production Engineering (4 Years, Bachelor of Technology) 	HS 	OPEN 	Female-only (including Supernumerary) 	39555 	41612
National Institute of Technology Calicut	Production Engineering (4 Years, Bachelor of Technology) 	OS 	OPEN 	Gender-Neutral 	24515 	32846
National Institute of Technology Calicut	Production Engineering (4 Years, Bachelor of Technology) 	OS 	OPEN 	Female-only (including Supernumerary) 	38828 	39535
National Institute of Technology Delhi	Aerospace Engineering (4 Years, Bachelor of Technology) 	HS 	OPEN 	Gender-Neutral 	13103 	17891
National Institute of Technology Delhi	Aerospace Engineering (4 Years, Bachelor of Technology) 	HS 	OPEN 	Female-only (including Supernumerary) 	27101 	27101
National Institute of Technology Delhi	Aerospace Engineering (4 Years, Bachelor of Technology) 	OS 	OPEN 	Gender-Neutral 	10101 	12025
National Institute of Technology Delhi	Aerospace Engineering (4 Years, Bachelor of Technology) 	OS 	OPEN 	Female-only (including Supernumerary) 	17050 	17050
National Institute of Technology Delhi	Artificial Intelligence and Data Science (4 Years, Bachelor of Technology) 	HS 	OPEN 	Gender-Neutral 	9839 	10040
National Institute of Technology Delhi	Artificial Intelligence and Data Science (4 Years, Bachelor of Technology) 	HS 	OPEN 	Female-only (including Supernumerary) 	17868 	17868
National Institute of Technology Delhi	Artificial Intelligence and Data Science (4 Years, Bachelor of Technology) 	OS 	OPEN 	Gender-Neutral 	6610 	6896
National Institute of Technology Delhi	Artificial Intelligence and Data Science (4 Years, Bachelor of Technology) 	OS 	OPEN 	Female-only (including Supernumerary) 	13378 	13378
National Institute of Technology Delhi	Civil Engineering (4 Years, Bachelor of Technology) 	HS 	OPEN 	Gender-Neutral 	29814 	34024
National Institute of Technology Delhi	Civil Engineering (4 Years, Bachelor of Technology) 	HS 	OPEN 	Female-only (including Supernumerary) 	23177 	23177
National Institute of Technology Delhi	Civil Engineering (4 Years, Bachelor of Technology) 	OS 	OPEN 	Gender-Neutral 	20507 	23444
National Institute of Technology Delhi	Civil Engineering (4 Years, Bachelor of Technology) 	OS 	OPEN 	Female-only (including Supernumerary) 	30069 	30069
National Institute of Technology Delhi	Computer Science and Engineering (4 Years, Bachelor of Technology) 	HS 	OPEN 	Gender-Neutral 	5346 	9757
National Institute of Technology Delhi	Computer Science and Engineering (4 Years, Bachelor of Technology) 	HS 	OPEN 	Female-only (including Supernumerary) 	11266 	16482
National Institute of Technology Delhi	Computer Science and Engineering (4 Years, Bachelor of Technology) 	OS 	OPEN 	Gender-Neutral 	2363 	7259
National Institute of Technology Delhi	Computer Science and Engineering (4 Years, Bachelor of Technology) 	OS 	OPEN 	Female-only (including Supernumerary) 	4930 	13117
National Institute of Technology Delhi	Electrical Engineering (4 Years, Bachelor of Technology) 	HS 	OPEN 	Gender-Neutral 	14243 	18155
National Institute of Technology Delhi	Electrical Engineering (4 Years, Bachelor of Technology) 	HS 	OPEN 	Female-only (including Supernumerary) 	24708 	30249
National Institute of Technology Delhi	Electrical Engineering (4 Years, Bachelor of Technology) 	OS 	OPEN 	Gender-Neutral 	10909 	14016
National Institute of Technology Delhi	Electrical Engineering (4 Years, Bachelor of Technology) 	OS 	OPEN 	Female-only (including Supernumerary) 	22961 	26048
National Institute of Technology Delhi	Electronics and Communication Engineering (4 Years, Bachelor of Technology) 	HS 	OPEN 	Gender-Neutral 	11123 	13946
National Institute of Technology Delhi	Electronics and Communication Engineering (4 Years, Bachelor of Technology) 	HS 	OPEN 	Female-only (including Supernumerary) 	18497 	23372
National Institute of Technology Delhi	Electronics and Communication Engineering (4 Years, Bachelor of Technology) 	OS 	OPEN 	Gender-Neutral 	3817 	10036
National Institute of Technology Delhi	Electronics and Communication Engineering (4 Years, Bachelor of Technology) 	OS 	OPEN 	Female-only (including Supernumerary) 	15910 	18083
National Institute of Technology Delhi	Mechanical Engineering (4 Years, Bachelor of Technology) 	HS 	OPEN 	Gender-Neutral 	15878 	22008
National Institute of Technology Delhi	Mechanical Engineering (4 Years, Bachelor of Technology) 	HS 	OPEN 	Female-only (including Supernumerary) 	37114 	40113
National Institute of Technology Delhi	Mechanical Engineering (4 Years, Bachelor of Technology) 	OS 	OPEN 	Gender-Neutral 	15444 	19058
National Institute of Technology Delhi	Mechanical Engineering (4 Years, Bachelor of Technology) 	OS 	OPEN 	Female-only (including Supernumerary) 	22256 	22256
National Institute of Technology Delhi	VLSI Design and Technology (4 Years, Bachelor of Technology) 	HS 	OPEN 	Gender-Neutral 	14639 	14941
National Institute of Technology Delhi	VLSI Design and Technology (4 Years, Bachelor of Technology) 	HS 	OPEN 	Female-only (including Supernumerary) 	24002 	24002
National Institute of Technology Delhi	VLSI Design and Technology (4 Years, Bachelor of Technology) 	OS 	OPEN 	Gender-Neutral 	10835 	11918
National Institute of Technology Delhi	VLSI Design and Technology (4 Years, Bachelor of Technology) 	OS 	OPEN 	Female-only (including Supernumerary) 	20667 	20667
National Institute of Technology Durgapur	B.Tech in Mathematics and Computing (4 Years, Bachelor of Technology) 	HS 	OPEN 	Gender-Neutral 	11447 	12904
National Institute of Technology Durgapur	B.Tech in Mathematics and Computing (4 Years, Bachelor of Technology) 	HS 	OPEN 	Female-only (including Supernumerary) 	20197 	21693
National Institute of Technology Durgapur	B.Tech in Mathematics and Computing (4 Years, Bachelor of Technology) 	OS 	OPEN 	Gender-Neutral 	9538 	11715
National Institute of Technology Durgapur	B.Tech in Mathematics and Computing (4 Years, Bachelor of Technology) 	OS 	OPEN 	Female-only (including Supernumerary) 	16465 	17750
National Institute of Technology Durgapur	Bio Technology (4 Years, Bachelor of Technology) 	HS 	OPEN 	Gender-Neutral 	32040 	48670
National Institute of Technology Durgapur	Bio Technology (4 Years, Bachelor of Technology) 	HS 	OPEN 	Female-only (including Supernumerary) 	39884 	48116
National Institute of Technology Durgapur	Bio Technology (4 Years, Bachelor of Technology) 	OS 	OPEN 	Gender-Neutral 	32749 	44107
National Institute of Technology Durgapur	Bio Technology (4 Years, Bachelor of Technology) 	OS 	OPEN 	Female-only (including Supernumerary) 	46697 	48521
National Institute of Technology Durgapur	Biotechnology (5 Years, Bachelor and Master of Technology (Dual Degree)) 	HS 	OPEN 	Gender-Neutral 	32748 	32748
National Institute of Technology Durgapur	Biotechnology (5 Years, Bachelor and Master of Technology (Dual Degree)) 	OS 	OPEN 	Gender-Neutral 	45366 	45494
National Institute of Technology Durgapur	Chemical Engineering (4 Years, Bachelor of Technology) 	HS 	OPEN 	Gender-Neutral 	29071 	35504
National Institute of Technology Durgapur	Chemical Engineering (4 Years, Bachelor of Technology) 	HS 	OPEN 	Female-only (including Supernumerary) 	36240 	40520
National Institute of Technology Durgapur	Chemical Engineering (4 Years, Bachelor of Technology) 	OS 	OPEN 	Gender-Neutral 	25470 	32730
National Institute of Technology Durgapur	Chemical Engineering (4 Years, Bachelor of Technology) 	OS 	OPEN 	Female-only (including Supernumerary) 	42156 	45503
National Institute of Technology Durgapur	Chemical Engineering (5 Years, Bachelor and Master of Technology (Dual Degree)) 	HS 	OPEN 	Gender-Neutral 	38579 	39414
National Institute of Technology Durgapur	Chemical Engineering (5 Years, Bachelor and Master of Technology (Dual Degree)) 	OS 	OPEN 	Gender-Neutral 	34076 	34076
National Institute of Technology Durgapur	Chemical Engineering (5 Years, Bachelor and Master of Technology (Dual Degree)) 	OS 	OPEN 	Female-only (including Supernumerary) 	42302 	42302
National Institute of Technology Durgapur	Chemistry (5 Years, Integrated Master of Science) 	HS 	OPEN 	Gender-Neutral 	51942 	55629
National Institute of Technology Durgapur	Chemistry (5 Years, Integrated Master of Science) 	HS 	OPEN 	Female-only (including Supernumerary) 	51246 	51246
National Institute of Technology Durgapur	Chemistry (5 Years, Integrated Master of Science) 	OS 	OPEN 	Gender-Neutral 	40883 	47531
National Institute of Technology Durgapur	Chemistry (5 Years, Integrated Master of Science) 	OS 	OPEN 	Female-only (including Supernumerary) 	52372 	52372
National Institute of Technology Durgapur	Civil Engineering (4 Years, Bachelor of Technology) 	HS 	OPEN 	Gender-Neutral 	30295 	40114
National Institute of Technology Durgapur	Civil Engineering (4 Years, Bachelor of Technology) 	HS 	OPEN 	Female-only (including Supernumerary) 	51952 	53803
National Institute of Technology Durgapur	Civil Engineering (4 Years, Bachelor of Technology) 	OS 	OPEN 	Gender-Neutral 	30006 	39540
National Institute of Technology Durgapur	Civil Engineering (4 Years, Bachelor of Technology) 	OS 	OPEN 	Female-only (including Supernumerary) 	44011 	52078
National Institute of Technology Durgapur	Computer Science and Engineering (4 Years, Bachelor of Technology) 	HS 	OPEN 	Gender-Neutral 	3827 	11090
National Institute of Technology Durgapur	Computer Science and Engineering (4 Years, Bachelor of Technology) 	HS 	OPEN 	Female-only (including Supernumerary) 	10295 	15789
National Institute of Technology Durgapur	Computer Science and Engineering (4 Years, Bachelor of Technology) 	OS 	OPEN 	Gender-Neutral 	6214 	9010
National Institute of Technology Durgapur	Computer Science and Engineering (4 Years, Bachelor of Technology) 	OS 	OPEN 	Female-only (including Supernumerary) 	10862 	12441
National Institute of Technology Durgapur	Electrical Engineering (4 Years, Bachelor of Technology) 	HS 	OPEN 	Gender-Neutral 	11783 	20930
National Institute of Technology Durgapur	Electrical Engineering (4 Years, Bachelor of Technology) 	HS 	OPEN 	Female-only (including Supernumerary) 	23724 	27917
National Institute of Technology Durgapur	Electrical Engineering (4 Years, Bachelor of Technology) 	OS 	OPEN 	Gender-Neutral 	14671 	18772
National Institute of Technology Durgapur	Electrical Engineering (4 Years, Bachelor of Technology) 	OS 	OPEN 	Female-only (including Supernumerary) 	28568 	30762
National Institute of Technology Durgapur	Electronics and Communication Engineering (4 Years, Bachelor of Technology) 	HS 	OPEN 	Gender-Neutral 	5577 	15757
National Institute of Technology Durgapur	Electronics and Communication Engineering (4 Years, Bachelor of Technology) 	HS 	OPEN 	Female-only (including Supernumerary) 	19068 	23217
National Institute of Technology Durgapur	Electronics and Communication Engineering (4 Years, Bachelor of Technology) 	OS 	OPEN 	Gender-Neutral 	9883 	12737
National Institute of Technology Durgapur	Electronics and Communication Engineering (4 Years, Bachelor of Technology) 	OS 	OPEN 	Female-only (including Supernumerary) 	17588 	20566
National Institute of Technology Durgapur	Mechanical Engineering (4 Years, Bachelor of Technology) 	HS 	OPEN 	Gender-Neutral 	20231 	29515
National Institute of Technology Durgapur	Mechanical Engineering (4 Years, Bachelor of Technology) 	HS 	OPEN 	Female-only (including Supernumerary) 	34335 	43109
National Institute of Technology Durgapur	Mechanical Engineering (4 Years, Bachelor of Technology) 	OS 	OPEN 	Gender-Neutral 	20348 	26279
National Institute of Technology Durgapur	Mechanical Engineering (4 Years, Bachelor of Technology) 	OS 	OPEN 	Female-only (including Supernumerary) 	34949 	41998
National Institute of Technology Durgapur	Metallurgical and Materials Engineering (4 Years, Bachelor of Technology) 	HS 	OPEN 	Gender-Neutral 	33904 	39947
National Institute of Technology Durgapur	Metallurgical and Materials Engineering (4 Years, Bachelor of Technology) 	HS 	OPEN 	Female-only (including Supernumerary) 	49692 	50724
National Institute of Technology Durgapur	Metallurgical and Materials Engineering (4 Years, Bachelor of Technology) 	OS 	OPEN 	Gender-Neutral 	26977 	41155
National Institute of Technology Durgapur	Metallurgical and Materials Engineering (4 Years, Bachelor of Technology) 	OS 	OPEN 	Female-only (including Supernumerary) 	51745 	52768
National Institute of Technology Goa	Civil Engineering (4 Years, Bachelor of Technology) 	GO 	OPEN 	Gender-Neutral 	84300 	104160
National Institute of Technology Goa	Civil Engineering (4 Years, Bachelor of Technology) 	GO 	OPEN 	Female-only (including Supernumerary) 	138584 	138584
National Institute of Technology Goa	Civil Engineering (4 Years, Bachelor of Technology) 	HS 	OPEN 	Gender-Neutral 	56169 	56169
National Institute of Technology Goa	Civil Engineering (4 Years, Bachelor of Technology) 	HS 	OPEN 	Female-only (including Supernumerary) 	168183 	168183
National Institute of Technology Goa	Civil Engineering (4 Years, Bachelor of Technology) 	OS 	OPEN 	Gender-Neutral 	34078 	39984
National Institute of Technology Goa	Civil Engineering (4 Years, Bachelor of Technology) 	OS 	OPEN 	Female-only (including Supernumerary) 	48752 	50891
National Institute of Technology Goa	Computer Science and Engineering (4 Years, Bachelor of Technology) 	GO 	OPEN 	Gender-Neutral 	24829 	27338
National Institute of Technology Goa	Computer Science and Engineering (4 Years, Bachelor of Technology) 	GO 	OPEN 	Female-only (including Supernumerary) 	49649 	70677
National Institute of Technology Goa	Computer Science and Engineering (4 Years, Bachelor of Technology) 	HS 	OPEN 	Gender-Neutral 	15961 	16198
National Institute of Technology Goa	Computer Science and Engineering (4 Years, Bachelor of Technology) 	OS 	OPEN 	Gender-Neutral 	10279 	12359
National Institute of Technology Goa	Computer Science and Engineering (4 Years, Bachelor of Technology) 	OS 	OPEN 	Female-only (including Supernumerary) 	16518 	16518
National Institute of Technology Goa	Electrical and Electronics Engineering (4 Years, Bachelor of Technology) 	GO 	OPEN 	Gender-Neutral 	46269 	81421
National Institute of Technology Goa	Electrical and Electronics Engineering (4 Years, Bachelor of Technology) 	GO 	OPEN 	Female-only (including Supernumerary) 	80052 	80052
National Institute of Technology Goa	Electrical and Electronics Engineering (4 Years, Bachelor of Technology) 	HS 	OPEN 	Gender-Neutral 	41813 	41813
National Institute of Technology Goa	Electrical and Electronics Engineering (4 Years, Bachelor of Technology) 	HS 	OPEN 	Female-only (including Supernumerary) 	81915 	81915
National Institute of Technology Goa	Electrical and Electronics Engineering (4 Years, Bachelor of Technology) 	OS 	OPEN 	Gender-Neutral 	17847 	21106
National Institute of Technology Goa	Electrical and Electronics Engineering (4 Years, Bachelor of Technology) 	OS 	OPEN 	Female-only (including Supernumerary) 	29225 	32110
National Institute of Technology Goa	Electronics and Communication Engineering (4 Years, Bachelor of Technology) 	GO 	OPEN 	Gender-Neutral 	33056 	45337
National Institute of Technology Goa	Electronics and Communication Engineering (4 Years, Bachelor of Technology) 	GO 	OPEN 	Female-only (including Supernumerary) 	73683 	75521
National Institute of Technology Goa	Electronics and Communication Engineering (4 Years, Bachelor of Technology) 	HS 	OPEN 	Gender-Neutral 	29059 	31764
National Institute of Technology Goa	Electronics and Communication Engineering (4 Years, Bachelor of Technology) 	OS 	OPEN 	Gender-Neutral 	12721 	15842
National Institute of Technology Goa	Electronics and Communication Engineering (4 Years, Bachelor of Technology) 	OS 	OPEN 	Female-only (including Supernumerary) 	20625 	20848
National Institute of Technology Goa	Mechanical Engineering (4 Years, Bachelor of Technology) 	GO 	OPEN 	Gender-Neutral 	32417 	64851
National Institute of Technology Goa	Mechanical Engineering (4 Years, Bachelor of Technology) 	GO 	OPEN 	Female-only (including Supernumerary) 	115483 	115483
National Institute of Technology Goa	Mechanical Engineering (4 Years, Bachelor of Technology) 	HS 	OPEN 	Gender-Neutral 	44999 	44999
National Institute of Technology Goa	Mechanical Engineering (4 Years, Bachelor of Technology) 	OS 	OPEN 	Gender-Neutral 	24519 	27995
National Institute of Technology Goa	Mechanical Engineering (4 Years, Bachelor of Technology) 	OS 	OPEN 	Female-only (including Supernumerary) 	40074 	40074
National Institute of Technology Hamirpur	Architecture (5 Years, Bachelor of Architecture) 	HS 	OPEN 	Gender-Neutral 	1109 	7150
National Institute of Technology Hamirpur	Architecture (5 Years, Bachelor of Architecture) 	HS 	OPEN 	Female-only (including Supernumerary) 	197 	1959
National Institute of Technology Hamirpur	Architecture (5 Years, Bachelor of Architecture) 	OS 	OPEN 	Gender-Neutral 	666 	987
National Institute of Technology Hamirpur	Architecture (5 Years, Bachelor of Architecture) 	OS 	OPEN 	Female-only (including Supernumerary) 	520 	609
National Institute of Technology Hamirpur	Chemical Engineering (4 Years, Bachelor of Technology) 	HS 	OPEN 	Gender-Neutral 	70996 	87490
National Institute of Technology Hamirpur	Chemical Engineering (4 Years, Bachelor of Technology) 	HS 	OPEN 	Female-only (including Supernumerary) 	75372 	93980
National Institute of Technology Hamirpur	Chemical Engineering (4 Years, Bachelor of Technology) 	OS 	OPEN 	Gender-Neutral 	33460 	37454
National Institute of Technology Hamirpur	Chemical Engineering (4 Years, Bachelor of Technology) 	OS 	OPEN 	Female-only (including Supernumerary) 	46841 	47244
National Institute of Technology Hamirpur	Civil Engineering (4 Years, Bachelor of Technology) 	HS 	OPEN 	Gender-Neutral 	49980 	106833
National Institute of Technology Hamirpur	Civil Engineering (4 Years, Bachelor of Technology) 	HS 	OPEN 	Female-only (including Supernumerary) 	84534 	111972
National Institute of Technology Hamirpur	Civil Engineering (4 Years, Bachelor of Technology) 	OS 	OPEN 	Gender-Neutral 	37587 	43727
National Institute of Technology Hamirpur	Civil Engineering (4 Years, Bachelor of Technology) 	OS 	OPEN 	Female-only (including Supernumerary) 	51860 	53533
National Institute of Technology Hamirpur	Computer Science and Engineering (4 Years, Bachelor of Technology) 	HS 	OPEN 	Gender-Neutral 	12928 	22394
National Institute of Technology Hamirpur	Computer Science and Engineering (4 Years, Bachelor of Technology) 	HS 	OPEN 	Female-only (including Supernumerary) 	16106 	30714
National Institute of Technology Hamirpur	Computer Science and Engineering (4 Years, Bachelor of Technology) 	OS 	OPEN 	Gender-Neutral 	8203 	11455
National Institute of Technology Hamirpur	Computer Science and Engineering (4 Years, Bachelor of Technology) 	OS 	OPEN 	Female-only (including Supernumerary) 	16950 	20065
National Institute of Technology Hamirpur	Computer Science and Engineering (5 Years, Bachelor and Master of Technology (Dual Degree)) 	HS 	OPEN 	Gender-Neutral 	24000 	26321
National Institute of Technology Hamirpur	Computer Science and Engineering (5 Years, Bachelor and Master of Technology (Dual Degree)) 	HS 	OPEN 	Female-only (including Supernumerary) 	40875 	40875
National Institute of Technology Hamirpur	Computer Science and Engineering (5 Years, Bachelor and Master of Technology (Dual Degree)) 	OS 	OPEN 	Gender-Neutral 	10906 	12980
National Institute of Technology Hamirpur	Computer Science and Engineering (5 Years, Bachelor and Master of Technology (Dual Degree)) 	OS 	OPEN 	Female-only (including Supernumerary) 	23525 	23525
National Institute of Technology Hamirpur	Electrical Engineering (4 Years, Bachelor of Technology) 	HS 	OPEN 	Gender-Neutral 	37806 	57537
National Institute of Technology Hamirpur	Electrical Engineering (4 Years, Bachelor of Technology) 	HS 	OPEN 	Female-only (including Supernumerary) 	64077 	75321
National Institute of Technology Hamirpur	Electrical Engineering (4 Years, Bachelor of Technology) 	OS 	OPEN 	Gender-Neutral 	18991 	24305
National Institute of Technology Hamirpur	Electrical Engineering (4 Years, Bachelor of Technology) 	OS 	OPEN 	Female-only (including Supernumerary) 	30330 	33976
National Institute of Technology Hamirpur	Electronics and Communication Engineering (4 Years, Bachelor of Technology) 	HS 	OPEN 	Gender-Neutral 	28938 	44256
National Institute of Technology Hamirpur	Electronics and Communication Engineering (4 Years, Bachelor of Technology) 	HS 	OPEN 	Female-only (including Supernumerary) 	34004 	43999
National Institute of Technology Hamirpur	Electronics and Communication Engineering (4 Years, Bachelor of Technology) 	OS 	OPEN 	Gender-Neutral 	13107 	17476
National Institute of Technology Hamirpur	Electronics and Communication Engineering (4 Years, Bachelor of Technology) 	OS 	OPEN 	Female-only (including Supernumerary) 	25972 	28855
National Institute of Technology Hamirpur	Electronics and Communication Engineering (5 Years, Bachelor and Master of Technology (Dual Degree)) 	HS 	OPEN 	Gender-Neutral 	41707 	46432
National Institute of Technology Hamirpur	Electronics and Communication Engineering (5 Years, Bachelor and Master of Technology (Dual Degree)) 	HS 	OPEN 	Female-only (including Supernumerary) 	61846 	61846
National Institute of Technology Hamirpur	Electronics and Communication Engineering (5 Years, Bachelor and Master of Technology (Dual Degree)) 	OS 	OPEN 	Gender-Neutral 	18612 	19653
National Institute of Technology Hamirpur	Electronics and Communication Engineering (5 Years, Bachelor and Master of Technology (Dual Degree)) 	OS 	OPEN 	Female-only (including Supernumerary) 	31837 	31837
National Institute of Technology Hamirpur	Engineering Physics (4 Years, Bachelor of Technology) 	HS 	OPEN 	Gender-Neutral 	78066 	109119
National Institute of Technology Hamirpur	Engineering Physics (4 Years, Bachelor of Technology) 	HS 	OPEN 	Female-only (including Supernumerary) 	114889 	139283
National Institute of Technology Hamirpur	Engineering Physics (4 Years, Bachelor of Technology) 	OS 	OPEN 	Gender-Neutral 	26670 	33349
National Institute of Technology Hamirpur	Engineering Physics (4 Years, Bachelor of Technology) 	OS 	OPEN 	Female-only (including Supernumerary) 	42279 	43450
National Institute of Technology Hamirpur	Materials Science and Engineering (4 Years, Bachelor of Technology) 	HS 	OPEN 	Gender-Neutral 	74272 	111935
National Institute of Technology Hamirpur	Materials Science and Engineering (4 Years, Bachelor of Technology) 	HS 	OPEN 	Female-only (including Supernumerary) 	99169 	125560
National Institute of Technology Hamirpur	Materials Science and Engineering (4 Years, Bachelor of Technology) 	OS 	OPEN 	Gender-Neutral 	41765 	45407
National Institute of Technology Hamirpur	Materials Science and Engineering (4 Years, Bachelor of Technology) 	OS 	OPEN 	Female-only (including Supernumerary) 	53403 	53403
National Institute of Technology Hamirpur	Mathematics and Computing (4 Years, Bachelor of Technology) 	HS 	OPEN 	Gender-Neutral 	23646 	33284
National Institute of Technology Hamirpur	Mathematics and Computing (4 Years, Bachelor of Technology) 	HS 	OPEN 	Female-only (including Supernumerary) 	45810 	51830
National Institute of Technology Hamirpur	Mathematics and Computing (4 Years, Bachelor of Technology) 	OS 	OPEN 	Gender-Neutral 	13346 	14930
National Institute of Technology Hamirpur	Mathematics and Computing (4 Years, Bachelor of Technology) 	OS 	OPEN 	Female-only (including Supernumerary) 	24676 	24930
National Institute of Technology Hamirpur	Mechanical Engineering (4 Years, Bachelor of Technology) 	HS 	OPEN 	Gender-Neutral 	52785 	72419
National Institute of Technology Hamirpur	Mechanical Engineering (4 Years, Bachelor of Technology) 	HS 	OPEN 	Female-only (including Supernumerary) 	78983 	132909
National Institute of Technology Hamirpur	Mechanical Engineering (4 Years, Bachelor of Technology) 	OS 	OPEN 	Gender-Neutral 	25264 	32241
National Institute of Technology Hamirpur	Mechanical Engineering (4 Years, Bachelor of Technology) 	OS 	OPEN 	Female-only (including Supernumerary) 	35957 	48920
National Institute of Technology Karnataka, Surathkal	Artificial Intelligence (4 Years, Bachelor of Technology) 	HS 	OPEN 	Gender-Neutral 	2815 	3489
National Institute of Technology Karnataka, Surathkal	Artificial Intelligence (4 Years, Bachelor of Technology) 	HS 	OPEN 	Female-only (including Supernumerary) 	3677 	8949
National Institute of Technology Karnataka, Surathkal	Artificial Intelligence (4 Years, Bachelor of Technology) 	OS 	OPEN 	Gender-Neutral 	1607 	2372
National Institute of Technology Karnataka, Surathkal	Artificial Intelligence (4 Years, Bachelor of Technology) 	OS 	OPEN 	Female-only (including Supernumerary) 	3987 	3987
National Institute of Technology Karnataka, Surathkal	Chemical Engineering (4 Years, Bachelor of Technology) 	HS 	OPEN 	Gender-Neutral 	11806 	17615
National Institute of Technology Karnataka, Surathkal	Chemical Engineering (4 Years, Bachelor of Technology) 	HS 	OPEN 	Female-only (including Supernumerary) 	19450 	24052
National Institute of Technology Karnataka, Surathkal	Chemical Engineering (4 Years, Bachelor of Technology) 	OS 	OPEN 	Gender-Neutral 	11287 	12403
National Institute of Technology Karnataka, Surathkal	Chemical Engineering (4 Years, Bachelor of Technology) 	OS 	OPEN 	Female-only (including Supernumerary) 	20895 	21110
National Institute of Technology Karnataka, Surathkal	Civil Engineering (4 Years, Bachelor of Technology) 	HS 	OPEN 	Gender-Neutral 	15759 	25859
National Institute of Technology Karnataka, Surathkal	Civil Engineering (4 Years, Bachelor of Technology) 	HS 	OPEN 	Female-only (including Supernumerary) 	19022 	32895
National Institute of Technology Karnataka, Surathkal	Civil Engineering (4 Years, Bachelor of Technology) 	OS 	OPEN 	Gender-Neutral 	10550 	20584
National Institute of Technology Karnataka, Surathkal	Civil Engineering (4 Years, Bachelor of Technology) 	OS 	OPEN 	Female-only (including Supernumerary) 	28488 	34014
National Institute of Technology Karnataka, Surathkal	Computational and Data Science (4 Years, Bachelor of Technology) 	HS 	OPEN 	Gender-Neutral 	3935 	4805
National Institute of Technology Karnataka, Surathkal	Computational and Data Science (4 Years, Bachelor of Technology) 	HS 	OPEN 	Female-only (including Supernumerary) 	6453 	6453
National Institute of Technology Karnataka, Surathkal	Computational and Data Science (4 Years, Bachelor of Technology) 	OS 	OPEN 	Gender-Neutral 	2832 	3210
National Institute of Technology Karnataka, Surathkal	Computational and Data Science (4 Years, Bachelor of Technology) 	OS 	OPEN 	Female-only (including Supernumerary) 	5131 	5131
National Institute of Technology Karnataka, Surathkal	Computer Science and Engineering (4 Years, Bachelor of Technology) 	HS 	OPEN 	Gender-Neutral 	1050 	2726
National Institute of Technology Karnataka, Surathkal	Computer Science and Engineering (4 Years, Bachelor of Technology) 	HS 	OPEN 	Female-only (including Supernumerary) 	511 	3567
National Institute of Technology Karnataka, Surathkal	Computer Science and Engineering (4 Years, Bachelor of Technology) 	OS 	OPEN 	Gender-Neutral 	753 	1546
National Institute of Technology Karnataka, Surathkal	Computer Science and Engineering (4 Years, Bachelor of Technology) 	OS 	OPEN 	Female-only (including Supernumerary) 	3011 	3863
National Institute of Technology Karnataka, Surathkal	Electrical and Electronics Engineering (4 Years, Bachelor of Technology) 	HS 	OPEN 	Gender-Neutral 	5870 	6674
National Institute of Technology Karnataka, Surathkal	Electrical and Electronics Engineering (4 Years, Bachelor of Technology) 	HS 	OPEN 	Female-only (including Supernumerary) 	10004 	11998
National Institute of Technology Karnataka, Surathkal	Electrical and Electronics Engineering (4 Years, Bachelor of Technology) 	OS 	OPEN 	Gender-Neutral 	4787 	5918
National Institute of Technology Karnataka, Surathkal	Electrical and Electronics Engineering (4 Years, Bachelor of Technology) 	OS 	OPEN 	Female-only (including Supernumerary) 	8873 	10511
National Institute of Technology Karnataka, Surathkal	Electronics and Communication Engineering (4 Years, Bachelor of Technology) 	HS 	OPEN 	Gender-Neutral 	3415 	5345
National Institute of Technology Karnataka, Surathkal	Electronics and Communication Engineering (4 Years, Bachelor of Technology) 	HS 	OPEN 	Female-only (including Supernumerary) 	5752 	7027
National Institute of Technology Karnataka, Surathkal	Electronics and Communication Engineering (4 Years, Bachelor of Technology) 	OS 	OPEN 	Gender-Neutral 	2019 	4125
National Institute of Technology Karnataka, Surathkal	Electronics and Communication Engineering (4 Years, Bachelor of Technology) 	OS 	OPEN 	Female-only (including Supernumerary) 	6178 	6798
National Institute of Technology Karnataka, Surathkal	Information Technology (4 Years, Bachelor of Technology) 	HS 	OPEN 	Gender-Neutral 	3025 	4086
National Institute of Technology Karnataka, Surathkal	Information Technology (4 Years, Bachelor of Technology) 	HS 	OPEN 	Female-only (including Supernumerary) 	3867 	6323
National Institute of Technology Karnataka, Surathkal	Information Technology (4 Years, Bachelor of Technology) 	OS 	OPEN 	Gender-Neutral 	1791 	2966
National Institute of Technology Karnataka, Surathkal	Information Technology (4 Years, Bachelor of Technology) 	OS 	OPEN 	Female-only (including Supernumerary) 	4892 	6005
National Institute of Technology Karnataka, Surathkal	Mechanical Engineering (4 Years, Bachelor of Technology) 	HS 	OPEN 	Gender-Neutral 	3588 	11666
National Institute of Technology Karnataka, Surathkal	Mechanical Engineering (4 Years, Bachelor of Technology) 	HS 	OPEN 	Female-only (including Supernumerary) 	13972 	22672
National Institute of Technology Karnataka, Surathkal	Mechanical Engineering (4 Years, Bachelor of Technology) 	OS 	OPEN 	Gender-Neutral 	6485 	10384
National Institute of Technology Karnataka, Surathkal	Mechanical Engineering (4 Years, Bachelor of Technology) 	OS 	OPEN 	Female-only (including Supernumerary) 	14652 	19997
National Institute of Technology Karnataka, Surathkal	Metallurgical and Materials Engineering (4 Years, Bachelor of Technology) 	HS 	OPEN 	Gender-Neutral 	18007 	21243
National Institute of Technology Karnataka, Surathkal	Metallurgical and Materials Engineering (4 Years, Bachelor of Technology) 	HS 	OPEN 	Female-only (including Supernumerary) 	25773 	36630
National Institute of Technology Karnataka, Surathkal	Metallurgical and Materials Engineering (4 Years, Bachelor of Technology) 	OS 	OPEN 	Gender-Neutral 	13460 	20460
National Institute of Technology Karnataka, Surathkal	Metallurgical and Materials Engineering (4 Years, Bachelor of Technology) 	OS 	OPEN 	Female-only (including Supernumerary) 	27443 	29213
National Institute of Technology Karnataka, Surathkal	Mining Engineering (4 Years, Bachelor of Technology) 	HS 	OPEN 	Gender-Neutral 	23771 	35666
National Institute of Technology Karnataka, Surathkal	Mining Engineering (4 Years, Bachelor of Technology) 	HS 	OPEN 	Female-only (including Supernumerary) 	40373 	41970
National Institute of Technology Karnataka, Surathkal	Mining Engineering (4 Years, Bachelor of Technology) 	OS 	OPEN 	Gender-Neutral 	21229 	26762
National Institute of Technology Karnataka, Surathkal	Mining Engineering (4 Years, Bachelor of Technology) 	OS 	OPEN 	Female-only (including Supernumerary) 	40101 	41419
National Institute of Technology Meghalaya	Civil Engineering (4 Years, Bachelor of Technology) 	HS 	OPEN 	Gender-Neutral 	318381 	318381
National Institute of Technology Meghalaya	Civil Engineering (4 Years, Bachelor of Technology) 	HS 	OPEN 	Female-only (including Supernumerary) 	259481 	259481
National Institute of Technology Meghalaya	Civil Engineering (4 Years, Bachelor of Technology) 	OS 	OPEN 	Gender-Neutral 	32795 	48255
National Institute of Technology Meghalaya	Civil Engineering (4 Years, Bachelor of Technology) 	OS 	OPEN 	Female-only (including Supernumerary) 	62404 	64296
National Institute of Technology Meghalaya	Computer Science and Engineering (4 Years, Bachelor of Technology) 	HS 	OPEN 	Gender-Neutral 	59949 	59949
National Institute of Technology Meghalaya	Computer Science and Engineering (4 Years, Bachelor of Technology) 	HS 	OPEN 	Female-only (including Supernumerary) 	128954 	128954
National Institute of Technology Meghalaya	Computer Science and Engineering (4 Years, Bachelor of Technology) 	OS 	OPEN 	Gender-Neutral 	18688 	22102
National Institute of Technology Meghalaya	Computer Science and Engineering (4 Years, Bachelor of Technology) 	OS 	OPEN 	Female-only (including Supernumerary) 	37667 	37667
National Institute of Technology Meghalaya	Electrical and Electronics Engineering (4 Years, Bachelor of Technology) 	HS 	OPEN 	Gender-Neutral 	146012 	146012
National Institute of Technology Meghalaya	Electrical and Electronics Engineering (4 Years, Bachelor of Technology) 	HS 	OPEN 	Female-only (including Supernumerary) 	247266 	247266
National Institute of Technology Meghalaya	Electrical and Electronics Engineering (4 Years, Bachelor of Technology) 	OS 	OPEN 	Gender-Neutral 	35333 	37248
National Institute of Technology Meghalaya	Electrical and Electronics Engineering (4 Years, Bachelor of Technology) 	OS 	OPEN 	Female-only (including Supernumerary) 	45708 	45708
National Institute of Technology Meghalaya	Electronics and Communication Engineering (4 Years, Bachelor of Technology) 	HS 	OPEN 	Gender-Neutral 	81596 	146176
National Institute of Technology Meghalaya	Electronics and Communication Engineering (4 Years, Bachelor of Technology) 	HS 	OPEN 	Female-only (including Supernumerary) 	238430 	238430
National Institute of Technology Meghalaya	Electronics and Communication Engineering (4 Years, Bachelor of Technology) 	OS 	OPEN 	Gender-Neutral 	25694 	29560
National Institute of Technology Meghalaya	Electronics and Communication Engineering (4 Years, Bachelor of Technology) 	OS 	OPEN 	Female-only (including Supernumerary) 	46464 	46464
National Institute of Technology Meghalaya	Mechanical Engineering (4 Years, Bachelor of Technology) 	HS 	OPEN 	Gender-Neutral 	136427 	136427
National Institute of Technology Meghalaya	Mechanical Engineering (4 Years, Bachelor of Technology) 	HS 	OPEN 	Female-only (including Supernumerary) 	386331 	386331
National Institute of Technology Meghalaya	Mechanical Engineering (4 Years, Bachelor of Technology) 	OS 	OPEN 	Gender-Neutral 	33300 	44254
National Institute of Technology Meghalaya	Mechanical Engineering (4 Years, Bachelor of Technology) 	OS 	OPEN 	Female-only (including Supernumerary) 	52980 	52980
National Institute of Technology Nagaland	Civil Engineering (4 Years, Bachelor of Technology) 	OS 	OPEN 	Gender-Neutral 	51940 	55714
National Institute of Technology Nagaland	Civil Engineering (4 Years, Bachelor of Technology) 	OS 	OPEN 	Female-only (including Supernumerary) 	64218 	64218
National Institute of Technology Nagaland	Computer Science and Engineering (4 Years, Bachelor of Technology) 	OS 	OPEN 	Gender-Neutral 	32101 	36109
National Institute of Technology Nagaland	Computer Science and Engineering (4 Years, Bachelor of Technology) 	OS 	OPEN 	Female-only (including Supernumerary) 	48057 	50687
National Institute of Technology Nagaland	Electrical and Electronics Engineering (4 Years, Bachelor of Technology) 	OS 	OPEN 	Gender-Neutral 	43361 	46982
National Institute of Technology Nagaland	Electrical and Electronics Engineering (4 Years, Bachelor of Technology) 	OS 	OPEN 	Female-only (including Supernumerary) 	56736 	57613
National Institute of Technology Nagaland	Electronics and Communication Engineering (4 Years, Bachelor of Technology) 	OS 	OPEN 	Gender-Neutral 	37139 	42864
National Institute of Technology Nagaland	Electronics and Communication Engineering (4 Years, Bachelor of Technology) 	OS 	OPEN 	Female-only (including Supernumerary) 	52051 	52260
National Institute of Technology Nagaland	Electronics and Instrumentation Engineering (4 Years, Bachelor of Technology) 	OS 	OPEN 	Gender-Neutral 	39881 	46704
National Institute of Technology Nagaland	Electronics and Instrumentation Engineering (4 Years, Bachelor of Technology) 	OS 	OPEN 	Female-only (including Supernumerary) 	58026 	59337
National Institute of Technology Nagaland	Mechanical Engineering (4 Years, Bachelor of Technology) 	OS 	OPEN 	Gender-Neutral 	36722 	50882
National Institute of Technology Nagaland	Mechanical Engineering (4 Years, Bachelor of Technology) 	OS 	OPEN 	Female-only (including Supernumerary) 	57217 	61121
National Institute of Technology Patna	Architecture (5 Years, Bachelor of Architecture) 	HS 	OPEN 	Gender-Neutral 	1536 	4139
National Institute of Technology Patna	Architecture (5 Years, Bachelor of Architecture) 	HS 	OPEN 	Female-only (including Supernumerary) 	2438 	3246
National Institute of Technology Patna	Architecture (5 Years, Bachelor of Architecture) 	OS 	OPEN 	Gender-Neutral 	886 	1036
National Institute of Technology Patna	Architecture (5 Years, Bachelor of Architecture) 	OS 	OPEN 	Female-only (including Supernumerary) 	701 	985
National Institute of Technology Patna	Artificial Intelligence and Data Science (4 Years, Bachelor of Technology) 	HS 	OPEN 	Gender-Neutral 	13233 	20824
National Institute of Technology Patna	Artificial Intelligence and Data Science (4 Years, Bachelor of Technology) 	HS 	OPEN 	Female-only (including Supernumerary) 	29689 	32323
National Institute of Technology Patna	Artificial Intelligence and Data Science (4 Years, Bachelor of Technology) 	OS 	OPEN 	Gender-Neutral 	10713 	15862
National Institute of Technology Patna	Artificial Intelligence and Data Science (4 Years, Bachelor of Technology) 	OS 	OPEN 	Female-only (including Supernumerary) 	23960 	26020
National Institute of Technology Patna	Chemical Technology (5 Years, Bachelor and Master of Technology (Dual Degree)) 	HS 	OPEN 	Gender-Neutral 	48390 	49846
National Institute of Technology Patna	Chemical Technology (5 Years, Bachelor and Master of Technology (Dual Degree)) 	HS 	OPEN 	Female-only (including Supernumerary) 	63591 	63591
National Institute of Technology Patna	Chemical Technology (5 Years, Bachelor and Master of Technology (Dual Degree)) 	OS 	OPEN 	Gender-Neutral 	35060 	35060
National Institute of Technology Patna	Chemical Technology (5 Years, Bachelor and Master of Technology (Dual Degree)) 	OS 	OPEN 	Female-only (including Supernumerary) 	51861 	51861
National Institute of Technology Patna	Civil Engineering (4 Years, Bachelor of Technology) 	HS 	OPEN 	Gender-Neutral 	28340 	46368
National Institute of Technology Patna	Civil Engineering (4 Years, Bachelor of Technology) 	HS 	OPEN 	Female-only (including Supernumerary) 	57928 	61338
National Institute of Technology Patna	Civil Engineering (4 Years, Bachelor of Technology) 	OS 	OPEN 	Gender-Neutral 	38826 	44883
National Institute of Technology Patna	Civil Engineering (4 Years, Bachelor of Technology) 	OS 	OPEN 	Female-only (including Supernumerary) 	50341 	56202
National Institute of Technology Patna	Civil Engineering with Specialization in Construction Technology and Management (5 Years, Bachelor and Master of Technology (Dual Degree)) 	HS 	OPEN 	Gender-Neutral 	43266 	44664
National Institute of Technology Patna	Civil Engineering with Specialization in Construction Technology and Management (5 Years, Bachelor and Master of Technology (Dual Degree)) 	HS 	OPEN 	Female-only (including Supernumerary) 	66097 	66097
National Institute of Technology Patna	Civil Engineering with Specialization in Construction Technology and Management (5 Years, Bachelor and Master of Technology (Dual Degree)) 	OS 	OPEN 	Gender-Neutral 	41968 	44286
National Institute of Technology Patna	Civil Engineering with Specialization in Construction Technology and Management (5 Years, Bachelor and Master of Technology (Dual Degree)) 	OS 	OPEN 	Female-only (including Supernumerary) 	61765 	61765
National Institute of Technology Patna	Computer Science and Engineering (4 Years, Bachelor of Technology) 	HS 	OPEN 	Gender-Neutral 	10323 	16398
National Institute of Technology Patna	Computer Science and Engineering (4 Years, Bachelor of Technology) 	HS 	OPEN 	Female-only (including Supernumerary) 	21297 	29456
National Institute of Technology Patna	Computer Science and Engineering (4 Years, Bachelor of Technology) 	OS 	OPEN 	Gender-Neutral 	10529 	13629
National Institute of Technology Patna	Computer Science and Engineering (4 Years, Bachelor of Technology) 	OS 	OPEN 	Female-only (including Supernumerary) 	19725 	23311
National Institute of Technology Patna	Computer Science and Engineering with Specialization in Cyber Security (5 Years, Bachelor and Master of Technology (Dual Degree)) 	HS 	OPEN 	Gender-Neutral 	22686 	23681
National Institute of Technology Patna	Computer Science and Engineering with Specialization in Cyber Security (5 Years, Bachelor and Master of Technology (Dual Degree)) 	HS 	OPEN 	Female-only (including Supernumerary) 	35063 	35063
National Institute of Technology Patna	Computer Science and Engineering with Specialization in Cyber Security (5 Years, Bachelor and Master of Technology (Dual Degree)) 	OS 	OPEN 	Gender-Neutral 	15994 	16664
National Institute of Technology Patna	Computer Science and Engineering with Specialization in Cyber Security (5 Years, Bachelor and Master of Technology (Dual Degree)) 	OS 	OPEN 	Female-only (including Supernumerary) 	27428 	27428
National Institute of Technology Patna	Computer Science and Engineering with Specialization in Data Science (5 Years, Bachelor and Master of Technology (Dual Degree)) 	HS 	OPEN 	Gender-Neutral 	19181 	21956
National Institute of Technology Patna	Computer Science and Engineering with Specialization in Data Science (5 Years, Bachelor and Master of Technology (Dual Degree)) 	HS 	OPEN 	Female-only (including Supernumerary) 	33716 	33716
National Institute of Technology Patna	Computer Science and Engineering with Specialization in Data Science (5 Years, Bachelor and Master of Technology (Dual Degree)) 	OS 	OPEN 	Gender-Neutral 	14600 	15393
National Institute of Technology Patna	Computer Science and Engineering with Specialization in Data Science (5 Years, Bachelor and Master of Technology (Dual Degree)) 	OS 	OPEN 	Female-only (including Supernumerary) 	26005 	26005
National Institute of Technology Patna	Electrical Engineering (4 Years, Bachelor of Technology) 	HS 	OPEN 	Gender-Neutral 	25880 	30887
National Institute of Technology Patna	Electrical Engineering (4 Years, Bachelor of Technology) 	HS 	OPEN 	Female-only (including Supernumerary) 	43456 	48264
National Institute of Technology Patna	Electrical Engineering (4 Years, Bachelor of Technology) 	OS 	OPEN 	Gender-Neutral 	20300 	25041
National Institute of Technology Patna	Electrical Engineering (4 Years, Bachelor of Technology) 	OS 	OPEN 	Female-only (including Supernumerary) 	36283 	39569
National Institute of Technology Patna	Electrical Engineering with Specialization In Power System Engineering (5 Years, Bachelor and Master of Technology (Dual Degree)) 	HS 	OPEN 	Gender-Neutral 	34110 	35168
National Institute of Technology Patna	Electrical Engineering with Specialization In Power System Engineering (5 Years, Bachelor and Master of Technology (Dual Degree)) 	HS 	OPEN 	Female-only (including Supernumerary) 	51534 	51534
National Institute of Technology Patna	Electrical Engineering with Specialization In Power System Engineering (5 Years, Bachelor and Master of Technology (Dual Degree)) 	OS 	OPEN 	Gender-Neutral 	25835 	27777
National Institute of Technology Patna	Electrical Engineering with Specialization In Power System Engineering (5 Years, Bachelor and Master of Technology (Dual Degree)) 	OS 	OPEN 	Female-only (including Supernumerary) 	39412 	39412
National Institute of Technology Patna	Electronics and Communication Engineering (4 Years, Bachelor of Technology) 	HS 	OPEN 	Gender-Neutral 	20887 	24555
National Institute of Technology Patna	Electronics and Communication Engineering (4 Years, Bachelor of Technology) 	HS 	OPEN 	Female-only (including Supernumerary) 	29769 	33425
National Institute of Technology Patna	Electronics and Communication Engineering (4 Years, Bachelor of Technology) 	OS 	OPEN 	Gender-Neutral 	15831 	18672
National Institute of Technology Patna	Electronics and Communication Engineering (4 Years, Bachelor of Technology) 	OS 	OPEN 	Female-only (including Supernumerary) 	26688 	31255
National Institute of Technology Patna	Electronics and Communication Engineering with Specialization in Microelectronics and VLSI System Design (5 Years, Bachelor and Master of Technology (Dual Degree)) 	HS 	OPEN 	Gender-Neutral 	26031 	29291
National Institute of Technology Patna	Electronics and Communication Engineering with Specialization in Microelectronics and VLSI System Design (5 Years, Bachelor and Master of Technology (Dual Degree)) 	HS 	OPEN 	Female-only (including Supernumerary) 	37875 	37875
National Institute of Technology Patna	Electronics and Communication Engineering with Specialization in Microelectronics and VLSI System Design (5 Years, Bachelor and Master of Technology (Dual Degree)) 	OS 	OPEN 	Gender-Neutral 	21593 	22526
National Institute of Technology Patna	Electronics and Communication Engineering with Specialization in Microelectronics and VLSI System Design (5 Years, Bachelor and Master of Technology (Dual Degree)) 	OS 	OPEN 	Female-only (including Supernumerary) 	28810 	28810
National Institute of Technology Patna	Electronics Engineering (VLSI Design and Technology) (4 Years, Bachelor of Technology) 	HS 	OPEN 	Gender-Neutral 	25084 	29481
National Institute of Technology Patna	Electronics Engineering (VLSI Design and Technology) (4 Years, Bachelor of Technology) 	HS 	OPEN 	Female-only (including Supernumerary) 	44257 	46557
National Institute of Technology Patna	Electronics Engineering (VLSI Design and Technology) (4 Years, Bachelor of Technology) 	OS 	OPEN 	Gender-Neutral 	18637 	20726
National Institute of Technology Patna	Electronics Engineering (VLSI Design and Technology) (4 Years, Bachelor of Technology) 	OS 	OPEN 	Female-only (including Supernumerary) 	31276 	33999
National Institute of Technology Patna	Material Science and Engineering (5 Years, Bachelor and Master of Technology (Dual Degree)) 	HS 	OPEN 	Gender-Neutral 	46166 	48419
National Institute of Technology Patna	Material Science and Engineering (5 Years, Bachelor and Master of Technology (Dual Degree)) 	HS 	OPEN 	Female-only (including Supernumerary) 	65506 	65506
National Institute of Technology Patna	Material Science and Engineering (5 Years, Bachelor and Master of Technology (Dual Degree)) 	OS 	OPEN 	Gender-Neutral 	36849 	38018
National Institute of Technology Patna	Material Science and Engineering (5 Years, Bachelor and Master of Technology (Dual Degree)) 	OS 	OPEN 	Female-only (including Supernumerary) 	49910 	49910
National Institute of Technology Patna	Mathematics and Computing Technology (5 Years, Bachelor and Master of Technology (Dual Degree)) 	HS 	OPEN 	Gender-Neutral 	23402 	24578
National Institute of Technology Patna	Mathematics and Computing Technology (5 Years, Bachelor and Master of Technology (Dual Degree)) 	HS 	OPEN 	Female-only (including Supernumerary) 	34477 	34477
National Institute of Technology Patna	Mathematics and Computing Technology (5 Years, Bachelor and Master of Technology (Dual Degree)) 	OS 	OPEN 	Gender-Neutral 	15132 	16098
National Institute of Technology Patna	Mathematics and Computing Technology (5 Years, Bachelor and Master of Technology (Dual Degree)) 	OS 	OPEN 	Female-only (including Supernumerary) 	28341 	28341
National Institute of Technology Patna	Mechanical Engineering (4 Years, Bachelor of Technology) 	HS 	OPEN 	Gender-Neutral 	31299 	38064
National Institute of Technology Patna	Mechanical Engineering (4 Years, Bachelor of Technology) 	HS 	OPEN 	Female-only (including Supernumerary) 	52345 	55036
National Institute of Technology Patna	Mechanical Engineering (4 Years, Bachelor of Technology) 	OS 	OPEN 	Gender-Neutral 	26260 	33708
National Institute of Technology Patna	Mechanical Engineering (4 Years, Bachelor of Technology) 	OS 	OPEN 	Female-only (including Supernumerary) 	42752 	48925
National Institute of Technology Patna	Mechanical Engineering with Specialization in Manufacturing and Industrial Engineering (5 Years, Bachelor and Master of Technology (Dual Degree)) 	HS 	OPEN 	Gender-Neutral 	40262 	42232
National Institute of Technology Patna	Mechanical Engineering with Specialization in Manufacturing and Industrial Engineering (5 Years, Bachelor and Master of Technology (Dual Degree)) 	HS 	OPEN 	Female-only (including Supernumerary) 	56301 	56301
National Institute of Technology Patna	Mechanical Engineering with Specialization in Manufacturing and Industrial Engineering (5 Years, Bachelor and Master of Technology (Dual Degree)) 	OS 	OPEN 	Gender-Neutral 	26264 	36035
National Institute of Technology Patna	Mechanical Engineering with Specialization in Manufacturing and Industrial Engineering (5 Years, Bachelor and Master of Technology (Dual Degree)) 	OS 	OPEN 	Female-only (including Supernumerary) 	54848 	54848
National Institute of Technology Patna	Mechatronics and Automation Engineering (4 Years, Bachelor of Technology) 	HS 	OPEN 	Gender-Neutral 	30994 	31994
National Institute of Technology Patna	Mechatronics and Automation Engineering (4 Years, Bachelor of Technology) 	HS 	OPEN 	Female-only (including Supernumerary) 	49673 	49673
National Institute of Technology Patna	Mechatronics and Automation Engineering (4 Years, Bachelor of Technology) 	OS 	OPEN 	Gender-Neutral 	13725 	22770
National Institute of Technology Patna	Mechatronics and Automation Engineering (4 Years, Bachelor of Technology) 	OS 	OPEN 	Female-only (including Supernumerary) 	37437 	37437
National Institute of Technology Puducherry	Civil Engineering (4 Years, Bachelor of Technology) 	HS 	OPEN 	Gender-Neutral 	142870 	201559
National Institute of Technology Puducherry	Civil Engineering (4 Years, Bachelor of Technology) 	HS 	OPEN 	Female-only (including Supernumerary) 	116333 	142541
National Institute of Technology Puducherry	Civil Engineering (4 Years, Bachelor of Technology) 	OS 	OPEN 	Gender-Neutral 	39471 	47255
National Institute of Technology Puducherry	Civil Engineering (4 Years, Bachelor of Technology) 	OS 	OPEN 	Female-only (including Supernumerary) 	51413 	53296
National Institute of Technology Puducherry	Computer Science and Engineering (4 Years, Bachelor of Technology) 	HS 	OPEN 	Gender-Neutral 	23787 	61481
National Institute of Technology Puducherry	Computer Science and Engineering (4 Years, Bachelor of Technology) 	HS 	OPEN 	Female-only (including Supernumerary) 	65403 	77925
National Institute of Technology Puducherry	Computer Science and Engineering (4 Years, Bachelor of Technology) 	OS 	OPEN 	Gender-Neutral 	8103 	17596
National Institute of Technology Puducherry	Computer Science and Engineering (4 Years, Bachelor of Technology) 	OS 	OPEN 	Female-only (including Supernumerary) 	20899 	20899
National Institute of Technology Puducherry	Electrical and Electronics Engineering (4 Years, Bachelor of Technology) 	HS 	OPEN 	Gender-Neutral 	84221 	111199
National Institute of Technology Puducherry	Electrical and Electronics Engineering (4 Years, Bachelor of Technology) 	HS 	OPEN 	Female-only (including Supernumerary) 	104724 	110823
National Institute of Technology Puducherry	Electrical and Electronics Engineering (4 Years, Bachelor of Technology) 	OS 	OPEN 	Gender-Neutral 	23303 	30409
National Institute of Technology Puducherry	Electrical and Electronics Engineering (4 Years, Bachelor of Technology) 	OS 	OPEN 	Female-only (including Supernumerary) 	34764 	35210
National Institute of Technology Puducherry	Electronics and Communication Engineering (4 Years, Bachelor of Technology) 	HS 	OPEN 	Gender-Neutral 	33724 	79227
National Institute of Technology Puducherry	Electronics and Communication Engineering (4 Years, Bachelor of Technology) 	HS 	OPEN 	Female-only (including Supernumerary) 	63930 	91058
National Institute of Technology Puducherry	Electronics and Communication Engineering (4 Years, Bachelor of Technology) 	OS 	OPEN 	Gender-Neutral 	14005 	23310
National Institute of Technology Puducherry	Electronics and Communication Engineering (4 Years, Bachelor of Technology) 	OS 	OPEN 	Female-only (including Supernumerary) 	21201 	23443
National Institute of Technology Puducherry	Mechanical Engineering (4 Years, Bachelor of Technology) 	HS 	OPEN 	Gender-Neutral 	31635 	156557
National Institute of Technology Puducherry	Mechanical Engineering (4 Years, Bachelor of Technology) 	HS 	OPEN 	Female-only (including Supernumerary) 	134564 	167588
National Institute of Technology Puducherry	Mechanical Engineering (4 Years, Bachelor of Technology) 	OS 	OPEN 	Gender-Neutral 	32668 	37559
National Institute of Technology Puducherry	Mechanical Engineering (4 Years, Bachelor of Technology) 	OS 	OPEN 	Female-only (including Supernumerary) 	46883 	51896
National Institute of Technology Raipur	Architecture (5 Years, Bachelor of Architecture) 	HS 	OPEN 	Gender-Neutral 	2995 	3565
National Institute of Technology Raipur	Architecture (5 Years, Bachelor of Architecture) 	HS 	OPEN 	Female-only (including Supernumerary) 	3142 	3142
National Institute of Technology Raipur	Architecture (5 Years, Bachelor of Architecture) 	OS 	OPEN 	Gender-Neutral 	709 	980
National Institute of Technology Raipur	Architecture (5 Years, Bachelor of Architecture) 	OS 	OPEN 	Female-only (including Supernumerary) 	652 	704
National Institute of Technology Raipur	Bio Medical Engineering (4 Years, Bachelor of Technology) 	HS 	OPEN 	Gender-Neutral 	71547 	109730
National Institute of Technology Raipur	Bio Medical Engineering (4 Years, Bachelor of Technology) 	HS 	OPEN 	Female-only (including Supernumerary) 	87530 	111855
National Institute of Technology Raipur	Bio Medical Engineering (4 Years, Bachelor of Technology) 	OS 	OPEN 	Gender-Neutral 	37705 	51490
National Institute of Technology Raipur	Bio Medical Engineering (4 Years, Bachelor of Technology) 	OS 	OPEN 	Female-only (including Supernumerary) 	32758 	51726
National Institute of Technology Raipur	Bio Technology (4 Years, Bachelor of Technology) 	HS 	OPEN 	Gender-Neutral 	52730 	104843
National Institute of Technology Raipur	Bio Technology (4 Years, Bachelor of Technology) 	HS 	OPEN 	Female-only (including Supernumerary) 	100879 	106560
National Institute of Technology Raipur	Bio Technology (4 Years, Bachelor of Technology) 	OS 	OPEN 	Gender-Neutral 	42463 	48878
National Institute of Technology Raipur	Bio Technology (4 Years, Bachelor of Technology) 	OS 	OPEN 	Female-only (including Supernumerary) 	49167 	53164
National Institute of Technology Raipur	Chemical Engineering (4 Years, Bachelor of Technology) 	HS 	OPEN 	Gender-Neutral 	42148 	63992
National Institute of Technology Raipur	Chemical Engineering (4 Years, Bachelor of Technology) 	HS 	OPEN 	Female-only (including Supernumerary) 	71608 	78338
National Institute of Technology Raipur	Chemical Engineering (4 Years, Bachelor of Technology) 	OS 	OPEN 	Gender-Neutral 	30382 	37198
National Institute of Technology Raipur	Chemical Engineering (4 Years, Bachelor of Technology) 	OS 	OPEN 	Female-only (including Supernumerary) 	42408 	48791
National Institute of Technology Raipur	Civil Engineering (4 Years, Bachelor of Technology) 	HS 	OPEN 	Gender-Neutral 	47242 	69250
National Institute of Technology Raipur	Civil Engineering (4 Years, Bachelor of Technology) 	HS 	OPEN 	Female-only (including Supernumerary) 	74075 	81244
National Institute of Technology Raipur	Civil Engineering (4 Years, Bachelor of Technology) 	OS 	OPEN 	Gender-Neutral 	36068 	43951
National Institute of Technology Raipur	Civil Engineering (4 Years, Bachelor of Technology) 	OS 	OPEN 	Female-only (including Supernumerary) 	53076 	55287
National Institute of Technology Raipur	Computer Science and Engineering (4 Years, Bachelor of Technology) 	HS 	OPEN 	Gender-Neutral 	12916 	21642
National Institute of Technology Raipur	Computer Science and Engineering (4 Years, Bachelor of Technology) 	HS 	OPEN 	Female-only (including Supernumerary) 	22821 	28150
National Institute of Technology Raipur	Computer Science and Engineering (4 Years, Bachelor of Technology) 	OS 	OPEN 	Gender-Neutral 	8140 	12566
National Institute of Technology Raipur	Computer Science and Engineering (4 Years, Bachelor of Technology) 	OS 	OPEN 	Female-only (including Supernumerary) 	16263 	18213
National Institute of Technology Raipur	Electrical Engineering (4 Years, Bachelor of Technology) 	HS 	OPEN 	Gender-Neutral 	37639 	47790
National Institute of Technology Raipur	Electrical Engineering (4 Years, Bachelor of Technology) 	HS 	OPEN 	Female-only (including Supernumerary) 	53284 	62654
National Institute of Technology Raipur	Electrical Engineering (4 Years, Bachelor of Technology) 	OS 	OPEN 	Gender-Neutral 	20316 	24826
National Institute of Technology Raipur	Electrical Engineering (4 Years, Bachelor of Technology) 	OS 	OPEN 	Female-only (including Supernumerary) 	33960 	37998
National Institute of Technology Raipur	Electronics and Communication Engineering (4 Years, Bachelor of Technology) 	HS 	OPEN 	Gender-Neutral 	10267 	37556
National Institute of Technology Raipur	Electronics and Communication Engineering (4 Years, Bachelor of Technology) 	HS 	OPEN 	Female-only (including Supernumerary) 	38269 	52691
National Institute of Technology Raipur	Electronics and Communication Engineering (4 Years, Bachelor of Technology) 	OS 	OPEN 	Gender-Neutral 	12933 	18503
National Institute of Technology Raipur	Electronics and Communication Engineering (4 Years, Bachelor of Technology) 	OS 	OPEN 	Female-only (including Supernumerary) 	25080 	27105
National Institute of Technology Raipur	Information Technology (4 Years, Bachelor of Technology) 	HS 	OPEN 	Gender-Neutral 	15169 	30190
National Institute of Technology Raipur	Information Technology (4 Years, Bachelor of Technology) 	HS 	OPEN 	Female-only (including Supernumerary) 	42131 	48270
National Institute of Technology Raipur	Information Technology (4 Years, Bachelor of Technology) 	OS 	OPEN 	Gender-Neutral 	12650 	15509
National Institute of Technology Raipur	Information Technology (4 Years, Bachelor of Technology) 	OS 	OPEN 	Female-only (including Supernumerary) 	19467 	24953
National Institute of Technology Raipur	Mechanical Engineering (4 Years, Bachelor of Technology) 	HS 	OPEN 	Gender-Neutral 	45916 	57409
National Institute of Technology Raipur	Mechanical Engineering (4 Years, Bachelor of Technology) 	HS 	OPEN 	Female-only (including Supernumerary) 	63413 	68892
National Institute of Technology Raipur	Mechanical Engineering (4 Years, Bachelor of Technology) 	OS 	OPEN 	Gender-Neutral 	26253 	31932
National Institute of Technology Raipur	Mechanical Engineering (4 Years, Bachelor of Technology) 	OS 	OPEN 	Female-only (including Supernumerary) 	43943 	49184
National Institute of Technology Raipur	Metallurgical and Materials Engineering (4 Years, Bachelor of Technology) 	HS 	OPEN 	Gender-Neutral 	58085 	84152
National Institute of Technology Raipur	Metallurgical and Materials Engineering (4 Years, Bachelor of Technology) 	HS 	OPEN 	Female-only (including Supernumerary) 	84163 	86752
National Institute of Technology Raipur	Metallurgical and Materials Engineering (4 Years, Bachelor of Technology) 	OS 	OPEN 	Gender-Neutral 	43088 	46665
National Institute of Technology Raipur	Metallurgical and Materials Engineering (4 Years, Bachelor of Technology) 	OS 	OPEN 	Female-only (including Supernumerary) 	55035 	59913
National Institute of Technology Raipur	Mining Engineering (4 Years, Bachelor of Technology) 	HS 	OPEN 	Gender-Neutral 	66029 	96677
National Institute of Technology Raipur	Mining Engineering (4 Years, Bachelor of Technology) 	HS 	OPEN 	Female-only (including Supernumerary) 	69849 	100803
National Institute of Technology Raipur	Mining Engineering (4 Years, Bachelor of Technology) 	OS 	OPEN 	Gender-Neutral 	26033 	49468
National Institute of Technology Raipur	Mining Engineering (4 Years, Bachelor of Technology) 	OS 	OPEN 	Female-only (including Supernumerary) 	58383 	61532
National Institute of Technology Sikkim	Artificial Intelligence and Machine Learning (4 Years, Bachelor of Technology) 	HS 	OPEN 	Gender-Neutral 	191905 	288771
National Institute of Technology Sikkim	Artificial Intelligence and Machine Learning (4 Years, Bachelor of Technology) 	HS 	OPEN 	Female-only (including Supernumerary) 	193935 	213909
National Institute of Technology Sikkim	Artificial Intelligence and Machine Learning (4 Years, Bachelor of Technology) 	OS 	OPEN 	Gender-Neutral 	10624 	28594
National Institute of Technology Sikkim	Artificial Intelligence and Machine Learning (4 Years, Bachelor of Technology) 	OS 	OPEN 	Female-only (including Supernumerary) 	42203 	42203
National Institute of Technology Sikkim	Civil Engineering (4 Years, Bachelor of Technology) 	HS 	OPEN 	Gender-Neutral 	385218 	629625
National Institute of Technology Sikkim	Civil Engineering (4 Years, Bachelor of Technology) 	HS 	OPEN 	Female-only (including Supernumerary) 	132276 	366127
National Institute of Technology Sikkim	Civil Engineering (4 Years, Bachelor of Technology) 	OS 	OPEN 	Gender-Neutral 	51022 	52797
National Institute of Technology Sikkim	Civil Engineering (4 Years, Bachelor of Technology) 	OS 	OPEN 	Female-only (including Supernumerary) 	63124 	63124
National Institute of Technology Sikkim	Computer Science and Engineering (4 Years, Bachelor of Technology) 	HS 	OPEN 	Gender-Neutral 	42201 	170692
National Institute of Technology Sikkim	Computer Science and Engineering (4 Years, Bachelor of Technology) 	HS 	OPEN 	Female-only (including Supernumerary) 	141592 	181877
National Institute of Technology Sikkim	Computer Science and Engineering (4 Years, Bachelor of Technology) 	OS 	OPEN 	Gender-Neutral 	15389 	25441
National Institute of Technology Sikkim	Computer Science and Engineering (4 Years, Bachelor of Technology) 	OS 	OPEN 	Female-only (including Supernumerary) 	17695 	25725
National Institute of Technology Sikkim	Electrical and Electronics Engineering (4 Years, Bachelor of Technology) 	HS 	OPEN 	Gender-Neutral 	251947 	514742
National Institute of Technology Sikkim	Electrical and Electronics Engineering (4 Years, Bachelor of Technology) 	HS 	OPEN 	Female-only (including Supernumerary) 	378246 	492523
National Institute of Technology Sikkim	Electrical and Electronics Engineering (4 Years, Bachelor of Technology) 	OS 	OPEN 	Gender-Neutral 	35180 	38536
National Institute of Technology Sikkim	Electrical and Electronics Engineering (4 Years, Bachelor of Technology) 	OS 	OPEN 	Female-only (including Supernumerary) 	50549 	50549
National Institute of Technology Sikkim	Electronics and Communication Engineering (4 Years, Bachelor of Technology) 	HS 	OPEN 	Gender-Neutral 	325461 	415454
National Institute of Technology Sikkim	Electronics and Communication Engineering (4 Years, Bachelor of Technology) 	HS 	OPEN 	Female-only (including Supernumerary) 	217304 	364930
National Institute of Technology Sikkim	Electronics and Communication Engineering (4 Years, Bachelor of Technology) 	OS 	OPEN 	Gender-Neutral 	27176 	35024
National Institute of Technology Sikkim	Electronics and Communication Engineering (4 Years, Bachelor of Technology) 	OS 	OPEN 	Female-only (including Supernumerary) 	48511 	48511
National Institute of Technology Sikkim	Mechanical Engineering (4 Years, Bachelor of Technology) 	HS 	OPEN 	Gender-Neutral 	295129 	598816
National Institute of Technology Sikkim	Mechanical Engineering (4 Years, Bachelor of Technology) 	HS 	OPEN 	Female-only (including Supernumerary) 	338000 	338000
National Institute of Technology Sikkim	Mechanical Engineering (4 Years, Bachelor of Technology) 	OS 	OPEN 	Gender-Neutral 	35231 	43501
National Institute of Technology Sikkim	Mechanical Engineering (4 Years, Bachelor of Technology) 	OS 	OPEN 	Female-only (including Supernumerary) 	57002 	57542
National Institute of Technology Arunachal Pradesh 	Biosciences and Bioengineering (4 Years, Bachelor of Technology) 	HS 	OPEN 	Gender-Neutral 	182602 	182602
National Institute of Technology Arunachal Pradesh 	Biosciences and Bioengineering (4 Years, Bachelor of Technology) 	OS 	OPEN 	Gender-Neutral 	55182 	56121
National Institute of Technology Arunachal Pradesh 	Biosciences and Bioengineering (4 Years, Bachelor of Technology) 	OS 	OPEN 	Female-only (including Supernumerary) 	56525 	67935
National Institute of Technology Arunachal Pradesh 	Civil Engineering (4 Years, Bachelor of Technology) 	HS 	OPEN 	Gender-Neutral 	173561 	174477
National Institute of Technology Arunachal Pradesh 	Civil Engineering (4 Years, Bachelor of Technology) 	OS 	OPEN 	Gender-Neutral 	47881 	52371
National Institute of Technology Arunachal Pradesh 	Civil Engineering (4 Years, Bachelor of Technology) 	OS 	OPEN 	Female-only (including Supernumerary) 	66089 	67628
National Institute of Technology Arunachal Pradesh 	Computer Science and Engineering (4 Years, Bachelor of Technology) 	HS 	OPEN 	Gender-Neutral 	42519 	78084
National Institute of Technology Arunachal Pradesh 	Computer Science and Engineering (4 Years, Bachelor of Technology) 	OS 	OPEN 	Gender-Neutral 	22752 	28028
National Institute of Technology Arunachal Pradesh 	Computer Science and Engineering (4 Years, Bachelor of Technology) 	OS 	OPEN 	Female-only (including Supernumerary) 	37651 	39026
National Institute of Technology Arunachal Pradesh 	Electrical Engineering (4 Years, Bachelor of Technology) 	HS 	OPEN 	Gender-Neutral 	123179 	169235
National Institute of Technology Arunachal Pradesh 	Electrical Engineering (4 Years, Bachelor of Technology) 	OS 	OPEN 	Gender-Neutral 	40145 	43403
National Institute of Technology Arunachal Pradesh 	Electrical Engineering (4 Years, Bachelor of Technology) 	OS 	OPEN 	Female-only (including Supernumerary) 	53452 	54339
National Institute of Technology Arunachal Pradesh 	Electronics and Communication Engineering (4 Years, Bachelor of Technology) 	HS 	OPEN 	Gender-Neutral 	103178 	112710
National Institute of Technology Arunachal Pradesh 	Electronics and Communication Engineering (4 Years, Bachelor of Technology) 	OS 	OPEN 	Gender-Neutral 	28813 	40274
National Institute of Technology Arunachal Pradesh 	Electronics and Communication Engineering (4 Years, Bachelor of Technology) 	OS 	OPEN 	Female-only (including Supernumerary) 	47115 	51738
National Institute of Technology Arunachal Pradesh 	Mechanical Engineering (4 Years, Bachelor of Technology) 	HS 	OPEN 	Gender-Neutral 	152525 	170231
National Institute of Technology Arunachal Pradesh 	Mechanical Engineering (4 Years, Bachelor of Technology) 	OS 	OPEN 	Gender-Neutral 	34535 	46131
National Institute of Technology Arunachal Pradesh 	Mechanical Engineering (4 Years, Bachelor of Technology) 	OS 	OPEN 	Female-only (including Supernumerary) 	53923 	57769
National Institute of Technology, Jamshedpur	Civil Engineering (4 Years, Bachelor of Technology) 	HS 	OPEN 	Gender-Neutral 	32453 	46275
National Institute of Technology, Jamshedpur	Civil Engineering (4 Years, Bachelor of Technology) 	HS 	OPEN 	Female-only (including Supernumerary) 	62661 	68605
National Institute of Technology, Jamshedpur	Civil Engineering (4 Years, Bachelor of Technology) 	OS 	OPEN 	Gender-Neutral 	33032 	38924
National Institute of Technology, Jamshedpur	Civil Engineering (4 Years, Bachelor of Technology) 	OS 	OPEN 	Female-only (including Supernumerary) 	45561 	50540
National Institute of Technology, Jamshedpur	Computer Science and Engineering (4 Years, Bachelor of Technology) 	HS 	OPEN 	Gender-Neutral 	8299 	11264
National Institute of Technology, Jamshedpur	Computer Science and Engineering (4 Years, Bachelor of Technology) 	HS 	OPEN 	Female-only (including Supernumerary) 	14736 	19508
National Institute of Technology, Jamshedpur	Computer Science and Engineering (4 Years, Bachelor of Technology) 	OS 	OPEN 	Gender-Neutral 	6378 	8130
National Institute of Technology, Jamshedpur	Computer Science and Engineering (4 Years, Bachelor of Technology) 	OS 	OPEN 	Female-only (including Supernumerary) 	15486 	16847
National Institute of Technology, Jamshedpur	Electrical Engineering (4 Years, Bachelor of Technology) 	HS 	OPEN 	Gender-Neutral 	17583 	22001
National Institute of Technology, Jamshedpur	Electrical Engineering (4 Years, Bachelor of Technology) 	HS 	OPEN 	Female-only (including Supernumerary) 	33576 	39017
National Institute of Technology, Jamshedpur	Electrical Engineering (4 Years, Bachelor of Technology) 	OS 	OPEN 	Gender-Neutral 	14272 	17550
National Institute of Technology, Jamshedpur	Electrical Engineering (4 Years, Bachelor of Technology) 	OS 	OPEN 	Female-only (including Supernumerary) 	25334 	30963
National Institute of Technology, Jamshedpur	Electronics and Communication Engineering (4 Years, Bachelor of Technology) 	HS 	OPEN 	Gender-Neutral 	12336 	17264
National Institute of Technology, Jamshedpur	Electronics and Communication Engineering (4 Years, Bachelor of Technology) 	HS 	OPEN 	Female-only (including Supernumerary) 	21476 	33004
National Institute of Technology, Jamshedpur	Electronics and Communication Engineering (4 Years, Bachelor of Technology) 	OS 	OPEN 	Gender-Neutral 	9000 	11586
National Institute of Technology, Jamshedpur	Electronics and Communication Engineering (4 Years, Bachelor of Technology) 	OS 	OPEN 	Female-only (including Supernumerary) 	19995 	22912
National Institute of Technology, Jamshedpur	Engineering and Computational Mechanics (4 Years, Bachelor of Technology) 	HS 	OPEN 	Gender-Neutral 	23028 	26546
National Institute of Technology, Jamshedpur	Engineering and Computational Mechanics (4 Years, Bachelor of Technology) 	HS 	OPEN 	Female-only (including Supernumerary) 	50133 	50133
National Institute of Technology, Jamshedpur	Engineering and Computational Mechanics (4 Years, Bachelor of Technology) 	OS 	OPEN 	Gender-Neutral 	18809 	20025
National Institute of Technology, Jamshedpur	Engineering and Computational Mechanics (4 Years, Bachelor of Technology) 	OS 	OPEN 	Female-only (including Supernumerary) 	30680 	30680
National Institute of Technology, Jamshedpur	Mechanical Engineering (4 Years, Bachelor of Technology) 	HS 	OPEN 	Gender-Neutral 	23470 	33105
National Institute of Technology, Jamshedpur	Mechanical Engineering (4 Years, Bachelor of Technology) 	HS 	OPEN 	Female-only (including Supernumerary) 	45354 	59944
National Institute of Technology, Jamshedpur	Mechanical Engineering (4 Years, Bachelor of Technology) 	OS 	OPEN 	Gender-Neutral 	21188 	25728
National Institute of Technology, Jamshedpur	Mechanical Engineering (4 Years, Bachelor of Technology) 	OS 	OPEN 	Female-only (including Supernumerary) 	30836 	45371
National Institute of Technology, Jamshedpur	Metallurgical and Materials Engineering (4 Years, Bachelor of Technology) 	HS 	OPEN 	Gender-Neutral 	37936 	47333
National Institute of Technology, Jamshedpur	Metallurgical and Materials Engineering (4 Years, Bachelor of Technology) 	HS 	OPEN 	Female-only (including Supernumerary) 	63468 	72247
National Institute of Technology, Jamshedpur	Metallurgical and Materials Engineering (4 Years, Bachelor of Technology) 	OS 	OPEN 	Gender-Neutral 	28005 	42215
National Institute of Technology, Jamshedpur	Metallurgical and Materials Engineering (4 Years, Bachelor of Technology) 	OS 	OPEN 	Female-only (including Supernumerary) 	42580 	51556
National Institute of Technology, Jamshedpur	Production and Industrial Engineering (4 Years, Bachelor of Technology) 	HS 	OPEN 	Gender-Neutral 	44420 	51697
National Institute of Technology, Jamshedpur	Production and Industrial Engineering (4 Years, Bachelor of Technology) 	HS 	OPEN 	Female-only (including Supernumerary) 	62623 	76814
National Institute of Technology, Jamshedpur	Production and Industrial Engineering (4 Years, Bachelor of Technology) 	OS 	OPEN 	Gender-Neutral 	28114 	39557
National Institute of Technology, Jamshedpur	Production and Industrial Engineering (4 Years, Bachelor of Technology) 	OS 	OPEN 	Female-only (including Supernumerary) 	51883 	53135
National Institute of Technology, Kurukshetra	Architecture (5 Years, Bachelor of Architecture) 	HS 	OPEN 	Gender-Neutral 	1357 	1793
National Institute of Technology, Kurukshetra	Architecture (5 Years, Bachelor of Architecture) 	HS 	OPEN 	Female-only (including Supernumerary) 	1201 	1326
National Institute of Technology, Kurukshetra	Architecture (5 Years, Bachelor of Architecture) 	OS 	OPEN 	Gender-Neutral 	698 	974
National Institute of Technology, Kurukshetra	Architecture (5 Years, Bachelor of Architecture) 	OS 	OPEN 	Female-only (including Supernumerary) 	281 	281
National Institute of Technology, Kurukshetra	Artificial Intelligence and Data Science (4 Years, Bachelor of Technology) 	HS 	OPEN 	Gender-Neutral 	8120 	11621
National Institute of Technology, Kurukshetra	Artificial Intelligence and Data Science (4 Years, Bachelor of Technology) 	HS 	OPEN 	Female-only (including Supernumerary) 	12609 	15964
National Institute of Technology, Kurukshetra	Artificial Intelligence and Data Science (4 Years, Bachelor of Technology) 	OS 	OPEN 	Gender-Neutral 	7122 	8048
National Institute of Technology, Kurukshetra	Artificial Intelligence and Data Science (4 Years, Bachelor of Technology) 	OS 	OPEN 	Female-only (including Supernumerary) 	15436 	16341
National Institute of Technology, Kurukshetra	Artificial Intelligence and Machine Learning (4 Years, Bachelor of Technology) 	HS 	OPEN 	Gender-Neutral 	5310 	10654
National Institute of Technology, Kurukshetra	Artificial Intelligence and Machine Learning (4 Years, Bachelor of Technology) 	HS 	OPEN 	Female-only (including Supernumerary) 	12986 	16221
National Institute of Technology, Kurukshetra	Artificial Intelligence and Machine Learning (4 Years, Bachelor of Technology) 	OS 	OPEN 	Gender-Neutral 	6993 	8462
National Institute of Technology, Kurukshetra	Artificial Intelligence and Machine Learning (4 Years, Bachelor of Technology) 	OS 	OPEN 	Female-only (including Supernumerary) 	13714 	14422
National Institute of Technology, Kurukshetra	Civil Engineering (4 Years, Bachelor of Technology) 	HS 	OPEN 	Gender-Neutral 	28543 	39551
National Institute of Technology, Kurukshetra	Civil Engineering (4 Years, Bachelor of Technology) 	HS 	OPEN 	Female-only (including Supernumerary) 	42070 	50993
National Institute of Technology, Kurukshetra	Civil Engineering (4 Years, Bachelor of Technology) 	OS 	OPEN 	Gender-Neutral 	25567 	34753
National Institute of Technology, Kurukshetra	Civil Engineering (4 Years, Bachelor of Technology) 	OS 	OPEN 	Female-only (including Supernumerary) 	40634 	46724
National Institute of Technology, Kurukshetra	Civil Engineering (5 Years, Bachelor and Master of Technology (Dual Degree)) 	HS 	OPEN 	Gender-Neutral 	41134 	41134
National Institute of Technology, Kurukshetra	Civil Engineering (5 Years, Bachelor and Master of Technology (Dual Degree)) 	HS 	OPEN 	Female-only (including Supernumerary) 	52199 	52199
National Institute of Technology, Kurukshetra	Civil Engineering (5 Years, Bachelor and Master of Technology (Dual Degree)) 	OS 	OPEN 	Gender-Neutral 	36067 	36067
National Institute of Technology, Kurukshetra	Civil Engineering (5 Years, Bachelor and Master of Technology (Dual Degree)) 	OS 	OPEN 	Female-only (including Supernumerary) 	49137 	49137
National Institute of Technology, Kurukshetra	Computer Science and Engineering (4 Years, Bachelor of Technology) 	HS 	OPEN 	Gender-Neutral 	6171 	8198
National Institute of Technology, Kurukshetra	Computer Science and Engineering (4 Years, Bachelor of Technology) 	HS 	OPEN 	Female-only (including Supernumerary) 	6972 	12218
National Institute of Technology, Kurukshetra	Computer Science and Engineering (4 Years, Bachelor of Technology) 	OS 	OPEN 	Gender-Neutral 	4139 	6366
National Institute of Technology, Kurukshetra	Computer Science and Engineering (4 Years, Bachelor of Technology) 	OS 	OPEN 	Female-only (including Supernumerary) 	10920 	11578
National Institute of Technology, Kurukshetra	Computer Science and Engineering (5 Years, Bachelor and Master of Technology (Dual Degree)) 	HS 	OPEN 	Gender-Neutral 	9517 	11456
National Institute of Technology, Kurukshetra	Computer Science and Engineering (5 Years, Bachelor and Master of Technology (Dual Degree)) 	OS 	OPEN 	Gender-Neutral 	7283 	7283
National Institute of Technology, Kurukshetra	Computer Science and Engineering (5 Years, Bachelor and Master of Technology (Dual Degree)) 	OS 	OPEN 	Female-only (including Supernumerary) 	13074 	13074
National Institute of Technology, Kurukshetra	Electrical Engineering (4 Years, Bachelor of Technology) 	HS 	OPEN 	Gender-Neutral 	15840 	22837
National Institute of Technology, Kurukshetra	Electrical Engineering (4 Years, Bachelor of Technology) 	HS 	OPEN 	Female-only (including Supernumerary) 	21088 	34142
National Institute of Technology, Kurukshetra	Electrical Engineering (4 Years, Bachelor of Technology) 	OS 	OPEN 	Gender-Neutral 	11488 	15078
National Institute of Technology, Kurukshetra	Electrical Engineering (4 Years, Bachelor of Technology) 	OS 	OPEN 	Female-only (including Supernumerary) 	22026 	25530
National Institute of Technology, Kurukshetra	Electrical Engineering (5 Years, Bachelor and Master of Technology (Dual Degree)) 	HS 	OPEN 	Gender-Neutral 	23379 	23712
National Institute of Technology, Kurukshetra	Electrical Engineering (5 Years, Bachelor and Master of Technology (Dual Degree)) 	OS 	OPEN 	Gender-Neutral 	15655 	15655
National Institute of Technology, Kurukshetra	Electrical Engineering (5 Years, Bachelor and Master of Technology (Dual Degree)) 	OS 	OPEN 	Female-only (including Supernumerary) 	28099 	28099
National Institute of Technology, Kurukshetra	Electronics and Communication Engineering (4 Years, Bachelor of Technology) 	HS 	OPEN 	Gender-Neutral 	9692 	15108
National Institute of Technology, Kurukshetra	Electronics and Communication Engineering (4 Years, Bachelor of Technology) 	HS 	OPEN 	Female-only (including Supernumerary) 	19030 	20820
National Institute of Technology, Kurukshetra	Electronics and Communication Engineering (4 Years, Bachelor of Technology) 	OS 	OPEN 	Gender-Neutral 	9398 	10582
National Institute of Technology, Kurukshetra	Electronics and Communication Engineering (4 Years, Bachelor of Technology) 	OS 	OPEN 	Female-only (including Supernumerary) 	15762 	19009
National Institute of Technology, Kurukshetra	Electronics and Communication Engineering (5 Years, Bachelor and Master of Technology (Dual Degree)) 	HS 	OPEN 	Gender-Neutral 	16112 	16112
National Institute of Technology, Kurukshetra	Electronics and Communication Engineering (5 Years, Bachelor and Master of Technology (Dual Degree)) 	HS 	OPEN 	Female-only (including Supernumerary) 	20177 	20177
National Institute of Technology, Kurukshetra	Electronics and Communication Engineering (5 Years, Bachelor and Master of Technology (Dual Degree)) 	OS 	OPEN 	Gender-Neutral 	11963 	11963
National Institute of Technology, Kurukshetra	Electronics and Communication Engineering (5 Years, Bachelor and Master of Technology (Dual Degree)) 	OS 	OPEN 	Female-only (including Supernumerary) 	21093 	21093
National Institute of Technology, Kurukshetra	Industrial Internet of Things (4 Years, Bachelor of Technology) 	HS 	OPEN 	Gender-Neutral 	16892 	24083
National Institute of Technology, Kurukshetra	Industrial Internet of Things (4 Years, Bachelor of Technology) 	HS 	OPEN 	Female-only (including Supernumerary) 	28491 	29077
National Institute of Technology, Kurukshetra	Industrial Internet of Things (4 Years, Bachelor of Technology) 	OS 	OPEN 	Gender-Neutral 	13521 	16537
National Institute of Technology, Kurukshetra	Industrial Internet of Things (4 Years, Bachelor of Technology) 	OS 	OPEN 	Female-only (including Supernumerary) 	23143 	26170
National Institute of Technology, Kurukshetra	Information Technology (4 Years, Bachelor of Technology) 	HS 	OPEN 	Gender-Neutral 	8245 	10955
National Institute of Technology, Kurukshetra	Information Technology (4 Years, Bachelor of Technology) 	HS 	OPEN 	Female-only (including Supernumerary) 	12437 	13315
National Institute of Technology, Kurukshetra	Information Technology (4 Years, Bachelor of Technology) 	OS 	OPEN 	Gender-Neutral 	6562 	7998
National Institute of Technology, Kurukshetra	Information Technology (4 Years, Bachelor of Technology) 	OS 	OPEN 	Female-only (including Supernumerary) 	11881 	15361
National Institute of Technology, Kurukshetra	Mathematics and Computing (4 Years, Bachelor of Technology) 	HS 	OPEN 	Gender-Neutral 	11548 	14176
National Institute of Technology, Kurukshetra	Mathematics and Computing (4 Years, Bachelor of Technology) 	HS 	OPEN 	Female-only (including Supernumerary) 	13080 	18112
National Institute of Technology, Kurukshetra	Mathematics and Computing (4 Years, Bachelor of Technology) 	OS 	OPEN 	Gender-Neutral 	6817 	9667
National Institute of Technology, Kurukshetra	Mathematics and Computing (4 Years, Bachelor of Technology) 	OS 	OPEN 	Female-only (including Supernumerary) 	15090 	16318
National Institute of Technology, Kurukshetra	Mechanical Engineering (4 Years, Bachelor of Technology) 	HS 	OPEN 	Gender-Neutral 	23285 	27581
National Institute of Technology, Kurukshetra	Mechanical Engineering (4 Years, Bachelor of Technology) 	HS 	OPEN 	Female-only (including Supernumerary) 	37992 	42172
National Institute of Technology, Kurukshetra	Mechanical Engineering (4 Years, Bachelor of Technology) 	OS 	OPEN 	Gender-Neutral 	16551 	21660
National Institute of Technology, Kurukshetra	Mechanical Engineering (4 Years, Bachelor of Technology) 	OS 	OPEN 	Female-only (including Supernumerary) 	31532 	35715
National Institute of Technology, Kurukshetra	Mechanical Engineering (5 Years, Bachelor and Master of Technology (Dual Degree)) 	HS 	OPEN 	Gender-Neutral 	29194 	30995
National Institute of Technology, Kurukshetra	Mechanical Engineering (5 Years, Bachelor and Master of Technology (Dual Degree)) 	OS 	OPEN 	Gender-Neutral 	20199 	20199
National Institute of Technology, Kurukshetra	Mechanical Engineering (5 Years, Bachelor and Master of Technology (Dual Degree)) 	OS 	OPEN 	Female-only (including Supernumerary) 	38789 	38789
National Institute of Technology, Kurukshetra	Microelectronics & VLSI Engineering (4 Years, Bachelor of Technology) 	HS 	OPEN 	Gender-Neutral 	12733 	21568
National Institute of Technology, Kurukshetra	Microelectronics & VLSI Engineering (4 Years, Bachelor of Technology) 	HS 	OPEN 	Female-only (including Supernumerary) 	25326 	28066
National Institute of Technology, Kurukshetra	Microelectronics & VLSI Engineering (4 Years, Bachelor of Technology) 	OS 	OPEN 	Gender-Neutral 	11668 	13801
National Institute of Technology, Kurukshetra	Microelectronics & VLSI Engineering (4 Years, Bachelor of Technology) 	OS 	OPEN 	Female-only (including Supernumerary) 	20664 	20992
National Institute of Technology, Kurukshetra	Production and Industrial Engineering (4 Years, Bachelor of Technology) 	HS 	OPEN 	Gender-Neutral 	31033 	39858
National Institute of Technology, Kurukshetra	Production and Industrial Engineering (4 Years, Bachelor of Technology) 	HS 	OPEN 	Female-only (including Supernumerary) 	49456 	56629
National Institute of Technology, Kurukshetra	Production and Industrial Engineering (4 Years, Bachelor of Technology) 	OS 	OPEN 	Gender-Neutral 	29224 	34657
National Institute of Technology, Kurukshetra	Production and Industrial Engineering (4 Years, Bachelor of Technology) 	OS 	OPEN 	Female-only (including Supernumerary) 	47430 	47430
National Institute of Technology, Kurukshetra	ROBOTICS & AUTOMATION (4 Years, Bachelor of Technology) 	HS 	OPEN 	Gender-Neutral 	14763 	19399
National Institute of Technology, Kurukshetra	ROBOTICS & AUTOMATION (4 Years, Bachelor of Technology) 	HS 	OPEN 	Female-only (including Supernumerary) 	18339 	20080
National Institute of Technology, Kurukshetra	ROBOTICS & AUTOMATION (4 Years, Bachelor of Technology) 	OS 	OPEN 	Gender-Neutral 	11415 	12731
National Institute of Technology, Kurukshetra	ROBOTICS & AUTOMATION (4 Years, Bachelor of Technology) 	OS 	OPEN 	Female-only (including Supernumerary) 	16686 	16686
National Institute of Technology, Kurukshetra	SUSTAINABLE ENERGY TECHNOLOGIES (4 Years, Bachelor of Technology) 	HS 	OPEN 	Gender-Neutral 	39409 	43533
National Institute of Technology, Kurukshetra	SUSTAINABLE ENERGY TECHNOLOGIES (4 Years, Bachelor of Technology) 	HS 	OPEN 	Female-only (including Supernumerary) 	56788 	57357
National Institute of Technology, Kurukshetra	SUSTAINABLE ENERGY TECHNOLOGIES (4 Years, Bachelor of Technology) 	OS 	OPEN 	Gender-Neutral 	23191 	31642
National Institute of Technology, Kurukshetra	SUSTAINABLE ENERGY TECHNOLOGIES (4 Years, Bachelor of Technology) 	OS 	OPEN 	Female-only (including Supernumerary) 	41864 	46242
National Institute of Technology, Manipur	Civil Engineering (4 Years, Bachelor of Technology) 	HS 	OPEN 	Gender-Neutral 	171740 	278552
National Institute of Technology, Manipur	Civil Engineering (4 Years, Bachelor of Technology) 	HS 	OPEN 	Female-only (including Supernumerary) 	287849 	287849
National Institute of Technology, Manipur	Civil Engineering (4 Years, Bachelor of Technology) 	OS 	OPEN 	Gender-Neutral 	50055 	55838
National Institute of Technology, Manipur	Civil Engineering (4 Years, Bachelor of Technology) 	OS 	OPEN 	Female-only (including Supernumerary) 	68527 	68893
National Institute of Technology, Manipur	Computer Science and Engineering (4 Years, Bachelor of Technology) 	HS 	OPEN 	Gender-Neutral 	62755 	195740
National Institute of Technology, Manipur	Computer Science and Engineering (4 Years, Bachelor of Technology) 	HS 	OPEN 	Female-only (including Supernumerary) 	107156 	245850
National Institute of Technology, Manipur	Computer Science and Engineering (4 Years, Bachelor of Technology) 	OS 	OPEN 	Gender-Neutral 	23277 	31384
National Institute of Technology, Manipur	Computer Science and Engineering (4 Years, Bachelor of Technology) 	OS 	OPEN 	Female-only (including Supernumerary) 	37690 	46638
National Institute of Technology, Manipur	Electrical Engineering (4 Years, Bachelor of Technology) 	HS 	OPEN 	Gender-Neutral 	143879 	326143
National Institute of Technology, Manipur	Electrical Engineering (4 Years, Bachelor of Technology) 	HS 	OPEN 	Female-only (including Supernumerary) 	591955 	591955
National Institute of Technology, Manipur	Electrical Engineering (4 Years, Bachelor of Technology) 	OS 	OPEN 	Gender-Neutral 	40513 	44070
National Institute of Technology, Manipur	Electrical Engineering (4 Years, Bachelor of Technology) 	OS 	OPEN 	Female-only (including Supernumerary) 	55677 	58102
National Institute of Technology, Manipur	Electronics and Communication Engineering (4 Years, Bachelor of Technology) 	HS 	OPEN 	Gender-Neutral 	133978 	277952
National Institute of Technology, Manipur	Electronics and Communication Engineering (4 Years, Bachelor of Technology) 	HS 	OPEN 	Female-only (including Supernumerary) 	323476 	625673
National Institute of Technology, Manipur	Electronics and Communication Engineering (4 Years, Bachelor of Technology) 	OS 	OPEN 	Gender-Neutral 	30444 	40587
National Institute of Technology, Manipur	Electronics and Communication Engineering (4 Years, Bachelor of Technology) 	OS 	OPEN 	Female-only (including Supernumerary) 	51368 	52498
National Institute of Technology, Manipur	Mechanical Engineering (4 Years, Bachelor of Technology) 	HS 	OPEN 	Gender-Neutral 	262448 	392387
National Institute of Technology, Manipur	Mechanical Engineering (4 Years, Bachelor of Technology) 	HS 	OPEN 	Female-only (including Supernumerary) 	640722 	652566
National Institute of Technology, Manipur	Mechanical Engineering (4 Years, Bachelor of Technology) 	OS 	OPEN 	Gender-Neutral 	42927 	47065
National Institute of Technology, Manipur	Mechanical Engineering (4 Years, Bachelor of Technology) 	OS 	OPEN 	Female-only (including Supernumerary) 	64296 	65033
National Institute of Technology, Mizoram	Chemical Science and Technology (4 Years, Bachelor of Technology) 	HS 	OPEN 	Gender-Neutral 	1274910 	1274910
National Institute of Technology, Mizoram	Chemical Science and Technology (4 Years, Bachelor of Technology) 	OS 	OPEN 	Gender-Neutral 	39552 	53298
National Institute of Technology, Mizoram	Chemical Science and Technology (4 Years, Bachelor of Technology) 	OS 	OPEN 	Female-only (including Supernumerary) 	63480 	63480
National Institute of Technology, Mizoram	Civil Engineering (4 Years, Bachelor of Technology) 	HS 	OPEN 	Gender-Neutral 	400777 	548694
National Institute of Technology, Mizoram	Civil Engineering (4 Years, Bachelor of Technology) 	HS 	OPEN 	Female-only (including Supernumerary) 	381812 	535246
National Institute of Technology, Mizoram	Civil Engineering (4 Years, Bachelor of Technology) 	OS 	OPEN 	Gender-Neutral 	44778 	55330
National Institute of Technology, Mizoram	Civil Engineering (4 Years, Bachelor of Technology) 	OS 	OPEN 	Female-only (including Supernumerary) 	67137 	67137
National Institute of Technology, Mizoram	Computer Science and Engineering (4 Years, Bachelor of Technology) 	HS 	OPEN 	Gender-Neutral 	271407 	493621
National Institute of Technology, Mizoram	Computer Science and Engineering (4 Years, Bachelor of Technology) 	HS 	OPEN 	Female-only (including Supernumerary) 	1002085 	1002085
National Institute of Technology, Mizoram	Computer Science and Engineering (4 Years, Bachelor of Technology) 	OS 	OPEN 	Gender-Neutral 	30040 	33179
National Institute of Technology, Mizoram	Computer Science and Engineering (4 Years, Bachelor of Technology) 	OS 	OPEN 	Female-only (including Supernumerary) 	47354 	47354
National Institute of Technology, Mizoram	Electrical Engineering (4 Years, Bachelor of Technology) 	HS 	OPEN 	Gender-Neutral 	639117 	1176727
National Institute of Technology, Mizoram	Electrical Engineering (4 Years, Bachelor of Technology) 	OS 	OPEN 	Gender-Neutral 	41708 	45141
National Institute of Technology, Mizoram	Electrical Engineering (4 Years, Bachelor of Technology) 	OS 	OPEN 	Female-only (including Supernumerary) 	54419 	54419
National Institute of Technology, Mizoram	Electronics and Communication Engineering (4 Years, Bachelor of Technology) 	HS 	OPEN 	Gender-Neutral 	888104 	1105820
National Institute of Technology, Mizoram	Electronics and Communication Engineering (4 Years, Bachelor of Technology) 	OS 	OPEN 	Gender-Neutral 	39170 	42182
National Institute of Technology, Mizoram	Electronics and Communication Engineering (4 Years, Bachelor of Technology) 	OS 	OPEN 	Female-only (including Supernumerary) 	53709 	53709
National Institute of Technology, Mizoram	Mathematics and Computing (4 Years, Bachelor of Technology) 	HS 	OPEN 	Gender-Neutral 	724185 	764291
National Institute of Technology, Mizoram	Mathematics and Computing (4 Years, Bachelor of Technology) 	HS 	OPEN 	Female-only (including Supernumerary) 	1210797 	1210797
National Institute of Technology, Mizoram	Mathematics and Computing (4 Years, Bachelor of Technology) 	OS 	OPEN 	Gender-Neutral 	20007 	37156
National Institute of Technology, Mizoram	Mathematics and Computing (4 Years, Bachelor of Technology) 	OS 	OPEN 	Female-only (including Supernumerary) 	52308 	52308
National Institute of Technology, Mizoram	Mechanical Engineering (4 Years, Bachelor of Technology) 	HS 	OPEN 	Gender-Neutral 	840727 	1314967
National Institute of Technology, Mizoram	Mechanical Engineering (4 Years, Bachelor of Technology) 	OS 	OPEN 	Gender-Neutral 	45411 	47240
National Institute of Technology, Mizoram	Mechanical Engineering (4 Years, Bachelor of Technology) 	OS 	OPEN 	Female-only (including Supernumerary) 	62642 	62642
National Institute of Technology, Rourkela	Architecture (5 Years, Bachelor of Architecture) 	HS 	OPEN 	Gender-Neutral 	643 	1223
National Institute of Technology, Rourkela	Architecture (5 Years, Bachelor of Architecture) 	HS 	OPEN 	Female-only (including Supernumerary) 	1204 	1204
National Institute of Technology, Rourkela	Architecture (5 Years, Bachelor of Architecture) 	OS 	OPEN 	Gender-Neutral 	323 	511
National Institute of Technology, Rourkela	Architecture (5 Years, Bachelor of Architecture) 	OS 	OPEN 	Female-only (including Supernumerary) 	369 	369
National Institute of Technology, Rourkela	Artificial Intelligence (4 Years, Bachelor of Technology) 	HS 	OPEN 	Gender-Neutral 	8001 	9099
National Institute of Technology, Rourkela	Artificial Intelligence (4 Years, Bachelor of Technology) 	HS 	OPEN 	Female-only (including Supernumerary) 	17226 	18371
National Institute of Technology, Rourkela	Artificial Intelligence (4 Years, Bachelor of Technology) 	OS 	OPEN 	Gender-Neutral 	2962 	3665
National Institute of Technology, Rourkela	Artificial Intelligence (4 Years, Bachelor of Technology) 	OS 	OPEN 	Female-only (including Supernumerary) 	5770 	6735
National Institute of Technology, Rourkela	Bio Medical Engineering (4 Years, Bachelor of Technology) 	HS 	OPEN 	Gender-Neutral 	37901 	45260
National Institute of Technology, Rourkela	Bio Medical Engineering (4 Years, Bachelor of Technology) 	HS 	OPEN 	Female-only (including Supernumerary) 	44607 	47758
National Institute of Technology, Rourkela	Bio Medical Engineering (4 Years, Bachelor of Technology) 	OS 	OPEN 	Gender-Neutral 	20854 	32374
National Institute of Technology, Rourkela	Bio Medical Engineering (4 Years, Bachelor of Technology) 	OS 	OPEN 	Female-only (including Supernumerary) 	13114 	20720
National Institute of Technology, Rourkela	Bio Technology (4 Years, Bachelor of Technology) 	HS 	OPEN 	Gender-Neutral 	33774 	41882
National Institute of Technology, Rourkela	Bio Technology (4 Years, Bachelor of Technology) 	HS 	OPEN 	Female-only (including Supernumerary) 	49464 	54157
National Institute of Technology, Rourkela	Bio Technology (4 Years, Bachelor of Technology) 	OS 	OPEN 	Gender-Neutral 	12088 	24662
National Institute of Technology, Rourkela	Bio Technology (4 Years, Bachelor of Technology) 	OS 	OPEN 	Female-only (including Supernumerary) 	33381 	33575
National Institute of Technology, Rourkela	Ceramic Engineering (4 Years, Bachelor of Technology) 	HS 	OPEN 	Gender-Neutral 	31363 	40921
National Institute of Technology, Rourkela	Ceramic Engineering (4 Years, Bachelor of Technology) 	HS 	OPEN 	Female-only (including Supernumerary) 	50863 	56317
National Institute of Technology, Rourkela	Ceramic Engineering (4 Years, Bachelor of Technology) 	OS 	OPEN 	Gender-Neutral 	24246 	30468
National Institute of Technology, Rourkela	Ceramic Engineering (4 Years, Bachelor of Technology) 	OS 	OPEN 	Female-only (including Supernumerary) 	48338 	49648
National Institute of Technology, Rourkela	Ceramic Engineering and M.Tech Industrial Ceramic (5 Years, Bachelor and Master of Technology (Dual Degree)) 	HS 	OPEN 	Gender-Neutral 	44409 	50899
National Institute of Technology, Rourkela	Ceramic Engineering and M.Tech Industrial Ceramic (5 Years, Bachelor and Master of Technology (Dual Degree)) 	HS 	OPEN 	Female-only (including Supernumerary) 	60050 	60050
National Institute of Technology, Rourkela	Ceramic Engineering and M.Tech Industrial Ceramic (5 Years, Bachelor and Master of Technology (Dual Degree)) 	OS 	OPEN 	Gender-Neutral 	35129 	37764
National Institute of Technology, Rourkela	Ceramic Engineering and M.Tech Industrial Ceramic (5 Years, Bachelor and Master of Technology (Dual Degree)) 	OS 	OPEN 	Female-only (including Supernumerary) 	48228 	48228
National Institute of Technology, Rourkela	Chemical Engineering (4 Years, Bachelor of Technology) 	HS 	OPEN 	Gender-Neutral 	19047 	23539
National Institute of Technology, Rourkela	Chemical Engineering (4 Years, Bachelor of Technology) 	HS 	OPEN 	Female-only (including Supernumerary) 	31958 	39325
National Institute of Technology, Rourkela	Chemical Engineering (4 Years, Bachelor of Technology) 	OS 	OPEN 	Gender-Neutral 	13111 	15929
National Institute of Technology, Rourkela	Chemical Engineering (4 Years, Bachelor of Technology) 	OS 	OPEN 	Female-only (including Supernumerary) 	24875 	28759
National Institute of Technology, Rourkela	Chemical Engineering (5 Years, Bachelor and Master of Technology (Dual Degree)) 	HS 	OPEN 	Gender-Neutral 	24496 	33511
National Institute of Technology, Rourkela	Chemical Engineering (5 Years, Bachelor and Master of Technology (Dual Degree)) 	OS 	OPEN 	Gender-Neutral 	16985 	20805
National Institute of Technology, Rourkela	Chemical Engineering (5 Years, Bachelor and Master of Technology (Dual Degree)) 	OS 	OPEN 	Female-only (including Supernumerary) 	30572 	30572
National Institute of Technology, Rourkela	Chemistry (5 Years, Integrated Master of Science) 	HS 	OPEN 	Gender-Neutral 	52981 	53904
National Institute of Technology, Rourkela	Chemistry (5 Years, Integrated Master of Science) 	HS 	OPEN 	Female-only (including Supernumerary) 	56782 	56782
National Institute of Technology, Rourkela	Chemistry (5 Years, Integrated Master of Science) 	OS 	OPEN 	Gender-Neutral 	34709 	38235
National Institute of Technology, Rourkela	Chemistry (5 Years, Integrated Master of Science) 	OS 	OPEN 	Female-only (including Supernumerary) 	34430 	34430
National Institute of Technology, Rourkela	Civil Engineering (4 Years, Bachelor of Technology) 	HS 	OPEN 	Gender-Neutral 	24147 	27915
National Institute of Technology, Rourkela	Civil Engineering (4 Years, Bachelor of Technology) 	HS 	OPEN 	Female-only (including Supernumerary) 	41040 	43108
National Institute of Technology, Rourkela	Civil Engineering (4 Years, Bachelor of Technology) 	OS 	OPEN 	Gender-Neutral 	12171 	24526
National Institute of Technology, Rourkela	Civil Engineering (4 Years, Bachelor of Technology) 	OS 	OPEN 	Female-only (including Supernumerary) 	30429 	36568
National Institute of Technology, Rourkela	Computer Science and Engineering (4 Years, Bachelor of Technology) 	HS 	OPEN 	Gender-Neutral 	4273 	7853
National Institute of Technology, Rourkela	Computer Science and Engineering (4 Years, Bachelor of Technology) 	HS 	OPEN 	Female-only (including Supernumerary) 	6969 	16197
National Institute of Technology, Rourkela	Computer Science and Engineering (4 Years, Bachelor of Technology) 	OS 	OPEN 	Gender-Neutral 	2273 	3156
National Institute of Technology, Rourkela	Computer Science and Engineering (4 Years, Bachelor of Technology) 	OS 	OPEN 	Female-only (including Supernumerary) 	1434 	5524
National Institute of Technology, Rourkela	Electrical Engineering (4 Years, Bachelor of Technology) 	HS 	OPEN 	Gender-Neutral 	11122 	16008
National Institute of Technology, Rourkela	Electrical Engineering (4 Years, Bachelor of Technology) 	HS 	OPEN 	Female-only (including Supernumerary) 	23067 	30552
National Institute of Technology, Rourkela	Electrical Engineering (4 Years, Bachelor of Technology) 	OS 	OPEN 	Gender-Neutral 	7141 	9611
National Institute of Technology, Rourkela	Electrical Engineering (4 Years, Bachelor of Technology) 	OS 	OPEN 	Female-only (including Supernumerary) 	14971 	16882
National Institute of Technology, Rourkela	Electronics and Communication Engineering (4 Years, Bachelor of Technology) 	HS 	OPEN 	Gender-Neutral 	9309 	11195
National Institute of Technology, Rourkela	Electronics and Communication Engineering (4 Years, Bachelor of Technology) 	HS 	OPEN 	Female-only (including Supernumerary) 	20039 	20920
National Institute of Technology, Rourkela	Electronics and Communication Engineering (4 Years, Bachelor of Technology) 	OS 	OPEN 	Gender-Neutral 	4632 	5264
National Institute of Technology, Rourkela	Electronics and Communication Engineering (4 Years, Bachelor of Technology) 	OS 	OPEN 	Female-only (including Supernumerary) 	6697 	10506
National Institute of Technology, Rourkela	Electronics and Instrumentation Engineering (4 Years, Bachelor of Technology) 	HS 	OPEN 	Gender-Neutral 	11213 	13784
National Institute of Technology, Rourkela	Electronics and Instrumentation Engineering (4 Years, Bachelor of Technology) 	HS 	OPEN 	Female-only (including Supernumerary) 	21765 	21904
National Institute of Technology, Rourkela	Electronics and Instrumentation Engineering (4 Years, Bachelor of Technology) 	OS 	OPEN 	Gender-Neutral 	7175 	8195
National Institute of Technology, Rourkela	Electronics and Instrumentation Engineering (4 Years, Bachelor of Technology) 	OS 	OPEN 	Female-only (including Supernumerary) 	11705 	13968
National Institute of Technology, Rourkela	Food Process Engineering (4 Years, Bachelor of Technology) 	HS 	OPEN 	Gender-Neutral 	43338 	47772
National Institute of Technology, Rourkela	Food Process Engineering (4 Years, Bachelor of Technology) 	HS 	OPEN 	Female-only (including Supernumerary) 	54386 	54386
National Institute of Technology, Rourkela	Food Process Engineering (4 Years, Bachelor of Technology) 	OS 	OPEN 	Gender-Neutral 	35847 	37193
National Institute of Technology, Rourkela	Food Process Engineering (4 Years, Bachelor of Technology) 	OS 	OPEN 	Female-only (including Supernumerary) 	33994 	33994
National Institute of Technology, Rourkela	Industrial Design (4 Years, Bachelor of Technology) 	HS 	OPEN 	Gender-Neutral 	22708 	30209
National Institute of Technology, Rourkela	Industrial Design (4 Years, Bachelor of Technology) 	HS 	OPEN 	Female-only (including Supernumerary) 	34171 	34233
National Institute of Technology, Rourkela	Industrial Design (4 Years, Bachelor of Technology) 	OS 	OPEN 	Gender-Neutral 	17896 	23298
National Institute of Technology, Rourkela	Industrial Design (4 Years, Bachelor of Technology) 	OS 	OPEN 	Female-only (including Supernumerary) 	16077 	27788
National Institute of Technology, Rourkela	Life Science (5 Years, Integrated Master of Science) 	HS 	OPEN 	Gender-Neutral 	56657 	64892
National Institute of Technology, Rourkela	Life Science (5 Years, Integrated Master of Science) 	HS 	OPEN 	Female-only (including Supernumerary) 	57966 	57966
National Institute of Technology, Rourkela	Life Science (5 Years, Integrated Master of Science) 	OS 	OPEN 	Gender-Neutral 	37534 	42079
National Institute of Technology, Rourkela	Life Science (5 Years, Integrated Master of Science) 	OS 	OPEN 	Female-only (including Supernumerary) 	50922 	50922
National Institute of Technology, Rourkela	Mathematics (5 Years, Integrated Master of Science) 	HS 	OPEN 	Gender-Neutral 	24472 	50360
National Institute of Technology, Rourkela	Mathematics (5 Years, Integrated Master of Science) 	HS 	OPEN 	Female-only (including Supernumerary) 	51226 	51226
National Institute of Technology, Rourkela	Mathematics (5 Years, Integrated Master of Science) 	OS 	OPEN 	Gender-Neutral 	19397 	24205
National Institute of Technology, Rourkela	Mathematics (5 Years, Integrated Master of Science) 	OS 	OPEN 	Female-only (including Supernumerary) 	34818 	34818
National Institute of Technology, Rourkela	Mechanical Engineering (4 Years, Bachelor of Technology) 	HS 	OPEN 	Gender-Neutral 	16016 	20771
National Institute of Technology, Rourkela	Mechanical Engineering (4 Years, Bachelor of Technology) 	HS 	OPEN 	Female-only (including Supernumerary) 	20184 	31957
National Institute of Technology, Rourkela	Mechanical Engineering (4 Years, Bachelor of Technology) 	OS 	OPEN 	Gender-Neutral 	10220 	12995
National Institute of Technology, Rourkela	Mechanical Engineering (4 Years, Bachelor of Technology) 	OS 	OPEN 	Female-only (including Supernumerary) 	22323 	24059
National Institute of Technology, Rourkela	Metallurgical and Materials Engineering (4 Years, Bachelor of Technology) 	HS 	OPEN 	Gender-Neutral 	21289 	29837
National Institute of Technology, Rourkela	Metallurgical and Materials Engineering (4 Years, Bachelor of Technology) 	HS 	OPEN 	Female-only (including Supernumerary) 	40082 	48117
National Institute of Technology, Rourkela	Metallurgical and Materials Engineering (4 Years, Bachelor of Technology) 	OS 	OPEN 	Gender-Neutral 	21036 	27054
National Institute of Technology, Rourkela	Metallurgical and Materials Engineering (4 Years, Bachelor of Technology) 	OS 	OPEN 	Female-only (including Supernumerary) 	39426 	39801
National Institute of Technology, Rourkela	Metallurgical and Materials Engineering (5 Years, Bachelor and Master of Technology (Dual Degree)) 	HS 	OPEN 	Gender-Neutral 	36055 	39890
National Institute of Technology, Rourkela	Metallurgical and Materials Engineering (5 Years, Bachelor and Master of Technology (Dual Degree)) 	OS 	OPEN 	Gender-Neutral 	29550 	33829
National Institute of Technology, Rourkela	Metallurgical and Materials Engineering (5 Years, Bachelor and Master of Technology (Dual Degree)) 	OS 	OPEN 	Female-only (including Supernumerary) 	47131 	47131
National Institute of Technology, Rourkela	Mining Engineering (4 Years, Bachelor of Technology) 	HS 	OPEN 	Gender-Neutral 	23730 	35557
National Institute of Technology, Rourkela	Mining Engineering (4 Years, Bachelor of Technology) 	HS 	OPEN 	Female-only (including Supernumerary) 	31320 	43773
National Institute of Technology, Rourkela	Mining Engineering (4 Years, Bachelor of Technology) 	OS 	OPEN 	Gender-Neutral 	24815 	30904
National Institute of Technology, Rourkela	Mining Engineering (4 Years, Bachelor of Technology) 	OS 	OPEN 	Female-only (including Supernumerary) 	48120 	48630
National Institute of Technology, Rourkela	Mining Engineering (5 Years, Bachelor and Master of Technology (Dual Degree)) 	HS 	OPEN 	Gender-Neutral 	40154 	40423
National Institute of Technology, Rourkela	Mining Engineering (5 Years, Bachelor and Master of Technology (Dual Degree)) 	OS 	OPEN 	Gender-Neutral 	34956 	37567
National Institute of Technology, Rourkela	Physics (5 Years, Integrated Master of Science) 	HS 	OPEN 	Gender-Neutral 	50526 	52304
National Institute of Technology, Rourkela	Physics (5 Years, Integrated Master of Science) 	HS 	OPEN 	Female-only (including Supernumerary) 	43878 	43878
National Institute of Technology, Rourkela	Physics (5 Years, Integrated Master of Science) 	OS 	OPEN 	Gender-Neutral 	10305 	17826
National Institute of Technology, Rourkela	Physics (5 Years, Integrated Master of Science) 	OS 	OPEN 	Female-only (including Supernumerary) 	27473 	27473
National Institute of Technology, Silchar	Civil Engineering (4 Years, Bachelor of Technology) 	HS 	OPEN 	Gender-Neutral 	40616 	76662
National Institute of Technology, Silchar	Civil Engineering (4 Years, Bachelor of Technology) 	HS 	OPEN 	Female-only (including Supernumerary) 	66063 	97162
National Institute of Technology, Silchar	Civil Engineering (4 Years, Bachelor of Technology) 	OS 	OPEN 	Gender-Neutral 	35465 	42877
National Institute of Technology, Silchar	Civil Engineering (4 Years, Bachelor of Technology) 	OS 	OPEN 	Female-only (including Supernumerary) 	53879 	58351
National Institute of Technology, Silchar	Computer Science and Engineering (4 Years, Bachelor of Technology) 	HS 	OPEN 	Gender-Neutral 	9260 	22340
National Institute of Technology, Silchar	Computer Science and Engineering (4 Years, Bachelor of Technology) 	HS 	OPEN 	Female-only (including Supernumerary) 	22196 	45010
National Institute of Technology, Silchar	Computer Science and Engineering (4 Years, Bachelor of Technology) 	OS 	OPEN 	Gender-Neutral 	8010 	11599
National Institute of Technology, Silchar	Computer Science and Engineering (4 Years, Bachelor of Technology) 	OS 	OPEN 	Female-only (including Supernumerary) 	16619 	20151
National Institute of Technology, Silchar	Electrical Engineering (4 Years, Bachelor of Technology) 	HS 	OPEN 	Gender-Neutral 	38427 	57078
National Institute of Technology, Silchar	Electrical Engineering (4 Years, Bachelor of Technology) 	HS 	OPEN 	Female-only (including Supernumerary) 	73141 	89120
National Institute of Technology, Silchar	Electrical Engineering (4 Years, Bachelor of Technology) 	OS 	OPEN 	Gender-Neutral 	16949 	23289
National Institute of Technology, Silchar	Electrical Engineering (4 Years, Bachelor of Technology) 	OS 	OPEN 	Female-only (including Supernumerary) 	31047 	39492
National Institute of Technology, Silchar	Electronics and Communication Engineering (4 Years, Bachelor of Technology) 	HS 	OPEN 	Gender-Neutral 	23336 	38288
National Institute of Technology, Silchar	Electronics and Communication Engineering (4 Years, Bachelor of Technology) 	HS 	OPEN 	Female-only (including Supernumerary) 	47951 	62066
National Institute of Technology, Silchar	Electronics and Communication Engineering (4 Years, Bachelor of Technology) 	OS 	OPEN 	Gender-Neutral 	11965 	16180
National Institute of Technology, Silchar	Electronics and Communication Engineering (4 Years, Bachelor of Technology) 	OS 	OPEN 	Female-only (including Supernumerary) 	24152 	27153
National Institute of Technology, Silchar	Electronics and Instrumentation Engineering (4 Years, Bachelor of Technology) 	HS 	OPEN 	Gender-Neutral 	37378 	47945
National Institute of Technology, Silchar	Electronics and Instrumentation Engineering (4 Years, Bachelor of Technology) 	HS 	OPEN 	Female-only (including Supernumerary) 	63019 	68973
National Institute of Technology, Silchar	Electronics and Instrumentation Engineering (4 Years, Bachelor of Technology) 	OS 	OPEN 	Gender-Neutral 	18315 	20531
National Institute of Technology, Silchar	Electronics and Instrumentation Engineering (4 Years, Bachelor of Technology) 	OS 	OPEN 	Female-only (including Supernumerary) 	29064 	36262
National Institute of Technology, Silchar	Mechanical Engineering (4 Years, Bachelor of Technology) 	HS 	OPEN 	Gender-Neutral 	33832 	63304
National Institute of Technology, Silchar	Mechanical Engineering (4 Years, Bachelor of Technology) 	HS 	OPEN 	Female-only (including Supernumerary) 	27017 	90827
National Institute of Technology, Silchar	Mechanical Engineering (4 Years, Bachelor of Technology) 	OS 	OPEN 	Gender-Neutral 	23220 	30603
National Institute of Technology, Silchar	Mechanical Engineering (4 Years, Bachelor of Technology) 	OS 	OPEN 	Female-only (including Supernumerary) 	40912 	48900
National Institute of Technology, Srinagar	Chemical Engineering (4 Years, Bachelor of Technology) 	JK 	OPEN 	Gender-Neutral 	94637 	107777
National Institute of Technology, Srinagar	Chemical Engineering (4 Years, Bachelor of Technology) 	JK 	OPEN 	Female-only (including Supernumerary) 	150373 	150798
National Institute of Technology, Srinagar	Chemical Engineering (4 Years, Bachelor of Technology) 	LA 	OPEN 	Gender-Neutral 	372690 	372690
National Institute of Technology, Srinagar	Chemical Engineering (4 Years, Bachelor of Technology) 	OS 	OPEN 	Gender-Neutral 	41554 	49572
National Institute of Technology, Srinagar	Chemical Engineering (4 Years, Bachelor of Technology) 	OS 	OPEN 	Female-only (including Supernumerary) 	55566 	60190
National Institute of Technology, Srinagar	Civil Engineering (4 Years, Bachelor of Technology) 	JK 	OPEN 	Gender-Neutral 	33267 	104638
National Institute of Technology, Srinagar	Civil Engineering (4 Years, Bachelor of Technology) 	JK 	OPEN 	Female-only (including Supernumerary) 	45500 	129322
National Institute of Technology, Srinagar	Civil Engineering (4 Years, Bachelor of Technology) 	LA 	OPEN 	Gender-Neutral 	266955 	315730
National Institute of Technology, Srinagar	Civil Engineering (4 Years, Bachelor of Technology) 	OS 	OPEN 	Gender-Neutral 	21747 	52894
National Institute of Technology, Srinagar	Civil Engineering (4 Years, Bachelor of Technology) 	OS 	OPEN 	Female-only (including Supernumerary) 	54000 	68453
National Institute of Technology, Srinagar	Computer Science and Engineering (4 Years, Bachelor of Technology) 	JK 	OPEN 	Gender-Neutral 	9003 	36408
National Institute of Technology, Srinagar	Computer Science and Engineering (4 Years, Bachelor of Technology) 	JK 	OPEN 	Female-only (including Supernumerary) 	9490 	44114
National Institute of Technology, Srinagar	Computer Science and Engineering (4 Years, Bachelor of Technology) 	LA 	OPEN 	Gender-Neutral 	220991 	220991
National Institute of Technology, Srinagar	Computer Science and Engineering (4 Years, Bachelor of Technology) 	LA 	OPEN 	Female-only (including Supernumerary) 	295441 	295441
National Institute of Technology, Srinagar	Computer Science and Engineering (4 Years, Bachelor of Technology) 	OS 	OPEN 	Gender-Neutral 	13212 	24214
National Institute of Technology, Srinagar	Computer Science and Engineering (4 Years, Bachelor of Technology) 	OS 	OPEN 	Female-only (including Supernumerary) 	31275 	40953
National Institute of Technology, Srinagar	Electrical Engineering (4 Years, Bachelor of Technology) 	JK 	OPEN 	Gender-Neutral 	55922 	75221
National Institute of Technology, Srinagar	Electrical Engineering (4 Years, Bachelor of Technology) 	JK 	OPEN 	Female-only (including Supernumerary) 	84521 	132991
National Institute of Technology, Srinagar	Electrical Engineering (4 Years, Bachelor of Technology) 	LA 	OPEN 	Gender-Neutral 	340899 	340899
National Institute of Technology, Srinagar	Electrical Engineering (4 Years, Bachelor of Technology) 	LA 	OPEN 	Female-only (including Supernumerary) 	619954 	619954
National Institute of Technology, Srinagar	Electrical Engineering (4 Years, Bachelor of Technology) 	OS 	OPEN 	Gender-Neutral 	33145 	39728
National Institute of Technology, Srinagar	Electrical Engineering (4 Years, Bachelor of Technology) 	OS 	OPEN 	Female-only (including Supernumerary) 	49400 	52053
National Institute of Technology, Srinagar	Electronics and Communication Engineering (4 Years, Bachelor of Technology) 	JK 	OPEN 	Gender-Neutral 	43043 	62904
National Institute of Technology, Srinagar	Electronics and Communication Engineering (4 Years, Bachelor of Technology) 	JK 	OPEN 	Female-only (including Supernumerary) 	54146 	97873
National Institute of Technology, Srinagar	Electronics and Communication Engineering (4 Years, Bachelor of Technology) 	LA 	OPEN 	Gender-Neutral 	306845 	306845
National Institute of Technology, Srinagar	Electronics and Communication Engineering (4 Years, Bachelor of Technology) 	LA 	OPEN 	Female-only (including Supernumerary) 	512090 	512090
National Institute of Technology, Srinagar	Electronics and Communication Engineering (4 Years, Bachelor of Technology) 	OS 	OPEN 	Gender-Neutral 	22930 	33725
National Institute of Technology, Srinagar	Electronics and Communication Engineering (4 Years, Bachelor of Technology) 	OS 	OPEN 	Female-only (including Supernumerary) 	37506 	47719
National Institute of Technology, Srinagar	Information Technology (4 Years, Bachelor of Technology) 	JK 	OPEN 	Gender-Neutral 	37158 	55371
National Institute of Technology, Srinagar	Information Technology (4 Years, Bachelor of Technology) 	JK 	OPEN 	Female-only (including Supernumerary) 	52847 	94291
National Institute of Technology, Srinagar	Information Technology (4 Years, Bachelor of Technology) 	LA 	OPEN 	Gender-Neutral 	238562 	238562
National Institute of Technology, Srinagar	Information Technology (4 Years, Bachelor of Technology) 	LA 	OPEN 	Female-only (including Supernumerary) 	432452 	432452
National Institute of Technology, Srinagar	Information Technology (4 Years, Bachelor of Technology) 	OS 	OPEN 	Gender-Neutral 	24301 	30761
National Institute of Technology, Srinagar	Information Technology (4 Years, Bachelor of Technology) 	OS 	OPEN 	Female-only (including Supernumerary) 	19126 	44210
National Institute of Technology, Srinagar	Mechanical Engineering (4 Years, Bachelor of Technology) 	JK 	OPEN 	Gender-Neutral 	63990 	102248
National Institute of Technology, Srinagar	Mechanical Engineering (4 Years, Bachelor of Technology) 	JK 	OPEN 	Female-only (including Supernumerary) 	94607 	147544
National Institute of Technology, Srinagar	Mechanical Engineering (4 Years, Bachelor of Technology) 	LA 	OPEN 	Gender-Neutral 	334003 	334003
National Institute of Technology, Srinagar	Mechanical Engineering (4 Years, Bachelor of Technology) 	LA 	OPEN 	Female-only (including Supernumerary) 	526791 	526791
National Institute of Technology, Srinagar	Mechanical Engineering (4 Years, Bachelor of Technology) 	OS 	OPEN 	Gender-Neutral 	25442 	45373
National Institute of Technology, Srinagar	Mechanical Engineering (4 Years, Bachelor of Technology) 	OS 	OPEN 	Female-only (including Supernumerary) 	50322 	57487
National Institute of Technology, Srinagar	Metallurgical and Materials Engineering (4 Years, Bachelor of Technology) 	JK 	OPEN 	Gender-Neutral 	108706 	117209
National Institute of Technology, Srinagar	Metallurgical and Materials Engineering (4 Years, Bachelor of Technology) 	JK 	OPEN 	Female-only (including Supernumerary) 	150507 	154217
National Institute of Technology, Srinagar	Metallurgical and Materials Engineering (4 Years, Bachelor of Technology) 	LA 	OPEN 	Gender-Neutral 	407730 	407730
National Institute of Technology, Srinagar	Metallurgical and Materials Engineering (4 Years, Bachelor of Technology) 	OS 	OPEN 	Gender-Neutral 	48450 	55018
National Institute of Technology, Srinagar	Metallurgical and Materials Engineering (4 Years, Bachelor of Technology) 	OS 	OPEN 	Female-only (including Supernumerary) 	62925 	67268
National Institute of Technology, Tiruchirappalli	Architecture (5 Years, Bachelor of Architecture) 	HS 	OPEN 	Gender-Neutral 	112 	316
National Institute of Technology, Tiruchirappalli	Architecture (5 Years, Bachelor of Architecture) 	HS 	OPEN 	Female-only (including Supernumerary) 	163 	168
National Institute of Technology, Tiruchirappalli	Architecture (5 Years, Bachelor of Architecture) 	OS 	OPEN 	Gender-Neutral 	20 	227
National Institute of Technology, Tiruchirappalli	Architecture (5 Years, Bachelor of Architecture) 	OS 	OPEN 	Female-only (including Supernumerary) 	12 	12
National Institute of Technology, Tiruchirappalli	Chemical Engineering (4 Years, Bachelor of Technology) 	HS 	OPEN 	Gender-Neutral 	14186 	18527
National Institute of Technology, Tiruchirappalli	Chemical Engineering (4 Years, Bachelor of Technology) 	HS 	OPEN 	Female-only (including Supernumerary) 	19506 	28231
National Institute of Technology, Tiruchirappalli	Chemical Engineering (4 Years, Bachelor of Technology) 	OS 	OPEN 	Gender-Neutral 	8763 	11476
National Institute of Technology, Tiruchirappalli	Chemical Engineering (4 Years, Bachelor of Technology) 	OS 	OPEN 	Female-only (including Supernumerary) 	8241 	20685
National Institute of Technology, Tiruchirappalli	Civil Engineering (4 Years, Bachelor of Technology) 	HS 	OPEN 	Gender-Neutral 	17063 	30376
National Institute of Technology, Tiruchirappalli	Civil Engineering (4 Years, Bachelor of Technology) 	HS 	OPEN 	Female-only (including Supernumerary) 	28614 	40418
National Institute of Technology, Tiruchirappalli	Civil Engineering (4 Years, Bachelor of Technology) 	OS 	OPEN 	Gender-Neutral 	4970 	16436
National Institute of Technology, Tiruchirappalli	Civil Engineering (4 Years, Bachelor of Technology) 	OS 	OPEN 	Female-only (including Supernumerary) 	20723 	26836
National Institute of Technology, Tiruchirappalli	Computer Science and Engineering (4 Years, Bachelor of Technology) 	HS 	OPEN 	Gender-Neutral 	559 	4463
National Institute of Technology, Tiruchirappalli	Computer Science and Engineering (4 Years, Bachelor of Technology) 	HS 	OPEN 	Female-only (including Supernumerary) 	2040 	7934
National Institute of Technology, Tiruchirappalli	Computer Science and Engineering (4 Years, Bachelor of Technology) 	OS 	OPEN 	Gender-Neutral 	634 	1141
National Institute of Technology, Tiruchirappalli	Computer Science and Engineering (4 Years, Bachelor of Technology) 	OS 	OPEN 	Female-only (including Supernumerary) 	899 	2599
National Institute of Technology, Tiruchirappalli	Electrical and Electronics Engineering (4 Years, Bachelor of Technology) 	HS 	OPEN 	Gender-Neutral 	4209 	9087
National Institute of Technology, Tiruchirappalli	Electrical and Electronics Engineering (4 Years, Bachelor of Technology) 	HS 	OPEN 	Female-only (including Supernumerary) 	12612 	16117
National Institute of Technology, Tiruchirappalli	Electrical and Electronics Engineering (4 Years, Bachelor of Technology) 	OS 	OPEN 	Gender-Neutral 	3481 	5169
National Institute of Technology, Tiruchirappalli	Electrical and Electronics Engineering (4 Years, Bachelor of Technology) 	OS 	OPEN 	Female-only (including Supernumerary) 	7021 	8944
National Institute of Technology, Tiruchirappalli	Electronics and Communication Engineering (4 Years, Bachelor of Technology) 	HS 	OPEN 	Gender-Neutral 	2232 	6977
National Institute of Technology, Tiruchirappalli	Electronics and Communication Engineering (4 Years, Bachelor of Technology) 	HS 	OPEN 	Female-only (including Supernumerary) 	8020 	11850
National Institute of Technology, Tiruchirappalli	Electronics and Communication Engineering (4 Years, Bachelor of Technology) 	OS 	OPEN 	Gender-Neutral 	1269 	3282
National Institute of Technology, Tiruchirappalli	Electronics and Communication Engineering (4 Years, Bachelor of Technology) 	OS 	OPEN 	Female-only (including Supernumerary) 	5201 	5672
National Institute of Technology, Tiruchirappalli	Instrumentation and Control Engineering (4 Years, Bachelor of Technology) 	HS 	OPEN 	Gender-Neutral 	7001 	13128
National Institute of Technology, Tiruchirappalli	Instrumentation and Control Engineering (4 Years, Bachelor of Technology) 	HS 	OPEN 	Female-only (including Supernumerary) 	17995 	21779
National Institute of Technology, Tiruchirappalli	Instrumentation and Control Engineering (4 Years, Bachelor of Technology) 	OS 	OPEN 	Gender-Neutral 	3441 	9214
National Institute of Technology, Tiruchirappalli	Instrumentation and Control Engineering (4 Years, Bachelor of Technology) 	OS 	OPEN 	Female-only (including Supernumerary) 	10766 	14179
National Institute of Technology, Tiruchirappalli	Mechanical Engineering (4 Years, Bachelor of Technology) 	HS 	OPEN 	Gender-Neutral 	9004 	14173
National Institute of Technology, Tiruchirappalli	Mechanical Engineering (4 Years, Bachelor of Technology) 	HS 	OPEN 	Female-only (including Supernumerary) 	18294 	25413
National Institute of Technology, Tiruchirappalli	Mechanical Engineering (4 Years, Bachelor of Technology) 	OS 	OPEN 	Gender-Neutral 	3106 	7828
National Institute of Technology, Tiruchirappalli	Mechanical Engineering (4 Years, Bachelor of Technology) 	OS 	OPEN 	Female-only (including Supernumerary) 	15105 	17329
National Institute of Technology, Tiruchirappalli	Metallurgical and Materials Engineering (4 Years, Bachelor of Technology) 	HS 	OPEN 	Gender-Neutral 	18321 	26741
National Institute of Technology, Tiruchirappalli	Metallurgical and Materials Engineering (4 Years, Bachelor of Technology) 	HS 	OPEN 	Female-only (including Supernumerary) 	28506 	37943
National Institute of Technology, Tiruchirappalli	Metallurgical and Materials Engineering (4 Years, Bachelor of Technology) 	OS 	OPEN 	Gender-Neutral 	10999 	18316
National Institute of Technology, Tiruchirappalli	Metallurgical and Materials Engineering (4 Years, Bachelor of Technology) 	OS 	OPEN 	Female-only (including Supernumerary) 	29448 	32972
National Institute of Technology, Tiruchirappalli	Production Engineering (4 Years, Bachelor of Technology) 	HS 	OPEN 	Gender-Neutral 	16449 	24033
National Institute of Technology, Tiruchirappalli	Production Engineering (4 Years, Bachelor of Technology) 	HS 	OPEN 	Female-only (including Supernumerary) 	26567 	32315
National Institute of Technology, Tiruchirappalli	Production Engineering (4 Years, Bachelor of Technology) 	OS 	OPEN 	Gender-Neutral 	11698 	18862
National Institute of Technology, Tiruchirappalli	Production Engineering (4 Years, Bachelor of Technology) 	OS 	OPEN 	Female-only (including Supernumerary) 	28306 	32754
National Institute of Technology, Uttarakhand	Civil Engineering (4 Years, Bachelor of Technology) 	HS 	OPEN 	Gender-Neutral 	47577 	57048
National Institute of Technology, Uttarakhand	Civil Engineering (4 Years, Bachelor of Technology) 	HS 	OPEN 	Female-only (including Supernumerary) 	72549 	72549
National Institute of Technology, Uttarakhand	Civil Engineering (4 Years, Bachelor of Technology) 	OS 	OPEN 	Gender-Neutral 	43569 	46764
National Institute of Technology, Uttarakhand	Civil Engineering (4 Years, Bachelor of Technology) 	OS 	OPEN 	Female-only (including Supernumerary) 	55159 	55159
National Institute of Technology, Uttarakhand	Computer Science and Engineering (4 Years, Bachelor of Technology) 	HS 	OPEN 	Gender-Neutral 	19705 	30851
National Institute of Technology, Uttarakhand	Computer Science and Engineering (4 Years, Bachelor of Technology) 	HS 	OPEN 	Female-only (including Supernumerary) 	23690 	36271
National Institute of Technology, Uttarakhand	Computer Science and Engineering (4 Years, Bachelor of Technology) 	OS 	OPEN 	Gender-Neutral 	14253 	16830
National Institute of Technology, Uttarakhand	Computer Science and Engineering (4 Years, Bachelor of Technology) 	OS 	OPEN 	Female-only (including Supernumerary) 	30070 	30379
National Institute of Technology, Uttarakhand	Electrical and Electronics Engineering (4 Years, Bachelor of Technology) 	HS 	OPEN 	Gender-Neutral 	26664 	45940
National Institute of Technology, Uttarakhand	Electrical and Electronics Engineering (4 Years, Bachelor of Technology) 	HS 	OPEN 	Female-only (including Supernumerary) 	56396 	56396
National Institute of Technology, Uttarakhand	Electrical and Electronics Engineering (4 Years, Bachelor of Technology) 	OS 	OPEN 	Gender-Neutral 	25918 	32138
National Institute of Technology, Uttarakhand	Electrical and Electronics Engineering (4 Years, Bachelor of Technology) 	OS 	OPEN 	Female-only (including Supernumerary) 	39213 	39213
National Institute of Technology, Uttarakhand	Electronics and Communication Engineering (4 Years, Bachelor of Technology) 	HS 	OPEN 	Gender-Neutral 	36046 	41696
National Institute of Technology, Uttarakhand	Electronics and Communication Engineering (4 Years, Bachelor of Technology) 	HS 	OPEN 	Female-only (including Supernumerary) 	50766 	50766
National Institute of Technology, Uttarakhand	Electronics and Communication Engineering (4 Years, Bachelor of Technology) 	OS 	OPEN 	Gender-Neutral 	21586 	24571
National Institute of Technology, Uttarakhand	Electronics and Communication Engineering (4 Years, Bachelor of Technology) 	OS 	OPEN 	Female-only (including Supernumerary) 	33215 	35357
National Institute of Technology, Uttarakhand	Mechanical Engineering (4 Years, Bachelor of Technology) 	HS 	OPEN 	Gender-Neutral 	40050 	50206
National Institute of Technology, Uttarakhand	Mechanical Engineering (4 Years, Bachelor of Technology) 	HS 	OPEN 	Female-only (including Supernumerary) 	67901 	67901
National Institute of Technology, Uttarakhand	Mechanical Engineering (4 Years, Bachelor of Technology) 	OS 	OPEN 	Gender-Neutral 	34053 	38209
National Institute of Technology, Uttarakhand	Mechanical Engineering (4 Years, Bachelor of Technology) 	OS 	OPEN 	Female-only (including Supernumerary) 	50761 	50761
National Institute of Technology, Warangal	Bio Technology (4 Years, Bachelor of Technology) 	HS 	OPEN 	Gender-Neutral 	31088 	40771
National Institute of Technology, Warangal	Bio Technology (4 Years, Bachelor of Technology) 	HS 	OPEN 	Female-only (including Supernumerary) 	40859 	46821
National Institute of Technology, Warangal	Bio Technology (4 Years, Bachelor of Technology) 	OS 	OPEN 	Gender-Neutral 	14352 	27106
National Institute of Technology, Warangal	Bio Technology (4 Years, Bachelor of Technology) 	OS 	OPEN 	Female-only (including Supernumerary) 	17441 	30782
National Institute of Technology, Warangal	Chemical Engineering (4 Years, Bachelor of Technology) 	HS 	OPEN 	Gender-Neutral 	18483 	22276
National Institute of Technology, Warangal	Chemical Engineering (4 Years, Bachelor of Technology) 	HS 	OPEN 	Female-only (including Supernumerary) 	23338 	30919
National Institute of Technology, Warangal	Chemical Engineering (4 Years, Bachelor of Technology) 	OS 	OPEN 	Gender-Neutral 	11617 	15008
National Institute of Technology, Warangal	Chemical Engineering (4 Years, Bachelor of Technology) 	OS 	OPEN 	Female-only (including Supernumerary) 	17846 	23543
National Institute of Technology, Warangal	Chemical Engineering (5 Years, Bachelor and Master of Technology (Dual Degree)) 	HS 	OPEN 	Gender-Neutral 	27667 	28446
National Institute of Technology, Warangal	Chemical Engineering (5 Years, Bachelor and Master of Technology (Dual Degree)) 	HS 	OPEN 	Female-only (including Supernumerary) 	26026 	26026
National Institute of Technology, Warangal	Chemical Engineering (5 Years, Bachelor and Master of Technology (Dual Degree)) 	OS 	OPEN 	Gender-Neutral 	15045 	17885
National Institute of Technology, Warangal	Chemistry (5 Years, Integrated Master of Science) 	HS 	OPEN 	Gender-Neutral 	38706 	40370
National Institute of Technology, Warangal	Chemistry (5 Years, Integrated Master of Science) 	HS 	OPEN 	Female-only (including Supernumerary) 	31451 	31451
National Institute of Technology, Warangal	Chemistry (5 Years, Integrated Master of Science) 	OS 	OPEN 	Gender-Neutral 	23714 	31800
National Institute of Technology, Warangal	Chemistry (5 Years, Integrated Master of Science) 	OS 	OPEN 	Female-only (including Supernumerary) 	35952 	35952
National Institute of Technology, Warangal	Civil Engineering (4 Years, Bachelor of Technology) 	HS 	OPEN 	Gender-Neutral 	21590 	31485
National Institute of Technology, Warangal	Civil Engineering (4 Years, Bachelor of Technology) 	HS 	OPEN 	Female-only (including Supernumerary) 	19768 	33932
National Institute of Technology, Warangal	Civil Engineering (4 Years, Bachelor of Technology) 	OS 	OPEN 	Gender-Neutral 	20517 	24144
National Institute of Technology, Warangal	Civil Engineering (4 Years, Bachelor of Technology) 	OS 	OPEN 	Female-only (including Supernumerary) 	19212 	36822
National Institute of Technology, Warangal	Computer Science and Engineering ( Artificial Intelligence & Data Science) (4 Years, Bachelor of Technology) 	HS 	OPEN 	Gender-Neutral 	1858 	4196
National Institute of Technology, Warangal	Computer Science and Engineering ( Artificial Intelligence & Data Science) (4 Years, Bachelor of Technology) 	HS 	OPEN 	Female-only (including Supernumerary) 	5195 	5347
National Institute of Technology, Warangal	Computer Science and Engineering ( Artificial Intelligence & Data Science) (4 Years, Bachelor of Technology) 	OS 	OPEN 	Gender-Neutral 	2222 	2634
National Institute of Technology, Warangal	Computer Science and Engineering ( Artificial Intelligence & Data Science) (4 Years, Bachelor of Technology) 	OS 	OPEN 	Female-only (including Supernumerary) 	4781 	5380
National Institute of Technology, Warangal	Computer Science and Engineering (4 Years, Bachelor of Technology) 	HS 	OPEN 	Gender-Neutral 	1166 	3432
National Institute of Technology, Warangal	Computer Science and Engineering (4 Years, Bachelor of Technology) 	HS 	OPEN 	Female-only (including Supernumerary) 	2347 	4759
National Institute of Technology, Warangal	Computer Science and Engineering (4 Years, Bachelor of Technology) 	OS 	OPEN 	Gender-Neutral 	1244 	2234
National Institute of Technology, Warangal	Computer Science and Engineering (4 Years, Bachelor of Technology) 	OS 	OPEN 	Female-only (including Supernumerary) 	3692 	4227
National Institute of Technology, Warangal	Electrical and Electronics Engineering (4 Years, Bachelor of Technology) 	HS 	OPEN 	Gender-Neutral 	7205 	10414
National Institute of Technology, Warangal	Electrical and Electronics Engineering (4 Years, Bachelor of Technology) 	HS 	OPEN 	Female-only (including Supernumerary) 	13301 	16279
National Institute of Technology, Warangal	Electrical and Electronics Engineering (4 Years, Bachelor of Technology) 	OS 	OPEN 	Gender-Neutral 	5437 	6929
National Institute of Technology, Warangal	Electrical and Electronics Engineering (4 Years, Bachelor of Technology) 	OS 	OPEN 	Female-only (including Supernumerary) 	10044 	12781
National Institute of Technology, Warangal	Electronics and Communication Engineering (4 Years, Bachelor of Technology) 	HS 	OPEN 	Gender-Neutral 	2987 	5957
National Institute of Technology, Warangal	Electronics and Communication Engineering (4 Years, Bachelor of Technology) 	HS 	OPEN 	Female-only (including Supernumerary) 	6544 	10457
National Institute of Technology, Warangal	Electronics and Communication Engineering (4 Years, Bachelor of Technology) 	OS 	OPEN 	Gender-Neutral 	3283 	4549
National Institute of Technology, Warangal	Electronics and Communication Engineering (4 Years, Bachelor of Technology) 	OS 	OPEN 	Female-only (including Supernumerary) 	6422 	7465
National Institute of Technology, Warangal	Electronics and Communication Engineering (VLSI Design and Technology) (4 Years, Bachelor of Technology) 	HS 	OPEN 	Gender-Neutral 	5868 	6446
National Institute of Technology, Warangal	Electronics and Communication Engineering (VLSI Design and Technology) (4 Years, Bachelor of Technology) 	HS 	OPEN 	Female-only (including Supernumerary) 	8214 	10977
National Institute of Technology, Warangal	Electronics and Communication Engineering (VLSI Design and Technology) (4 Years, Bachelor of Technology) 	OS 	OPEN 	Gender-Neutral 	4594 	5057
National Institute of Technology, Warangal	Electronics and Communication Engineering (VLSI Design and Technology) (4 Years, Bachelor of Technology) 	OS 	OPEN 	Female-only (including Supernumerary) 	8009 	8009
National Institute of Technology, Warangal	Mathematics (5 Years, Integrated Master of Science) 	HS 	OPEN 	Gender-Neutral 	11082 	37366
National Institute of Technology, Warangal	Mathematics (5 Years, Integrated Master of Science) 	HS 	OPEN 	Female-only (including Supernumerary) 	24956 	24956
National Institute of Technology, Warangal	Mathematics (5 Years, Integrated Master of Science) 	OS 	OPEN 	Gender-Neutral 	15153 	16667
National Institute of Technology, Warangal	Mathematics (5 Years, Integrated Master of Science) 	OS 	OPEN 	Female-only (including Supernumerary) 	29370 	29370
National Institute of Technology, Warangal	Mathematics and Computing (4 Years, Bachelor of Technology) 	HS 	OPEN 	Gender-Neutral 	4218 	4543
National Institute of Technology, Warangal	Mathematics and Computing (4 Years, Bachelor of Technology) 	HS 	OPEN 	Female-only (including Supernumerary) 	5867 	5867
National Institute of Technology, Warangal	Mathematics and Computing (4 Years, Bachelor of Technology) 	OS 	OPEN 	Gender-Neutral 	2998 	3168
National Institute of Technology, Warangal	Mathematics and Computing (4 Years, Bachelor of Technology) 	OS 	OPEN 	Female-only (including Supernumerary) 	5639 	5639
National Institute of Technology, Warangal	Mechanical Engineering (4 Years, Bachelor of Technology) 	HS 	OPEN 	Gender-Neutral 	11204 	16712
National Institute of Technology, Warangal	Mechanical Engineering (4 Years, Bachelor of Technology) 	HS 	OPEN 	Female-only (including Supernumerary) 	17223 	23476
National Institute of Technology, Warangal	Mechanical Engineering (4 Years, Bachelor of Technology) 	OS 	OPEN 	Gender-Neutral 	9973 	12714
National Institute of Technology, Warangal	Mechanical Engineering (4 Years, Bachelor of Technology) 	OS 	OPEN 	Female-only (including Supernumerary) 	20174 	22291
National Institute of Technology, Warangal	Metallurgical and Materials Engineering (4 Years, Bachelor of Technology) 	HS 	OPEN 	Gender-Neutral 	24324 	35671
National Institute of Technology, Warangal	Metallurgical and Materials Engineering (4 Years, Bachelor of Technology) 	HS 	OPEN 	Female-only (including Supernumerary) 	34729 	35261
National Institute of Technology, Warangal	Metallurgical and Materials Engineering (4 Years, Bachelor of Technology) 	OS 	OPEN 	Gender-Neutral 	19224 	24859
National Institute of Technology, Warangal	Metallurgical and Materials Engineering (4 Years, Bachelor of Technology) 	OS 	OPEN 	Female-only (including Supernumerary) 	27014 	39860
National Institute of Technology, Warangal	Metallurgical and Materials Engineering (5 Years, Bachelor and Master of Technology (Dual Degree)) 	HS 	OPEN 	Gender-Neutral 	35900 	41671
National Institute of Technology, Warangal	Metallurgical and Materials Engineering (5 Years, Bachelor and Master of Technology (Dual Degree)) 	OS 	OPEN 	Gender-Neutral 	27440 	28079
National Institute of Technology, Warangal	Physics (5 Years, Integrated Master of Science) 	HS 	OPEN 	Gender-Neutral 	31618 	37387
National Institute of Technology, Warangal	Physics (5 Years, Integrated Master of Science) 	HS 	OPEN 	Female-only (including Supernumerary) 	49346 	49346
National Institute of Technology, Warangal	Physics (5 Years, Integrated Master of Science) 	OS 	OPEN 	Gender-Neutral 	3563 	8962
National Institute of Technology, Warangal	Physics (5 Years, Integrated Master of Science) 	OS 	OPEN 	Female-only (including Supernumerary) 	29164 	29164
Sardar Vallabhbhai National Institute of Technology, Surat	Artificial Intelligence (4 Years, Bachelor of Technology) 	HS 	OPEN 	Gender-Neutral 	8112 	11408
Sardar Vallabhbhai National Institute of Technology, Surat	Artificial Intelligence (4 Years, Bachelor of Technology) 	HS 	OPEN 	Female-only (including Supernumerary) 	10943 	15836
Sardar Vallabhbhai National Institute of Technology, Surat	Artificial Intelligence (4 Years, Bachelor of Technology) 	OS 	OPEN 	Gender-Neutral 	7443 	9510
Sardar Vallabhbhai National Institute of Technology, Surat	Artificial Intelligence (4 Years, Bachelor of Technology) 	OS 	OPEN 	Female-only (including Supernumerary) 	14641 	15942
Sardar Vallabhbhai National Institute of Technology, Surat	Artificial Intelligence (5 Years, Integrated B. Tech. and M. Tech.) 	HS 	OPEN 	Gender-Neutral 	6924 	14434
Sardar Vallabhbhai National Institute of Technology, Surat	Artificial Intelligence (5 Years, Integrated B. Tech. and M. Tech.) 	HS 	OPEN 	Female-only (including Supernumerary) 	23523 	28797
Sardar Vallabhbhai National Institute of Technology, Surat	Artificial Intelligence (5 Years, Integrated B. Tech. and M. Tech.) 	OS 	OPEN 	Gender-Neutral 	7777 	11674
Sardar Vallabhbhai National Institute of Technology, Surat	Artificial Intelligence (5 Years, Integrated B. Tech. and M. Tech.) 	OS 	OPEN 	Female-only (including Supernumerary) 	16823 	17523
Sardar Vallabhbhai National Institute of Technology, Surat	Chemical Engineering (4 Years, Bachelor of Technology) 	HS 	OPEN 	Gender-Neutral 	26198 	40227
Sardar Vallabhbhai National Institute of Technology, Surat	Chemical Engineering (4 Years, Bachelor of Technology) 	HS 	OPEN 	Female-only (including Supernumerary) 	41582 	51032
Sardar Vallabhbhai National Institute of Technology, Surat	Chemical Engineering (4 Years, Bachelor of Technology) 	OS 	OPEN 	Gender-Neutral 	25056 	31590
Sardar Vallabhbhai National Institute of Technology, Surat	Chemical Engineering (4 Years, Bachelor of Technology) 	OS 	OPEN 	Female-only (including Supernumerary) 	34353 	38755
Sardar Vallabhbhai National Institute of Technology, Surat	Chemistry (5 Years, Integrated Master of Science) 	HS 	OPEN 	Gender-Neutral 	56887 	70256
Sardar Vallabhbhai National Institute of Technology, Surat	Chemistry (5 Years, Integrated Master of Science) 	OS 	OPEN 	Gender-Neutral 	36222 	50235
Sardar Vallabhbhai National Institute of Technology, Surat	Civil Engineering (4 Years, Bachelor of Technology) 	HS 	OPEN 	Gender-Neutral 	18532 	46111
Sardar Vallabhbhai National Institute of Technology, Surat	Civil Engineering (4 Years, Bachelor of Technology) 	HS 	OPEN 	Female-only (including Supernumerary) 	33022 	59633
Sardar Vallabhbhai National Institute of Technology, Surat	Civil Engineering (4 Years, Bachelor of Technology) 	OS 	OPEN 	Gender-Neutral 	30390 	39260
Sardar Vallabhbhai National Institute of Technology, Surat	Civil Engineering (4 Years, Bachelor of Technology) 	OS 	OPEN 	Female-only (including Supernumerary) 	47332 	49430
Sardar Vallabhbhai National Institute of Technology, Surat	Computer Science and Engineering (4 Years, Bachelor of Technology) 	HS 	OPEN 	Gender-Neutral 	3654 	7528
Sardar Vallabhbhai National Institute of Technology, Surat	Computer Science and Engineering (4 Years, Bachelor of Technology) 	HS 	OPEN 	Female-only (including Supernumerary) 	7589 	10416
Sardar Vallabhbhai National Institute of Technology, Surat	Computer Science and Engineering (4 Years, Bachelor of Technology) 	OS 	OPEN 	Gender-Neutral 	6013 	7327
Sardar Vallabhbhai National Institute of Technology, Surat	Computer Science and Engineering (4 Years, Bachelor of Technology) 	OS 	OPEN 	Female-only (including Supernumerary) 	11034 	14644
Sardar Vallabhbhai National Institute of Technology, Surat	Electrical Engineering (4 Years, Bachelor of Technology) 	HS 	OPEN 	Gender-Neutral 	15232 	20527
Sardar Vallabhbhai National Institute of Technology, Surat	Electrical Engineering (4 Years, Bachelor of Technology) 	HS 	OPEN 	Female-only (including Supernumerary) 	19242 	30163
Sardar Vallabhbhai National Institute of Technology, Surat	Electrical Engineering (4 Years, Bachelor of Technology) 	OS 	OPEN 	Gender-Neutral 	14836 	17322
Sardar Vallabhbhai National Institute of Technology, Surat	Electrical Engineering (4 Years, Bachelor of Technology) 	OS 	OPEN 	Female-only (including Supernumerary) 	23981 	27102
Sardar Vallabhbhai National Institute of Technology, Surat	Electronics and Communication Engineering (4 Years, Bachelor of Technology) 	HS 	OPEN 	Gender-Neutral 	9787 	14010
Sardar Vallabhbhai National Institute of Technology, Surat	Electronics and Communication Engineering (4 Years, Bachelor of Technology) 	HS 	OPEN 	Female-only (including Supernumerary) 	16473 	22662
Sardar Vallabhbhai National Institute of Technology, Surat	Electronics and Communication Engineering (4 Years, Bachelor of Technology) 	OS 	OPEN 	Gender-Neutral 	9815 	12355
Sardar Vallabhbhai National Institute of Technology, Surat	Electronics and Communication Engineering (4 Years, Bachelor of Technology) 	OS 	OPEN 	Female-only (including Supernumerary) 	16662 	20128
Sardar Vallabhbhai National Institute of Technology, Surat	Electronics and VLSI Engineering (4 Years, Bachelor of Technology) 	HS 	OPEN 	Gender-Neutral 	8979 	15767
Sardar Vallabhbhai National Institute of Technology, Surat	Electronics and VLSI Engineering (4 Years, Bachelor of Technology) 	HS 	OPEN 	Female-only (including Supernumerary) 	19062 	23151
Sardar Vallabhbhai National Institute of Technology, Surat	Electronics and VLSI Engineering (4 Years, Bachelor of Technology) 	OS 	OPEN 	Gender-Neutral 	12968 	14359
Sardar Vallabhbhai National Institute of Technology, Surat	Electronics and VLSI Engineering (4 Years, Bachelor of Technology) 	OS 	OPEN 	Female-only (including Supernumerary) 	20713 	22915
Sardar Vallabhbhai National Institute of Technology, Surat	Engineering Physics (4 Years, Bachelor of Technology) 	HS 	OPEN 	Gender-Neutral 	28391 	42028
Sardar Vallabhbhai National Institute of Technology, Surat	Engineering Physics (4 Years, Bachelor of Technology) 	HS 	OPEN 	Female-only (including Supernumerary) 	25649 	25649
Sardar Vallabhbhai National Institute of Technology, Surat	Engineering Physics (4 Years, Bachelor of Technology) 	OS 	OPEN 	Gender-Neutral 	19310 	23206
Sardar Vallabhbhai National Institute of Technology, Surat	Engineering Physics (4 Years, Bachelor of Technology) 	OS 	OPEN 	Female-only (including Supernumerary) 	29096 	29096
Sardar Vallabhbhai National Institute of Technology, Surat	Industrial Chemistry (4 Years, Bachelor of Technology) 	HS 	OPEN 	Gender-Neutral 	43158 	50619
Sardar Vallabhbhai National Institute of Technology, Surat	Industrial Chemistry (4 Years, Bachelor of Technology) 	HS 	OPEN 	Female-only (including Supernumerary) 	55653 	55653
Sardar Vallabhbhai National Institute of Technology, Surat	Industrial Chemistry (4 Years, Bachelor of Technology) 	OS 	OPEN 	Gender-Neutral 	36885 	42544
Sardar Vallabhbhai National Institute of Technology, Surat	Industrial Chemistry (4 Years, Bachelor of Technology) 	OS 	OPEN 	Female-only (including Supernumerary) 	50357 	50357
Sardar Vallabhbhai National Institute of Technology, Surat	Mathematics (5 Years, Integrated Master of Science) 	HS 	OPEN 	Gender-Neutral 	35621 	56932
Sardar Vallabhbhai National Institute of Technology, Surat	Mathematics (5 Years, Integrated Master of Science) 	OS 	OPEN 	Gender-Neutral 	24712 	39879
Sardar Vallabhbhai National Institute of Technology, Surat	Mathematics and Computing (4 Years, Bachelor of Technology) 	HS 	OPEN 	Gender-Neutral 	8105 	9506
Sardar Vallabhbhai National Institute of Technology, Surat	Mathematics and Computing (4 Years, Bachelor of Technology) 	HS 	OPEN 	Female-only (including Supernumerary) 	2253 	2253
Sardar Vallabhbhai National Institute of Technology, Surat	Mathematics and Computing (4 Years, Bachelor of Technology) 	OS 	OPEN 	Gender-Neutral 	6807 	9683
Sardar Vallabhbhai National Institute of Technology, Surat	Mathematics and Computing (4 Years, Bachelor of Technology) 	OS 	OPEN 	Female-only (including Supernumerary) 	16719 	16719
Sardar Vallabhbhai National Institute of Technology, Surat	Mechanical Engineering (4 Years, Bachelor of Technology) 	HS 	OPEN 	Gender-Neutral 	18691 	30645
Sardar Vallabhbhai National Institute of Technology, Surat	Mechanical Engineering (4 Years, Bachelor of Technology) 	HS 	OPEN 	Female-only (including Supernumerary) 	36611 	47408
Sardar Vallabhbhai National Institute of Technology, Surat	Mechanical Engineering (4 Years, Bachelor of Technology) 	OS 	OPEN 	Gender-Neutral 	18570 	24207
Sardar Vallabhbhai National Institute of Technology, Surat	Mechanical Engineering (4 Years, Bachelor of Technology) 	OS 	OPEN 	Female-only (including Supernumerary) 	29684 	42199
Sardar Vallabhbhai National Institute of Technology, Surat	Physics (5 Years, Integrated Master of Science) 	HS 	OPEN 	Gender-Neutral 	36579 	62951
Sardar Vallabhbhai National Institute of Technology, Surat	Physics (5 Years, Integrated Master of Science) 	OS 	OPEN 	Gender-Neutral 	26408 	41212
Visvesvaraya National Institute of Technology, Nagpur	Architecture (5 Years, Bachelor of Architecture) 	HS 	OPEN 	Gender-Neutral 	153 	505
Visvesvaraya National Institute of Technology, Nagpur	Architecture (5 Years, Bachelor of Architecture) 	HS 	OPEN 	Female-only (including Supernumerary) 	3 	46
Visvesvaraya National Institute of Technology, Nagpur	Architecture (5 Years, Bachelor of Architecture) 	OS 	OPEN 	Gender-Neutral 	551 	707
Visvesvaraya National Institute of Technology, Nagpur	Architecture (5 Years, Bachelor of Architecture) 	OS 	OPEN 	Female-only (including Supernumerary) 	409 	549
Visvesvaraya National Institute of Technology, Nagpur	Chemical Engineering (4 Years, Bachelor of Technology) 	HS 	OPEN 	Gender-Neutral 	18657 	27723
Visvesvaraya National Institute of Technology, Nagpur	Chemical Engineering (4 Years, Bachelor of Technology) 	HS 	OPEN 	Female-only (including Supernumerary) 	31774 	40518
Visvesvaraya National Institute of Technology, Nagpur	Chemical Engineering (4 Years, Bachelor of Technology) 	OS 	OPEN 	Gender-Neutral 	19438 	28181
Visvesvaraya National Institute of Technology, Nagpur	Chemical Engineering (4 Years, Bachelor of Technology) 	OS 	OPEN 	Female-only (including Supernumerary) 	32766 	39063
Visvesvaraya National Institute of Technology, Nagpur	Civil Engineering (4 Years, Bachelor of Technology) 	HS 	OPEN 	Gender-Neutral 	23096 	39005
Visvesvaraya National Institute of Technology, Nagpur	Civil Engineering (4 Years, Bachelor of Technology) 	HS 	OPEN 	Female-only (including Supernumerary) 	40377 	45705
Visvesvaraya National Institute of Technology, Nagpur	Civil Engineering (4 Years, Bachelor of Technology) 	OS 	OPEN 	Gender-Neutral 	28788 	35534
Visvesvaraya National Institute of Technology, Nagpur	Civil Engineering (4 Years, Bachelor of Technology) 	OS 	OPEN 	Female-only (including Supernumerary) 	39941 	47159
Visvesvaraya National Institute of Technology, Nagpur	Computer Science and Engineering (4 Years, Bachelor of Technology) 	HS 	OPEN 	Gender-Neutral 	4794 	6747
Visvesvaraya National Institute of Technology, Nagpur	Computer Science and Engineering (4 Years, Bachelor of Technology) 	HS 	OPEN 	Female-only (including Supernumerary) 	5649 	10434
Visvesvaraya National Institute of Technology, Nagpur	Computer Science and Engineering (4 Years, Bachelor of Technology) 	OS 	OPEN 	Gender-Neutral 	4442 	5935
Visvesvaraya National Institute of Technology, Nagpur	Computer Science and Engineering (4 Years, Bachelor of Technology) 	OS 	OPEN 	Female-only (including Supernumerary) 	6943 	10664
Visvesvaraya National Institute of Technology, Nagpur	Electrical and Electronics Engineering (4 Years, Bachelor of Technology) 	HS 	OPEN 	Gender-Neutral 	4651 	14618
Visvesvaraya National Institute of Technology, Nagpur	Electrical and Electronics Engineering (4 Years, Bachelor of Technology) 	HS 	OPEN 	Female-only (including Supernumerary) 	18153 	20443
Visvesvaraya National Institute of Technology, Nagpur	Electrical and Electronics Engineering (4 Years, Bachelor of Technology) 	OS 	OPEN 	Gender-Neutral 	10157 	14035
Visvesvaraya National Institute of Technology, Nagpur	Electrical and Electronics Engineering (4 Years, Bachelor of Technology) 	OS 	OPEN 	Female-only (including Supernumerary) 	19540 	22683
Visvesvaraya National Institute of Technology, Nagpur	Electronics and Communication Engineering (4 Years, Bachelor of Technology) 	HS 	OPEN 	Gender-Neutral 	6751 	10309
Visvesvaraya National Institute of Technology, Nagpur	Electronics and Communication Engineering (4 Years, Bachelor of Technology) 	HS 	OPEN 	Female-only (including Supernumerary) 	13225 	15374
Visvesvaraya National Institute of Technology, Nagpur	Electronics and Communication Engineering (4 Years, Bachelor of Technology) 	OS 	OPEN 	Gender-Neutral 	7600 	9688
Visvesvaraya National Institute of Technology, Nagpur	Electronics and Communication Engineering (4 Years, Bachelor of Technology) 	OS 	OPEN 	Female-only (including Supernumerary) 	13836 	15392
Visvesvaraya National Institute of Technology, Nagpur	Mechanical Engineering (4 Years, Bachelor of Technology) 	HS 	OPEN 	Gender-Neutral 	11111 	18337
Visvesvaraya National Institute of Technology, Nagpur	Mechanical Engineering (4 Years, Bachelor of Technology) 	HS 	OPEN 	Female-only (including Supernumerary) 	24398 	32802
Visvesvaraya National Institute of Technology, Nagpur	Mechanical Engineering (4 Years, Bachelor of Technology) 	OS 	OPEN 	Gender-Neutral 	16270 	20809
Visvesvaraya National Institute of Technology, Nagpur	Mechanical Engineering (4 Years, Bachelor of Technology) 	OS 	OPEN 	Female-only (including Supernumerary) 	30678 	34148
Visvesvaraya National Institute of Technology, Nagpur	Metallurgical and Materials Engineering (4 Years, Bachelor of Technology) 	HS 	OPEN 	Gender-Neutral 	27192 	40870
Visvesvaraya National Institute of Technology, Nagpur	Metallurgical and Materials Engineering (4 Years, Bachelor of Technology) 	HS 	OPEN 	Female-only (including Supernumerary) 	44388 	52019
Visvesvaraya National Institute of Technology, Nagpur	Metallurgical and Materials Engineering (4 Years, Bachelor of Technology) 	OS 	OPEN 	Gender-Neutral 	33441 	38921
Visvesvaraya National Institute of Technology, Nagpur	Metallurgical and Materials Engineering (4 Years, Bachelor of Technology) 	OS 	OPEN 	Female-only (including Supernumerary) 	47720 	51577
Visvesvaraya National Institute of Technology, Nagpur	Mining Engineering (4 Years, Bachelor of Technology) 	HS 	OPEN 	Gender-Neutral 	34548 	46569
Visvesvaraya National Institute of Technology, Nagpur	Mining Engineering (4 Years, Bachelor of Technology) 	HS 	OPEN 	Female-only (including Supernumerary) 	58402 	60505
Visvesvaraya National Institute of Technology, Nagpur	Mining Engineering (4 Years, Bachelor of Technology) 	OS 	OPEN 	Gender-Neutral 	33358 	41779
Visvesvaraya National Institute of Technology, Nagpur	Mining Engineering (4 Years, Bachelor of Technology) 	OS 	OPEN 	Female-only (including Supernumerary) 	50493 	51765
National Institute of Technology, Andhra Pradesh	Bio Technology (4 Years, Bachelor of Technology) 	HS 	OPEN 	Gender-Neutral 	54254 	59230
National Institute of Technology, Andhra Pradesh	Bio Technology (4 Years, Bachelor of Technology) 	HS 	OPEN 	Female-only (including Supernumerary) 	55216 	63833
National Institute of Technology, Andhra Pradesh	Bio Technology (4 Years, Bachelor of Technology) 	OS 	OPEN 	Gender-Neutral 	42491 	47515
National Institute of Technology, Andhra Pradesh	Bio Technology (4 Years, Bachelor of Technology) 	OS 	OPEN 	Female-only (including Supernumerary) 	36464 	36464
National Institute of Technology, Andhra Pradesh	Chemical Engineering (4 Years, Bachelor of Technology) 	HS 	OPEN 	Gender-Neutral 	38000 	49439
National Institute of Technology, Andhra Pradesh	Chemical Engineering (4 Years, Bachelor of Technology) 	HS 	OPEN 	Female-only (including Supernumerary) 	50537 	50537
National Institute of Technology, Andhra Pradesh	Chemical Engineering (4 Years, Bachelor of Technology) 	OS 	OPEN 	Gender-Neutral 	36566 	40629
National Institute of Technology, Andhra Pradesh	Chemical Engineering (4 Years, Bachelor of Technology) 	OS 	OPEN 	Female-only (including Supernumerary) 	45825 	45825
National Institute of Technology, Andhra Pradesh	Civil Engineering (4 Years, Bachelor of Technology) 	HS 	OPEN 	Gender-Neutral 	38549 	49304
National Institute of Technology, Andhra Pradesh	Civil Engineering (4 Years, Bachelor of Technology) 	HS 	OPEN 	Female-only (including Supernumerary) 	55960 	63151
National Institute of Technology, Andhra Pradesh	Civil Engineering (4 Years, Bachelor of Technology) 	OS 	OPEN 	Gender-Neutral 	41558 	47606
National Institute of Technology, Andhra Pradesh	Civil Engineering (4 Years, Bachelor of Technology) 	OS 	OPEN 	Female-only (including Supernumerary) 	51638 	54241
National Institute of Technology, Andhra Pradesh	Computer Science and Engineering (4 Years, Bachelor of Technology) 	HS 	OPEN 	Gender-Neutral 	9610 	17309
National Institute of Technology, Andhra Pradesh	Computer Science and Engineering (4 Years, Bachelor of Technology) 	HS 	OPEN 	Female-only (including Supernumerary) 	10450 	19173
National Institute of Technology, Andhra Pradesh	Computer Science and Engineering (4 Years, Bachelor of Technology) 	OS 	OPEN 	Gender-Neutral 	9244 	17040
National Institute of Technology, Andhra Pradesh	Computer Science and Engineering (4 Years, Bachelor of Technology) 	OS 	OPEN 	Female-only (including Supernumerary) 	22446 	28030
National Institute of Technology, Andhra Pradesh	Electrical and Electronics Engineering (4 Years, Bachelor of Technology) 	HS 	OPEN 	Gender-Neutral 	26797 	34219
National Institute of Technology, Andhra Pradesh	Electrical and Electronics Engineering (4 Years, Bachelor of Technology) 	HS 	OPEN 	Female-only (including Supernumerary) 	41428 	44908
National Institute of Technology, Andhra Pradesh	Electrical and Electronics Engineering (4 Years, Bachelor of Technology) 	OS 	OPEN 	Gender-Neutral 	26518 	32174
National Institute of Technology, Andhra Pradesh	Electrical and Electronics Engineering (4 Years, Bachelor of Technology) 	OS 	OPEN 	Female-only (including Supernumerary) 	39371 	42229
National Institute of Technology, Andhra Pradesh	Electronics and Communication Engineering (4 Years, Bachelor of Technology) 	HS 	OPEN 	Gender-Neutral 	16000 	26273
National Institute of Technology, Andhra Pradesh	Electronics and Communication Engineering (4 Years, Bachelor of Technology) 	HS 	OPEN 	Female-only (including Supernumerary) 	31609 	34411
National Institute of Technology, Andhra Pradesh	Electronics and Communication Engineering (4 Years, Bachelor of Technology) 	OS 	OPEN 	Gender-Neutral 	14995 	25083
National Institute of Technology, Andhra Pradesh	Electronics and Communication Engineering (4 Years, Bachelor of Technology) 	OS 	OPEN 	Female-only (including Supernumerary) 	31925 	37318
National Institute of Technology, Andhra Pradesh	Mechanical Engineering (4 Years, Bachelor of Technology) 	HS 	OPEN 	Gender-Neutral 	25661 	43406
National Institute of Technology, Andhra Pradesh	Mechanical Engineering (4 Years, Bachelor of Technology) 	HS 	OPEN 	Female-only (including Supernumerary) 	46958 	57864
National Institute of Technology, Andhra Pradesh	Mechanical Engineering (4 Years, Bachelor of Technology) 	OS 	OPEN 	Gender-Neutral 	27287 	39173
National Institute of Technology, Andhra Pradesh	Mechanical Engineering (4 Years, Bachelor of Technology) 	OS 	OPEN 	Female-only (including Supernumerary) 	47193 	51537
National Institute of Technology, Andhra Pradesh	Metallurgical and Materials Engineering (4 Years, Bachelor of Technology) 	HS 	OPEN 	Gender-Neutral 	45695 	56816
National Institute of Technology, Andhra Pradesh	Metallurgical and Materials Engineering (4 Years, Bachelor of Technology) 	HS 	OPEN 	Female-only (including Supernumerary) 	62838 	62838
National Institute of Technology, Andhra Pradesh	Metallurgical and Materials Engineering (4 Years, Bachelor of Technology) 	OS 	OPEN 	Gender-Neutral 	38499 	48135
National Institute of Technology, Andhra Pradesh	Metallurgical and Materials Engineering (4 Years, Bachelor of Technology) 	OS 	OPEN 	Female-only (including Supernumerary) 	42788 	42788
Indian Institute of Engineering Science and Technology, Shibpur	Aerospace Engineering (4 Years, Bachelor of Technology) 	HS 	OPEN 	Gender-Neutral 	23680 	29960
Indian Institute of Engineering Science and Technology, Shibpur	Aerospace Engineering (4 Years, Bachelor of Technology) 	HS 	OPEN 	Female-only (including Supernumerary) 	39057 	41437
Indian Institute of Engineering Science and Technology, Shibpur	Aerospace Engineering (4 Years, Bachelor of Technology) 	OS 	OPEN 	Gender-Neutral 	7316 	21182
Indian Institute of Engineering Science and Technology, Shibpur	Aerospace Engineering (4 Years, Bachelor of Technology) 	OS 	OPEN 	Female-only (including Supernumerary) 	34169 	40579
Indian Institute of Engineering Science and Technology, Shibpur	Architecture (5 Years, Bachelor of Architecture) 	HS 	OPEN 	Gender-Neutral 	650 	725
Indian Institute of Engineering Science and Technology, Shibpur	Architecture (5 Years, Bachelor of Architecture) 	HS 	OPEN 	Female-only (including Supernumerary) 	494 	494
Indian Institute of Engineering Science and Technology, Shibpur	Architecture (5 Years, Bachelor of Architecture) 	OS 	OPEN 	Gender-Neutral 	769 	923
Indian Institute of Engineering Science and Technology, Shibpur	Architecture (5 Years, Bachelor of Architecture) 	OS 	OPEN 	Female-only (including Supernumerary) 	434 	434
Indian Institute of Engineering Science and Technology, Shibpur	Civil Engineering (4 Years, Bachelor of Technology) 	HS 	OPEN 	Gender-Neutral 	35204 	47911
Indian Institute of Engineering Science and Technology, Shibpur	Civil Engineering (4 Years, Bachelor of Technology) 	HS 	OPEN 	Female-only (including Supernumerary) 	47556 	56646
Indian Institute of Engineering Science and Technology, Shibpur	Civil Engineering (4 Years, Bachelor of Technology) 	OS 	OPEN 	Gender-Neutral 	41427 	48847
Indian Institute of Engineering Science and Technology, Shibpur	Civil Engineering (4 Years, Bachelor of Technology) 	OS 	OPEN 	Female-only (including Supernumerary) 	49533 	59625
Indian Institute of Engineering Science and Technology, Shibpur	Computer Science and Engineering (4 Years, Bachelor of Technology) 	HS 	OPEN 	Gender-Neutral 	6346 	15006
Indian Institute of Engineering Science and Technology, Shibpur	Computer Science and Engineering (4 Years, Bachelor of Technology) 	HS 	OPEN 	Female-only (including Supernumerary) 	9875 	22836
Indian Institute of Engineering Science and Technology, Shibpur	Computer Science and Engineering (4 Years, Bachelor of Technology) 	OS 	OPEN 	Gender-Neutral 	9678 	14595
Indian Institute of Engineering Science and Technology, Shibpur	Computer Science and Engineering (4 Years, Bachelor of Technology) 	OS 	OPEN 	Female-only (including Supernumerary) 	22908 	24622
Indian Institute of Engineering Science and Technology, Shibpur	Electrical Engineering (4 Years, Bachelor of Technology) 	HS 	OPEN 	Gender-Neutral 	21725 	25035
Indian Institute of Engineering Science and Technology, Shibpur	Electrical Engineering (4 Years, Bachelor of Technology) 	HS 	OPEN 	Female-only (including Supernumerary) 	30280 	35145
Indian Institute of Engineering Science and Technology, Shibpur	Electrical Engineering (4 Years, Bachelor of Technology) 	OS 	OPEN 	Gender-Neutral 	23081 	28242
Indian Institute of Engineering Science and Technology, Shibpur	Electrical Engineering (4 Years, Bachelor of Technology) 	OS 	OPEN 	Female-only (including Supernumerary) 	33620 	43811
Indian Institute of Engineering Science and Technology, Shibpur	Electronics and Telecommunication Engineering (4 Years, Bachelor of Technology) 	HS 	OPEN 	Gender-Neutral 	13497 	21718
Indian Institute of Engineering Science and Technology, Shibpur	Electronics and Telecommunication Engineering (4 Years, Bachelor of Technology) 	HS 	OPEN 	Female-only (including Supernumerary) 	26104 	29132
Indian Institute of Engineering Science and Technology, Shibpur	Electronics and Telecommunication Engineering (4 Years, Bachelor of Technology) 	OS 	OPEN 	Gender-Neutral 	16694 	21989
Indian Institute of Engineering Science and Technology, Shibpur	Electronics and Telecommunication Engineering (4 Years, Bachelor of Technology) 	OS 	OPEN 	Female-only (including Supernumerary) 	25732 	31580
Indian Institute of Engineering Science and Technology, Shibpur	Information Technology (4 Years, Bachelor of Technology) 	HS 	OPEN 	Gender-Neutral 	15329 	20725
Indian Institute of Engineering Science and Technology, Shibpur	Information Technology (4 Years, Bachelor of Technology) 	HS 	OPEN 	Female-only (including Supernumerary) 	23542 	28379
Indian Institute of Engineering Science and Technology, Shibpur	Information Technology (4 Years, Bachelor of Technology) 	OS 	OPEN 	Gender-Neutral 	15613 	18399
Indian Institute of Engineering Science and Technology, Shibpur	Information Technology (4 Years, Bachelor of Technology) 	OS 	OPEN 	Female-only (including Supernumerary) 	25528 	30050
Indian Institute of Engineering Science and Technology, Shibpur	Mechanical Engineering (4 Years, Bachelor of Technology) 	HS 	OPEN 	Gender-Neutral 	22893 	32688
Indian Institute of Engineering Science and Technology, Shibpur	Mechanical Engineering (4 Years, Bachelor of Technology) 	HS 	OPEN 	Female-only (including Supernumerary) 	37178 	45156
Indian Institute of Engineering Science and Technology, Shibpur	Mechanical Engineering (4 Years, Bachelor of Technology) 	OS 	OPEN 	Gender-Neutral 	27305 	37356
Indian Institute of Engineering Science and Technology, Shibpur	Mechanical Engineering (4 Years, Bachelor of Technology) 	OS 	OPEN 	Female-only (including Supernumerary) 	47908 	50846
Indian Institute of Engineering Science and Technology, Shibpur	Metallurgy and Materials Engineering (4 Years, Bachelor of Technology) 	HS 	OPEN 	Gender-Neutral 	35990 	45449
Indian Institute of Engineering Science and Technology, Shibpur	Metallurgy and Materials Engineering (4 Years, Bachelor of Technology) 	HS 	OPEN 	Female-only (including Supernumerary) 	48328 	54594
Indian Institute of Engineering Science and Technology, Shibpur	Metallurgy and Materials Engineering (4 Years, Bachelor of Technology) 	OS 	OPEN 	Gender-Neutral 	36037 	49719
Indian Institute of Engineering Science and Technology, Shibpur	Metallurgy and Materials Engineering (4 Years, Bachelor of Technology) 	OS 	OPEN 	Female-only (including Supernumerary) 	61487 	61580
Indian Institute of Engineering Science and Technology, Shibpur	Mining Engineering (4 Years, Bachelor of Technology) 	HS 	OPEN 	Gender-Neutral 	45495 	51589
Indian Institute of Engineering Science and Technology, Shibpur	Mining Engineering (4 Years, Bachelor of Technology) 	HS 	OPEN 	Female-only (including Supernumerary) 	63143 	64130
Indian Institute of Engineering Science and Technology, Shibpur	Mining Engineering (4 Years, Bachelor of Technology) 	OS 	OPEN 	Gender-Neutral 	44428 	51220
Indian Institute of Engineering Science and Technology, Shibpur	Mining Engineering (4 Years, Bachelor of Technology) 	OS 	OPEN 	Female-only (including Supernumerary) 	62292 	65601
Atal Bihari Vajpayee Indian Institute of Information Technology & Management Gwalior	Computer Science and Engineering (4 Years, Bachelor of Technology) 	AI 	OPEN 	Gender-Neutral 	5514 	8554
Atal Bihari Vajpayee Indian Institute of Information Technology & Management Gwalior	Computer Science and Engineering (4 Years, Bachelor of Technology) 	AI 	OPEN 	Female-only (including Supernumerary) 	9323 	14827
Atal Bihari Vajpayee Indian Institute of Information Technology & Management Gwalior	Electrical and Electronics Engineering (4 Years, Bachelor of Technology) 	AI 	OPEN 	Gender-Neutral 	10908 	16277
Atal Bihari Vajpayee Indian Institute of Information Technology & Management Gwalior	Electrical and Electronics Engineering (4 Years, Bachelor of Technology) 	AI 	OPEN 	Female-only (including Supernumerary) 	21192 	27081
Atal Bihari Vajpayee Indian Institute of Information Technology & Management Gwalior	Integrated B. Tech.(IT) and M. Tech (IT) (5 Years, Integrated B. Tech. and M. Tech.) 	AI 	OPEN 	Gender-Neutral 	9345 	12506
Atal Bihari Vajpayee Indian Institute of Information Technology & Management Gwalior	Integrated B. Tech.(IT) and M. Tech (IT) (5 Years, Integrated B. Tech. and M. Tech.) 	AI 	OPEN 	Female-only (including Supernumerary) 	17025 	20642
Atal Bihari Vajpayee Indian Institute of Information Technology & Management Gwalior	Integrated B. Tech.(IT) and MBA (5 Years, Integrated B. Tech. and MBA) 	AI 	OPEN 	Gender-Neutral 	9421 	14729
Atal Bihari Vajpayee Indian Institute of Information Technology & Management Gwalior	Integrated B. Tech.(IT) and MBA (5 Years, Integrated B. Tech. and MBA) 	AI 	OPEN 	Female-only (including Supernumerary) 	20921 	23188
Atal Bihari Vajpayee Indian Institute of Information Technology & Management Gwalior	Mathematics and Scientific Computing (4 Years, Bachelor of Technology) 	AI 	OPEN 	Gender-Neutral 	9047 	10748
Atal Bihari Vajpayee Indian Institute of Information Technology & Management Gwalior	Mathematics and Scientific Computing (4 Years, Bachelor of Technology) 	AI 	OPEN 	Female-only (including Supernumerary) 	15152 	17463
Indian Institute of Information Technology (IIIT)Kota, Rajasthan	Artificial Intelligence and Data Engineering (4 Years, Bachelor of Technology) 	AI 	OPEN 	Gender-Neutral 	21302 	27400
Indian Institute of Information Technology (IIIT)Kota, Rajasthan	Artificial Intelligence and Data Engineering (4 Years, Bachelor of Technology) 	AI 	OPEN 	Female-only (including Supernumerary) 	34100 	35901
Indian Institute of Information Technology (IIIT)Kota, Rajasthan	Computer Science and Engineering (4 Years, Bachelor of Technology) 	AI 	OPEN 	Gender-Neutral 	15209 	25011
Indian Institute of Information Technology (IIIT)Kota, Rajasthan	Computer Science and Engineering (4 Years, Bachelor of Technology) 	AI 	OPEN 	Female-only (including Supernumerary) 	25654 	33504
Indian Institute of Information Technology (IIIT)Kota, Rajasthan	Electronics and Communication Engineering (4 Years, Bachelor of Technology) 	AI 	OPEN 	Gender-Neutral 	11210 	32756
Indian Institute of Information Technology (IIIT)Kota, Rajasthan	Electronics and Communication Engineering (4 Years, Bachelor of Technology) 	AI 	OPEN 	Female-only (including Supernumerary) 	32376 	37125
Indian Institute of Information Technology Guwahati	Computer Science and Engineering (4 Years, Bachelor of Technology) 	AI 	OPEN 	Gender-Neutral 	9469 	20410
Indian Institute of Information Technology Guwahati	Computer Science and Engineering (4 Years, Bachelor of Technology) 	AI 	OPEN 	Female-only (including Supernumerary) 	16782 	30102
Indian Institute of Information Technology Guwahati	Electronics and Communication Engineering (4 Years, Bachelor of Technology) 	AI 	OPEN 	Gender-Neutral 	6552 	27674
Indian Institute of Information Technology Guwahati	Electronics and Communication Engineering (4 Years, Bachelor of Technology) 	AI 	OPEN 	Female-only (including Supernumerary) 	34656 	38030
Indian Institute of Information Technology(IIIT) Kalyani, West Bengal	Computer Science and Engineering ( Artificial Intelligence & Data Science) (4 Years, Bachelor of Technology) 	AI 	OPEN 	Gender-Neutral 	18253 	34453
Indian Institute of Information Technology(IIIT) Kalyani, West Bengal	Computer Science and Engineering ( Artificial Intelligence & Data Science) (4 Years, Bachelor of Technology) 	AI 	OPEN 	Female-only (including Supernumerary) 	40506 	40506
Indian Institute of Information Technology(IIIT) Kalyani, West Bengal	Computer Science and Engineering (4 Years, Bachelor of Technology) 	AI 	OPEN 	Gender-Neutral 	23118 	39594
Indian Institute of Information Technology(IIIT) Kalyani, West Bengal	Computer Science and Engineering (4 Years, Bachelor of Technology) 	AI 	OPEN 	Female-only (including Supernumerary) 	35299 	39748
Indian Institute of Information Technology(IIIT) Kalyani, West Bengal	Computer Science and Engineering (Cyber Security) (4 Years, Bachelor of Technology) 	AI 	OPEN 	Gender-Neutral 	35437 	40414
Indian Institute of Information Technology(IIIT) Kalyani, West Bengal	Computer Science and Engineering (Cyber Security) (4 Years, Bachelor of Technology) 	AI 	OPEN 	Female-only (including Supernumerary) 	42692 	42692
Indian Institute of Information Technology(IIIT) Kalyani, West Bengal	Electronics and Communication Engineering (4 Years, Bachelor of Technology) 	AI 	OPEN 	Gender-Neutral 	40356 	41928
Indian Institute of Information Technology(IIIT) Kalyani, West Bengal	Electronics and Communication Engineering (4 Years, Bachelor of Technology) 	AI 	OPEN 	Female-only (including Supernumerary) 	32015 	43947
Indian Institute of Information Technology(IIIT) Kilohrad, Sonepat, Haryana	Computer Science and Engineering (4 Years, Bachelor of Technology) 	AI 	OPEN 	Gender-Neutral 	20252 	29802
Indian Institute of Information Technology(IIIT) Kilohrad, Sonepat, Haryana	CSE ( Data Science & Analytics) (4 Years, Bachelor of Technology) 	AI 	OPEN 	Gender-Neutral 	24828 	32119
Indian Institute of Information Technology(IIIT) Kilohrad, Sonepat, Haryana	Information Technology (4 Years, Bachelor of Technology) 	AI 	OPEN 	Gender-Neutral 	12983 	33418
Indian Institute of Information Technology(IIIT) Una, Himachal Pradesh	Computer Science and Engineering (4 Years, Bachelor of Technology) 	AI 	OPEN 	Gender-Neutral 	21276 	31677
Indian Institute of Information Technology(IIIT) Una, Himachal Pradesh	Computer Science and Engineering (4 Years, Bachelor of Technology) 	AI 	OPEN 	Female-only (including Supernumerary) 	25976 	28384
Indian Institute of Information Technology(IIIT) Una, Himachal Pradesh	Computer Science and Engineering (Cyber Security) (4 Years, Bachelor of Technology) 	AI 	OPEN 	Gender-Neutral 	26263 	33072
Indian Institute of Information Technology(IIIT) Una, Himachal Pradesh	Computer Science and Engineering (Data Science) (4 Years, Bachelor of Technology) 	AI 	OPEN 	Gender-Neutral 	29996 	32395
Indian Institute of Information Technology(IIIT) Una, Himachal Pradesh	Electronics and Communication Engineering (4 Years, Bachelor of Technology) 	AI 	OPEN 	Gender-Neutral 	32153 	38003
Indian Institute of Information Technology(IIIT) Una, Himachal Pradesh	Electronics and Communication Engineering (4 Years, Bachelor of Technology) 	AI 	OPEN 	Female-only (including Supernumerary) 	33670 	33670
Indian Institute of Information Technology (IIIT), Sri City, Chittoor	Artificial Intelligence and Data Science (4 Years, Bachelor of Technology) 	AI 	OPEN 	Gender-Neutral 	18106 	25834
Indian Institute of Information Technology (IIIT), Sri City, Chittoor	Artificial Intelligence and Data Science (4 Years, Bachelor of Technology) 	AI 	OPEN 	Female-only (including Supernumerary) 	23237 	33106
Indian Institute of Information Technology (IIIT), Sri City, Chittoor	Computer Science and Engineering (4 Years, Bachelor of Technology) 	AI 	OPEN 	Gender-Neutral 	11759 	24781
Indian Institute of Information Technology (IIIT), Sri City, Chittoor	Computer Science and Engineering (4 Years, Bachelor of Technology) 	AI 	OPEN 	Female-only (including Supernumerary) 	21348 	30414
Indian Institute of Information Technology (IIIT), Sri City, Chittoor	Electronics and Communication Engineering (4 Years, Bachelor of Technology) 	AI 	OPEN 	Gender-Neutral 	20649 	30596
Indian Institute of Information Technology (IIIT), Sri City, Chittoor	Electronics and Communication Engineering (4 Years, Bachelor of Technology) 	AI 	OPEN 	Female-only (including Supernumerary) 	35295 	39112
Indian Institute of Information Technology(IIIT), Vadodara, Gujrat	Artificial Intelligence (4 Years, Bachelor of Technology) 	AI 	OPEN 	Gender-Neutral 	22676 	25995
Indian Institute of Information Technology(IIIT), Vadodara, Gujrat	Artificial Intelligence (4 Years, Bachelor of Technology) 	AI 	OPEN 	Female-only (including Supernumerary) 	31292 	35317
Indian Institute of Information Technology(IIIT), Vadodara, Gujrat	Computer Science and Engineering (4 Years, Bachelor of Technology) 	AI 	OPEN 	Gender-Neutral 	12919 	22281
Indian Institute of Information Technology(IIIT), Vadodara, Gujrat	Computer Science and Engineering (4 Years, Bachelor of Technology) 	AI 	OPEN 	Female-only (including Supernumerary) 	15174 	30688
Indian Institute of Information Technology(IIIT), Vadodara, Gujrat	Electronics and Communication Engineering (4 Years, Bachelor of Technology) 	AI 	OPEN 	Gender-Neutral 	25415 	33401
Indian Institute of Information Technology(IIIT), Vadodara, Gujrat	Electronics and Communication Engineering (4 Years, Bachelor of Technology) 	AI 	OPEN 	Female-only (including Supernumerary) 	37252 	41584
Indian Institute of Information Technology(IIIT), Vadodara, Gujrat	Information Technology (4 Years, Bachelor of Technology) 	AI 	OPEN 	Gender-Neutral 	22987 	26307
Indian Institute of Information Technology(IIIT), Vadodara, Gujrat	Information Technology (4 Years, Bachelor of Technology) 	AI 	OPEN 	Female-only (including Supernumerary) 	31587 	32721
Indian Institute of Information Technology, Allahabad	Electronics and Communication Engineering (4 Years, Bachelor of Technology) 	AI 	OPEN 	Gender-Neutral 	5582 	7422
Indian Institute of Information Technology, Allahabad	Electronics and Communication Engineering (4 Years, Bachelor of Technology) 	AI 	OPEN 	Female-only (including Supernumerary) 	10602 	14651
Indian Institute of Information Technology, Allahabad	Information Technology (4 Years, Bachelor of Technology) 	AI 	OPEN 	Gender-Neutral 	2064 	5320
Indian Institute of Information Technology, Allahabad	Information Technology (4 Years, Bachelor of Technology) 	AI 	OPEN 	Female-only (including Supernumerary) 	2286 	10381
Indian Institute of Information Technology, Allahabad	Information Technology-Business Informatics (4 Years, Bachelor of Technology) 	AI 	OPEN 	Gender-Neutral 	1783 	5496
Indian Institute of Information Technology, Allahabad	Information Technology-Business Informatics (4 Years, Bachelor of Technology) 	AI 	OPEN 	Female-only (including Supernumerary) 	6587 	10492
Indian Institute of Information Technology, Design & Manufacturing, Kancheepuram	B.Tech in Mechanical Engineering and M.Tech in AI and Robotics (5 Years, B.Tech. + M.Tech./MS (Dual Degree)) 	AI 	OPEN 	Gender-Neutral 	24356 	36029
Indian Institute of Information Technology, Design & Manufacturing, Kancheepuram	B.Tech in Mechanical Engineering and M.Tech in AI and Robotics (5 Years, B.Tech. + M.Tech./MS (Dual Degree)) 	AI 	OPEN 	Female-only (including Supernumerary) 	31061 	42711
Indian Institute of Information Technology, Design & Manufacturing, Kancheepuram	B.Tech. in Electronics and Communication Engineering and M.Tech. in Communication Systems (5 Years, Bachelor and Master of Technology (Dual Degree)) 	AI 	OPEN 	Gender-Neutral 	19869 	26997
Indian Institute of Information Technology, Design & Manufacturing, Kancheepuram	B.Tech. in Electronics and Communication Engineering and M.Tech. in Communication Systems (5 Years, Bachelor and Master of Technology (Dual Degree)) 	AI 	OPEN 	Female-only (including Supernumerary) 	34351 	36985
Indian Institute of Information Technology, Design & Manufacturing, Kancheepuram	B.Tech. in Electronics and Communication Engineering and M.Tech. in Microelectronics and VLSI Systems (5 Years, Bachelor and Master of Technology (Dual Degree)) 	AI 	OPEN 	Gender-Neutral 	14526 	23466
Indian Institute of Information Technology, Design & Manufacturing, Kancheepuram	B.Tech. in Electronics and Communication Engineering and M.Tech. in Microelectronics and VLSI Systems (5 Years, Bachelor and Master of Technology (Dual Degree)) 	AI 	OPEN 	Female-only (including Supernumerary) 	18590 	30829
Indian Institute of Information Technology, Design & Manufacturing, Kancheepuram	Computer Science and Engineering (4 Years, Bachelor of Technology) 	AI 	OPEN 	Gender-Neutral 	7634 	17382
Indian Institute of Information Technology, Design & Manufacturing, Kancheepuram	Computer Science and Engineering (4 Years, Bachelor of Technology) 	AI 	OPEN 	Female-only (including Supernumerary) 	14284 	23043
Indian Institute of Information Technology, Design & Manufacturing, Kancheepuram	Computer Science and Engineering (5 Years, Bachelor and Master of Technology (Dual Degree)) 	AI 	OPEN 	Gender-Neutral 	16282 	21466
Indian Institute of Information Technology, Design & Manufacturing, Kancheepuram	Computer Science and Engineering (5 Years, Bachelor and Master of Technology (Dual Degree)) 	AI 	OPEN 	Female-only (including Supernumerary) 	23633 	27115
Indian Institute of Information Technology, Design & Manufacturing, Kancheepuram	Computer Science and Engineering with Major in Artificial Intelligence (4 Years, Bachelor of Technology) 	AI 	OPEN 	Gender-Neutral 	13140 	18483
Indian Institute of Information Technology, Design & Manufacturing, Kancheepuram	Computer Science and Engineering with Major in Artificial Intelligence (4 Years, Bachelor of Technology) 	AI 	OPEN 	Female-only (including Supernumerary) 	12856 	23582
Indian Institute of Information Technology, Design & Manufacturing, Kancheepuram	Design Engineering (4 Years, Bachelor of Technology) 	AI 	OPEN 	Gender-Neutral 	38339 	45417
Indian Institute of Information Technology, Design & Manufacturing, Kancheepuram	Electronics and Communication Engineering (4 Years, Bachelor of Technology) 	AI 	OPEN 	Gender-Neutral 	16217 	24001
Indian Institute of Information Technology, Design & Manufacturing, Kancheepuram	Electronics and Communication Engineering (4 Years, Bachelor of Technology) 	AI 	OPEN 	Female-only (including Supernumerary) 	23831 	32051
Indian Institute of Information Technology, Design & Manufacturing, Kancheepuram	Engineering Physics (4 Years, Bachelor of Technology) 	AI 	OPEN 	Gender-Neutral 	22889 	37220
Indian Institute of Information Technology, Design & Manufacturing, Kancheepuram	Mechanical Engineering (4 Years, Bachelor of Technology) 	AI 	OPEN 	Gender-Neutral 	21187 	39204
Indian Institute of Information Technology, Design & Manufacturing, Kancheepuram	Mechanical Engineering (4 Years, Bachelor of Technology) 	AI 	OPEN 	Female-only (including Supernumerary) 	40363 	52032
Indian Institute of Information Technology, Design & Manufacturing, Kancheepuram	Smart Manufacturing (4 Years, Bachelor of Technology) 	AI 	OPEN 	Gender-Neutral 	28850 	45251
Indian Institute of Information Technology, Design & Manufacturing, Kancheepuram	Smart Manufacturing (4 Years, Bachelor of Technology) 	AI 	OPEN 	Female-only (including Supernumerary) 	42814 	55390
Pt. Dwarka Prasad Mishra Indian Institute of Information Technology, Design & Manufacture Jabalpur	Computer Science and Engineering (4 Years, Bachelor of Technology) 	AI 	OPEN 	Gender-Neutral 	8498 	13454
Pt. Dwarka Prasad Mishra Indian Institute of Information Technology, Design & Manufacture Jabalpur	Computer Science and Engineering (4 Years, Bachelor of Technology) 	AI 	OPEN 	Female-only (including Supernumerary) 	11049 	22388
Pt. Dwarka Prasad Mishra Indian Institute of Information Technology, Design & Manufacture Jabalpur	Electronics and Communication Engineering (4 Years, Bachelor of Technology) 	AI 	OPEN 	Gender-Neutral 	14660 	18109
Pt. Dwarka Prasad Mishra Indian Institute of Information Technology, Design & Manufacture Jabalpur	Electronics and Communication Engineering (4 Years, Bachelor of Technology) 	AI 	OPEN 	Female-only (including Supernumerary) 	22241 	29822
Pt. Dwarka Prasad Mishra Indian Institute of Information Technology, Design & Manufacture Jabalpur	Mechanical Engineering (4 Years, Bachelor of Technology) 	AI 	OPEN 	Gender-Neutral 	28064 	38684
Pt. Dwarka Prasad Mishra Indian Institute of Information Technology, Design & Manufacture Jabalpur	Mechanical Engineering (4 Years, Bachelor of Technology) 	AI 	OPEN 	Female-only (including Supernumerary) 	47903 	51532
Pt. Dwarka Prasad Mishra Indian Institute of Information Technology, Design & Manufacture Jabalpur	Smart Manufacturing (4 Years, Bachelor of Technology) 	AI 	OPEN 	Gender-Neutral 	31147 	46412
Pt. Dwarka Prasad Mishra Indian Institute of Information Technology, Design & Manufacture Jabalpur	Smart Manufacturing (4 Years, Bachelor of Technology) 	AI 	OPEN 	Female-only (including Supernumerary) 	54088 	56996
INDIAN INSTITUTE OF INFORMATION TECHNOLOGY SENAPATI MANIPUR	Computer Science and Engineering (4 Years, Bachelor of Technology) 	AI 	OPEN 	Gender-Neutral 	40571 	53681
INDIAN INSTITUTE OF INFORMATION TECHNOLOGY SENAPATI MANIPUR	Computer Science and Engineering (4 Years, Bachelor of Technology) 	AI 	OPEN 	Female-only (including Supernumerary) 	49536 	60931
INDIAN INSTITUTE OF INFORMATION TECHNOLOGY SENAPATI MANIPUR	Computer Science and Engineering with specialization in Artificial Intelligence and Data Science (4 Years, Bachelor of Technology) 	AI 	OPEN 	Gender-Neutral 	40148 	54268
INDIAN INSTITUTE OF INFORMATION TECHNOLOGY SENAPATI MANIPUR	Computer Science and Engineering with specialization in Artificial Intelligence and Data Science (4 Years, Bachelor of Technology) 	AI 	OPEN 	Female-only (including Supernumerary) 	52416 	64221
INDIAN INSTITUTE OF INFORMATION TECHNOLOGY SENAPATI MANIPUR	Computer Science and Engineering with specialization in Cyber Security (4 Years, Bachelor of Technology) 	AI 	OPEN 	Gender-Neutral 	43012 	56817
INDIAN INSTITUTE OF INFORMATION TECHNOLOGY SENAPATI MANIPUR	Computer Science and Engineering with specialization in Cyber Security (4 Years, Bachelor of Technology) 	AI 	OPEN 	Female-only (including Supernumerary) 	52471 	65774
INDIAN INSTITUTE OF INFORMATION TECHNOLOGY SENAPATI MANIPUR	Computer Science and Engineering with specialization in Quantum Technologies (4 Years, Bachelor of Technology) 	AI 	OPEN 	Gender-Neutral 	40516 	51254
INDIAN INSTITUTE OF INFORMATION TECHNOLOGY SENAPATI MANIPUR	Computer Science and Engineering with specialization in Quantum Technologies (4 Years, Bachelor of Technology) 	AI 	OPEN 	Female-only (including Supernumerary) 	51317 	56927
INDIAN INSTITUTE OF INFORMATION TECHNOLOGY SENAPATI MANIPUR	Electronics and Communication Engineering (4 Years, Bachelor of Technology) 	AI 	OPEN 	Gender-Neutral 	44414 	58782
INDIAN INSTITUTE OF INFORMATION TECHNOLOGY SENAPATI MANIPUR	Electronics and Communication Engineering (4 Years, Bachelor of Technology) 	AI 	OPEN 	Female-only (including Supernumerary) 	64228 	68795
INDIAN INSTITUTE OF INFORMATION TECHNOLOGY SENAPATI MANIPUR	Electronics and Communication Engineering with specialization in VLSI and Embedded Systems (4 Years, Bachelor of Technology) 	AI 	OPEN 	Gender-Neutral 	43009 	62189
INDIAN INSTITUTE OF INFORMATION TECHNOLOGY SENAPATI MANIPUR	Electronics and Communication Engineering with specialization in VLSI and Embedded Systems (4 Years, Bachelor of Technology) 	AI 	OPEN 	Female-only (including Supernumerary) 	63960 	71414
Indian Institute of Information Technology Tiruchirappalli	Computer Science and Engineering ( Artificial Intelligence & Data Science) (4 Years, Bachelor of Technology) 	AI 	OPEN 	Gender-Neutral 	7602 	23249
Indian Institute of Information Technology Tiruchirappalli	Computer Science and Engineering (4 Years, Bachelor of Technology) 	AI 	OPEN 	Gender-Neutral 	4992 	27113
Indian Institute of Information Technology Tiruchirappalli	Computer Science and Engineering (4 Years, Bachelor of Technology) 	AI 	OPEN 	Female-only (including Supernumerary) 	27960 	37997
Indian Institute of Information Technology Tiruchirappalli	Electronics and Communication Engineering (4 Years, Bachelor of Technology) 	AI 	OPEN 	Gender-Neutral 	26139 	35243
Indian Institute of Information Technology Tiruchirappalli	Electronics and Communication Engineering (4 Years, Bachelor of Technology) 	AI 	OPEN 	Female-only (including Supernumerary) 	39526 	42990
Indian Institute of Information Technology Tiruchirappalli	Electronics and Communication Engineering (VLSI Design) (4 Years, Bachelor of Technology) 	AI 	OPEN 	Gender-Neutral 	9352 	28627
Indian Institute of Information Technology Lucknow	Computer Science (4 Years, Bachelor of Technology) 	AI 	OPEN 	Gender-Neutral 	5828 	8890
Indian Institute of Information Technology Lucknow	Computer Science (4 Years, Bachelor of Technology) 	AI 	OPEN 	Female-only (including Supernumerary) 	8202 	15088
Indian Institute of Information Technology Lucknow	Computer Science and Artificial Intelligence (4 Years, Bachelor of Technology) 	AI 	OPEN 	Gender-Neutral 	5580 	8990
Indian Institute of Information Technology Lucknow	Computer Science and Artificial Intelligence (4 Years, Bachelor of Technology) 	AI 	OPEN 	Female-only (including Supernumerary) 	12630 	14837
Indian Institute of Information Technology Lucknow	Computer Science and Business (4 Years, Bachelor of Technology) 	AI 	OPEN 	Gender-Neutral 	7854 	10223
Indian Institute of Information Technology Lucknow	Computer Science and Business (4 Years, Bachelor of Technology) 	AI 	OPEN 	Female-only (including Supernumerary) 	17138 	19657
Indian Institute of Information Technology Lucknow	Information Technology (4 Years, Bachelor of Technology) 	AI 	OPEN 	Gender-Neutral 	9118 	10371
Indian Institute of Information Technology Lucknow	Information Technology (4 Years, Bachelor of Technology) 	AI 	OPEN 	Female-only (including Supernumerary) 	15421 	16957
Indian Institute of Information Technology(IIIT) Dharwad 	Computer Science and Engineering (4 Years, Bachelor of Technology) 	AI 	OPEN 	Gender-Neutral 	10788 	37801
Indian Institute of Information Technology(IIIT) Dharwad 	Computer Science and Engineering (4 Years, Bachelor of Technology) 	AI 	OPEN 	Female-only (including Supernumerary) 	17805 	40364
Indian Institute of Information Technology(IIIT) Dharwad 	Data Science and Artificial Intelligence (4 Years, Bachelor of Technology) 	AI 	OPEN 	Gender-Neutral 	27360 	39025
Indian Institute of Information Technology(IIIT) Dharwad 	Data Science and Artificial Intelligence (4 Years, Bachelor of Technology) 	AI 	OPEN 	Female-only (including Supernumerary) 	39861 	43661
Indian Institute of Information Technology(IIIT) Dharwad 	Electronics and Communication Engineering (4 Years, Bachelor of Technology) 	AI 	OPEN 	Gender-Neutral 	20015 	40641
Indian Institute of Information Technology(IIIT) Dharwad 	Electronics and Communication Engineering (4 Years, Bachelor of Technology) 	AI 	OPEN 	Female-only (including Supernumerary) 	41599 	44918
Indian Institute of Information Technology Design & Manufacturing Kurnool, Andhra Pradesh	Artificial Intelligence and Data Science (4 Years, Bachelor of Technology) 	AI 	OPEN 	Gender-Neutral 	23518 	35178
Indian Institute of Information Technology Design & Manufacturing Kurnool, Andhra Pradesh	Artificial Intelligence and Data Science (4 Years, Bachelor of Technology) 	AI 	OPEN 	Female-only (including Supernumerary) 	37880 	40904
Indian Institute of Information Technology Design & Manufacturing Kurnool, Andhra Pradesh	Computer Science and Engineering (4 Years, Bachelor of Technology) 	AI 	OPEN 	Gender-Neutral 	21566 	32512
Indian Institute of Information Technology Design & Manufacturing Kurnool, Andhra Pradesh	Computer Science and Engineering (4 Years, Bachelor of Technology) 	AI 	OPEN 	Female-only (including Supernumerary) 	34227 	37649
Indian Institute of Information Technology Design & Manufacturing Kurnool, Andhra Pradesh	Computer Science and Engineering (5 Years, Bachelor and Master of Technology (Dual Degree)) 	AI 	OPEN 	Gender-Neutral 	31069 	34786
Indian Institute of Information Technology Design & Manufacturing Kurnool, Andhra Pradesh	Computer Science and Engineering (5 Years, Bachelor and Master of Technology (Dual Degree)) 	AI 	OPEN 	Female-only (including Supernumerary) 	35296 	42290
Indian Institute of Information Technology Design & Manufacturing Kurnool, Andhra Pradesh	Electronics and Communication Engineering (5 Years, Bachelor and Master of Technology (Dual Degree)) 	AI 	OPEN 	Gender-Neutral 	41232 	42596
Indian Institute of Information Technology Design & Manufacturing Kurnool, Andhra Pradesh	Electronics and Communication Engineering (5 Years, Bachelor and Master of Technology (Dual Degree)) 	AI 	OPEN 	Female-only (including Supernumerary) 	41618 	42873
Indian Institute of Information Technology Design & Manufacturing Kurnool, Andhra Pradesh	Electronics and Communication Engineering with specialization in Design and Manufacturing (4 Years, Bachelor of Technology) 	AI 	OPEN 	Gender-Neutral 	31019 	39919
Indian Institute of Information Technology Design & Manufacturing Kurnool, Andhra Pradesh	Electronics and Communication Engineering with specialization in Design and Manufacturing (4 Years, Bachelor of Technology) 	AI 	OPEN 	Female-only (including Supernumerary) 	37089 	46568
Indian Institute of Information Technology Design & Manufacturing Kurnool, Andhra Pradesh	Mechanical Engineering (5 Years, Bachelor and Master of Technology (Dual Degree)) 	AI 	OPEN 	Gender-Neutral 	43136 	48676
Indian Institute of Information Technology Design & Manufacturing Kurnool, Andhra Pradesh	Mechanical Engineering (5 Years, Bachelor and Master of Technology (Dual Degree)) 	AI 	OPEN 	Female-only (including Supernumerary) 	57391 	58839
Indian Institute of Information Technology Design & Manufacturing Kurnool, Andhra Pradesh	Mechanical Engineering with specialization in Design and Manufacturing (4 Years, Bachelor of Technology) 	AI 	OPEN 	Gender-Neutral 	39999 	48364
Indian Institute of Information Technology Design & Manufacturing Kurnool, Andhra Pradesh	Mechanical Engineering with specialization in Design and Manufacturing (4 Years, Bachelor of Technology) 	AI 	OPEN 	Female-only (including Supernumerary) 	51554 	57674
Indian Institute of Information Technology(IIIT) Kottayam	Computer Science and Engineering (4 Years, Bachelor of Technology) 	AI 	OPEN 	Gender-Neutral 	14115 	36121
Indian Institute of Information Technology(IIIT) Kottayam	Computer Science and Engineering (4 Years, Bachelor of Technology) 	AI 	OPEN 	Female-only (including Supernumerary) 	30623 	42561
Indian Institute of Information Technology(IIIT) Kottayam	Computer Science and Engineering with specialization in Artificial Intelligence and Data Science (4 Years, Bachelor of Technology) 	AI 	OPEN 	Gender-Neutral 	16538 	30137
Indian Institute of Information Technology(IIIT) Kottayam	Computer Science and Engineering with specialization in Artificial Intelligence and Data Science (4 Years, Bachelor of Technology) 	AI 	OPEN 	Female-only (including Supernumerary) 	26287 	38893
Indian Institute of Information Technology(IIIT) Kottayam	Computer Science and Engineering with specialization in Cyber Security (4 Years, Bachelor of Technology) 	AI 	OPEN 	Gender-Neutral 	23499 	36770
Indian Institute of Information Technology(IIIT) Kottayam	Computer Science and Engineering with specialization in Cyber Security (4 Years, Bachelor of Technology) 	AI 	OPEN 	Female-only (including Supernumerary) 	39639 	42807
Indian Institute of Information Technology(IIIT) Kottayam	Electronics and Communication Engineering (4 Years, Bachelor of Technology) 	AI 	OPEN 	Gender-Neutral 	27939 	38495
Indian Institute of Information Technology(IIIT) Kottayam	Electronics and Communication Engineering (4 Years, Bachelor of Technology) 	AI 	OPEN 	Female-only (including Supernumerary) 	28145 	42454
Indian Institute of Information Technology (IIIT) Ranchi	B.Tech in Mathematics and Computing (4 Years, Bachelor of Technology) 	AI 	OPEN 	Gender-Neutral 	8556 	37970
Indian Institute of Information Technology (IIIT) Ranchi	Computer Science and Engineering (4 Years, Bachelor of Technology) 	AI 	OPEN 	Gender-Neutral 	20320 	33935
Indian Institute of Information Technology (IIIT) Ranchi	Computer Science and Engineering (with Specialization of Data Science and Artificial Intelligence) (4 Years, B. Tech / B. Tech (Hons.)) 	AI 	OPEN 	Gender-Neutral 	23715 	33311
Indian Institute of Information Technology (IIIT) Ranchi	Electronics and Communication Engineering (4 Years, Bachelor of Technology) 	AI 	OPEN 	Gender-Neutral 	31839 	41089
Indian Institute of Information Technology (IIIT) Ranchi	Electronics and Communication Engineering (with Specialization of Embedded Systems and Internet of Things) (4 Years, B. Tech / B. Tech (Hons.)) 	AI 	OPEN 	Gender-Neutral 	35989 	40064
Indian Institute of Information Technology (IIIT) Nagpur	Computer Science and Engineering (4 Years, Bachelor of Technology) 	AI 	OPEN 	Gender-Neutral 	11194 	27380
Indian Institute of Information Technology (IIIT) Nagpur	Computer Science Engineering (Artificial lntelligence and Machine Learning) (4 Years, Bachelor of Technology) 	AI 	OPEN 	Gender-Neutral 	13842 	26133
Indian Institute of Information Technology (IIIT) Nagpur	Computer Science Engineering (Data Science and Analytics) (4 Years, Bachelor of Technology) 	AI 	OPEN 	Gender-Neutral 	11635 	28475
Indian Institute of Information Technology (IIIT) Nagpur	Computer Science Engineering (Human Computer lnteraction and Gaming Technology) (4 Years, Bachelor of Technology) 	AI 	OPEN 	Gender-Neutral 	25900 	30651
Indian Institute of Information Technology (IIIT) Nagpur	Electronics and Communication Engineering (4 Years, Bachelor of Technology) 	AI 	OPEN 	Gender-Neutral 	19743 	37029
Indian Institute of Information Technology (IIIT) Nagpur	Electronics and Communication Engineering (Internet of Things) (4 Years, Bachelor of Technology) 	AI 	OPEN 	Gender-Neutral 	21160 	35061
Indian Institute of Information Technology (IIIT) Pune	Computer Science and Engineering (4 Years, Bachelor of Technology) 	AI 	OPEN 	Gender-Neutral 	10834 	18723
Indian Institute of Information Technology (IIIT) Pune	Computer Science and Engineering (4 Years, Bachelor of Technology) 	AI 	OPEN 	Female-only (including Supernumerary) 	16948 	28468
Indian Institute of Information Technology (IIIT) Pune	Electronics and Communication Engineering (4 Years, Bachelor of Technology) 	AI 	OPEN 	Gender-Neutral 	17512 	24351
Indian Institute of Information Technology (IIIT) Pune	Electronics and Communication Engineering (4 Years, Bachelor of Technology) 	AI 	OPEN 	Female-only (including Supernumerary) 	23759 	35213
Indian Institute of Information Technology Bhagalpur	Computer Science and Engineering (4 Years, Bachelor of Technology) 	AI 	OPEN 	Gender-Neutral 	28667 	40376
Indian Institute of Information Technology Bhagalpur	Computer Science and Engineering (4 Years, Bachelor of Technology) 	AI 	OPEN 	Female-only (including Supernumerary) 	29881 	43979
Indian Institute of Information Technology Bhagalpur	Electronics and Communication Engineering (4 Years, Bachelor of Technology) 	AI 	OPEN 	Gender-Neutral 	26166 	42835
Indian Institute of Information Technology Bhagalpur	Electronics and Communication Engineering (4 Years, Bachelor of Technology) 	AI 	OPEN 	Female-only (including Supernumerary) 	44014 	48719
Indian Institute of Information Technology Bhagalpur	Mathematics and Computing (4 Years, Bachelor of Technology) 	AI 	OPEN 	Gender-Neutral 	25314 	40812
Indian Institute of Information Technology Bhagalpur	Mechatronics and Automation Engineering (4 Years, Bachelor of Technology) 	AI 	OPEN 	Gender-Neutral 	41101 	48544
Indian Institute of Information Technology Bhagalpur	Mechatronics and Automation Engineering (4 Years, Bachelor of Technology) 	AI 	OPEN 	Female-only (including Supernumerary) 	49478 	51543
Indian Institute of Information Technology Bhopal	B.Tech in Mathematics and Computing (4 Years, Bachelor of Technology) 	AI 	OPEN 	Gender-Neutral 	22567 	31569
Indian Institute of Information Technology Bhopal	Computer Science and Engineering (4 Years, Bachelor of Technology) 	AI 	OPEN 	Gender-Neutral 	10586 	25450
Indian Institute of Information Technology Bhopal	Computer Science and Engineering (Artificial Intelligence) (4 Years, Bachelor of Technology) 	AI 	OPEN 	Gender-Neutral 	16175 	25336
Indian Institute of Information Technology Bhopal	Computer Science and Engineering (Cyber Physical System) (4 Years, Bachelor of Technology) 	AI 	OPEN 	Gender-Neutral 	28845 	32341
Indian Institute of Information Technology Bhopal	Computer Science and Engineering (Cyber Security) (4 Years, Bachelor of Technology) 	AI 	OPEN 	Gender-Neutral 	21825 	28645
Indian Institute of Information Technology Bhopal	Computer Science and Engineering (Data Science) (4 Years, Bachelor of Technology) 	AI 	OPEN 	Gender-Neutral 	14306 	26032
Indian Institute of Information Technology Bhopal	Electronics and Communication Engineering (4 Years, Bachelor of Technology) 	AI 	OPEN 	Gender-Neutral 	26484 	35763
Indian Institute of Information Technology Bhopal	Information Technology (4 Years, Bachelor of Technology) 	AI 	OPEN 	Gender-Neutral 	26233 	32611
Indian Institute of Information Technology Bhopal	Physics and Computational Engineering (4 Years, Bachelor of Technology) 	AI 	OPEN 	Gender-Neutral 	36006 	40291
Indian Institute of Information Technology Surat	Computer Science and Engineering (4 Years, Bachelor of Technology) 	AI 	OPEN 	Gender-Neutral 	13060 	26261
Indian Institute of Information Technology Surat	Computer Science and Engineering (4 Years, Bachelor of Technology) 	AI 	OPEN 	Female-only (including Supernumerary) 	24569 	34640
Indian Institute of Information Technology Surat	Computer Science and Engineering (Artificial Intelligence and Machine Learning) (4 Years, Bachelor of Technology) 	AI 	OPEN 	Gender-Neutral 	10837 	24479
Indian Institute of Information Technology Surat	Computer Science and Engineering (Artificial Intelligence and Machine Learning) (4 Years, Bachelor of Technology) 	AI 	OPEN 	Female-only (including Supernumerary) 	26758 	31499
Indian Institute of Information Technology Surat	Computer Science and Engineering (Cyber Security) (4 Years, Bachelor of Technology) 	AI 	OPEN 	Gender-Neutral 	10234 	26270
Indian Institute of Information Technology Surat	Computer Science and Engineering (Cyber Security) (4 Years, Bachelor of Technology) 	AI 	OPEN 	Female-only (including Supernumerary) 	29098 	34330
Indian Institute of Information Technology Surat	Electronics and Communication Engineering (4 Years, Bachelor of Technology) 	AI 	OPEN 	Gender-Neutral 	19732 	33554
Indian Institute of Information Technology Surat	Electronics and Communication Engineering (4 Years, Bachelor of Technology) 	AI 	OPEN 	Female-only (including Supernumerary) 	36816 	40585
Indian Institute of Information Technology, Agartala	Computer Science and Engineering (4 Years, Bachelor of Technology) 	AI 	OPEN 	Gender-Neutral 	15909 	40725
Indian Institute of Information Technology, Agartala	Computer Science and Engineering (4 Years, Bachelor of Technology) 	AI 	OPEN 	Female-only (including Supernumerary) 	36373 	46920
Indian institute of information technology, Raichur, Karnataka	Artificial Intelligence and Data Science (4 Years, Bachelor of Technology) 	AI 	OPEN 	Gender-Neutral 	26003 	37436
Indian institute of information technology, Raichur, Karnataka	Artificial Intelligence and Data Science (4 Years, Bachelor of Technology) 	AI 	OPEN 	Female-only (including Supernumerary) 	39590 	44870
Indian institute of information technology, Raichur, Karnataka	Computer Science and Engineering (4 Years, Bachelor of Technology) 	AI 	OPEN 	Gender-Neutral 	6868 	33818
Indian institute of information technology, Raichur, Karnataka	Computer Science and Engineering (4 Years, Bachelor of Technology) 	AI 	OPEN 	Female-only (including Supernumerary) 	36253 	42959
Indian institute of information technology, Raichur, Karnataka	Mathematics and Computing (4 Years, Bachelor of Technology) 	AI 	OPEN 	Gender-Neutral 	23426 	38865
Indian institute of information technology, Raichur, Karnataka	Mathematics and Computing (4 Years, Bachelor of Technology) 	AI 	OPEN 	Female-only (including Supernumerary) 	38271 	46236
Indian Institute of Information Technology, Vadodara International Campus Diu (IIITVICD)	Artificial Intelligence (4 Years, Bachelor of Technology) 	AI 	OPEN 	Gender-Neutral 	27990 	37976
Indian Institute of Information Technology, Vadodara International Campus Diu (IIITVICD)	Artificial Intelligence (4 Years, Bachelor of Technology) 	AI 	OPEN 	Female-only (including Supernumerary) 	38970 	41573
Indian Institute of Information Technology, Vadodara International Campus Diu (IIITVICD)	Computer Science and Engineering (4 Years, Bachelor of Technology) 	AI 	OPEN 	Gender-Neutral 	25787 	35234
Indian Institute of Information Technology, Vadodara International Campus Diu (IIITVICD)	Computer Science and Engineering (4 Years, Bachelor of Technology) 	AI 	OPEN 	Female-only (including Supernumerary) 	35008 	38403
Indian Institute of Information Technology, Vadodara International Campus Diu (IIITVICD)	Electronics and Communication Engineering (4 Years, Bachelor of Technology) 	AI 	OPEN 	Gender-Neutral 	29552 	40869
Indian Institute of Information Technology, Vadodara International Campus Diu (IIITVICD)	Electronics and Communication Engineering (4 Years, Bachelor of Technology) 	AI 	OPEN 	Female-only (including Supernumerary) 	42934 	46231
Assam University, Silchar	Agricultural Engineering (4 Years, Bachelor of Technology) 	AI 	OPEN 	Gender-Neutral 	58197 	73662
Assam University, Silchar	Agricultural Engineering (4 Years, Bachelor of Technology) 	AI 	OPEN 	Female-only (including Supernumerary) 	68243 	68243
Assam University, Silchar	Agricultural Engineering (4 Years, Bachelor of Technology) 	HS 	OPEN 	Gender-Neutral 	125600 	159214
Assam University, Silchar	Agricultural Engineering (4 Years, Bachelor of Technology) 	HS 	OPEN 	Female-only (including Supernumerary) 	129629 	129629
Assam University, Silchar	Computer Science and Engineering (4 Years, Bachelor of Technology) 	AI 	OPEN 	Gender-Neutral 	32937 	48985
Assam University, Silchar	Computer Science and Engineering (4 Years, Bachelor of Technology) 	AI 	OPEN 	Female-only (including Supernumerary) 	49476 	49476
Assam University, Silchar	Computer Science and Engineering (4 Years, Bachelor of Technology) 	HS 	OPEN 	Gender-Neutral 	80319 	87732
Assam University, Silchar	Computer Science and Engineering (4 Years, Bachelor of Technology) 	HS 	OPEN 	Female-only (including Supernumerary) 	115147 	115147
Assam University, Silchar	Electronics and Communication Engineering (4 Years, Bachelor of Technology) 	AI 	OPEN 	Gender-Neutral 	47997 	59214
Assam University, Silchar	Electronics and Communication Engineering (4 Years, Bachelor of Technology) 	AI 	OPEN 	Female-only (including Supernumerary) 	57628 	57628
Assam University, Silchar	Electronics and Communication Engineering (4 Years, Bachelor of Technology) 	HS 	OPEN 	Gender-Neutral 	79517 	95560
Assam University, Silchar	Electronics and Communication Engineering (4 Years, Bachelor of Technology) 	HS 	OPEN 	Female-only (including Supernumerary) 	110055 	110055
Birla Institute of Technology, Mesra, Ranchi	Architecture (5 Years, Bachelor of Architecture) 	AI 	OPEN 	Gender-Neutral 	586 	809
Birla Institute of Technology, Mesra, Ranchi	Architecture (5 Years, Bachelor of Architecture) 	HS 	OPEN 	Gender-Neutral 	1527 	2236
Birla Institute of Technology, Mesra, Ranchi	Artificial Intelligence and Machine Learning (4 Years, Bachelor of Technology) 	AI 	OPEN 	Gender-Neutral 	16851 	19027
Birla Institute of Technology, Mesra, Ranchi	Artificial Intelligence and Machine Learning (4 Years, Bachelor of Technology) 	AI 	OPEN 	Female-only (including Supernumerary) 	28928 	29608
Birla Institute of Technology, Mesra, Ranchi	Artificial Intelligence and Machine Learning (4 Years, Bachelor of Technology) 	HS 	OPEN 	Gender-Neutral 	31836 	34822
Birla Institute of Technology, Mesra, Ranchi	Artificial Intelligence and Machine Learning (4 Years, Bachelor of Technology) 	HS 	OPEN 	Female-only (including Supernumerary) 	42703 	53742
Birla Institute of Technology, Mesra, Ranchi	Bio Technology (4 Years, Bachelor of Technology) 	AI 	OPEN 	Gender-Neutral 	44586 	52339
Birla Institute of Technology, Mesra, Ranchi	Bio Technology (4 Years, Bachelor of Technology) 	AI 	OPEN 	Female-only (including Supernumerary) 	52616 	52616
Birla Institute of Technology, Mesra, Ranchi	Bio Technology (4 Years, Bachelor of Technology) 	HS 	OPEN 	Gender-Neutral 	84818 	94953
Birla Institute of Technology, Mesra, Ranchi	Bio Technology (4 Years, Bachelor of Technology) 	HS 	OPEN 	Female-only (including Supernumerary) 	84318 	93231
Birla Institute of Technology, Mesra, Ranchi	Chemical Engineering (4 Years, Bachelor of Technology) 	AI 	OPEN 	Gender-Neutral 	38260 	49382
Birla Institute of Technology, Mesra, Ranchi	Chemical Engineering (4 Years, Bachelor of Technology) 	AI 	OPEN 	Female-only (including Supernumerary) 	45700 	53515
Birla Institute of Technology, Mesra, Ranchi	Chemical Engineering (4 Years, Bachelor of Technology) 	HS 	OPEN 	Gender-Neutral 	62760 	84726
Birla Institute of Technology, Mesra, Ranchi	Chemical Engineering (4 Years, Bachelor of Technology) 	HS 	OPEN 	Female-only (including Supernumerary) 	77556 	91055
Birla Institute of Technology, Mesra, Ranchi	Civil Engineering (4 Years, Bachelor of Technology) 	AI 	OPEN 	Gender-Neutral 	39328 	50777
Birla Institute of Technology, Mesra, Ranchi	Civil Engineering (4 Years, Bachelor of Technology) 	AI 	OPEN 	Female-only (including Supernumerary) 	53180 	59458
Birla Institute of Technology, Mesra, Ranchi	Civil Engineering (4 Years, Bachelor of Technology) 	HS 	OPEN 	Gender-Neutral 	51117 	84536
Birla Institute of Technology, Mesra, Ranchi	Civil Engineering (4 Years, Bachelor of Technology) 	HS 	OPEN 	Female-only (including Supernumerary) 	84705 	94825
Birla Institute of Technology, Mesra, Ranchi	Computer Science and Engineering (4 Years, Bachelor of Technology) 	AI 	OPEN 	Gender-Neutral 	11583 	16730
Birla Institute of Technology, Mesra, Ranchi	Computer Science and Engineering (4 Years, Bachelor of Technology) 	AI 	OPEN 	Female-only (including Supernumerary) 	20132 	27754
Birla Institute of Technology, Mesra, Ranchi	Computer Science and Engineering (4 Years, Bachelor of Technology) 	HS 	OPEN 	Gender-Neutral 	17712 	30491
Birla Institute of Technology, Mesra, Ranchi	Computer Science and Engineering (4 Years, Bachelor of Technology) 	HS 	OPEN 	Female-only (including Supernumerary) 	34446 	50559
Birla Institute of Technology, Mesra, Ranchi	Electrical and Electronics Engineering (4 Years, Bachelor of Technology) 	AI 	OPEN 	Gender-Neutral 	24964 	29710
Birla Institute of Technology, Mesra, Ranchi	Electrical and Electronics Engineering (4 Years, Bachelor of Technology) 	AI 	OPEN 	Female-only (including Supernumerary) 	32968 	39506
Birla Institute of Technology, Mesra, Ranchi	Electrical and Electronics Engineering (4 Years, Bachelor of Technology) 	HS 	OPEN 	Gender-Neutral 	32062 	51744
Birla Institute of Technology, Mesra, Ranchi	Electrical and Electronics Engineering (4 Years, Bachelor of Technology) 	HS 	OPEN 	Female-only (including Supernumerary) 	67848 	75993
Birla Institute of Technology, Mesra, Ranchi	Electronics and Communication Engineering (4 Years, Bachelor of Technology) 	AI 	OPEN 	Gender-Neutral 	12976 	24579
Birla Institute of Technology, Mesra, Ranchi	Electronics and Communication Engineering (4 Years, Bachelor of Technology) 	AI 	OPEN 	Female-only (including Supernumerary) 	29692 	35169
Birla Institute of Technology, Mesra, Ranchi	Electronics and Communication Engineering (4 Years, Bachelor of Technology) 	HS 	OPEN 	Gender-Neutral 	32592 	46437
Birla Institute of Technology, Mesra, Ranchi	Electronics and Communication Engineering (4 Years, Bachelor of Technology) 	HS 	OPEN 	Female-only (including Supernumerary) 	51088 	64501
Birla Institute of Technology, Mesra, Ranchi	Food Engineering and Technology (4 Years, Bachelor of Technology) 	AI 	OPEN 	Gender-Neutral 	51447 	56056
Birla Institute of Technology, Mesra, Ranchi	Food Engineering and Technology (4 Years, Bachelor of Technology) 	AI 	OPEN 	Female-only (including Supernumerary) 	58328 	58328
Birla Institute of Technology, Mesra, Ranchi	Food Engineering and Technology (4 Years, Bachelor of Technology) 	HS 	OPEN 	Gender-Neutral 	64968 	106408
Birla Institute of Technology, Mesra, Ranchi	Food Engineering and Technology (4 Years, Bachelor of Technology) 	HS 	OPEN 	Female-only (including Supernumerary) 	101650 	108276
Birla Institute of Technology, Mesra, Ranchi	Mathematics and Computing (5 Years, Integrated Master of Science) 	AI 	OPEN 	Gender-Neutral 	15948 	28867
Birla Institute of Technology, Mesra, Ranchi	Mathematics and Computing (5 Years, Integrated Master of Science) 	AI 	OPEN 	Female-only (including Supernumerary) 	34777 	40691
Birla Institute of Technology, Mesra, Ranchi	Mathematics and Computing (5 Years, Integrated Master of Science) 	HS 	OPEN 	Gender-Neutral 	35594 	61464
Birla Institute of Technology, Mesra, Ranchi	Mathematics and Computing (5 Years, Integrated Master of Science) 	HS 	OPEN 	Female-only (including Supernumerary) 	77022 	81781
Birla Institute of Technology, Mesra, Ranchi	Mechanical Engineering (4 Years, Bachelor of Technology) 	AI 	OPEN 	Gender-Neutral 	30296 	42477
Birla Institute of Technology, Mesra, Ranchi	Mechanical Engineering (4 Years, Bachelor of Technology) 	AI 	OPEN 	Female-only (including Supernumerary) 	44940 	55386
Birla Institute of Technology, Mesra, Ranchi	Mechanical Engineering (4 Years, Bachelor of Technology) 	HS 	OPEN 	Gender-Neutral 	43316 	66235
Birla Institute of Technology, Mesra, Ranchi	Mechanical Engineering (4 Years, Bachelor of Technology) 	HS 	OPEN 	Female-only (including Supernumerary) 	76748 	83484
Birla Institute of Technology, Mesra, Ranchi	Physics (5 Years, Integrated Master of Science) 	AI 	OPEN 	Gender-Neutral 	18275 	50050
Birla Institute of Technology, Mesra, Ranchi	Physics (5 Years, Integrated Master of Science) 	AI 	OPEN 	Female-only (including Supernumerary) 	44975 	44975
Birla Institute of Technology, Mesra, Ranchi	Physics (5 Years, Integrated Master of Science) 	HS 	OPEN 	Gender-Neutral 	55115 	105863
Birla Institute of Technology, Mesra, Ranchi	Physics (5 Years, Integrated Master of Science) 	HS 	OPEN 	Female-only (including Supernumerary) 	106297 	116244
Birla Institute of Technology, Mesra, Ranchi	Production and Industrial Engineering (4 Years, Bachelor of Technology) 	AI 	OPEN 	Gender-Neutral 	41216 	52546
Birla Institute of Technology, Mesra, Ranchi	Production and Industrial Engineering (4 Years, Bachelor of Technology) 	AI 	OPEN 	Female-only (including Supernumerary) 	53663 	62341
Birla Institute of Technology, Mesra, Ranchi	Production and Industrial Engineering (4 Years, Bachelor of Technology) 	HS 	OPEN 	Gender-Neutral 	68595 	102330
Birla Institute of Technology, Mesra, Ranchi	Production and Industrial Engineering (4 Years, Bachelor of Technology) 	HS 	OPEN 	Female-only (including Supernumerary) 	88021 	94505
Birla Institute of Technology, Mesra, Ranchi	Quantitative Economics & Data Science (5 Years, Integrated Master of Science) 	AI 	OPEN 	Gender-Neutral 	21919 	37233
Birla Institute of Technology, Mesra, Ranchi	Quantitative Economics & Data Science (5 Years, Integrated Master of Science) 	AI 	OPEN 	Female-only (including Supernumerary) 	41238 	41238
Birla Institute of Technology, Mesra, Ranchi	Quantitative Economics & Data Science (5 Years, Integrated Master of Science) 	HS 	OPEN 	Gender-Neutral 	69187 	92107
Birla Institute of Technology, Mesra, Ranchi	Quantitative Economics & Data Science (5 Years, Integrated Master of Science) 	HS 	OPEN 	Female-only (including Supernumerary) 	87103 	96851
Gurukula Kangri Vishwavidyalaya, Haridwar	Computer Science and Engineering (4 Years, Bachelor of Technology) 	AI 	OPEN 	Gender-Neutral 	35783 	67999
Gurukula Kangri Vishwavidyalaya, Haridwar	Electrical Engineering (4 Years, Bachelor of Technology) 	AI 	OPEN 	Gender-Neutral 	39544 	72917
Gurukula Kangri Vishwavidyalaya, Haridwar	Electronics and Communication Engineering (4 Years, Bachelor of Technology) 	AI 	OPEN 	Gender-Neutral 	50282 	76936
Gurukula Kangri Vishwavidyalaya, Haridwar	Mechanical Engineering (4 Years, Bachelor of Technology) 	AI 	OPEN 	Gender-Neutral 	54626 	87377
Indian Institute of Carpet Technology, Bhadohi	Carpet and Textile Technology (4 Years, Bachelor of Technology) 	AI 	OPEN 	Gender-Neutral 	83160 	95835
Indian Institute of Carpet Technology, Bhadohi	Carpet and Textile Technology (4 Years, Bachelor of Technology) 	AI 	OPEN 	Female-only (including Supernumerary) 	88944 	94712
Institute of Infrastructure, Technology, Research and Management-Ahmedabad	Civil Engineering (4 Years, Bachelor of Technology) 	AI 	OPEN 	Gender-Neutral 	59349 	70213
Institute of Infrastructure, Technology, Research and Management-Ahmedabad	Computer Engineering (4 Years, Bachelor of Technology) 	AI 	OPEN 	Gender-Neutral 	36177 	41065
Institute of Infrastructure, Technology, Research and Management-Ahmedabad	Electrical Engineering (4 Years, Bachelor of Technology) 	AI 	OPEN 	Gender-Neutral 	44882 	55887
Institute of Infrastructure, Technology, Research and Management-Ahmedabad	Mechanical Engineering (4 Years, Bachelor of Technology) 	AI 	OPEN 	Gender-Neutral 	45002 	62657
School of Studies of Engineering and Technology, Guru Ghasidas Vishwavidyalaya, Bilaspur	Animation and VFX (4 Years, Bachelor of Technology) 	AI 	OPEN 	Gender-Neutral 	61491 	80940
School of Studies of Engineering and Technology, Guru Ghasidas Vishwavidyalaya, Bilaspur	Artificial Intelligence and Data Science (4 Years, Bachelor of Technology) 	AI 	OPEN 	Gender-Neutral 	57717 	69009
School of Studies of Engineering and Technology, Guru Ghasidas Vishwavidyalaya, Bilaspur	Chemical Engineering (4 Years, Bachelor of Technology) 	AI 	OPEN 	Gender-Neutral 	73042 	89287
School of Studies of Engineering and Technology, Guru Ghasidas Vishwavidyalaya, Bilaspur	Civil Engineering (4 Years, Bachelor of Technology) 	AI 	OPEN 	Gender-Neutral 	61529 	88823
School of Studies of Engineering and Technology, Guru Ghasidas Vishwavidyalaya, Bilaspur	Computer Science and Engineering (4 Years, Bachelor of Technology) 	AI 	OPEN 	Gender-Neutral 	44377 	65920
School of Studies of Engineering and Technology, Guru Ghasidas Vishwavidyalaya, Bilaspur	Electrical Engineering (4 Years, Bachelor of Technology) 	AI 	OPEN 	Gender-Neutral 	73772 	81350
School of Studies of Engineering and Technology, Guru Ghasidas Vishwavidyalaya, Bilaspur	Electronics and Communication Engineering (4 Years, Bachelor of Technology) 	AI 	OPEN 	Gender-Neutral 	53138 	73070
School of Studies of Engineering and Technology, Guru Ghasidas Vishwavidyalaya, Bilaspur	Industrial and Production Engineering (4 Years, Bachelor of Technology) 	AI 	OPEN 	Gender-Neutral 	86092 	93545
School of Studies of Engineering and Technology, Guru Ghasidas Vishwavidyalaya, Bilaspur	Information Technology (4 Years, Bachelor of Technology) 	AI 	OPEN 	Gender-Neutral 	63198 	75443
School of Studies of Engineering and Technology, Guru Ghasidas Vishwavidyalaya, Bilaspur	Mechanical Engineering (4 Years, Bachelor of Technology) 	AI 	OPEN 	Gender-Neutral 	74596 	86157
J.K. Institute of Applied Physics & Technology, Department of Electronics & Communication, University of Allahabad- Allahabad	Computer Science and Engineering with Major in Artificial Intelligence (4 Years, Bachelor of Technology) 	AI 	OPEN 	Gender-Neutral 	28392 	43953
J.K. Institute of Applied Physics & Technology, Department of Electronics & Communication, University of Allahabad- Allahabad	Electronics and Communication Engineering (4 Years, Bachelor of Technology) 	AI 	OPEN 	Gender-Neutral 	35980 	55006
National Institute of Electronics and Information Technology, Aurangabad (Maharashtra)	Computer Science and Engineering (4 Years, Bachelor of Technology) 	AI 	OPEN 	Gender-Neutral 	17660 	46118
National Institute of Electronics and Information Technology, Aurangabad (Maharashtra)	Electronic Engineering (4 Years, Bachelor of Technology) 	AI 	OPEN 	Gender-Neutral 	46122 	55221
National Institute of Advanced Manufacturing Technology, Ranchi	Computer Engineering (4 Years, Bachelor of Technology) 	AI 	OPEN 	Gender-Neutral 	15814 	49497
National Institute of Advanced Manufacturing Technology, Ranchi	Computer Engineering (4 Years, Bachelor of Technology) 	AI 	OPEN 	Female-only (including Supernumerary) 	43566 	55082
National Institute of Advanced Manufacturing Technology, Ranchi	Mechanical Engineering (4 Years, Bachelor of Technology) 	AI 	OPEN 	Gender-Neutral 	51667 	62030
National Institute of Advanced Manufacturing Technology, Ranchi	Mechanical Engineering (4 Years, Bachelor of Technology) 	AI 	OPEN 	Female-only (including Supernumerary) 	64215 	71485
National Institute of Advanced Manufacturing Technology, Ranchi	Metallurgy and Materials Engineering (4 Years, Bachelor of Technology) 	AI 	OPEN 	Gender-Neutral 	56004 	72762
National Institute of Advanced Manufacturing Technology, Ranchi	Metallurgy and Materials Engineering (4 Years, Bachelor of Technology) 	AI 	OPEN 	Female-only (including Supernumerary) 	66841 	77354
National Institute of Advanced Manufacturing Technology, Ranchi	Production and Industrial Engineering (4 Years, Bachelor of Technology) 	AI 	OPEN 	Gender-Neutral 	61387 	76508
National Institute of Advanced Manufacturing Technology, Ranchi	Production and Industrial Engineering (4 Years, Bachelor of Technology) 	AI 	OPEN 	Female-only (including Supernumerary) 	73801 	82083
Sant Longowal Institute of Engineering and Technology	Artificial Intelligence and Data Science (4 Years, Bachelor of Technology) 	AI 	OPEN 	Gender-Neutral 	37039 	59634
Sant Longowal Institute of Engineering and Technology	Chemical Engineering (4 Years, Bachelor of Technology) 	AI 	OPEN 	Gender-Neutral 	63956 	85102
Sant Longowal Institute of Engineering and Technology	Chemistry (5 Years, Integrated Master of Science) 	AI 	OPEN 	Gender-Neutral 	67722 	73993
Sant Longowal Institute of Engineering and Technology	Civil Engineering (4 Years, Bachelor of Technology) 	AI 	OPEN 	Gender-Neutral 	54961 	85683
Sant Longowal Institute of Engineering and Technology	Computer Science and Engineering (4 Years, Bachelor of Technology) 	AI 	OPEN 	Gender-Neutral 	43892 	58330
Sant Longowal Institute of Engineering and Technology	Computer Science and Engineering (5 Years, Bachelor and Master of Technology (Dual Degree)) 	AI 	OPEN 	Gender-Neutral 	51875 	62917
Sant Longowal Institute of Engineering and Technology	Electrical Engineering (4 Years, Bachelor of Technology) 	AI 	OPEN 	Gender-Neutral 	63585 	73743
Sant Longowal Institute of Engineering and Technology	Electrical Engineering (5 Years, Bachelor and Master of Technology (Dual Degree)) 	AI 	OPEN 	Gender-Neutral 	68175 	76004
Sant Longowal Institute of Engineering and Technology	Electronics and Communication Engineering (4 Years, Bachelor of Technology) 	AI 	OPEN 	Gender-Neutral 	47628 	62850
Sant Longowal Institute of Engineering and Technology	Food Technology (4 Years, Bachelor of Technology) 	AI 	OPEN 	Gender-Neutral 	85931 	95973
Sant Longowal Institute of Engineering and Technology	Instrumentation and Control Engineering (4 Years, Bachelor of Technology) 	AI 	OPEN 	Gender-Neutral 	70702 	85612
Sant Longowal Institute of Engineering and Technology	Mathematics (5 Years, Integrated Master of Science) 	AI 	OPEN 	Gender-Neutral 	65727 	73466
Sant Longowal Institute of Engineering and Technology	Mechanical Engineering (4 Years, Bachelor of Technology) 	AI 	OPEN 	Gender-Neutral 	48955 	83767
Sant Longowal Institute of Engineering and Technology	Mechanical Engineering (5 Years, Bachelor and Master of Technology (Dual Degree)) 	AI 	OPEN 	Gender-Neutral 	74552 	83269
Sant Longowal Institute of Engineering and Technology	Physics (5 Years, Integrated Master of Science) 	AI 	OPEN 	Gender-Neutral 	59131 	62559
Mizoram University, Aizawl	Architecture (5 Years, Bachelor of Architecture) 	AI 	OPEN 	Gender-Neutral 	1070 	1119
Mizoram University, Aizawl	Civil Engineering (4 Years, Bachelor of Technology) 	AI 	OPEN 	Gender-Neutral 	69669 	88182
Mizoram University, Aizawl	Computer Engineering (4 Years, Bachelor of Technology) 	AI 	OPEN 	Gender-Neutral 	58376 	65396
Mizoram University, Aizawl	Electrical Engineering (4 Years, Bachelor of Technology) 	AI 	OPEN 	Gender-Neutral 	72218 	78281
Mizoram University, Aizawl	Electronics and Communication Engineering (4 Years, Bachelor of Technology) 	AI 	OPEN 	Gender-Neutral 	67177 	73543
Mizoram University, Aizawl	Information Technology (4 Years, Bachelor of Technology) 	AI 	OPEN 	Gender-Neutral 	59616 	69519
School of Engineering, Tezpur University, Napaam, Tezpur	B.Tech. (Civil Engineering) - MBA (5 Years, Bachelor of Technology and MBA (Dual Degree)) 	AI 	OPEN 	Gender-Neutral 	82037 	85730
School of Engineering, Tezpur University, Napaam, Tezpur	B.Tech. (Computer Science and Engineering) - MBA (5 Years, Bachelor of Technology and MBA (Dual Degree)) 	AI 	OPEN 	Gender-Neutral 	51373 	54500
School of Engineering, Tezpur University, Napaam, Tezpur	B.Tech. (Elctrical Engineering) - MBA (5 Years, Bachelor of Technology and MBA (Dual Degree)) 	AI 	OPEN 	Gender-Neutral 	64426 	72944
School of Engineering, Tezpur University, Napaam, Tezpur	B.Tech. (Electronics and Communication Engineering) - MBA (5 Years, Bachelor of Technology and MBA (Dual Degree)) 	AI 	OPEN 	Gender-Neutral 	51609 	51609
School of Engineering, Tezpur University, Napaam, Tezpur	B.Tech. (Food Engineering and Technology) - MBA (5 Years, Bachelor of Technology and MBA (Dual Degree)) 	AI 	OPEN 	Gender-Neutral 	69176 	72557
School of Engineering, Tezpur University, Napaam, Tezpur	B.Tech. (Mechanical Engineering) - MBA (5 Years, Bachelor of Technology and MBA (Dual Degree)) 	AI 	OPEN 	Gender-Neutral 	64659 	66909
School of Engineering, Tezpur University, Napaam, Tezpur	Bachelor of Design (4 Years, Bachelor of Design) 	AI 	OPEN 	Gender-Neutral 	79581 	79581
School of Engineering, Tezpur University, Napaam, Tezpur	Civil Engineering (4 Years, Bachelor of Technology) 	AI 	OPEN 	Gender-Neutral 	73823 	87713
School of Engineering, Tezpur University, Napaam, Tezpur	Computer Science and Engineering (4 Years, Bachelor of Technology) 	AI 	OPEN 	Gender-Neutral 	46889 	60217
School of Engineering, Tezpur University, Napaam, Tezpur	Electrical Engineering (4 Years, Bachelor of Technology) 	AI 	OPEN 	Gender-Neutral 	62304 	70915
School of Engineering, Tezpur University, Napaam, Tezpur	Electronics and Communication Engineering (4 Years, Bachelor of Technology) 	AI 	OPEN 	Gender-Neutral 	46481 	67258
School of Engineering, Tezpur University, Napaam, Tezpur	Food Engineering and Technology (4 Years, Bachelor of Technology) 	AI 	OPEN 	Gender-Neutral 	89284 	96645
School of Engineering, Tezpur University, Napaam, Tezpur	Mechanical Engineering (4 Years, Bachelor of Technology) 	AI 	OPEN 	Gender-Neutral 	67544 	78716
School of Planning & Architecture, Bhopal	Architecture (5 Years, Bachelor of Architecture) 	AI 	OPEN 	Gender-Neutral 	74 	407
School of Planning & Architecture, Bhopal	Planning (4 Years, Bachelor of Planning) 	AI 	OPEN 	Gender-Neutral 	233 	611
School of Planning & Architecture, New Delhi	Architecture (5 Years, Bachelor of Architecture) 	AI 	OPEN 	Gender-Neutral 	4 	183
School of Planning & Architecture, New Delhi	Planning (4 Years, Bachelor of Planning) 	AI 	OPEN 	Gender-Neutral 	8 	167
School of Planning & Architecture: Vijayawada	Architecture (5 Years, Bachelor of Architecture) 	AI 	OPEN 	Gender-Neutral 	37 	518
School of Planning & Architecture: Vijayawada	Planning (4 Years, Bachelor of Planning) 	AI 	OPEN 	Gender-Neutral 	322 	661
Shri Mata Vaishno Devi University, Katra, Jammu & Kashmir	Architecture (5 Years, Bachelor of Architecture) 	AI 	OPEN 	Gender-Neutral 	929 	1165
Shri Mata Vaishno Devi University, Katra, Jammu & Kashmir	B.Tech in Mathematics and Computing (4 Years, Bachelor of Technology) 	AI 	OPEN 	Gender-Neutral 	48737 	65503
Shri Mata Vaishno Devi University, Katra, Jammu & Kashmir	Bio Technology (4 Years, Bachelor of Technology) 	AI 	OPEN 	Gender-Neutral 	65876 	74864
Shri Mata Vaishno Devi University, Katra, Jammu & Kashmir	Civil Engineering (4 Years, Bachelor of Technology) 	AI 	OPEN 	Gender-Neutral 	53182 	87372
Shri Mata Vaishno Devi University, Katra, Jammu & Kashmir	Computer Science and Engineering (4 Years, Bachelor of Technology) 	AI 	OPEN 	Gender-Neutral 	33316 	63735
Shri Mata Vaishno Devi University, Katra, Jammu & Kashmir	Electrical Engineering (4 Years, Bachelor of Technology) 	AI 	OPEN 	Gender-Neutral 	67101 	77516
Shri Mata Vaishno Devi University, Katra, Jammu & Kashmir	Electronics and Communication Engineering (4 Years, Bachelor of Technology) 	AI 	OPEN 	Gender-Neutral 	55063 	76030
Shri Mata Vaishno Devi University, Katra, Jammu & Kashmir	Mechanical Engineering (4 Years, Bachelor of Technology) 	AI 	OPEN 	Gender-Neutral 	55805 	78877
Shri Mata Vaishno Devi University, Katra, Jammu & Kashmir	Robotics and AI (4 Years, Bachelor of Technology) 	AI 	OPEN 	Gender-Neutral 	54849 	65150
International Institute of Information Technology, Naya Raipur	Computer Science and Engineering (4 Years, Bachelor of Technology) 	AI 	OPEN 	Gender-Neutral 	14537 	18256
International Institute of Information Technology, Naya Raipur	Computer Science and Engineering (4 Years, Bachelor of Technology) 	AI 	OPEN 	Female-only (including Supernumerary) 	23924 	27680
International Institute of Information Technology, Naya Raipur	Data Science and Artificial Intelligence (4 Years, Bachelor of Technology) 	AI 	OPEN 	Gender-Neutral 	18404 	21060
International Institute of Information Technology, Naya Raipur	Data Science and Artificial Intelligence (4 Years, Bachelor of Technology) 	AI 	OPEN 	Female-only (including Supernumerary) 	29526 	30759
International Institute of Information Technology, Naya Raipur	Electronics and Communication Engineering (4 Years, Bachelor of Technology) 	AI 	OPEN 	Gender-Neutral 	22396 	28174
International Institute of Information Technology, Naya Raipur	Electronics and Communication Engineering (4 Years, Bachelor of Technology) 	AI 	OPEN 	Female-only (including Supernumerary) 	31715 	37582
University of Hyderabad	Computer Science and Engineering (5 Years, Bachelor and Master of Technology (Dual Degree)) 	AI 	OPEN 	Gender-Neutral 	16128 	32053
University of Hyderabad	Materials Engineering (5 Years, Integrated Master of Technology) 	AI 	OPEN 	Gender-Neutral 	43033 	63922
Punjab Engineering College, Chandigarh	Aerospace Engineering (4 Years, Bachelor of Technology) 	HS 	OPEN 	Gender-Neutral 	33610 	51629
Punjab Engineering College, Chandigarh	Aerospace Engineering (4 Years, Bachelor of Technology) 	OS 	OPEN 	Gender-Neutral 	14167 	25927
Punjab Engineering College, Chandigarh	Civil Engineering (4 Years, Bachelor of Technology) 	HS 	OPEN 	Gender-Neutral 	57010 	98525
Punjab Engineering College, Chandigarh	Civil Engineering (4 Years, Bachelor of Technology) 	OS 	OPEN 	Gender-Neutral 	36956 	50004
Punjab Engineering College, Chandigarh	Computer Science and Engineering (4 Years, Bachelor of Technology) 	HS 	OPEN 	Gender-Neutral 	5317 	18868
Punjab Engineering College, Chandigarh	Computer Science and Engineering (4 Years, Bachelor of Technology) 	OS 	OPEN 	Gender-Neutral 	5701 	11770
Punjab Engineering College, Chandigarh	Computer Science Engineering (Artificial Intelligence) (4 Years, B. Tech / B. Tech (Hons.)) 	HS 	OPEN 	Gender-Neutral 	11093 	20061
Punjab Engineering College, Chandigarh	Computer Science Engineering (Artificial Intelligence) (4 Years, B. Tech / B. Tech (Hons.)) 	OS 	OPEN 	Gender-Neutral 	7174 	12212
Punjab Engineering College, Chandigarh	Computer Science Engineering (Data Science) (4 Years, B. Tech / B. Tech (Hons.)) 	HS 	OPEN 	Gender-Neutral 	16104 	24380
Punjab Engineering College, Chandigarh	Computer Science Engineering (Data Science) (4 Years, B. Tech / B. Tech (Hons.)) 	OS 	OPEN 	Gender-Neutral 	11371 	13778
Punjab Engineering College, Chandigarh	Electrical Engineering (4 Years, Bachelor of Technology) 	HS 	OPEN 	Gender-Neutral 	36361 	47897
Punjab Engineering College, Chandigarh	Electrical Engineering (4 Years, Bachelor of Technology) 	OS 	OPEN 	Gender-Neutral 	20299 	25658
Punjab Engineering College, Chandigarh	Electronics and Communication Engineering (4 Years, Bachelor of Technology) 	HS 	OPEN 	Gender-Neutral 	17514 	35174
Punjab Engineering College, Chandigarh	Electronics and Communication Engineering (4 Years, Bachelor of Technology) 	OS 	OPEN 	Gender-Neutral 	12819 	18923
Punjab Engineering College, Chandigarh	Electronics Engineering (VLSI Design and Technology) (4 Years, Bachelor of Technology) 	HS 	OPEN 	Gender-Neutral 	31028 	36090
Punjab Engineering College, Chandigarh	Electronics Engineering (VLSI Design and Technology) (4 Years, Bachelor of Technology) 	OS 	OPEN 	Gender-Neutral 	14764 	19893
Punjab Engineering College, Chandigarh	Mathematics and Computing (4 Years, Bachelor of Technology) 	HS 	OPEN 	Gender-Neutral 	24530 	29360
Punjab Engineering College, Chandigarh	Mathematics and Computing (4 Years, Bachelor of Technology) 	OS 	OPEN 	Gender-Neutral 	12794 	14899
Punjab Engineering College, Chandigarh	Mechanical Engineering (4 Years, Bachelor of Technology) 	HS 	OPEN 	Gender-Neutral 	35198 	64516
Punjab Engineering College, Chandigarh	Mechanical Engineering (4 Years, Bachelor of Technology) 	OS 	OPEN 	Gender-Neutral 	27569 	37691
Punjab Engineering College, Chandigarh	Metallurgical and Materials Engineering (4 Years, Bachelor of Technology) 	HS 	OPEN 	Gender-Neutral 	67120 	103207
Punjab Engineering College, Chandigarh	Metallurgical and Materials Engineering (4 Years, Bachelor of Technology) 	OS 	OPEN 	Gender-Neutral 	39275 	52798
Punjab Engineering College, Chandigarh	Production and Industrial Engineering (4 Years, Bachelor of Technology) 	HS 	OPEN 	Gender-Neutral 	64820 	84799
Punjab Engineering College, Chandigarh	Production and Industrial Engineering (4 Years, Bachelor of Technology) 	OS 	OPEN 	Gender-Neutral 	38522 	44133
Jawaharlal Nehru University, Delhi	Computer Science and Engineering (4 Years, Bachelor of Technology) 	AI 	OPEN 	Gender-Neutral 	18571 	28883
Jawaharlal Nehru University, Delhi	Electronics and Communication Engineering (4 Years, Bachelor of Technology) 	AI 	OPEN 	Gender-Neutral 	25670 	36732
International Institute of Information Technology, Bhubaneswar	Computer Engineering (4 Years, Bachelor of Technology) 	AI 	OPEN 	Gender-Neutral 	31818 	36936
International Institute of Information Technology, Bhubaneswar	Computer Science and Engineering (4 Years, Bachelor of Technology) 	AI 	OPEN 	Gender-Neutral 	16898 	31417
International Institute of Information Technology, Bhubaneswar	Electrical and Electronics Engineering (4 Years, Bachelor of Technology) 	AI 	OPEN 	Gender-Neutral 	9820 	41777
International Institute of Information Technology, Bhubaneswar	Electronics and Telecommunication Engineering (4 Years, Bachelor of Technology) 	AI 	OPEN 	Gender-Neutral 	5244 	39805
International Institute of Information Technology, Bhubaneswar	Information Technology (4 Years, Bachelor of Technology) 	AI 	OPEN 	Gender-Neutral 	26426 	35481
Central institute of Technology Kokrajar, Assam	Civil Engineering (4 Years, Bachelor of Technology) 	AI 	OPEN 	Gender-Neutral 	63827 	66372
Central institute of Technology Kokrajar, Assam	Civil Engineering (4 Years, Bachelor of Technology) 	AI 	OPEN 	Female-only (including Supernumerary) 	78453 	78453
Central institute of Technology Kokrajar, Assam	Computer Science and Engineering (4 Years, Bachelor of Technology) 	AI 	OPEN 	Gender-Neutral 	54067 	55464
Central institute of Technology Kokrajar, Assam	Computer Science and Engineering (4 Years, Bachelor of Technology) 	AI 	OPEN 	Female-only (including Supernumerary) 	54618 	54618
Central institute of Technology Kokrajar, Assam	Electronics and Communication Engineering (4 Years, Bachelor of Technology) 	AI 	OPEN 	Gender-Neutral 	59826 	60500
Central institute of Technology Kokrajar, Assam	Electronics and Communication Engineering (4 Years, Bachelor of Technology) 	AI 	OPEN 	Female-only (including Supernumerary) 	69313 	69313
Central institute of Technology Kokrajar, Assam	Food Engineering and Technology (4 Years, Bachelor of Technology) 	AI 	OPEN 	Gender-Neutral 	80297 	80297
Central institute of Technology Kokrajar, Assam	Food Engineering and Technology (4 Years, Bachelor of Technology) 	AI 	OPEN 	Female-only (including Supernumerary) 	91757 	91757
Central institute of Technology Kokrajar, Assam	Instrumentation Engineering (4 Years, Bachelor of Technology) 	AI 	OPEN 	Gender-Neutral 	65149 	65149
Puducherry Technological University, Puducherry	Chemical Engineering (4 Years, Bachelor of Technology) 	AI 	OPEN 	Gender-Neutral 	55651 	57602
Puducherry Technological University, Puducherry	Civil Engineering (4 Years, Bachelor of Technology) 	AI 	OPEN 	Gender-Neutral 	56264 	76589
Puducherry Technological University, Puducherry	Civil Engineering (4 Years, Bachelor of Technology) 	HS 	OPEN 	Gender-Neutral 	230726 	299813
Puducherry Technological University, Puducherry	Computer Science and Engineering (4 Years, Bachelor of Technology) 	AI 	OPEN 	Gender-Neutral 	33868 	48426
Puducherry Technological University, Puducherry	Computer Science and Engineering (4 Years, Bachelor of Technology) 	HS 	OPEN 	Gender-Neutral 	153087 	193376
Puducherry Technological University, Puducherry	Electrical and Electronics Engineering (4 Years, Bachelor of Technology) 	AI 	OPEN 	Gender-Neutral 	41414 	41537
Puducherry Technological University, Puducherry	Electronics and Communication Engineering (4 Years, Bachelor of Technology) 	AI 	OPEN 	Gender-Neutral 	26492 	52796
Puducherry Technological University, Puducherry	Electronics and Communication Engineering (4 Years, Bachelor of Technology) 	HS 	OPEN 	Gender-Neutral 	161520 	227089
Puducherry Technological University, Puducherry	Electronics and Instrumentation Engineering (4 Years, Bachelor of Technology) 	AI 	OPEN 	Gender-Neutral 	50717 	54289
Puducherry Technological University, Puducherry	Information Technology (4 Years, Bachelor of Technology) 	AI 	OPEN 	Gender-Neutral 	42527 	45853
Puducherry Technological University, Puducherry	Mechanical Engineering (4 Years, Bachelor of Technology) 	AI 	OPEN 	Gender-Neutral 	43840 	65600
Puducherry Technological University, Puducherry	Mechanical Engineering (4 Years, Bachelor of Technology) 	HS 	OPEN 	Gender-Neutral 	208475 	276653
Puducherry Technological University, Puducherry	Mechatronics Engineering (4 Years, Bachelor of Technology) 	AI 	OPEN 	Gender-Neutral 	43365 	60757
Puducherry Technological University, Puducherry	Mechatronics Engineering (4 Years, Bachelor of Technology) 	HS 	OPEN 	Gender-Neutral 	156592 	225222
Ghani Khan Choudhary Institute of Engineering and Technology, Malda, West Bengal	Civil and Environmental Engineering (4 Years, Bachelor of Technology) 	HS 	OPEN 	Gender-Neutral 	164509 	264506
Ghani Khan Choudhary Institute of Engineering and Technology, Malda, West Bengal	Civil and Environmental Engineering (4 Years, Bachelor of Technology) 	HS 	OPEN 	Female-only (including Supernumerary) 	258813 	263775
Ghani Khan Choudhary Institute of Engineering and Technology, Malda, West Bengal	Civil and Environmental Engineering (4 Years, Bachelor of Technology) 	OS 	OPEN 	Gender-Neutral 	79733 	83025
Ghani Khan Choudhary Institute of Engineering and Technology, Malda, West Bengal	Civil and Environmental Engineering (4 Years, Bachelor of Technology) 	OS 	OPEN 	Female-only (including Supernumerary) 	86203 	86744
Ghani Khan Choudhary Institute of Engineering and Technology, Malda, West Bengal	Computer Science Engineering (Artificial lntelligence and Machine Learning) (4 Years, Bachelor of Technology) 	HS 	OPEN 	Gender-Neutral 	82134 	119572
Ghani Khan Choudhary Institute of Engineering and Technology, Malda, West Bengal	Computer Science Engineering (Artificial lntelligence and Machine Learning) (4 Years, Bachelor of Technology) 	HS 	OPEN 	Female-only (including Supernumerary) 	118849 	118849
Ghani Khan Choudhary Institute of Engineering and Technology, Malda, West Bengal	Computer Science Engineering (Artificial lntelligence and Machine Learning) (4 Years, Bachelor of Technology) 	OS 	OPEN 	Gender-Neutral 	38289 	50811
Ghani Khan Choudhary Institute of Engineering and Technology, Malda, West Bengal	Computer Science Engineering (Artificial lntelligence and Machine Learning) (4 Years, Bachelor of Technology) 	OS 	OPEN 	Female-only (including Supernumerary) 	60182 	60967
Ghani Khan Choudhary Institute of Engineering and Technology, Malda, West Bengal	Electrical Engineering (4 Years, Bachelor of Technology) 	HS 	OPEN 	Gender-Neutral 	147447 	182770
Ghani Khan Choudhary Institute of Engineering and Technology, Malda, West Bengal	Electrical Engineering (4 Years, Bachelor of Technology) 	HS 	OPEN 	Female-only (including Supernumerary) 	161629 	161629
Ghani Khan Choudhary Institute of Engineering and Technology, Malda, West Bengal	Electrical Engineering (4 Years, Bachelor of Technology) 	OS 	OPEN 	Gender-Neutral 	60216 	72489
Ghani Khan Choudhary Institute of Engineering and Technology, Malda, West Bengal	Electrical Engineering (4 Years, Bachelor of Technology) 	OS 	OPEN 	Female-only (including Supernumerary) 	65203 	65203
Ghani Khan Choudhary Institute of Engineering and Technology, Malda, West Bengal	Food Technology (4 Years, Bachelor of Technology) 	HS 	OPEN 	Gender-Neutral 	256557 	313570
Ghani Khan Choudhary Institute of Engineering and Technology, Malda, West Bengal	Food Technology (4 Years, Bachelor of Technology) 	OS 	OPEN 	Gender-Neutral 	72513 	88472
Ghani Khan Choudhary Institute of Engineering and Technology, Malda, West Bengal	Mechanical Engineering (4 Years, Bachelor of Technology) 	HS 	OPEN 	Gender-Neutral 	125357 	217008
Ghani Khan Choudhary Institute of Engineering and Technology, Malda, West Bengal	Mechanical Engineering (4 Years, Bachelor of Technology) 	HS 	OPEN 	Female-only (including Supernumerary) 	169800 	173260
Ghani Khan Choudhary Institute of Engineering and Technology, Malda, West Bengal	Mechanical Engineering (4 Years, Bachelor of Technology) 	OS 	OPEN 	Gender-Neutral 	66813 	78085
Ghani Khan Choudhary Institute of Engineering and Technology, Malda, West Bengal	Mechanical Engineering (4 Years, Bachelor of Technology) 	OS 	OPEN 	Female-only (including Supernumerary) 	78142 	78142
Central University of Rajasthan, Rajasthan	Bio Medical Engineering (4 Years, Bachelor of Technology) 	AI 	OPEN 	Gender-Neutral 	52280 	74874
Central University of Rajasthan, Rajasthan	Computer Science and Engineering (4 Years, Bachelor of Technology) 	AI 	OPEN 	Gender-Neutral 	36198 	48849
Central University of Rajasthan, Rajasthan	Electronics and Communication Engineering (4 Years, Bachelor of Technology) 	AI 	OPEN 	Gender-Neutral 	44785 	58546
National Institute of Food Technology Entrepreneurship and Management, Kundli	Food Technology and Management (4 Years, Bachelor of Technology) 	AI 	OPEN 	Gender-Neutral 	50544 	91338
National Institute of Food Technology Entrepreneurship and Management, Thanjavur	Food Technology (4 Years, Bachelor of Technology) 	AI 	OPEN 	Gender-Neutral 	57209 	84769
North Eastern Regional Institute of Science and Technology, Nirjuli-791109 (Itanagar),Arunachal Pradesh 	Agricultural Engineering (4 Years, Bachelor of Technology) 	AI 	OPEN 	Gender-Neutral 	71680 	71680
North Eastern Regional Institute of Science and Technology, Nirjuli-791109 (Itanagar),Arunachal Pradesh 	Computer Science and Engineering (4 Years, Bachelor of Technology) 	AI 	OPEN 	Gender-Neutral 	29107 	48388
Indian Institute of Handloom Technology(IIHT), Varanasi	Handloom and Textile Technology (4 Years, Bachelor of Technology) 	AI 	OPEN 	Gender-Neutral 	72404 	93034
Chhattisgarh Swami Vivekanada Technical University, Bhilai (CSVTU Bhilai)	Civil Engineering (4 Years, Bachelor of Technology) 	AI 	OPEN 	Gender-Neutral 	60765 	81217
Chhattisgarh Swami Vivekanada Technical University, Bhilai (CSVTU Bhilai)	Computer Science Engineering (Artificial Intelligence) (4 Years, B. Tech / B. Tech (Hons.)) 	AI 	OPEN 	Gender-Neutral 	43208 	63734
Chhattisgarh Swami Vivekanada Technical University, Bhilai (CSVTU Bhilai)	Computer Science Engineering (Data Science) (4 Years, B. Tech / B. Tech (Hons.)) 	AI 	OPEN 	Gender-Neutral 	44146 	63398
Institute of Chemical Technology, Mumbai: Indian Oil Odisha Campus, Bhubaneswar	Chemical Engineering (5 Years, Integrated Masters in Technology) 	AI 	OPEN 	Gender-Neutral 	43846 	56428
Institute of Chemical Technology, Mumbai: Indian Oil Odisha Campus, Bhubaneswar	Chemical Engineering (5 Years, Integrated Masters in Technology) 	HS 	OPEN 	Gender-Neutral 	62207 	71777
North-Eastern Hill University, Shillong	Biomedical Engineering (4 Years, Bachelor of Technology) 	AI 	OPEN 	Gender-Neutral 	72281 	79008
North-Eastern Hill University, Shillong	Electronics and Communication Engineering (4 Years, Bachelor of Technology) 	AI 	OPEN 	Gender-Neutral 	63867 	76877
North-Eastern Hill University, Shillong	Energy Engineering (4 Years, Bachelor of Technology) 	AI 	OPEN 	Gender-Neutral 	65412 	78538
North-Eastern Hill University, Shillong	Information Technology (4 Years, Bachelor of Technology) 	AI 	OPEN 	Gender-Neutral 	45652 	70898
Central University of Jammu	Computer Science and Engineering (4 Years, Bachelor of Technology) 	AI 	OPEN 	Gender-Neutral 	27209 	69474
Central University of Jammu	Computer Science and Engineering with specialization in Cyber Security (4 Years, Bachelor of Technology) 	AI 	OPEN 	Gender-Neutral 	56533 	71316
Central University of Jammu	Electronics and Communication Engineering (4 Years, Bachelor of Technology) 	AI 	OPEN 	Gender-Neutral 	64475 	78161
Central University of Jammu	Electronics and Communication Engineering (Avionics) (4 Years, Bachelor of Technology) 	AI 	OPEN 	Gender-Neutral 	67897 	79744
Central University of Jammu	Mathematics and Computing (4 Years, Bachelor of Technology) 	AI 	OPEN 	Gender-Neutral 	61565 	79513
Institute of Engineering and Technology, Dr. H. S. Gour University. Sagar (A Central University)	Aeronautical Engineering (4 Years, Bachelor of Technology) 	AI 	OPEN 	Gender-Neutral 	43359 	70172
Institute of Engineering and Technology, Dr. H. S. Gour University. Sagar (A Central University)	Computer Science and Engineering (4 Years, Bachelor of Technology) 	AI 	OPEN 	Gender-Neutral 	47026 	62345
Institute of Engineering and Technology, Dr. H. S. Gour University. Sagar (A Central University)	Dairy Engineering (4 Years, Bachelor of Technology) 	AI 	OPEN 	Gender-Neutral 	88525 	96555
Institute of Engineering and Technology, Dr. H. S. Gour University. Sagar (A Central University)	Electronics and Communication Engineering (4 Years, Bachelor of Technology) 	AI 	OPEN 	Gender-Neutral 	62720 	73913
Institute of Engineering and Technology, Dr. H. S. Gour University. Sagar (A Central University)	Fashion and Apparel Engineering (4 Years, Bachelor of Technology) 	AI 	OPEN 	Gender-Neutral 	82916 	93959
Institute of Engineering and Technology, Dr. H. S. Gour University. Sagar (A Central University)	Food Engineering and Technology (4 Years, Bachelor of Technology) 	AI 	OPEN 	Gender-Neutral 	87471 	98021
Central University of Haryana	Civil Engineering (4 Years, Bachelor of Technology) 	AI 	OPEN 	Gender-Neutral 	71772 	85557
Central University of Haryana	Computer Science and Engineering (4 Years, Bachelor of Technology) 	AI 	OPEN 	Gender-Neutral 	30501 	55955
Central University of Haryana	Electrical Engineering (4 Years, Bachelor of Technology) 	AI 	OPEN 	Gender-Neutral 	51658 	72553
Central University of Haryana	Printing and Packaging Technology (4 Years, Bachelor of Technology) 	AI 	OPEN 	Gender-Neutral 	65715 	86262
Birla Institute of Technology, Deoghar Off-Campus	Computer Science and Engineering (4 Years, Bachelor of Technology) 	AI 	OPEN 	Gender-Neutral 	33283 	49631
Birla Institute of Technology, Deoghar Off-Campus	Computer Science and Engineering (4 Years, Bachelor of Technology) 	AI 	OPEN 	Female-only (including Supernumerary) 	48600 	53432
Birla Institute of Technology, Deoghar Off-Campus	Computer Science and Engineering (4 Years, Bachelor of Technology) 	HS 	OPEN 	Gender-Neutral 	66313 	95523
Birla Institute of Technology, Deoghar Off-Campus	Computer Science and Engineering (4 Years, Bachelor of Technology) 	HS 	OPEN 	Female-only (including Supernumerary) 	76393 	92809
Birla Institute of Technology, Deoghar Off-Campus	Electrical and Electronics Engineering (4 Years, Bachelor of Technology) 	AI 	OPEN 	Gender-Neutral 	52014 	61726
Birla Institute of Technology, Deoghar Off-Campus	Electrical and Electronics Engineering (4 Years, Bachelor of Technology) 	AI 	OPEN 	Female-only (including Supernumerary) 	63756 	66173
Birla Institute of Technology, Deoghar Off-Campus	Electrical and Electronics Engineering (4 Years, Bachelor of Technology) 	HS 	OPEN 	Gender-Neutral 	104429 	114689
Birla Institute of Technology, Deoghar Off-Campus	Electrical and Electronics Engineering (4 Years, Bachelor of Technology) 	HS 	OPEN 	Female-only (including Supernumerary) 	92865 	114510
Birla Institute of Technology, Deoghar Off-Campus	Electronics and Communication Engineering (4 Years, Bachelor of Technology) 	AI 	OPEN 	Gender-Neutral 	53750 	61107
Birla Institute of Technology, Deoghar Off-Campus	Electronics and Communication Engineering (4 Years, Bachelor of Technology) 	AI 	OPEN 	Female-only (including Supernumerary) 	55572 	63115
Birla Institute of Technology, Deoghar Off-Campus	Electronics and Communication Engineering (4 Years, Bachelor of Technology) 	HS 	OPEN 	Gender-Neutral 	91331 	103375
Birla Institute of Technology, Deoghar Off-Campus	Electronics and Communication Engineering (4 Years, Bachelor of Technology) 	HS 	OPEN 	Female-only (including Supernumerary) 	109918 	114061
Birla Institute of Technology, Deoghar Off-Campus	Mechanical Engineering (4 Years, Bachelor of Technology) 	AI 	OPEN 	Gender-Neutral 	60630 	64285
Birla Institute of Technology, Deoghar Off-Campus	Mechanical Engineering (4 Years, Bachelor of Technology) 	AI 	OPEN 	Female-only (including Supernumerary) 	70086 	70086
Birla Institute of Technology, Deoghar Off-Campus	Mechanical Engineering (4 Years, Bachelor of Technology) 	HS 	OPEN 	Gender-Neutral 	96295 	115842
Birla Institute of Technology, Deoghar Off-Campus	Mechanical Engineering (4 Years, Bachelor of Technology) 	HS 	OPEN 	Female-only (including Supernumerary) 	116985 	117011
Birla Institute of Technology, Patna Off-Campus	Artificial Intelligence and Machine Learning (4 Years, Bachelor of Technology) 	AI 	OPEN 	Gender-Neutral 	42668 	49215
Birla Institute of Technology, Patna Off-Campus	Artificial Intelligence and Machine Learning (4 Years, Bachelor of Technology) 	AI 	OPEN 	Female-only (including Supernumerary) 	46607 	55659
Birla Institute of Technology, Patna Off-Campus	Artificial Intelligence and Machine Learning (4 Years, Bachelor of Technology) 	HS 	OPEN 	Gender-Neutral 	61840 	71041
Birla Institute of Technology, Patna Off-Campus	Artificial Intelligence and Machine Learning (4 Years, Bachelor of Technology) 	HS 	OPEN 	Female-only (including Supernumerary) 	74011 	76824
Birla Institute of Technology, Patna Off-Campus	Civil Engineering (4 Years, Bachelor of Technology) 	AI 	OPEN 	Gender-Neutral 	51339 	68678
Birla Institute of Technology, Patna Off-Campus	Civil Engineering (4 Years, Bachelor of Technology) 	AI 	OPEN 	Female-only (including Supernumerary) 	67620 	70210
Birla Institute of Technology, Patna Off-Campus	Civil Engineering (4 Years, Bachelor of Technology) 	HS 	OPEN 	Gender-Neutral 	72925 	99406
Birla Institute of Technology, Patna Off-Campus	Civil Engineering (4 Years, Bachelor of Technology) 	HS 	OPEN 	Female-only (including Supernumerary) 	107720 	111903
Birla Institute of Technology, Patna Off-Campus	Computer Science and Engineering (4 Years, Bachelor of Technology) 	AI 	OPEN 	Gender-Neutral 	31513 	45335
Birla Institute of Technology, Patna Off-Campus	Computer Science and Engineering (4 Years, Bachelor of Technology) 	AI 	OPEN 	Female-only (including Supernumerary) 	44067 	46192
Birla Institute of Technology, Patna Off-Campus	Computer Science and Engineering (4 Years, Bachelor of Technology) 	HS 	OPEN 	Gender-Neutral 	47899 	64667
Birla Institute of Technology, Patna Off-Campus	Computer Science and Engineering (4 Years, Bachelor of Technology) 	HS 	OPEN 	Female-only (including Supernumerary) 	68627 	73338
Birla Institute of Technology, Patna Off-Campus	Electrical and Electronics Engineering (4 Years, Bachelor of Technology) 	AI 	OPEN 	Gender-Neutral 	28758 	58981
Birla Institute of Technology, Patna Off-Campus	Electrical and Electronics Engineering (4 Years, Bachelor of Technology) 	AI 	OPEN 	Female-only (including Supernumerary) 	57489 	62104
Birla Institute of Technology, Patna Off-Campus	Electrical and Electronics Engineering (4 Years, Bachelor of Technology) 	HS 	OPEN 	Gender-Neutral 	70096 	90218
Birla Institute of Technology, Patna Off-Campus	Electrical and Electronics Engineering (4 Years, Bachelor of Technology) 	HS 	OPEN 	Female-only (including Supernumerary) 	90195 	105680
Birla Institute of Technology, Patna Off-Campus	Electronics and Communication Engineering (4 Years, Bachelor of Technology) 	AI 	OPEN 	Gender-Neutral 	29262 	52953
Birla Institute of Technology, Patna Off-Campus	Electronics and Communication Engineering (4 Years, Bachelor of Technology) 	AI 	OPEN 	Female-only (including Supernumerary) 	58953 	60113
Birla Institute of Technology, Patna Off-Campus	Electronics and Communication Engineering (4 Years, Bachelor of Technology) 	HS 	OPEN 	Gender-Neutral 	59690 	82980
Birla Institute of Technology, Patna Off-Campus	Electronics and Communication Engineering (4 Years, Bachelor of Technology) 	HS 	OPEN 	Female-only (including Supernumerary) 	79671 	86151
Birla Institute of Technology, Patna Off-Campus	Mathematics and Computing (5 Years, Integrated Master of Science) 	AI 	OPEN 	Gender-Neutral 	41929 	53187
Birla Institute of Technology, Patna Off-Campus	Mathematics and Computing (5 Years, Integrated Master of Science) 	AI 	OPEN 	Female-only (including Supernumerary) 	55286 	55286
Birla Institute of Technology, Patna Off-Campus	Mathematics and Computing (5 Years, Integrated Master of Science) 	HS 	OPEN 	Gender-Neutral 	76666 	89554
Birla Institute of Technology, Patna Off-Campus	Mathematics and Computing (5 Years, Integrated Master of Science) 	HS 	OPEN 	Female-only (including Supernumerary) 	66013 	78286
Birla Institute of Technology, Patna Off-Campus	Mechanical Engineering (4 Years, Bachelor of Technology) 	AI 	OPEN 	Gender-Neutral 	52397 	66015
Birla Institute of Technology, Patna Off-Campus	Mechanical Engineering (4 Years, Bachelor of Technology) 	AI 	OPEN 	Female-only (including Supernumerary) 	67724 	68698
Birla Institute of Technology, Patna Off-Campus	Mechanical Engineering (4 Years, Bachelor of Technology) 	HS 	OPEN 	Gender-Neutral 	83562 	97583
Birla Institute of Technology, Patna Off-Campus	Mechanical Engineering (4 Years, Bachelor of Technology) 	HS 	OPEN 	Female-only (including Supernumerary) 	94898 	109469
Indian Institute of Handloom Technology, Salem	Handloom and Textile Technology (4 Years, Bachelor of Technology) 	AI 	OPEN 	Gender-Neutral 	60375 	88088
Gati Shakti Vishwavidyalaya, Vadodara	B.Tech in Artificial Intelligenece and Data Science (Transportation and Logistics) (4 Years, Bachelor of Technology) 	AI 	OPEN 	Gender-Neutral 	25353 	51398
Gati Shakti Vishwavidyalaya, Vadodara	B.Tech in Artificial Intelligenece and Data Science (Transportation and Logistics) (4 Years, Bachelor of Technology) 	AI 	OPEN 	Female-only (including Supernumerary) 	43969 	44084
Gati Shakti Vishwavidyalaya, Vadodara	B.Tech in Aviation Engineering (4 Years, Bachelor of Technology) 	AI 	OPEN 	Gender-Neutral 	38892 	60563
Gati Shakti Vishwavidyalaya, Vadodara	B.Tech in Civil Engineering (Rail Engineering) (4 Years, Bachelor of Technology) 	AI 	OPEN 	Gender-Neutral 	56763 	76154
Gati Shakti Vishwavidyalaya, Vadodara	B.Tech in Civil Engineering (Rail Engineering) (4 Years, Bachelor of Technology) 	AI 	OPEN 	Female-only (including Supernumerary) 	69322 	70853
Gati Shakti Vishwavidyalaya, Vadodara	B.Tech in Electrical Engineering ( Rail Engineering) (4 Years, Bachelor of Technology) 	AI 	OPEN 	Gender-Neutral 	51698 	67143
Gati Shakti Vishwavidyalaya, Vadodara	B.Tech in Electronics & Communication Engineering (Rail Engineering) (4 Years, Bachelor of Technology) 	AI 	OPEN 	Gender-Neutral 	42311 	60411
Gati Shakti Vishwavidyalaya, Vadodara	B.Tech in Electronics & Communication Engineering (Rail Engineering) (4 Years, Bachelor of Technology) 	AI 	OPEN 	Female-only (including Supernumerary) 	57685 	58367
Gati Shakti Vishwavidyalaya, Vadodara	B.Tech in Mechanical Engineering ( Rail Engineering) (4 Years, Bachelor of Technology) 	AI 	OPEN 	Gender-Neutral 	49819 	68921
Gati Shakti Vishwavidyalaya, Vadodara	B.Tech in Mechanical Engineering ( Rail Engineering) (4 Years, Bachelor of Technology) 	AI 	OPEN 	Female-only (including Supernumerary) 	63849 	65684
CU Jharkhand	Civil Engineering (4 Years, Bachelor of Technology) 	AI 	OPEN 	Gender-Neutral 	72655 	77889
CU Jharkhand	Computer Science and Engineering (4 Years, Bachelor of Technology) 	AI 	OPEN 	Gender-Neutral 	44403 	64867
CU Jharkhand	Electrical Engineering (4 Years, Bachelor of Technology) 	AI 	OPEN 	Gender-Neutral 	68568 	77158
CU Jharkhand	Metallurgical and Materials Engineering (4 Years, Bachelor of Technology) 	AI 	OPEN 	Gender-Neutral 	79279 	86134
National Institute of Electronics and Information Technology, Ropar (Punjab)	B.Tech in CSE (AI and ML) (4 Years, Bachelor of Technology) 	AI 	OPEN 	Gender-Neutral 	20522 	45783
National Institute of Electronics and Information Technology, Patna (Bihar)	Computer Science and Engineering (4 Years, Bachelor of Technology) 	AI 	OPEN 	Gender-Neutral 	32472 	57127
National Institute of Electronics and Information Technology, Ajmer (Rajasthan)	Computer Science and Engineering (Internet of Things, Cyber Security including Block Chain Technology ) (4 Years, Bachelor of Technology) 	AI 	OPEN 	Gender-Neutral 	31197 	55766
National Institute of Electronics and Information Technology, Gorakhpur (UP)	B. Tech in Electronics and Communication Engineering with minor in Wearable Electronics (4 Years, Bachelor of Technology) 	AI 	OPEN 	Gender-Neutral 	42565 	64073
National Institute of Electronics and Information Technology, Gorakhpur (UP)	Computer Science and Engineering with minor in AI and ML (4 Years, Bachelor of Technology) 	AI 	OPEN 	Gender-Neutral 	49199 	60642
Rajiv Gandhi National Aviation University, Fursatganj, Amethi (UP)	Aerospace Engineering (4 Years, Bachelor of Technology) 	AI 	OPEN 	Gender-Neutral 	33780 	59283
Rajiv Gandhi National Aviation University, Fursatganj, Amethi (UP)	Electronics and Communication Engineering (Avionics) (4 Years, Bachelor of Technology) 	AI 	OPEN 	Gender-Neutral 	48193 	65739
Islamic University of Science and Technology Kashmir	Architecture (5 Years, Bachelor of Architecture) 	AI 	OPEN 	Gender-Neutral 	1233 	1271
Islamic University of Science and Technology Kashmir	Architecture (5 Years, Bachelor of Architecture) 	HS 	OPEN 	Gender-Neutral 	3611 	15641
Shri G. S. Institute of Technology and Science Indore	Biomedical Engineering (4 Years, Bachelor of Technology) 	AI 	OPEN 	Gender-Neutral 	60038 	64305
Shri G. S. Institute of Technology and Science Indore	Civil Engineering (4 Years, Bachelor of Technology) 	AI 	OPEN 	Gender-Neutral 	50074 	55194
Shri G. S. Institute of Technology and Science Indore	Computer Science and Engineering (4 Years, Bachelor of Technology) 	AI 	OPEN 	Gender-Neutral 	9767 	24837
Shri G. S. Institute of Technology and Science Indore	Electrical Engineering (4 Years, Bachelor of Technology) 	AI 	OPEN 	Gender-Neutral 	41294 	44980
Shri G. S. Institute of Technology and Science Indore	Electronics and Instrumentation Engineering (4 Years, Bachelor of Technology) 	AI 	OPEN 	Gender-Neutral 	39962 	43841
Shri G. S. Institute of Technology and Science Indore	Electronics and Telecommunication Engineering (4 Years, Bachelor of Technology) 	AI 	OPEN 	Gender-Neutral 	35170 	39680
Shri G. S. Institute of Technology and Science Indore	Industrial and Production Engineering (4 Years, Bachelor of Technology) 	AI 	OPEN 	Gender-Neutral 	55891 	60730
Shri G. S. Institute of Technology and Science Indore	Information Technology (4 Years, Bachelor of Technology) 	AI 	OPEN 	Gender-Neutral 	24908 	28578
Shri G. S. Institute of Technology and Science Indore	Mechanical Engineering (4 Years, Bachelor of Technology) 	AI 	OPEN 	Gender-Neutral 	47041 	51001
