Indian Institute of Technology Bhubaneswar	Civil Engineering (4 Years, Bachelor of Technology) 	AI 	OPEN 	Gender-Neutral 	10922 	16156
Indian Institute of Technology Bhubaneswar	Civil Engineering (4 Years, Bachelor of Technology) 	AI 	OPEN 	Female-only (including Supernumerary) 	19820 	23960
Indian Institute of Technology Bhubaneswar	Computer Science and Engineering (4 Years, Bachelor of Technology) 	AI 	OPEN 	Gender-Neutral 	2344 	4162
Indian Institute of Technology Bhubaneswar	Computer Science and Engineering (4 Years, Bachelor of Technology) 	AI 	OPEN 	Female-only (including Supernumerary) 	4082 	6467
Indian Institute of Technology Bhubaneswar	Electrical Engineering (4 Years, Bachelor of Technology) 	AI 	OPEN 	Gender-Neutral 	5974 	8165
Indian Institute of Technology Bhubaneswar	Electrical Engineering (4 Years, Bachelor of Technology) 	AI 	OPEN 	Female-only (including Supernumerary) 	13141 	16009
Indian Institute of Technology Bhubaneswar	Electronics and Communication Engineering (4 Years, Bachelor of Technology) 	AI 	OPEN 	Gender-Neutral 	3873 	5885
Indian Institute of Technology Bhubaneswar	Electronics and Communication Engineering (4 Years, Bachelor of Technology) 	AI 	OPEN 	Female-only (including Supernumerary) 	8993 	10965
Indian Institute of Technology Bhubaneswar	Engineering Physics (4 Years, Bachelor of Technology) 	AI 	OPEN 	Gender-Neutral 	9525 	12466
Indian Institute of Technology Bhubaneswar	Engineering Physics (4 Years, Bachelor of Technology) 	AI 	OPEN 	Female-only (including Supernumerary) 	21659 	22403
Indian Institute of Technology Bhubaneswar	Mathematics and Computing (4 Years, Bachelor of Technology) 	AI 	OPEN 	Gender-Neutral 	4174 	4708
Indian Institute of Technology Bhubaneswar	Mathematics and Computing (4 Years, Bachelor of Technology) 	AI 	OPEN 	Female-only (including Supernumerary) 	7679 	8804
Indian Institute of Technology Bhubaneswar	Mechanical Engineering (4 Years, Bachelor of Technology) 	AI 	OPEN 	Gender-Neutral 	7759 	11678
Indian Institute of Technology Bhubaneswar	Mechanical Engineering (4 Years, Bachelor of Technology) 	AI 	OPEN 	Female-only (including Supernumerary) 	17144 	20366
Indian Institute of Technology Bhubaneswar	Metallurgical and Materials Engineering (4 Years, Bachelor of Technology) 	AI 	OPEN 	Gender-Neutral 	11591 	16268
Indian Institute of Technology Bhubaneswar	Metallurgical and Materials Engineering (4 Years, Bachelor of Technology) 	AI 	OPEN 	Female-only (including Supernumerary) 	21631 	22981
Indian Institute of Technology Bombay	Aerospace Engineering (4 Years, Bachelor of Technology) 	AI 	OPEN 	Gender-Neutral 	1195 	2361
Indian Institute of Technology Bombay	Aerospace Engineering (4 Years, Bachelor of Technology) 	AI 	OPEN 	Female-only (including Supernumerary) 	4812 	5994
Indian Institute of Technology Bombay	Applied Geophysics (4 Years, Bachelor of Science) 	AI 	OPEN 	Gender-Neutral 	6087 	8343
Indian Institute of Technology Bombay	Applied Geophysics (4 Years, Bachelor of Science) 	AI 	OPEN 	Female-only (including Supernumerary) 	13688 	13761
Indian Institute of Technology Bombay	BS in Mathematics (4 Years, Bachelor of Science) 	AI 	OPEN 	Gender-Neutral 	753 	1067
Indian Institute of Technology Bombay	BS in Mathematics (4 Years, Bachelor of Science) 	AI 	OPEN 	Female-only (including Supernumerary) 	3432 	3432
Indian Institute of Technology Bombay	Chemical Engineering (4 Years, Bachelor of Technology) 	AI 	OPEN 	Gender-Neutral 	601 	2464
Indian Institute of Technology Bombay	Chemical Engineering (4 Years, Bachelor of Technology) 	AI 	OPEN 	Female-only (including Supernumerary) 	4813 	5969
Indian Institute of Technology Bombay	Chemistry (4 Years, Bachelor of Science) 	AI 	OPEN 	Gender-Neutral 	3133 	7228
Indian Institute of Technology Bombay	Chemistry (4 Years, Bachelor of Science) 	AI 	OPEN 	Female-only (including Supernumerary) 	9368 	10435
Indian Institute of Technology Bombay	Civil Engineering (4 Years, Bachelor of Technology) 	AI 	OPEN 	Gender-Neutral 	2666 	4250
Indian Institute of Technology Bombay	Civil Engineering (4 Years, Bachelor of Technology) 	AI 	OPEN 	Female-only (including Supernumerary) 	6085 	8597
Indian Institute of Technology Bombay	Computer Science and Engineering (4 Years, Bachelor of Technology) 	AI 	OPEN 	Gender-Neutral 	1 	66
Indian Institute of Technology Bombay	Computer Science and Engineering (4 Years, Bachelor of Technology) 	AI 	OPEN 	Female-only (including Supernumerary) 	29 	369
Indian Institute of Technology Bombay	Economics (4 Years, Bachelor of Science) 	AI 	OPEN 	Gender-Neutral 	1531 	2372
Indian Institute of Technology Bombay	Economics (4 Years, Bachelor of Science) 	AI 	OPEN 	Female-only (including Supernumerary) 	3744 	4928
Indian Institute of Technology Bombay	Electrical Engineering (4 Years, Bachelor of Technology) 	AI 	OPEN 	Gender-Neutral 	106 	433
Indian Institute of Technology Bombay	Electrical Engineering (4 Years, Bachelor of Technology) 	AI 	OPEN 	Female-only (including Supernumerary) 	779 	1914
Indian Institute of Technology Bombay	Electrical Engineering (5 Years, Bachelor and Master of Technology (Dual Degree)) 	AI 	OPEN 	Gender-Neutral 	470 	841
Indian Institute of Technology Bombay	Electrical Engineering (5 Years, Bachelor and Master of Technology (Dual Degree)) 	AI 	OPEN 	Female-only (including Supernumerary) 	2219 	3274
Indian Institute of Technology Bombay	Energy Engineering (4 Years, Bachelor of Technology) 	AI 	OPEN 	Gender-Neutral 	1810 	2584
Indian Institute of Technology Bombay	Energy Engineering (4 Years, Bachelor of Technology) 	AI 	OPEN 	Female-only (including Supernumerary) 	4087 	6136
Indian Institute of Technology Bombay	Engineering Physics (4 Years, Bachelor of Technology) 	AI 	OPEN 	Gender-Neutral 	122 	1539
Indian Institute of Technology Bombay	Engineering Physics (4 Years, Bachelor of Technology) 	AI 	OPEN 	Female-only (including Supernumerary) 	3126 	5593
Indian Institute of Technology Bombay	Environmental Science and Engineering (4 Years, Bachelor of Technology) 	AI 	OPEN 	Gender-Neutral 	3143 	4777
Indian Institute of Technology Bombay	Environmental Science and Engineering (4 Years, Bachelor of Technology) 	AI 	OPEN 	Female-only (including Supernumerary) 	8026 	8925
Indian Institute of Technology Bombay	Industrial Engineering and Operations Research (4 Years, Bachelor of Technology) 	AI 	OPEN 	Gender-Neutral 	264 	1273
Indian Institute of Technology Bombay	Industrial Engineering and Operations Research (4 Years, Bachelor of Technology) 	AI 	OPEN 	Female-only (including Supernumerary) 	2669 	3012
Indian Institute of Technology Bombay	Mechanical Engineering (4 Years, Bachelor of Technology) 	AI 	OPEN 	Gender-Neutral 	490 	1834
Indian Institute of Technology Bombay	Mechanical Engineering (4 Years, Bachelor of Technology) 	AI 	OPEN 	Female-only (including Supernumerary) 	2816 	4693
Indian Institute of Technology Bombay	Metallurgical Engineering and Materials Science (4 Years, Bachelor of Technology) 	AI 	OPEN 	Gender-Neutral 	2712 	4345
Indian Institute of Technology Bombay	Metallurgical Engineering and Materials Science (4 Years, Bachelor of Technology) 	AI 	OPEN 	Female-only (including Supernumerary) 	6628 	8075
Indian Institute of Technology Mandi	B.Tech in General Engineering (4 Years, Bachelor of Technology) 	AI 	OPEN 	Gender-Neutral 	8480 	11034
Indian Institute of Technology Mandi	B.Tech in General Engineering (4 Years, Bachelor of Technology) 	AI 	OPEN 	Female-only (including Supernumerary) 	16970 	17710
Indian Institute of Technology Mandi	B.Tech in Materials Science and Engineering (4 Years, Bachelor of Technology) 	AI 	OPEN 	Gender-Neutral 	12260 	14368
Indian Institute of Technology Mandi	B.Tech in Materials Science and Engineering (4 Years, Bachelor of Technology) 	AI 	OPEN 	Female-only (including Supernumerary) 	23443 	23642
Indian Institute of Technology Mandi	B.Tech in Mathematics and Computing (4 Years, Bachelor of Technology) 	AI 	OPEN 	Gender-Neutral 	3945 	4285
Indian Institute of Technology Mandi	B.Tech in Mathematics and Computing (4 Years, Bachelor of Technology) 	AI 	OPEN 	Female-only (including Supernumerary) 	9721 	9846
Indian Institute of Technology Mandi	B.Tech in Microelectronics & VLSI (4 Years, Bachelor of Technology) 	AI 	OPEN 	Gender-Neutral 	4593 	6166
Indian Institute of Technology Mandi	B.Tech in Microelectronics & VLSI (4 Years, Bachelor of Technology) 	AI 	OPEN 	Female-only (including Supernumerary) 	11355 	12496
Indian Institute of Technology Mandi	Bio Engineering (4 Years, Bachelor of Technology) 	AI 	OPEN 	Gender-Neutral 	12646 	14879
Indian Institute of Technology Mandi	Bio Engineering (4 Years, Bachelor of Technology) 	AI 	OPEN 	Female-only (including Supernumerary) 	24904 	25194
Indian Institute of Technology Mandi	BS in Chemical Sciences (4 Years, Bachelor of Science) 	AI 	OPEN 	Gender-Neutral 	13425 	17491
Indian Institute of Technology Mandi	BS in Chemical Sciences (4 Years, Bachelor of Science) 	AI 	OPEN 	Female-only (including Supernumerary) 	25305 	26718
Indian Institute of Technology Mandi	Civil Engineering (4 Years, Bachelor of Technology) 	AI 	OPEN 	Gender-Neutral 	10954 	14274
Indian Institute of Technology Mandi	Civil Engineering (4 Years, Bachelor of Technology) 	AI 	OPEN 	Female-only (including Supernumerary) 	21169 	23543
Indian Institute of Technology Mandi	Computer Science and Engineering (4 Years, Bachelor of Technology) 	AI 	OPEN 	Gender-Neutral 	2096 	3123
Indian Institute of Technology Mandi	Computer Science and Engineering (4 Years, Bachelor of Technology) 	AI 	OPEN 	Female-only (including Supernumerary) 	6922 	7997
Indian Institute of Technology Mandi	Data Science and Artificial Intelligence (4 Years, Bachelor of Technology) 	AI 	OPEN 	Gender-Neutral 	3221 	3928
Indian Institute of Technology Mandi	Data Science and Artificial Intelligence (4 Years, Bachelor of Technology) 	AI 	OPEN 	Female-only (including Supernumerary) 	8476 	9741
Indian Institute of Technology Mandi	Electrical Engineering (4 Years, Bachelor of Technology) 	AI 	OPEN 	Gender-Neutral 	5136 	7590
Indian Institute of Technology Mandi	Electrical Engineering (4 Years, Bachelor of Technology) 	AI 	OPEN 	Female-only (including Supernumerary) 	11244 	14984
Indian Institute of Technology Mandi	Engineering Physics (4 Years, Bachelor of Technology) 	AI 	OPEN 	Gender-Neutral 	8831 	12110
Indian Institute of Technology Mandi	Engineering Physics (4 Years, Bachelor of Technology) 	AI 	OPEN 	Female-only (including Supernumerary) 	19108 	20778
Indian Institute of Technology Mandi	Mechanical Engineering (4 Years, Bachelor of Technology) 	AI 	OPEN 	Gender-Neutral 	8023 	10267
Indian Institute of Technology Mandi	Mechanical Engineering (4 Years, Bachelor of Technology) 	AI 	OPEN 	Female-only (including Supernumerary) 	17438 	20608
Indian Institute of Technology Delhi	Abu Dhabi Campus - Chemical Engineering (4 Years, Bachelor of Technology) 	AI 	OPEN 	Gender-Neutral 	5200 	5712
Indian Institute of Technology Delhi	Abu Dhabi Campus - Chemical Engineering (4 Years, Bachelor of Technology) 	AI 	OPEN 	Female-only (including Supernumerary) 	11520 	11520
Indian Institute of Technology Delhi	Abu Dhabi Campus - Computer Science and Engineering (4 Years, Bachelor of Technology) 	AI 	OPEN 	Gender-Neutral 	1291 	1761
Indian Institute of Technology Delhi	Abu Dhabi Campus - Computer Science and Engineering (4 Years, Bachelor of Technology) 	AI 	OPEN 	Female-only (including Supernumerary) 	6480 	6480
Indian Institute of Technology Delhi	Abu Dhabi Campus - Energy Engineering (4 Years, Bachelor of Technology) 	AI 	OPEN 	Gender-Neutral 	4661 	5590
Indian Institute of Technology Delhi	Abu Dhabi Campus - Energy Engineering (4 Years, Bachelor of Technology) 	AI 	OPEN 	Female-only (including Supernumerary) 	8973 	8973
Indian Institute of Technology Delhi	Biotechnology and Biochemical Engineering (4 Years, Bachelor of Technology) 	AI 	OPEN 	Gender-Neutral 	3147 	4999
Indian Institute of Technology Delhi	Biotechnology and Biochemical Engineering (4 Years, Bachelor of Technology) 	AI 	OPEN 	Female-only (including Supernumerary) 	6350 	8927
Indian Institute of Technology Delhi	Chemical Engineering (4 Years, Bachelor of Technology) 	AI 	OPEN 	Gender-Neutral 	1904 	2548
Indian Institute of Technology Delhi	Chemical Engineering (4 Years, Bachelor of Technology) 	AI 	OPEN 	Female-only (including Supernumerary) 	5287 	5968
Indian Institute of Technology Delhi	Chemical Engineering (5 Years, Bachelor and Master of Technology (Dual Degree)) 	AI 	OPEN 	Gender-Neutral 	2581 	3454
Indian Institute of Technology Delhi	Chemical Engineering (5 Years, Bachelor and Master of Technology (Dual Degree)) 	AI 	OPEN 	Female-only (including Supernumerary) 	6826 	7561
Indian Institute of Technology Delhi	Chemistry (4 Years, Bachelor of Science) 	AI 	OPEN 	Gender-Neutral 	6267 	8528
Indian Institute of Technology Delhi	Chemistry (4 Years, Bachelor of Science) 	AI 	OPEN 	Female-only (including Supernumerary) 	11389 	16980
Indian Institute of Technology Delhi	Civil Engineering (4 Years, Bachelor of Technology) 	AI 	OPEN 	Gender-Neutral 	3244 	4302
Indian Institute of Technology Delhi	Civil Engineering (4 Years, Bachelor of Technology) 	AI 	OPEN 	Female-only (including Supernumerary) 	3660 	9193
Indian Institute of Technology Delhi	Computer Science and Engineering (4 Years, Bachelor of Technology) 	AI 	OPEN 	Gender-Neutral 	24 	126
Indian Institute of Technology Delhi	Computer Science and Engineering (4 Years, Bachelor of Technology) 	AI 	OPEN 	Female-only (including Supernumerary) 	376 	498
Indian Institute of Technology Delhi	Computer Science and Engineering (5 Years, Bachelor and Master of Technology (Dual Degree)) 	AI 	OPEN 	Gender-Neutral 	134 	186
Indian Institute of Technology Delhi	Computer Science and Engineering (5 Years, Bachelor and Master of Technology (Dual Degree)) 	AI 	OPEN 	Female-only (including Supernumerary) 	560 	996
Indian Institute of Technology Delhi	Design (4 Years, Bachelor of Technology) 	AI 	OPEN 	Gender-Neutral 	7813 	12217
Indian Institute of Technology Delhi	Design (4 Years, Bachelor of Technology) 	AI 	OPEN 	Female-only (including Supernumerary) 	16045 	23166
Indian Institute of Technology Delhi	Electrical Engineering (4 Years, Bachelor of Technology) 	AI 	OPEN 	Gender-Neutral 	365 	605
Indian Institute of Technology Delhi	Electrical Engineering (4 Years, Bachelor of Technology) 	AI 	OPEN 	Female-only (including Supernumerary) 	1617 	2627
Indian Institute of Technology Delhi	Electrical Engineering (Power and Automation) (4 Years, Bachelor of Technology) 	AI 	OPEN 	Gender-Neutral 	612 	823
Indian Institute of Technology Delhi	Electrical Engineering (Power and Automation) (4 Years, Bachelor of Technology) 	AI 	OPEN 	Female-only (including Supernumerary) 	2789 	2886
Indian Institute of Technology Delhi	Energy Engineering (4 Years, Bachelor of Technology) 	AI 	OPEN 	Gender-Neutral 	1868 	2668
Indian Institute of Technology Delhi	Energy Engineering (4 Years, Bachelor of Technology) 	AI 	OPEN 	Female-only (including Supernumerary) 	3645 	6315
Indian Institute of Technology Delhi	Engineering and Computational Mechanics (4 Years, Bachelor of Technology) 	AI 	OPEN 	Gender-Neutral 	858 	1103
Indian Institute of Technology Delhi	Engineering and Computational Mechanics (4 Years, Bachelor of Technology) 	AI 	OPEN 	Female-only (including Supernumerary) 	3041 	3918
Indian Institute of Technology Delhi	Engineering Physics (4 Years, Bachelor of Technology) 	AI 	OPEN 	Gender-Neutral 	1393 	2565
Indian Institute of Technology Delhi	Engineering Physics (4 Years, Bachelor of Technology) 	AI 	OPEN 	Female-only (including Supernumerary) 	4457 	6755
Indian Institute of Technology Delhi	Materials Engineering (4 Years, Bachelor of Technology) 	AI 	OPEN 	Gender-Neutral 	2499 	3736
Indian Institute of Technology Delhi	Materials Engineering (4 Years, Bachelor of Technology) 	AI 	OPEN 	Female-only (including Supernumerary) 	7895 	9060
Indian Institute of Technology Delhi	Mathematics and Computing (4 Years, Bachelor of Technology) 	AI 	OPEN 	Gender-Neutral 	157 	323
Indian Institute of Technology Delhi	Mathematics and Computing (4 Years, Bachelor of Technology) 	AI 	OPEN 	Female-only (including Supernumerary) 	743 	1234
Indian Institute of Technology Delhi	Mathematics and Computing (5 Years, Bachelor and Master of Technology (Dual Degree)) 	AI 	OPEN 	Gender-Neutral 	325 	355
Indian Institute of Technology Delhi	Mathematics and Computing (5 Years, Bachelor and Master of Technology (Dual Degree)) 	AI 	OPEN 	Female-only (including Supernumerary) 	1447 	2258
Indian Institute of Technology Delhi	Mechanical Engineering (4 Years, Bachelor of Technology) 	AI 	OPEN 	Gender-Neutral 	1156 	1862
Indian Institute of Technology Delhi	Mechanical Engineering (4 Years, Bachelor of Technology) 	AI 	OPEN 	Female-only (including Supernumerary) 	4074 	5178
Indian Institute of Technology Delhi	Production and Industrial Engineering (4 Years, Bachelor of Technology) 	AI 	OPEN 	Gender-Neutral 	1988 	3223
Indian Institute of Technology Delhi	Production and Industrial Engineering (4 Years, Bachelor of Technology) 	AI 	OPEN 	Female-only (including Supernumerary) 	6903 	7617
Indian Institute of Technology Delhi	Textile Technology (4 Years, Bachelor of Technology) 	AI 	OPEN 	Gender-Neutral 	5015 	5733
Indian Institute of Technology Delhi	Textile Technology (4 Years, Bachelor of Technology) 	AI 	OPEN 	Female-only (including Supernumerary) 	9841 	11158
Indian Institute of Technology Indore	Chemical Engineering (4 Years, Bachelor of Technology) 	AI 	OPEN 	Gender-Neutral 	7246 	8824
Indian Institute of Technology Indore	Chemical Engineering (4 Years, Bachelor of Technology) 	AI 	OPEN 	Female-only (including Supernumerary) 	12689 	16373
Indian Institute of Technology Indore	Civil Engineering (4 Years, Bachelor of Technology) 	AI 	OPEN 	Gender-Neutral 	9004 	10641
Indian Institute of Technology Indore	Civil Engineering (4 Years, Bachelor of Technology) 	AI 	OPEN 	Female-only (including Supernumerary) 	16727 	17630
Indian Institute of Technology Indore	Computer Science and Engineering (4 Years, Bachelor of Technology) 	AI 	OPEN 	Gender-Neutral 	952 	1775
Indian Institute of Technology Indore	Computer Science and Engineering (4 Years, Bachelor of Technology) 	AI 	OPEN 	Female-only (including Supernumerary) 	2695 	3922
Indian Institute of Technology Indore	Electrical Engineering (4 Years, Bachelor of Technology) 	AI 	OPEN 	Gender-Neutral 	2390 	3723
Indian Institute of Technology Indore	Electrical Engineering (4 Years, Bachelor of Technology) 	AI 	OPEN 	Female-only (including Supernumerary) 	6403 	8044
Indian Institute of Technology Indore	Engineering Physics (4 Years, Bachelor of Technology) 	AI 	OPEN 	Gender-Neutral 	5236 	8299
Indian Institute of Technology Indore	Engineering Physics (4 Years, Bachelor of Technology) 	AI 	OPEN 	Female-only (including Supernumerary) 	14114 	16848
Indian Institute of Technology Indore	Mathematics and Computing (4 Years, Bachelor of Technology) 	AI 	OPEN 	Gender-Neutral 	1751 	2099
Indian Institute of Technology Indore	Mathematics and Computing (4 Years, Bachelor of Technology) 	AI 	OPEN 	Female-only (including Supernumerary) 	4271 	5553
Indian Institute of Technology Indore	Mechanical Engineering (4 Years, Bachelor of Technology) 	AI 	OPEN 	Gender-Neutral 	4522 	7545
Indian Institute of Technology Indore	Mechanical Engineering (4 Years, Bachelor of Technology) 	AI 	OPEN 	Female-only (including Supernumerary) 	12528 	16482
Indian Institute of Technology Indore	Metallurgical Engineering and Materials Science (4 Years, Bachelor of Technology) 	AI 	OPEN 	Gender-Neutral 	8439 	11274
Indian Institute of Technology Indore	Metallurgical Engineering and Materials Science (4 Years, Bachelor of Technology) 	AI 	OPEN 	Female-only (including Supernumerary) 	20322 	22422
Indian Institute of Technology Indore	Space Science and Engineering (4 Years, Bachelor of Technology) 	AI 	OPEN 	Gender-Neutral 	5679 	7419
Indian Institute of Technology Indore	Space Science and Engineering (4 Years, Bachelor of Technology) 	AI 	OPEN 	Female-only (including Supernumerary) 	13917 	13924
Indian Institute of Technology Kharagpur	Aerospace Engineering (4 Years, Bachelor of Technology) 	AI 	OPEN 	Gender-Neutral 	3830 	4872
Indian Institute of Technology Kharagpur	Aerospace Engineering (4 Years, Bachelor of Technology) 	AI 	OPEN 	Female-only (including Supernumerary) 	10128 	12034
Indian Institute of Technology Kharagpur	Agricultural and Food Engineering (4 Years, Bachelor of Technology) 	AI 	OPEN 	Gender-Neutral 	6545 	11111
Indian Institute of Technology Kharagpur	Agricultural and Food Engineering (4 Years, Bachelor of Technology) 	AI 	OPEN 	Female-only (including Supernumerary) 	17306 	19074
Indian Institute of Technology Kharagpur	Applied Geology (4 Years, Bachelor of Science) 	AI 	OPEN 	Gender-Neutral 	11734 	13685
Indian Institute of Technology Kharagpur	Applied Geology (4 Years, Bachelor of Science) 	AI 	OPEN 	Female-only (including Supernumerary) 	20949 	21618
Indian Institute of Technology Kharagpur	Architecture (5 Years, Bachelor of Architecture) 	AI 	OPEN 	Gender-Neutral 	9970 	19141
Indian Institute of Technology Kharagpur	Architecture (5 Years, Bachelor of Architecture) 	AI 	OPEN 	Female-only (including Supernumerary) 	19716 	24124
Indian Institute of Technology Kharagpur	Artificial Intelligence (4 Years, Bachelor of Technology) 	AI 	OPEN 	Gender-Neutral 	461 	953
Indian Institute of Technology Kharagpur	Artificial Intelligence (4 Years, Bachelor of Technology) 	AI 	OPEN 	Female-only (including Supernumerary) 	2901 	3194
Indian Institute of Technology Kharagpur	Biotechnology and Biochemical Engineering (4 Years, Bachelor of Technology) 	AI 	OPEN 	Gender-Neutral 	6774 	9224
Indian Institute of Technology Kharagpur	Biotechnology and Biochemical Engineering (4 Years, Bachelor of Technology) 	AI 	OPEN 	Female-only (including Supernumerary) 	7274 	14841
Indian Institute of Technology Kharagpur	Chemical Engineering (4 Years, Bachelor of Technology) 	AI 	OPEN 	Gender-Neutral 	4379 	5222
Indian Institute of Technology Kharagpur	Chemical Engineering (4 Years, Bachelor of Technology) 	AI 	OPEN 	Female-only (including Supernumerary) 	7574 	11358
Indian Institute of Technology Kharagpur	Chemistry (4 Years, Bachelor of Science) 	AI 	OPEN 	Gender-Neutral 	11214 	12321
Indian Institute of Technology Kharagpur	Chemistry (4 Years, Bachelor of Science) 	AI 	OPEN 	Female-only (including Supernumerary) 	20022 	21532
Indian Institute of Technology Kharagpur	Civil Engineering (4 Years, Bachelor of Technology) 	AI 	OPEN 	Gender-Neutral 	6188 	7774
Indian Institute of Technology Kharagpur	Civil Engineering (4 Years, Bachelor of Technology) 	AI 	OPEN 	Female-only (including Supernumerary) 	13875 	15272
Indian Institute of Technology Kharagpur	Computer Science and Engineering (4 Years, Bachelor of Technology) 	AI 	OPEN 	Gender-Neutral 	238 	466
Indian Institute of Technology Kharagpur	Computer Science and Engineering (4 Years, Bachelor of Technology) 	AI 	OPEN 	Female-only (including Supernumerary) 	1202 	1908
Indian Institute of Technology Kharagpur	Economics (4 Years, Bachelor of Science) 	AI 	OPEN 	Gender-Neutral 	3681 	6063
Indian Institute of Technology Kharagpur	Economics (4 Years, Bachelor of Science) 	AI 	OPEN 	Female-only (including Supernumerary) 	10113 	12877
Indian Institute of Technology Kharagpur	Electrical Engineering (4 Years, Bachelor of Technology) 	AI 	OPEN 	Gender-Neutral 	1492 	1985
Indian Institute of Technology Kharagpur	Electrical Engineering (4 Years, Bachelor of Technology) 	AI 	OPEN 	Female-only (including Supernumerary) 	4721 	5393
Indian Institute of Technology Kharagpur	Electronics and Electrical Communication Engineering (4 Years, Bachelor of Technology) 	AI 	OPEN 	Gender-Neutral 	419 	1485
Indian Institute of Technology Kharagpur	Electronics and Electrical Communication Engineering (4 Years, Bachelor of Technology) 	AI 	OPEN 	Female-only (including Supernumerary) 	3229 	4734
Indian Institute of Technology Kharagpur	Exploration Geophysics (4 Years, Bachelor of Science) 	AI 	OPEN 	Gender-Neutral 	11359 	12443
Indian Institute of Technology Kharagpur	Exploration Geophysics (4 Years, Bachelor of Science) 	AI 	OPEN 	Female-only (including Supernumerary) 	19766 	20854
Indian Institute of Technology Kharagpur	Industrial and Systems Engineering (4 Years, Bachelor of Technology) 	AI 	OPEN 	Gender-Neutral 	2873 	4329
Indian Institute of Technology Kharagpur	Industrial and Systems Engineering (4 Years, Bachelor of Technology) 	AI 	OPEN 	Female-only (including Supernumerary) 	9189 	10288
Indian Institute of Technology Kharagpur	Instrumentation Engineering (4 Years, Bachelor of Technology) 	AI 	OPEN 	Gender-Neutral 	2077 	2741
Indian Institute of Technology Kharagpur	Instrumentation Engineering (4 Years, Bachelor of Technology) 	AI 	OPEN 	Female-only (including Supernumerary) 	6076 	7896
Indian Institute of Technology Kharagpur	Manufacturing Science and Engineering (4 Years, Bachelor of Technology) 	AI 	OPEN 	Gender-Neutral 	5124 	6547
Indian Institute of Technology Kharagpur	Manufacturing Science and Engineering (4 Years, Bachelor of Technology) 	AI 	OPEN 	Female-only (including Supernumerary) 	12718 	14070
Indian Institute of Technology Kharagpur	Mathematics and Computing (4 Years, Bachelor of Science) 	AI 	OPEN 	Gender-Neutral 	519 	1336
Indian Institute of Technology Kharagpur	Mathematics and Computing (4 Years, Bachelor of Science) 	AI 	OPEN 	Female-only (including Supernumerary) 	3754 	4563
Indian Institute of Technology Kharagpur	Mechanical Engineering (4 Years, Bachelor of Technology) 	AI 	OPEN 	Gender-Neutral 	2773 	4016
Indian Institute of Technology Kharagpur	Mechanical Engineering (4 Years, Bachelor of Technology) 	AI 	OPEN 	Female-only (including Supernumerary) 	7605 	10333
Indian Institute of Technology Kharagpur	Metallurgical and Materials Engineering (4 Years, Bachelor of Technology) 	AI 	OPEN 	Gender-Neutral 	5552 	7708
Indian Institute of Technology Kharagpur	Metallurgical and Materials Engineering (4 Years, Bachelor of Technology) 	AI 	OPEN 	Female-only (including Supernumerary) 	13680 	15297
Indian Institute of Technology Kharagpur	Mining Engineering (4 Years, Bachelor of Technology) 	AI 	OPEN 	Gender-Neutral 	7833 	10765
Indian Institute of Technology Kharagpur	Mining Engineering (4 Years, Bachelor of Technology) 	AI 	OPEN 	Female-only (including Supernumerary) 	17757 	20249
Indian Institute of Technology Kharagpur	Ocean Engineering and Naval Architecture (4 Years, Bachelor of Technology) 	AI 	OPEN 	Gender-Neutral 	7465 	10074
Indian Institute of Technology Kharagpur	Ocean Engineering and Naval Architecture (4 Years, Bachelor of Technology) 	AI 	OPEN 	Female-only (including Supernumerary) 	15779 	17428
Indian Institute of Technology Kharagpur	Physics (4 Years, Bachelor of Science) 	AI 	OPEN 	Gender-Neutral 	7367 	10939
Indian Institute of Technology Kharagpur	Physics (4 Years, Bachelor of Science) 	AI 	OPEN 	Female-only (including Supernumerary) 	19589 	20982
Indian Institute of Technology Hyderabad	Artificial Intelligence (4 Years, Bachelor of Technology) 	AI 	OPEN 	Gender-Neutral 	690 	861
Indian Institute of Technology Hyderabad	Artificial Intelligence (4 Years, Bachelor of Technology) 	AI 	OPEN 	Female-only (including Supernumerary) 	2160 	2515
Indian Institute of Technology Hyderabad	Biomedical Engineering (4 Years, Bachelor of Technology) 	AI 	OPEN 	Gender-Neutral 	4950 	8376
Indian Institute of Technology Hyderabad	Biomedical Engineering (4 Years, Bachelor of Technology) 	AI 	OPEN 	Female-only (including Supernumerary) 	13324 	15443
Indian Institute of Technology Hyderabad	Biotechnology and Bioinformatics (4 Years, Bachelor of Technology) 	AI 	OPEN 	Gender-Neutral 	5421 	9378
Indian Institute of Technology Hyderabad	Biotechnology and Bioinformatics (4 Years, Bachelor of Technology) 	AI 	OPEN 	Female-only (including Supernumerary) 	10909 	12925
Indian Institute of Technology Hyderabad	Chemical Engineering (4 Years, Bachelor of Technology) 	AI 	OPEN 	Gender-Neutral 	4432 	5756
Indian Institute of Technology Hyderabad	Chemical Engineering (4 Years, Bachelor of Technology) 	AI 	OPEN 	Female-only (including Supernumerary) 	10003 	11874
Indian Institute of Technology Hyderabad	Civil Engineering (4 Years, Bachelor of Technology) 	AI 	OPEN 	Gender-Neutral 	5850 	8698
Indian Institute of Technology Hyderabad	Civil Engineering (4 Years, Bachelor of Technology) 	AI 	OPEN 	Female-only (including Supernumerary) 	12330 	15160
Indian Institute of Technology Hyderabad	Computational Engineering (4 Years, Bachelor of Technology) 	AI 	OPEN 	Gender-Neutral 	1368 	1866
Indian Institute of Technology Hyderabad	Computational Engineering (4 Years, Bachelor of Technology) 	AI 	OPEN 	Female-only (including Supernumerary) 	4136 	4712
Indian Institute of Technology Hyderabad	Computer Science and Engineering (4 Years, Bachelor of Technology) 	AI 	OPEN 	Gender-Neutral 	339 	673
Indian Institute of Technology Hyderabad	Computer Science and Engineering (4 Years, Bachelor of Technology) 	AI 	OPEN 	Female-only (including Supernumerary) 	1294 	2121
Indian Institute of Technology Hyderabad	Electrical Engineering (4 Years, Bachelor of Technology) 	AI 	OPEN 	Gender-Neutral 	848 	1900
Indian Institute of Technology Hyderabad	Electrical Engineering (4 Years, Bachelor of Technology) 	AI 	OPEN 	Female-only (including Supernumerary) 	3584 	4295
Indian Institute of Technology Hyderabad	Electrical Engineering (IC Design and Technology) (4 Years, Bachelor of Technology) 	AI 	OPEN 	Gender-Neutral 	1644 	1895
Indian Institute of Technology Hyderabad	Electrical Engineering (IC Design and Technology) (4 Years, Bachelor of Technology) 	AI 	OPEN 	Female-only (including Supernumerary) 	3778 	4071
Indian Institute of Technology Hyderabad	Engineering Physics (4 Years, Bachelor of Technology) 	AI 	OPEN 	Gender-Neutral 	3332 	4686
Indian Institute of Technology Hyderabad	Engineering Physics (4 Years, Bachelor of Technology) 	AI 	OPEN 	Female-only (including Supernumerary) 	7216 	9760
Indian Institute of Technology Hyderabad	Engineering Science (4 Years, Bachelor of Technology) 	AI 	OPEN 	Gender-Neutral 	2225 	3272
Indian Institute of Technology Hyderabad	Engineering Science (4 Years, Bachelor of Technology) 	AI 	OPEN 	Female-only (including Supernumerary) 	5901 	6682
Indian Institute of Technology Hyderabad	Industrial Chemistry (4 Years, Bachelor of Technology) 	AI 	OPEN 	Gender-Neutral 	7757 	10043
Indian Institute of Technology Hyderabad	Industrial Chemistry (4 Years, Bachelor of Technology) 	AI 	OPEN 	Female-only (including Supernumerary) 	15962 	16983
Indian Institute of Technology Hyderabad	Materials Science and Metallurgical Engineering (4 Years, Bachelor of Technology) 	AI 	OPEN 	Gender-Neutral 	6084 	7604
Indian Institute of Technology Hyderabad	Materials Science and Metallurgical Engineering (4 Years, Bachelor of Technology) 	AI 	OPEN 	Female-only (including Supernumerary) 	10359 	15504
Indian Institute of Technology Hyderabad	Mathematics and Computing (4 Years, Bachelor of Technology) 	AI 	OPEN 	Gender-Neutral 	771 	1015
Indian Institute of Technology Hyderabad	Mathematics and Computing (4 Years, Bachelor of Technology) 	AI 	OPEN 	Female-only (including Supernumerary) 	2700 	2758
Indian Institute of Technology Hyderabad	Mechanical Engineering (4 Years, Bachelor of Technology) 	AI 	OPEN 	Gender-Neutral 	2837 	4443
Indian Institute of Technology Hyderabad	Mechanical Engineering (4 Years, Bachelor of Technology) 	AI 	OPEN 	Female-only (including Supernumerary) 	6897 	9524
Indian Institute of Technology Jodhpur	Artificial Intelligence and Data Science (4 Years, Bachelor of Technology) 	AI 	OPEN 	Gender-Neutral 	3049 	4212
Indian Institute of Technology Jodhpur	Artificial Intelligence and Data Science (4 Years, Bachelor of Technology) 	AI 	OPEN 	Female-only (including Supernumerary) 	7277 	8705
Indian Institute of Technology Jodhpur	Bio Engineering (4 Years, Bachelor of Technology) 	AI 	OPEN 	Gender-Neutral 	13106 	15278
Indian Institute of Technology Jodhpur	Bio Engineering (4 Years, Bachelor of Technology) 	AI 	OPEN 	Female-only (including Supernumerary) 	16749 	22651
Indian Institute of Technology Jodhpur	Chemical Engineering (4 Years, Bachelor of Technology) 	AI 	OPEN 	Gender-Neutral 	9595 	11626
Indian Institute of Technology Jodhpur	Chemical Engineering (4 Years, Bachelor of Technology) 	AI 	OPEN 	Female-only (including Supernumerary) 	18850 	19522
Indian Institute of Technology Jodhpur	Chemistry with Specialization (4 Years, Bachelor of Science) 	AI 	OPEN 	Gender-Neutral 	14939 	18310
Indian Institute of Technology Jodhpur	Chemistry with Specialization (4 Years, Bachelor of Science) 	AI 	OPEN 	Female-only (including Supernumerary) 	25547 	26039
Indian Institute of Technology Jodhpur	Civil and Infrastructure Engineering (4 Years, Bachelor of Technology) 	AI 	OPEN 	Gender-Neutral 	11662 	14301
Indian Institute of Technology Jodhpur	Civil and Infrastructure Engineering (4 Years, Bachelor of Technology) 	AI 	OPEN 	Female-only (including Supernumerary) 	18920 	22812
Indian Institute of Technology Jodhpur	Computer Science and Engineering (4 Years, Bachelor of Technology) 	AI 	OPEN 	Gender-Neutral 	2269 	2918
Indian Institute of Technology Jodhpur	Computer Science and Engineering (4 Years, Bachelor of Technology) 	AI 	OPEN 	Female-only (including Supernumerary) 	5959 	7224
Indian Institute of Technology Jodhpur	Electrical Engineering (4 Years, Bachelor of Technology) 	AI 	OPEN 	Gender-Neutral 	5270 	6824
Indian Institute of Technology Jodhpur	Electrical Engineering (4 Years, Bachelor of Technology) 	AI 	OPEN 	Female-only (including Supernumerary) 	9375 	14511
Indian Institute of Technology Jodhpur	Electronics Engineering (4 Years, Bachelor of Technology) 	AI 	OPEN 	Gender-Neutral 	4392 	6228
Indian Institute of Technology Jodhpur	Electronics Engineering (4 Years, Bachelor of Technology) 	AI 	OPEN 	Female-only (including Supernumerary) 	10250 	14160
Indian Institute of Technology Jodhpur	Materials Engineering (4 Years, Bachelor of Technology) 	AI 	OPEN 	Gender-Neutral 	11659 	15034
Indian Institute of Technology Jodhpur	Materials Engineering (4 Years, Bachelor of Technology) 	AI 	OPEN 	Female-only (including Supernumerary) 	20897 	24170
Indian Institute of Technology Jodhpur	Mechanical Engineering (4 Years, Bachelor of Technology) 	AI 	OPEN 	Gender-Neutral 	7550 	9569
Indian Institute of Technology Jodhpur	Mechanical Engineering (4 Years, Bachelor of Technology) 	AI 	OPEN 	Female-only (including Supernumerary) 	17068 	18647
Indian Institute of Technology Jodhpur	Physics with Specialization (4 Years, Bachelor of Science) 	AI 	OPEN 	Gender-Neutral 	11193 	15185
Indian Institute of Technology Jodhpur	Physics with Specialization (4 Years, Bachelor of Science) 	AI 	OPEN 	Female-only (including Supernumerary) 	23924 	25502
Indian Institute of Technology Kanpur	Aerospace Engineering (4 Years, Bachelor of Technology) 	AI 	OPEN 	Gender-Neutral 	1973 	3805
Indian Institute of Technology Kanpur	Aerospace Engineering (4 Years, Bachelor of Technology) 	AI 	OPEN 	Female-only (including Supernumerary) 	6160 	9292
Indian Institute of Technology Kanpur	Biological Sciences and Bioengineering (4 Years, Bachelor of Technology) 	AI 	OPEN 	Gender-Neutral 	3559 	7105
Indian Institute of Technology Kanpur	Biological Sciences and Bioengineering (4 Years, Bachelor of Technology) 	AI 	OPEN 	Female-only (including Supernumerary) 	10629 	14717
Indian Institute of Technology Kanpur	Chemical Engineering (4 Years, Bachelor of Technology) 	AI 	OPEN 	Gender-Neutral 	2785 	4280
Indian Institute of Technology Kanpur	Chemical Engineering (4 Years, Bachelor of Technology) 	AI 	OPEN 	Female-only (including Supernumerary) 	7856 	8902
Indian Institute of Technology Kanpur	Chemistry (4 Years, Bachelor of Science) 	AI 	OPEN 	Gender-Neutral 	8553 	10482
Indian Institute of Technology Kanpur	Chemistry (4 Years, Bachelor of Science) 	AI 	OPEN 	Female-only (including Supernumerary) 	11132 	18410
Indian Institute of Technology Kanpur	Civil Engineering (4 Years, Bachelor of Technology) 	AI 	OPEN 	Gender-Neutral 	4361 	6161
Indian Institute of Technology Kanpur	Civil Engineering (4 Years, Bachelor of Technology) 	AI 	OPEN 	Female-only (including Supernumerary) 	9442 	13558
Indian Institute of Technology Kanpur	Computer Science and Engineering (4 Years, Bachelor of Technology) 	AI 	OPEN 	Gender-Neutral 	147 	271
Indian Institute of Technology Kanpur	Computer Science and Engineering (4 Years, Bachelor of Technology) 	AI 	OPEN 	Female-only (including Supernumerary) 	507 	1109
Indian Institute of Technology Kanpur	Earth Sciences (4 Years, Bachelor of Science) 	AI 	OPEN 	Gender-Neutral 	8158 	10108
Indian Institute of Technology Kanpur	Earth Sciences (4 Years, Bachelor of Science) 	AI 	OPEN 	Female-only (including Supernumerary) 	17777 	20264
Indian Institute of Technology Kanpur	Economics (4 Years, Bachelor of Science) 	AI 	OPEN 	Gender-Neutral 	2625 	3310
Indian Institute of Technology Kanpur	Economics (4 Years, Bachelor of Science) 	AI 	OPEN 	Female-only (including Supernumerary) 	3719 	5472
Indian Institute of Technology Kanpur	Electrical Engineering (4 Years, Bachelor of Technology) 	AI 	OPEN 	Gender-Neutral 	798 	1146
Indian Institute of Technology Kanpur	Electrical Engineering (4 Years, Bachelor of Technology) 	AI 	OPEN 	Female-only (including Supernumerary) 	2222 	4142
Indian Institute of Technology Kanpur	Materials Science and Engineering (4 Years, Bachelor of Technology) 	AI 	OPEN 	Gender-Neutral 	4862 	6337
Indian Institute of Technology Kanpur	Materials Science and Engineering (4 Years, Bachelor of Technology) 	AI 	OPEN 	Female-only (including Supernumerary) 	9394 	13556
Indian Institute of Technology Kanpur	Mathematics and Scientific Computing (4 Years, Bachelor of Science) 	AI 	OPEN 	Gender-Neutral 	593 	1179
Indian Institute of Technology Kanpur	Mathematics and Scientific Computing (4 Years, Bachelor of Science) 	AI 	OPEN 	Female-only (including Supernumerary) 	3219 	4094
Indian Institute of Technology Kanpur	Mechanical Engineering (4 Years, Bachelor of Technology) 	AI 	OPEN 	Gender-Neutral 	1589 	2771
Indian Institute of Technology Kanpur	Mechanical Engineering (4 Years, Bachelor of Technology) 	AI 	OPEN 	Female-only (including Supernumerary) 	5199 	7379
Indian Institute of Technology Kanpur	Physics (4 Years, Bachelor of Science) 	AI 	OPEN 	Gender-Neutral 	3255 	5691
Indian Institute of Technology Kanpur	Physics (4 Years, Bachelor of Science) 	AI 	OPEN 	Female-only (including Supernumerary) 	15543 	17413
Indian Institute of Technology Kanpur	Statistics and Data Science (4 Years, Bachelor of Science) 	AI 	OPEN 	Gender-Neutral 	878 	1270
Indian Institute of Technology Kanpur	Statistics and Data Science (4 Years, Bachelor of Science) 	AI 	OPEN 	Female-only (including Supernumerary) 	2677 	3966
Indian Institute of Technology Madras	Aerospace Engineering (4 Years, Bachelor of Technology) 	AI 	OPEN 	Gender-Neutral 	662 	3211
Indian Institute of Technology Madras	Aerospace Engineering (4 Years, Bachelor of Technology) 	AI 	OPEN 	Female-only (including Supernumerary) 	4535 	5512
Indian Institute of Technology Madras	Aerospace Engineering (5 Years, Bachelor and Master of Technology (Dual Degree)) 	AI 	OPEN 	Gender-Neutral 	2304 	2808
Indian Institute of Technology Madras	Aerospace Engineering (5 Years, Bachelor and Master of Technology (Dual Degree)) 	AI 	OPEN 	Female-only (including Supernumerary) 	16 	16
Indian Institute of Technology Madras	Artificial Intelligence and Data Analytics (4 Years, Bachelor of Technology) 	AI 	OPEN 	Gender-Neutral 	102 	306
Indian Institute of Technology Madras	Artificial Intelligence and Data Analytics (4 Years, Bachelor of Technology) 	AI 	OPEN 	Female-only (including Supernumerary) 	778 	1140
Indian Institute of Technology Madras	Biological Engineering (4 Years, Bachelor of Technology) 	AI 	OPEN 	Gender-Neutral 	4097 	5261
Indian Institute of Technology Madras	Biological Engineering (4 Years, Bachelor of Technology) 	AI 	OPEN 	Female-only (including Supernumerary) 	7509 	8978
Indian Institute of Technology Madras	Biological Science (4 Years, Bachelor of Science) 	AI 	OPEN 	Gender-Neutral 	3268 	10290
Indian Institute of Technology Madras	Biological Science (4 Years, Bachelor of Science) 	AI 	OPEN 	Female-only (including Supernumerary) 	8718 	15727
Indian Institute of Technology Madras	Chemical Engineering (4 Years, Bachelor of Technology) 	AI 	OPEN 	Gender-Neutral 	2634 	4116
Indian Institute of Technology Madras	Chemical Engineering (4 Years, Bachelor of Technology) 	AI 	OPEN 	Female-only (including Supernumerary) 	3252 	7546
Indian Institute of Technology Madras	Civil Engineering (4 Years, Bachelor of Technology) 	AI 	OPEN 	Gender-Neutral 	4356 	6112
Indian Institute of Technology Madras	Civil Engineering (4 Years, Bachelor of Technology) 	AI 	OPEN 	Female-only (including Supernumerary) 	8877 	11902
Indian Institute of Technology Madras	Computational Engineering and Mechanics (4 Years, Bachelor of Technology) 	AI 	OPEN 	Gender-Neutral 	597 	1309
Indian Institute of Technology Madras	Computational Engineering and Mechanics (4 Years, Bachelor of Technology) 	AI 	OPEN 	Female-only (including Supernumerary) 	4035 	4564
Indian Institute of Technology Madras	Computer Science and Engineering (4 Years, Bachelor of Technology) 	AI 	OPEN 	Gender-Neutral 	79 	171
Indian Institute of Technology Madras	Computer Science and Engineering (4 Years, Bachelor of Technology) 	AI 	OPEN 	Female-only (including Supernumerary) 	389 	866
Indian Institute of Technology Madras	Electrical Engineering (4 Years, Bachelor of Technology) 	AI 	OPEN 	Gender-Neutral 	205 	849
Indian Institute of Technology Madras	Electrical Engineering (4 Years, Bachelor of Technology) 	AI 	OPEN 	Female-only (including Supernumerary) 	958 	2848
Indian Institute of Technology Madras	Engineering Design (5 Years, Bachelor and Master of Technology (Dual Degree)) 	AI 	OPEN 	Gender-Neutral 	816 	3380
Indian Institute of Technology Madras	Engineering Design (5 Years, Bachelor and Master of Technology (Dual Degree)) 	AI 	OPEN 	Female-only (including Supernumerary) 	4903 	7751
Indian Institute of Technology Madras	Engineering Physics (4 Years, Bachelor of Technology) 	AI 	OPEN 	Gender-Neutral 	872 	1441
Indian Institute of Technology Madras	Engineering Physics (4 Years, Bachelor of Technology) 	AI 	OPEN 	Female-only (including Supernumerary) 	2907 	4367
Indian Institute of Technology Madras	Instrumentation and Biomedical Engineering (4 Years, Bachelor of Technology) 	AI 	OPEN 	Gender-Neutral 	2733 	4366
Indian Institute of Technology Madras	Instrumentation and Biomedical Engineering (4 Years, Bachelor of Technology) 	AI 	OPEN 	Female-only (including Supernumerary) 	5888 	7756
Indian Institute of Technology Madras	Mechanical Engineering (4 Years, Bachelor of Technology) 	AI 	OPEN 	Gender-Neutral 	868 	2468
Indian Institute of Technology Madras	Mechanical Engineering (4 Years, Bachelor of Technology) 	AI 	OPEN 	Female-only (including Supernumerary) 	5027 	6369
Indian Institute of Technology Madras	Metallurgical and Materials Engineering (4 Years, Bachelor of Technology) 	AI 	OPEN 	Gender-Neutral 	4369 	5499
Indian Institute of Technology Madras	Metallurgical and Materials Engineering (4 Years, Bachelor of Technology) 	AI 	OPEN 	Female-only (including Supernumerary) 	9357 	11404
Indian Institute of Technology Madras	Naval Architecture and Ocean Engineering (4 Years, Bachelor of Technology) 	AI 	OPEN 	Gender-Neutral 	4908 	7433
Indian Institute of Technology Madras	Naval Architecture and Ocean Engineering (4 Years, Bachelor of Technology) 	AI 	OPEN 	Female-only (including Supernumerary) 	12655 	14878
Indian Institute of Technology Madras	Physics (4 Years, Bachelor of Science) 	AI 	OPEN 	Gender-Neutral 	1642 	3804
Indian Institute of Technology Madras	Physics (4 Years, Bachelor of Science) 	AI 	OPEN 	Female-only (including Supernumerary) 	14665 	15596
Indian Institute of Technology Gandhinagar	Artificial Intelligence (4 Years, Bachelor of Technology) 	AI 	OPEN 	Gender-Neutral 	1822 	2236
Indian Institute of Technology Gandhinagar	Artificial Intelligence (4 Years, Bachelor of Technology) 	AI 	OPEN 	Female-only (including Supernumerary) 	4941 	5962
Indian Institute of Technology Gandhinagar	Chemical Engineering (4 Years, Bachelor of Technology) 	AI 	OPEN 	Gender-Neutral 	6852 	9276
Indian Institute of Technology Gandhinagar	Chemical Engineering (4 Years, Bachelor of Technology) 	AI 	OPEN 	Female-only (including Supernumerary) 	13566 	16100
Indian Institute of Technology Gandhinagar	Civil Engineering (4 Years, Bachelor of Technology) 	AI 	OPEN 	Gender-Neutral 	9310 	10796
Indian Institute of Technology Gandhinagar	Civil Engineering (4 Years, Bachelor of Technology) 	AI 	OPEN 	Female-only (including Supernumerary) 	15658 	17377
Indian Institute of Technology Gandhinagar	Computer Science and Engineering (4 Years, Bachelor of Technology) 	AI 	OPEN 	Gender-Neutral 	905 	2020
Indian Institute of Technology Gandhinagar	Computer Science and Engineering (4 Years, Bachelor of Technology) 	AI 	OPEN 	Female-only (including Supernumerary) 	3718 	4811
Indian Institute of Technology Gandhinagar	Electrical Engineering (4 Years, Bachelor of Technology) 	AI 	OPEN 	Gender-Neutral 	2282 	3931
Indian Institute of Technology Gandhinagar	Electrical Engineering (4 Years, Bachelor of Technology) 	AI 	OPEN 	Female-only (including Supernumerary) 	8345 	9923
Indian Institute of Technology Gandhinagar	Integrated Circuit Design & Technology (4 Years, Bachelor of Technology) 	AI 	OPEN 	Gender-Neutral 	2295 	4652
Indian Institute of Technology Gandhinagar	Integrated Circuit Design & Technology (4 Years, Bachelor of Technology) 	AI 	OPEN 	Female-only (including Supernumerary) 	6639 	6999
Indian Institute of Technology Gandhinagar	Materials Engineering (4 Years, Bachelor of Technology) 	AI 	OPEN 	Gender-Neutral 	7239 	11066
Indian Institute of Technology Gandhinagar	Materials Engineering (4 Years, Bachelor of Technology) 	AI 	OPEN 	Female-only (including Supernumerary) 	17494 	19655
Indian Institute of Technology Gandhinagar	Mechanical Engineering (4 Years, Bachelor of Technology) 	AI 	OPEN 	Gender-Neutral 	4409 	6904
Indian Institute of Technology Gandhinagar	Mechanical Engineering (4 Years, Bachelor of Technology) 	AI 	OPEN 	Female-only (including Supernumerary) 	12719 	14147
Indian Institute of Technology Patna	Artificial Intelligence and Data Science (4 Years, Bachelor of Technology) 	AI 	OPEN 	Gender-Neutral 	3490 	4312
Indian Institute of Technology Patna	Artificial Intelligence and Data Science (4 Years, Bachelor of Technology) 	AI 	OPEN 	Female-only (including Supernumerary) 	9306 	9951
Indian Institute of Technology Patna	B. Tech in CE. - M. Tech. in Geotechnical Engineering (5 Years, B.Tech. + M.Tech./MS (Dual Degree)) 	AI 	OPEN 	Gender-Neutral 	16406 	16815
Indian Institute of Technology Patna	B. Tech in CE. - M. Tech. in Geotechnical Engineering (5 Years, B.Tech. + M.Tech./MS (Dual Degree)) 	AI 	OPEN 	Female-only (including Supernumerary) 	22945 	22945
Indian Institute of Technology Patna	B. Tech in CE. - M. Tech. in Structural Engineering (5 Years, B.Tech. + M.Tech./MS (Dual Degree)) 	AI 	OPEN 	Gender-Neutral 	14157 	15381
Indian Institute of Technology Patna	B. Tech in CE. - M. Tech. in Structural Engineering (5 Years, B.Tech. + M.Tech./MS (Dual Degree)) 	AI 	OPEN 	Female-only (including Supernumerary) 	22524 	22524
Indian Institute of Technology Patna	B. Tech. (CSE) and M.Tech in CSE (5 Years, B.Tech. + M.Tech./MS (Dual Degree)) 	AI 	OPEN 	Gender-Neutral 	3514 	4323
Indian Institute of Technology Patna	B. Tech. (CSE) and M.Tech in CSE (5 Years, B.Tech. + M.Tech./MS (Dual Degree)) 	AI 	OPEN 	Female-only (including Supernumerary) 	10148 	10148
Indian Institute of Technology Patna	B. Tech. (ECE) -M. Tech. in VLSI (5 Years, B.Tech. + M.Tech./MS (Dual Degree)) 	AI 	OPEN 	Gender-Neutral 	6383 	7742
Indian Institute of Technology Patna	B. Tech. (ECE) -M. Tech. in VLSI (5 Years, B.Tech. + M.Tech./MS (Dual Degree)) 	AI 	OPEN 	Female-only (including Supernumerary) 	13773 	13773
Indian Institute of Technology Patna	B. Tech. (EEE)-M. Tech. in (Power &. Control) (5 Years, B.Tech. + M.Tech./MS (Dual Degree)) 	AI 	OPEN 	Gender-Neutral 	7854 	8283
Indian Institute of Technology Patna	B. Tech. (EEE)-M. Tech. in (Power &. Control) (5 Years, B.Tech. + M.Tech./MS (Dual Degree)) 	AI 	OPEN 	Female-only (including Supernumerary) 	17829 	17829
Indian Institute of Technology Patna	B. Tech. (Mathematics & Computing) M. Tech. in (Mathematics & Computing) (5 Years, B.Tech. + M.Tech./MS (Dual Degree)) 	AI 	OPEN 	Gender-Neutral 	5073 	5266
Indian Institute of Technology Patna	B. Tech. (Mathematics & Computing) M. Tech. in (Mathematics & Computing) (5 Years, B.Tech. + M.Tech./MS (Dual Degree)) 	AI 	OPEN 	Female-only (including Supernumerary) 	12215 	12215
Indian Institute of Technology Patna	B. Tech. (ME) - M. Tech. in Mechatronics (5 Years, B.Tech. + M.Tech./MS (Dual Degree)) 	AI 	OPEN 	Gender-Neutral 	7903 	10153
Indian Institute of Technology Patna	B. Tech. (ME) - M. Tech. in Mechatronics (5 Years, B.Tech. + M.Tech./MS (Dual Degree)) 	AI 	OPEN 	Female-only (including Supernumerary) 	19865 	19865
Indian Institute of Technology Patna	B.Tech (Artificial Intelligence and Data Science) - MBA in Digital Business Management (IIM Bodh Gaya) (5 Years, Bachelor of Technology and MBA (Dual Degree)) 	AI 	OPEN 	Gender-Neutral 	4406 	4679
Indian Institute of Technology Patna	B.Tech (Chemical Engineering) - MBA in Hospital and Health Care Management (IIM Bodh Gaya) (5 Years, Bachelor of Technology and MBA (Dual Degree)) 	AI 	OPEN 	Gender-Neutral 	14749 	15010
Indian Institute of Technology Patna	B.Tech (Chemical Science and Technology) - MBA in Hospital and Health Care Management (IIM Bodh Gaya) (5 Years, Bachelor of Technology and MBA (Dual Degree)) 	AI 	OPEN 	Gender-Neutral 	15042 	16163
Indian Institute of Technology Patna	B.Tech (Chemical Science and Technology) - MBA in Hospital and Health Care Management (IIM Bodh Gaya) (5 Years, Bachelor of Technology and MBA (Dual Degree)) 	AI 	OPEN 	Female-only (including Supernumerary) 	25549 	25549
Indian Institute of Technology Patna	B.Tech (Civil Engineering) - MBA (IIM Bodh Gaya) (5 Years, Bachelor of Technology and MBA (Dual Degree)) 	AI 	OPEN 	Gender-Neutral 	13577 	15570
Indian Institute of Technology Patna	B.Tech (Computer Science and Engineering) - MBA in Digital Business Management (IIM Bodh Gaya) (5 Years, Bachelor of Technology and MBA (Dual Degree)) 	AI 	OPEN 	Gender-Neutral 	4297 	4297
Indian Institute of Technology Patna	B.Tech (Computer Science and Engineering) - MBA in Digital Business Management (IIM Bodh Gaya) (5 Years, Bachelor of Technology and MBA (Dual Degree)) 	AI 	OPEN 	Female-only (including Supernumerary) 	10748 	10748
Indian Institute of Technology Patna	B.Tech (Electrical and Electronics Engineering) - MBA (IIM Bodh Gaya) (5 Years, Bachelor of Technology and MBA (Dual Degree)) 	AI 	OPEN 	Gender-Neutral 	6111 	8351
Indian Institute of Technology Patna	B.Tech (Electrical and Electronics Engineering) - MBA (IIM Bodh Gaya) (5 Years, Bachelor of Technology and MBA (Dual Degree)) 	AI 	OPEN 	Female-only (including Supernumerary) 	16806 	16806
Indian Institute of Technology Patna	B.Tech (Electronics and Communication Engineering) - MBA in Hospital and Healthcare Management (IIM Bodh Gaya) (5 Years, Bachelor of Technology and MBA (Dual Degree)) 	AI 	OPEN 	Gender-Neutral 	7880 	8739
Indian Institute of Technology Patna	B.Tech (Electronics and Communication Engineering) - MBA in Hospital and Healthcare Management (IIM Bodh Gaya) (5 Years, Bachelor of Technology and MBA (Dual Degree)) 	AI 	OPEN 	Female-only (including Supernumerary) 	19678 	19678
Indian Institute of Technology Patna	B.Tech (Engineering Physics) - MBA (IIM Bodh Gaya) (5 Years, Bachelor of Technology and MBA (Dual Degree)) 	AI 	OPEN 	Gender-Neutral 	12992 	12995
Indian Institute of Technology Patna	B.Tech (Mathematics and Computing) - MBA in Digital Business Management (IIM Bodh Gaya) (5 Years, Bachelor of Technology and MBA (Dual Degree)) 	AI 	OPEN 	Gender-Neutral 	5020 	5192
Indian Institute of Technology Patna	B.Tech (Mechanical Engineering) - MBA (IIM Mumbai) (5 Years, Bachelor of Technology and MBA (Dual Degree)) 	AI 	OPEN 	Gender-Neutral 	9062 	9708
Indian Institute of Technology Patna	B.Tech (Mechanical Engineering) - MBA (IIM Mumbai) (5 Years, Bachelor of Technology and MBA (Dual Degree)) 	AI 	OPEN 	Female-only (including Supernumerary) 	16780 	17194
Indian Institute of Technology Patna	B.Tech (Metallurgical and Materials Engineering) - MBA (IIM Bodh Gaya) (5 Years, Bachelor of Technology and MBA (Dual Degree)) 	AI 	OPEN 	Gender-Neutral 	15577 	16042
Indian Institute of Technology Patna	B.Tech (Metallurgical and Materials Engineering) - MBA (IIM Bodh Gaya) (5 Years, Bachelor of Technology and MBA (Dual Degree)) 	AI 	OPEN 	Female-only (including Supernumerary) 	26073 	26073
Indian Institute of Technology Patna	B.Tech. in Electronics and Communication Engineering and M.Tech. in Communication Systems (5 Years, Bachelor and Master of Technology (Dual Degree)) 	AI 	OPEN 	Gender-Neutral 	6305 	7786
Indian Institute of Technology Patna	B.Tech. in Electronics and Communication Engineering and M.Tech. in Communication Systems (5 Years, Bachelor and Master of Technology (Dual Degree)) 	AI 	OPEN 	Female-only (including Supernumerary) 	14622 	14622
Indian Institute of Technology Patna	BS in Economics with MBA (IIM Bodh Gaya) (5 Years, Bachelor of Science and MBA (Dual Degree)) 	AI 	OPEN 	Gender-Neutral 	10729 	13325
Indian Institute of Technology Patna	Chemical Engineering (4 Years, Bachelor of Technology) 	AI 	OPEN 	Gender-Neutral 	11304 	13715
Indian Institute of Technology Patna	Chemical Engineering (4 Years, Bachelor of Technology) 	AI 	OPEN 	Female-only (including Supernumerary) 	20437 	22069
Indian Institute of Technology Patna	Chemical Science and Technology (4 Years, Bachelor of Technology) 	AI 	OPEN 	Gender-Neutral 	13449 	15406
Indian Institute of Technology Patna	Chemical Science and Technology (4 Years, Bachelor of Technology) 	AI 	OPEN 	Female-only (including Supernumerary) 	22540 	23357
Indian Institute of Technology Patna	Civil Engineering (4 Years, Bachelor of Technology) 	AI 	OPEN 	Gender-Neutral 	12605 	15400
Indian Institute of Technology Patna	Civil Engineering (4 Years, Bachelor of Technology) 	AI 	OPEN 	Female-only (including Supernumerary) 	22067 	24896
Indian Institute of Technology Patna	Computer Science and Engineering (4 Years, Bachelor of Technology) 	AI 	OPEN 	Gender-Neutral 	1954 	3377
Indian Institute of Technology Patna	Computer Science and Engineering (4 Years, Bachelor of Technology) 	AI 	OPEN 	Female-only (including Supernumerary) 	7383 	9042
Indian Institute of Technology Patna	Economics (4 Years, Bachelor of Science) 	AI 	OPEN 	Gender-Neutral 	7598 	13720
Indian Institute of Technology Patna	Economics (4 Years, Bachelor of Science) 	AI 	OPEN 	Female-only (including Supernumerary) 	21182 	22870
Indian Institute of Technology Patna	Electrical and Electronics Engineering (4 Years, Bachelor of Technology) 	AI 	OPEN 	Gender-Neutral 	6177 	7502
Indian Institute of Technology Patna	Electrical and Electronics Engineering (4 Years, Bachelor of Technology) 	AI 	OPEN 	Female-only (including Supernumerary) 	14374 	15804
Indian Institute of Technology Patna	Electronics and Communication Engineering (4 Years, Bachelor of Technology) 	AI 	OPEN 	Gender-Neutral 	4803 	6167
Indian Institute of Technology Patna	Electronics and Communication Engineering (4 Years, Bachelor of Technology) 	AI 	OPEN 	Female-only (including Supernumerary) 	10634 	13073
Indian Institute of Technology Patna	Engineering Physics (4 Years, Bachelor of Technology) 	AI 	OPEN 	Gender-Neutral 	11060 	12986
Indian Institute of Technology Patna	Engineering Physics (4 Years, Bachelor of Technology) 	AI 	OPEN 	Female-only (including Supernumerary) 	21075 	22305
Indian Institute of Technology Patna	Mathematics and Computing (4 Years, Bachelor of Technology) 	AI 	OPEN 	Gender-Neutral 	3854 	4851
Indian Institute of Technology Patna	Mathematics and Computing (4 Years, Bachelor of Technology) 	AI 	OPEN 	Female-only (including Supernumerary) 	10136 	11670
Indian Institute of Technology Patna	Mechanical Engineering (4 Years, Bachelor of Technology) 	AI 	OPEN 	Gender-Neutral 	8588 	11758
Indian Institute of Technology Patna	Mechanical Engineering (4 Years, Bachelor of Technology) 	AI 	OPEN 	Female-only (including Supernumerary) 	19717 	21621
Indian Institute of Technology Patna	Metallurgical and Materials Engineering (4 Years, Bachelor of Technology) 	AI 	OPEN 	Gender-Neutral 	13771 	16510
Indian Institute of Technology Patna	Metallurgical and Materials Engineering (4 Years, Bachelor of Technology) 	AI 	OPEN 	Female-only (including Supernumerary) 	24221 	25605
Indian Institute of Technology Roorkee	Architecture (5 Years, Bachelor of Architecture) 	AI 	OPEN 	Gender-Neutral 	12842 	17665
Indian Institute of Technology Roorkee	Architecture (5 Years, Bachelor of Architecture) 	AI 	OPEN 	Female-only (including Supernumerary) 	4770 	9462
Indian Institute of Technology Roorkee	Biosciences and Bioengineering (4 Years, Bachelor of Technology) 	AI 	OPEN 	Gender-Neutral 	752 	8159
Indian Institute of Technology Roorkee	Biosciences and Bioengineering (4 Years, Bachelor of Technology) 	AI 	OPEN 	Female-only (including Supernumerary) 	12357 	15307
Indian Institute of Technology Roorkee	Chemical Engineering (4 Years, Bachelor of Technology) 	AI 	OPEN 	Gender-Neutral 	3428 	4816
Indian Institute of Technology Roorkee	Chemical Engineering (4 Years, Bachelor of Technology) 	AI 	OPEN 	Female-only (including Supernumerary) 	7632 	10475
Indian Institute of Technology Roorkee	Chemical Sciences (5 Years, Bachelor of Science and Master of Science (Dual Degree)) 	AI 	OPEN 	Gender-Neutral 	9374 	11130
Indian Institute of Technology Roorkee	Chemical Sciences (5 Years, Bachelor of Science and Master of Science (Dual Degree)) 	AI 	OPEN 	Female-only (including Supernumerary) 	17372 	20185
Indian Institute of Technology Roorkee	Civil Engineering (4 Years, Bachelor of Technology) 	AI 	OPEN 	Gender-Neutral 	5247 	6870
Indian Institute of Technology Roorkee	Civil Engineering (4 Years, Bachelor of Technology) 	AI 	OPEN 	Female-only (including Supernumerary) 	11654 	14131
Indian Institute of Technology Roorkee	Computer Science and Engineering (4 Years, Bachelor of Technology) 	AI 	OPEN 	Gender-Neutral 	275 	592
Indian Institute of Technology Roorkee	Computer Science and Engineering (4 Years, Bachelor of Technology) 	AI 	OPEN 	Female-only (including Supernumerary) 	1331 	2047
Indian Institute of Technology Roorkee	Data Science and Artificial Intelligence (4 Years, Bachelor of Technology) 	AI 	OPEN 	Gender-Neutral 	564 	845
Indian Institute of Technology Roorkee	Data Science and Artificial Intelligence (4 Years, Bachelor of Technology) 	AI 	OPEN 	Female-only (including Supernumerary) 	2267 	2591
Indian Institute of Technology Roorkee	Economics (5 Years, Bachelor of Science and Master of Science (Dual Degree)) 	AI 	OPEN 	Gender-Neutral 	3876 	5938
Indian Institute of Technology Roorkee	Economics (5 Years, Bachelor of Science and Master of Science (Dual Degree)) 	AI 	OPEN 	Female-only (including Supernumerary) 	6937 	9905
Indian Institute of Technology Roorkee	Electrical Engineering (4 Years, Bachelor of Technology) 	AI 	OPEN 	Gender-Neutral 	1254 	2091
Indian Institute of Technology Roorkee	Electrical Engineering (4 Years, Bachelor of Technology) 	AI 	OPEN 	Female-only (including Supernumerary) 	4916 	5892
Indian Institute of Technology Roorkee	Electronics and Communication Engineering (4 Years, Bachelor of Technology) 	AI 	OPEN 	Gender-Neutral 	1048 	1486
Indian Institute of Technology Roorkee	Electronics and Communication Engineering (4 Years, Bachelor of Technology) 	AI 	OPEN 	Female-only (including Supernumerary) 	3077 	4788
Indian Institute of Technology Roorkee	Energy Engineering (4 Years, Bachelor of Technology) 	AI 	OPEN 	Gender-Neutral 	3321 	4761
Indian Institute of Technology Roorkee	Energy Engineering (4 Years, Bachelor of Technology) 	AI 	OPEN 	Female-only (including Supernumerary) 	8350 	8350
Indian Institute of Technology Roorkee	Engineering Physics (4 Years, Bachelor of Technology) 	AI 	OPEN 	Gender-Neutral 	2633 	4544
Indian Institute of Technology Roorkee	Engineering Physics (4 Years, Bachelor of Technology) 	AI 	OPEN 	Female-only (including Supernumerary) 	8120 	11032
Indian Institute of Technology Roorkee	Geological Technology (5 Years, Integrated Master of Technology) 	AI 	OPEN 	Gender-Neutral 	8661 	10016
Indian Institute of Technology Roorkee	Geological Technology (5 Years, Integrated Master of Technology) 	AI 	OPEN 	Female-only (including Supernumerary) 	17925 	18509
Indian Institute of Technology Roorkee	Geophysical Technology (5 Years, Integrated Master of Technology) 	AI 	OPEN 	Gender-Neutral 	6428 	8870
Indian Institute of Technology Roorkee	Geophysical Technology (5 Years, Integrated Master of Technology) 	AI 	OPEN 	Female-only (including Supernumerary) 	15223 	20831
Indian Institute of Technology Roorkee	Mathematics & Computing (5 Years, Bachelor of Science and Master of Science (Dual Degree)) 	AI 	OPEN 	Gender-Neutral 	1158 	1513
Indian Institute of Technology Roorkee	Mathematics & Computing (5 Years, Bachelor of Science and Master of Science (Dual Degree)) 	AI 	OPEN 	Female-only (including Supernumerary) 	4378 	4953
Indian Institute of Technology Roorkee	Mechanical Engineering (4 Years, Bachelor of Technology) 	AI 	OPEN 	Gender-Neutral 	2155 	3897
Indian Institute of Technology Roorkee	Mechanical Engineering (4 Years, Bachelor of Technology) 	AI 	OPEN 	Female-only (including Supernumerary) 	6626 	10445
Indian Institute of Technology Roorkee	Metallurgical and Materials Engineering (4 Years, Bachelor of Technology) 	AI 	OPEN 	Gender-Neutral 	6280 	7341
Indian Institute of Technology Roorkee	Metallurgical and Materials Engineering (4 Years, Bachelor of Technology) 	AI 	OPEN 	Female-only (including Supernumerary) 	15493 	16021
Indian Institute of Technology Roorkee	Physics (5 Years, Bachelor of Science and Master of Science (Dual Degree)) 	AI 	OPEN 	Gender-Neutral 	4489 	10171
Indian Institute of Technology Roorkee	Physics (5 Years, Bachelor of Science and Master of Science (Dual Degree)) 	AI 	OPEN 	Female-only (including Supernumerary) 	18169 	19251
Indian Institute of Technology Roorkee	Production and Industrial Engineering (4 Years, Bachelor of Technology) 	AI 	OPEN 	Gender-Neutral 	4510 	5820
Indian Institute of Technology Roorkee	Production and Industrial Engineering (4 Years, Bachelor of Technology) 	AI 	OPEN 	Female-only (including Supernumerary) 	9886 	11014
Indian Institute of Technology (ISM) Dhanbad	Applied Geology (5 Years, Integrated Master of Technology) 	AI 	OPEN 	Gender-Neutral 	16335 	17892
Indian Institute of Technology (ISM) Dhanbad	Applied Geology (5 Years, Integrated Master of Technology) 	AI 	OPEN 	Female-only (including Supernumerary) 	24505 	24505
Indian Institute of Technology (ISM) Dhanbad	Applied Geophysics (5 Years, Integrated Master of Technology) 	AI 	OPEN 	Gender-Neutral 	16223 	17507
Indian Institute of Technology (ISM) Dhanbad	Applied Geophysics (5 Years, Integrated Master of Technology) 	AI 	OPEN 	Female-only (including Supernumerary) 	25691 	25691
Indian Institute of Technology (ISM) Dhanbad	B.Tech Mining Engineering and MBA in Logistic and Supply Chain Management (IIM Mumbai) (5 Years, Integrated B. Tech. and MBA) 	AI 	OPEN 	Gender-Neutral 	11910 	16770
Indian Institute of Technology (ISM) Dhanbad	B.Tech Mining Engineering and MBA in Logistic and Supply Chain Management (IIM Mumbai) (5 Years, Integrated B. Tech. and MBA) 	AI 	OPEN 	Female-only (including Supernumerary) 	22272 	25310
Indian Institute of Technology (ISM) Dhanbad	Chemical Science (5 Years, Integrated Bachelor of Science-Master of Science) 	AI 	OPEN 	Gender-Neutral 	16394 	18334
Indian Institute of Technology (ISM) Dhanbad	Chemical Science (5 Years, Integrated Bachelor of Science-Master of Science) 	AI 	OPEN 	Female-only (including Supernumerary) 	25720 	26168
Indian Institute of Technology (ISM) Dhanbad	Chemical Engineering (4 Years, Bachelor of Technology) 	AI 	OPEN 	Gender-Neutral 	9636 	11980
Indian Institute of Technology (ISM) Dhanbad	Chemical Engineering (4 Years, Bachelor of Technology) 	AI 	OPEN 	Female-only (including Supernumerary) 	18816 	21062
Indian Institute of Technology (ISM) Dhanbad	Civil Engineering (4 Years, Bachelor of Technology) 	AI 	OPEN 	Gender-Neutral 	10753 	13778
Indian Institute of Technology (ISM) Dhanbad	Civil Engineering (4 Years, Bachelor of Technology) 	AI 	OPEN 	Female-only (including Supernumerary) 	21112 	22563
Indian Institute of Technology (ISM) Dhanbad	Computer Science and Engineering (4 Years, Bachelor of Technology) 	AI 	OPEN 	Gender-Neutral 	2143 	3585
Indian Institute of Technology (ISM) Dhanbad	Computer Science and Engineering (4 Years, Bachelor of Technology) 	AI 	OPEN 	Female-only (including Supernumerary) 	5353 	7866
Indian Institute of Technology (ISM) Dhanbad	Electrical Engineering (4 Years, Bachelor of Technology) 	AI 	OPEN 	Gender-Neutral 	5842 	7603
Indian Institute of Technology (ISM) Dhanbad	Electrical Engineering (4 Years, Bachelor of Technology) 	AI 	OPEN 	Female-only (including Supernumerary) 	9081 	16336
Indian Institute of Technology (ISM) Dhanbad	Electronics and Communication Engineering (4 Years, Bachelor of Technology) 	AI 	OPEN 	Gender-Neutral 	2795 	5839
Indian Institute of Technology (ISM) Dhanbad	Electronics and Communication Engineering (4 Years, Bachelor of Technology) 	AI 	OPEN 	Female-only (including Supernumerary) 	6704 	12997
Indian Institute of Technology (ISM) Dhanbad	Engineering Physics (4 Years, Bachelor of Technology) 	AI 	OPEN 	Gender-Neutral 	8484 	11711
Indian Institute of Technology (ISM) Dhanbad	Engineering Physics (4 Years, Bachelor of Technology) 	AI 	OPEN 	Female-only (including Supernumerary) 	19430 	20761
Indian Institute of Technology (ISM) Dhanbad	Environmental Engineering (4 Years, Bachelor of Technology) 	AI 	OPEN 	Gender-Neutral 	14372 	16752
Indian Institute of Technology (ISM) Dhanbad	Environmental Engineering (4 Years, Bachelor of Technology) 	AI 	OPEN 	Female-only (including Supernumerary) 	20318 	25347
Indian Institute of Technology (ISM) Dhanbad	Mathematics and Computing (4 Years, Bachelor of Technology) 	AI 	OPEN 	Gender-Neutral 	2297 	4335
Indian Institute of Technology (ISM) Dhanbad	Mathematics and Computing (4 Years, Bachelor of Technology) 	AI 	OPEN 	Female-only (including Supernumerary) 	8073 	9672
Indian Institute of Technology (ISM) Dhanbad	Mechanical Engineering (4 Years, Bachelor of Technology) 	AI 	OPEN 	Gender-Neutral 	7662 	10273
Indian Institute of Technology (ISM) Dhanbad	Mechanical Engineering (4 Years, Bachelor of Technology) 	AI 	OPEN 	Female-only (including Supernumerary) 	16890 	20567
Indian Institute of Technology (ISM) Dhanbad	Mineral and Metallurgical Engineering (4 Years, Bachelor of Technology) 	AI 	OPEN 	Gender-Neutral 	11781 	14875
Indian Institute of Technology (ISM) Dhanbad	Mineral and Metallurgical Engineering (4 Years, Bachelor of Technology) 	AI 	OPEN 	Female-only (including Supernumerary) 	21574 	23662
Indian Institute of Technology (ISM) Dhanbad	Mining Engineering (4 Years, Bachelor of Technology) 	AI 	OPEN 	Gender-Neutral 	12833 	15455
Indian Institute of Technology (ISM) Dhanbad	Mining Engineering (4 Years, Bachelor of Technology) 	AI 	OPEN 	Female-only (including Supernumerary) 	23441 	25110
Indian Institute of Technology (ISM) Dhanbad	Mining Machinery Engineering (4 Years, Bachelor of Technology) 	AI 	OPEN 	Gender-Neutral 	12787 	16579
Indian Institute of Technology (ISM) Dhanbad	Mining Machinery Engineering (4 Years, Bachelor of Technology) 	AI 	OPEN 	Female-only (including Supernumerary) 	24774 	25237
Indian Institute of Technology (ISM) Dhanbad	Petroleum Engineering (4 Years, Bachelor of Technology) 	AI 	OPEN 	Gender-Neutral 	9681 	12709
Indian Institute of Technology (ISM) Dhanbad	Petroleum Engineering (4 Years, Bachelor of Technology) 	AI 	OPEN 	Female-only (including Supernumerary) 	20718 	23063
Indian Institute of Technology (ISM) Dhanbad	Physical Science (5 Years, Integrated Bachelor of Science-Master of Science) 	AI 	OPEN 	Gender-Neutral 	15891 	18368
Indian Institute of Technology (ISM) Dhanbad	Physical Science (5 Years, Integrated Bachelor of Science-Master of Science) 	AI 	OPEN 	Female-only (including Supernumerary) 	25701 	26143
Indian Institute of Technology Ropar	Artificial Intelligence and Data Engineering (4 Years, Bachelor of Technology) 	AI 	OPEN 	Gender-Neutral 	2558 	3500
Indian Institute of Technology Ropar	Artificial Intelligence and Data Engineering (4 Years, Bachelor of Technology) 	AI 	OPEN 	Female-only (including Supernumerary) 	5982 	8247
Indian Institute of Technology Ropar	Chemical Engineering (4 Years, Bachelor of Technology) 	AI 	OPEN 	Gender-Neutral 	8901 	10655
Indian Institute of Technology Ropar	Chemical Engineering (4 Years, Bachelor of Technology) 	AI 	OPEN 	Female-only (including Supernumerary) 	18153 	18788
Indian Institute of Technology Ropar	Civil Engineering (4 Years, Bachelor of Technology) 	AI 	OPEN 	Gender-Neutral 	9142 	12488
Indian Institute of Technology Ropar	Civil Engineering (4 Years, Bachelor of Technology) 	AI 	OPEN 	Female-only (including Supernumerary) 	20462 	21733
Indian Institute of Technology Ropar	Computer Science and Engineering (4 Years, Bachelor of Technology) 	AI 	OPEN 	Gender-Neutral 	1680 	2512
Indian Institute of Technology Ropar	Computer Science and Engineering (4 Years, Bachelor of Technology) 	AI 	OPEN 	Female-only (including Supernumerary) 	3820 	7118
Indian Institute of Technology Ropar	Digital Agriculture (4 Years, Bachelor of Technology) 	AI 	OPEN 	Gender-Neutral 	11311 	14480
Indian Institute of Technology Ropar	Digital Agriculture (4 Years, Bachelor of Technology) 	AI 	OPEN 	Female-only (including Supernumerary) 	21565 	23540
Indian Institute of Technology Ropar	Electrical Engineering (4 Years, Bachelor of Technology) 	AI 	OPEN 	Gender-Neutral 	3940 	6311
Indian Institute of Technology Ropar	Electrical Engineering (4 Years, Bachelor of Technology) 	AI 	OPEN 	Female-only (including Supernumerary) 	10841 	13817
Indian Institute of Technology Ropar	Electrical Engineering (Integrated Circuit Design and Technology) (4 Years, Bachelor of Technology) 	AI 	OPEN 	Gender-Neutral 	4759 	5527
Indian Institute of Technology Ropar	Electrical Engineering (Integrated Circuit Design and Technology) (4 Years, Bachelor of Technology) 	AI 	OPEN 	Female-only (including Supernumerary) 	9891 	12525
Indian Institute of Technology Ropar	Engineering Physics (4 Years, Bachelor of Technology) 	AI 	OPEN 	Gender-Neutral 	7857 	9576
Indian Institute of Technology Ropar	Engineering Physics (4 Years, Bachelor of Technology) 	AI 	OPEN 	Female-only (including Supernumerary) 	18285 	19091
Indian Institute of Technology Ropar	Mathematics and Computing (4 Years, Bachelor of Technology) 	AI 	OPEN 	Gender-Neutral 	2122 	3954
Indian Institute of Technology Ropar	Mathematics and Computing (4 Years, Bachelor of Technology) 	AI 	OPEN 	Female-only (including Supernumerary) 	7735 	9670
Indian Institute of Technology Ropar	Mechanical Engineering (4 Years, Bachelor of Technology) 	AI 	OPEN 	Gender-Neutral 	7135 	9115
Indian Institute of Technology Ropar	Mechanical Engineering (4 Years, Bachelor of Technology) 	AI 	OPEN 	Female-only (including Supernumerary) 	14807 	17810
Indian Institute of Technology Ropar	Metallurgical and Materials Engineering (4 Years, Bachelor of Technology) 	AI 	OPEN 	Gender-Neutral 	10832 	13777
Indian Institute of Technology Ropar	Metallurgical and Materials Engineering (4 Years, Bachelor of Technology) 	AI 	OPEN 	Female-only (including Supernumerary) 	21792 	23034
Indian Institute of Technology (BHU) Varanasi	Architecture (5 Years, Bachelor of Architecture) 	AI 	OPEN 	Gender-Neutral 	18471 	20792
Indian Institute of Technology (BHU) Varanasi	Architecture (5 Years, Bachelor of Architecture) 	AI 	OPEN 	Female-only (including Supernumerary) 	26381 	28481
Indian Institute of Technology (BHU) Varanasi	Biochemical Engineering (4 Years, Bachelor of Technology) 	AI 	OPEN 	Gender-Neutral 	11390 	13255
Indian Institute of Technology (BHU) Varanasi	Biochemical Engineering (4 Years, Bachelor of Technology) 	AI 	OPEN 	Female-only (including Supernumerary) 	20988 	21087
Indian Institute of Technology (BHU) Varanasi	Bioengineering (4 Years, Bachelor of Technology) 	AI 	OPEN 	Gender-Neutral 	11380 	12759
Indian Institute of Technology (BHU) Varanasi	Bioengineering (4 Years, Bachelor of Technology) 	AI 	OPEN 	Female-only (including Supernumerary) 	15513 	16058
Indian Institute of Technology (BHU) Varanasi	Ceramic Engineering (4 Years, Bachelor of Technology) 	AI 	OPEN 	Gender-Neutral 	10901 	13064
Indian Institute of Technology (BHU) Varanasi	Ceramic Engineering (4 Years, Bachelor of Technology) 	AI 	OPEN 	Female-only (including Supernumerary) 	20457 	22766
Indian Institute of Technology (BHU) Varanasi	Chemical Engineering (4 Years, Bachelor of Technology) 	AI 	OPEN 	Gender-Neutral 	6239 	8381
Indian Institute of Technology (BHU) Varanasi	Chemical Engineering (4 Years, Bachelor of Technology) 	AI 	OPEN 	Female-only (including Supernumerary) 	12041 	16660
Indian Institute of Technology (BHU) Varanasi	Civil Engineering (4 Years, Bachelor of Technology) 	AI 	OPEN 	Gender-Neutral 	7606 	10278
Indian Institute of Technology (BHU) Varanasi	Civil Engineering (4 Years, Bachelor of Technology) 	AI 	OPEN 	Female-only (including Supernumerary) 	16913 	19519
Indian Institute of Technology (BHU) Varanasi	Computer Science and Engineering (4 Years, Bachelor of Technology) 	AI 	OPEN 	Gender-Neutral 	747 	1489
Indian Institute of Technology (BHU) Varanasi	Computer Science and Engineering (4 Years, Bachelor of Technology) 	AI 	OPEN 	Female-only (including Supernumerary) 	2832 	3784
Indian Institute of Technology (BHU) Varanasi	Electrical Engineering (4 Years, Bachelor of Technology) 	AI 	OPEN 	Gender-Neutral 	2343 	3537
Indian Institute of Technology (BHU) Varanasi	Electrical Engineering (4 Years, Bachelor of Technology) 	AI 	OPEN 	Female-only (including Supernumerary) 	6062 	8129
Indian Institute of Technology (BHU) Varanasi	Electronics Engineering (4 Years, Bachelor of Technology) 	AI 	OPEN 	Gender-Neutral 	1956 	2635
Indian Institute of Technology (BHU) Varanasi	Electronics Engineering (4 Years, Bachelor of Technology) 	AI 	OPEN 	Female-only (including Supernumerary) 	5798 	6498
Indian Institute of Technology (BHU) Varanasi	Engineering Physics (4 Years, Bachelor of Technology) 	AI 	OPEN 	Gender-Neutral 	5457 	8441
Indian Institute of Technology (BHU) Varanasi	Engineering Physics (4 Years, Bachelor of Technology) 	AI 	OPEN 	Female-only (including Supernumerary) 	15137 	16930
Indian Institute of Technology (BHU) Varanasi	Industrial Chemistry (4 Years, Bachelor of Technology) 	AI 	OPEN 	Gender-Neutral 	9815 	12721
Indian Institute of Technology (BHU) Varanasi	Industrial Chemistry (4 Years, Bachelor of Technology) 	AI 	OPEN 	Female-only (including Supernumerary) 	20141 	21701
Indian Institute of Technology (BHU) Varanasi	Materials Science and Technology (4 Years, Bachelor of Technology) 	AI 	OPEN 	Gender-Neutral 	7517 	10851
Indian Institute of Technology (BHU) Varanasi	Materials Science and Technology (4 Years, Bachelor of Technology) 	AI 	OPEN 	Female-only (including Supernumerary) 	17744 	17911
Indian Institute of Technology (BHU) Varanasi	Mathematics and Computing (4 Years, Bachelor of Technology) 	AI 	OPEN 	Gender-Neutral 	1481 	1924
Indian Institute of Technology (BHU) Varanasi	Mathematics and Computing (4 Years, Bachelor of Technology) 	AI 	OPEN 	Female-only (including Supernumerary) 	4466 	5444
Indian Institute of Technology (BHU) Varanasi	Mechanical Engineering (4 Years, Bachelor of Technology) 	AI 	OPEN 	Gender-Neutral 	4787 	7286
Indian Institute of Technology (BHU) Varanasi	Mechanical Engineering (4 Years, Bachelor of Technology) 	AI 	OPEN 	Female-only (including Supernumerary) 	14049 	16650
Indian Institute of Technology (BHU) Varanasi	Metallurgical Engineering (4 Years, Bachelor of Technology) 	AI 	OPEN 	Gender-Neutral 	8214 	11398
Indian Institute of Technology (BHU) Varanasi	Metallurgical Engineering (4 Years, Bachelor of Technology) 	AI 	OPEN 	Female-only (including Supernumerary) 	16852 	20035
Indian Institute of Technology (BHU) Varanasi	Mining Engineering (4 Years, Bachelor of Technology) 	AI 	OPEN 	Gender-Neutral 	11434 	14243
Indian Institute of Technology (BHU) Varanasi	Mining Engineering (4 Years, Bachelor of Technology) 	AI 	OPEN 	Female-only (including Supernumerary) 	19228 	24539
Indian Institute of Technology (BHU) Varanasi	Pharmaceutical Engineering & Technology (4 Years, Bachelor of Technology) 	AI 	OPEN 	Gender-Neutral 	11585 	14447
Indian Institute of Technology (BHU) Varanasi	Pharmaceutical Engineering & Technology (4 Years, Bachelor of Technology) 	AI 	OPEN 	Female-only (including Supernumerary) 	21754 	24662
Indian Institute of Technology Guwahati	Biosciences and Bioengineering (4 Years, Bachelor of Technology) 	AI 	OPEN 	Gender-Neutral 	6303 	10727
Indian Institute of Technology Guwahati	Biosciences and Bioengineering (4 Years, Bachelor of Technology) 	AI 	OPEN 	Female-only (including Supernumerary) 	15421 	15919
Indian Institute of Technology Guwahati	Chemical Engineering (4 Years, Bachelor of Technology) 	AI 	OPEN 	Gender-Neutral 	4289 	6053
Indian Institute of Technology Guwahati	Chemical Engineering (4 Years, Bachelor of Technology) 	AI 	OPEN 	Female-only (including Supernumerary) 	10815 	12587
Indian Institute of Technology Guwahati	Chemical Science and Technology (4 Years, Bachelor of Technology) 	AI 	OPEN 	Gender-Neutral 	6432 	7958
Indian Institute of Technology Guwahati	Chemical Science and Technology (4 Years, Bachelor of Technology) 	AI 	OPEN 	Female-only (including Supernumerary) 	13063 	15815
Indian Institute of Technology Guwahati	Civil Engineering (4 Years, Bachelor of Technology) 	AI 	OPEN 	Gender-Neutral 	7268 	9021
Indian Institute of Technology Guwahati	Civil Engineering (4 Years, Bachelor of Technology) 	AI 	OPEN 	Female-only (including Supernumerary) 	13434 	16742
Indian Institute of Technology Guwahati	Computer Science and Engineering (4 Years, Bachelor of Technology) 	AI 	OPEN 	Gender-Neutral 	504 	792
Indian Institute of Technology Guwahati	Computer Science and Engineering (4 Years, Bachelor of Technology) 	AI 	OPEN 	Female-only (including Supernumerary) 	2210 	2694
Indian Institute of Technology Guwahati	Data Science and Artificial Intelligence (4 Years, Bachelor of Technology) 	AI 	OPEN 	Gender-Neutral 	873 	1078
Indian Institute of Technology Guwahati	Data Science and Artificial Intelligence (4 Years, Bachelor of Technology) 	AI 	OPEN 	Female-only (including Supernumerary) 	2877 	3235
Indian Institute of Technology Guwahati	Electronics and Communication Engineering (4 Years, Bachelor of Technology) 	AI 	OPEN 	Gender-Neutral 	1497 	1829
Indian Institute of Technology Guwahati	Electronics and Communication Engineering (4 Years, Bachelor of Technology) 	AI 	OPEN 	Female-only (including Supernumerary) 	4863 	5298
Indian Institute of Technology Guwahati	Electronics and Electrical Engineering (4 Years, Bachelor of Technology) 	AI 	OPEN 	Gender-Neutral 	1934 	2195
Indian Institute of Technology Guwahati	Electronics and Electrical Engineering (4 Years, Bachelor of Technology) 	AI 	OPEN 	Female-only (including Supernumerary) 	5381 	6224
Indian Institute of Technology Guwahati	Energy Engineering (4 Years, Bachelor of Technology) 	AI 	OPEN 	Gender-Neutral 	5870 	6610
Indian Institute of Technology Guwahati	Energy Engineering (4 Years, Bachelor of Technology) 	AI 	OPEN 	Female-only (including Supernumerary) 	11994 	13282
Indian Institute of Technology Guwahati	Engineering Physics (4 Years, Bachelor of Technology) 	AI 	OPEN 	Gender-Neutral 	4635 	7117
Indian Institute of Technology Guwahati	Engineering Physics (4 Years, Bachelor of Technology) 	AI 	OPEN 	Female-only (including Supernumerary) 	11828 	13774
Indian Institute of Technology Guwahati	Mathematics and Computing (4 Years, Bachelor of Technology) 	AI 	OPEN 	Gender-Neutral 	899 	1276
Indian Institute of Technology Guwahati	Mathematics and Computing (4 Years, Bachelor of Technology) 	AI 	OPEN 	Female-only (including Supernumerary) 	2755 	3849
Indian Institute of Technology Guwahati	Mechanical Engineering (4 Years, Bachelor of Technology) 	AI 	OPEN 	Gender-Neutral 	3984 	4892
Indian Institute of Technology Guwahati	Mechanical Engineering (4 Years, Bachelor of Technology) 	AI 	OPEN 	Female-only (including Supernumerary) 	8789 	12699
Indian Institute of Technology Bhilai	Computer Science and Engineering (4 Years, Bachelor of Technology) 	AI 	OPEN 	Gender-Neutral 	4462 	7382
Indian Institute of Technology Bhilai	Computer Science and Engineering (4 Years, Bachelor of Technology) 	AI 	OPEN 	Female-only (including Supernumerary) 	10332 	12896
Indian Institute of Technology Bhilai	Data Science and Artificial Intelligence (4 Years, Bachelor of Technology) 	AI 	OPEN 	Gender-Neutral 	7001 	7934
Indian Institute of Technology Bhilai	Data Science and Artificial Intelligence (4 Years, Bachelor of Technology) 	AI 	OPEN 	Female-only (including Supernumerary) 	8600 	13039
Indian Institute of Technology Bhilai	Electrical Engineering (4 Years, Bachelor of Technology) 	AI 	OPEN 	Gender-Neutral 	9645 	11592
Indian Institute of Technology Bhilai	Electrical Engineering (4 Years, Bachelor of Technology) 	AI 	OPEN 	Female-only (including Supernumerary) 	17806 	20173
Indian Institute of Technology Bhilai	Electronics and Communication Engineering (4 Years, Bachelor of Technology) 	AI 	OPEN 	Gender-Neutral 	7464 	9668
Indian Institute of Technology Bhilai	Electronics and Communication Engineering (4 Years, Bachelor of Technology) 	AI 	OPEN 	Female-only (including Supernumerary) 	14098 	16191
Indian Institute of Technology Bhilai	Materials Science and Metallurgical Engineering (4 Years, Bachelor of Technology) 	AI 	OPEN 	Gender-Neutral 	14920 	17478
Indian Institute of Technology Bhilai	Materials Science and Metallurgical Engineering (4 Years, Bachelor of Technology) 	AI 	OPEN 	Female-only (including Supernumerary) 	25818 	25868
Indian Institute of Technology Bhilai	Mechanical Engineering (4 Years, Bachelor of Technology) 	AI 	OPEN 	Gender-Neutral 	11516 	14788
Indian Institute of Technology Bhilai	Mechanical Engineering (4 Years, Bachelor of Technology) 	AI 	OPEN 	Female-only (including Supernumerary) 	21141 	23230
Indian Institute of Technology Bhilai	Mechatronics Engineering (4 Years, Bachelor of Technology) 	AI 	OPEN 	Gender-Neutral 	10662 	12254
Indian Institute of Technology Bhilai	Mechatronics Engineering (4 Years, Bachelor of Technology) 	AI 	OPEN 	Female-only (including Supernumerary) 	20224 	21456
Indian Institute of Technology Goa	Computer Science and Engineering (4 Years, Bachelor of Technology) 	AI 	OPEN 	Gender-Neutral 	4256 	6242
Indian Institute of Technology Goa	Computer Science and Engineering (4 Years, Bachelor of Technology) 	AI 	OPEN 	Female-only (including Supernumerary) 	11372 	12211
Indian Institute of Technology Goa	Electrical Engineering (4 Years, Bachelor of Technology) 	AI 	OPEN 	Gender-Neutral 	8410 	10095
Indian Institute of Technology Goa	Electrical Engineering (4 Years, Bachelor of Technology) 	AI 	OPEN 	Female-only (including Supernumerary) 	16260 	20274
Indian Institute of Technology Goa	Mathematics and Computing (4 Years, Bachelor of Technology) 	AI 	OPEN 	Gender-Neutral 	5436 	7932
Indian Institute of Technology Goa	Mathematics and Computing (4 Years, Bachelor of Technology) 	AI 	OPEN 	Female-only (including Supernumerary) 	12652 	14787
Indian Institute of Technology Goa	Mechanical Engineering (4 Years, Bachelor of Technology) 	AI 	OPEN 	Gender-Neutral 	9914 	13451
Indian Institute of Technology Goa	Mechanical Engineering (4 Years, Bachelor of Technology) 	AI 	OPEN 	Female-only (including Supernumerary) 	20436 	21845
Indian Institute of Technology Palakkad	Civil Engineering (4 Years, Bachelor of Technology) 	AI 	OPEN 	Gender-Neutral 	14109 	16753
Indian Institute of Technology Palakkad	Civil Engineering (4 Years, Bachelor of Technology) 	AI 	OPEN 	Female-only (including Supernumerary) 	21748 	26004
Indian Institute of Technology Palakkad	Computer Science and Engineering (4 Years, Bachelor of Technology) 	AI 	OPEN 	Gender-Neutral 	4530 	6454
Indian Institute of Technology Palakkad	Computer Science and Engineering (4 Years, Bachelor of Technology) 	AI 	OPEN 	Female-only (including Supernumerary) 	6843 	8965
Indian Institute of Technology Palakkad	Data Science and Engineering (4 Years, Bachelor of Technology) 	AI 	OPEN 	Gender-Neutral 	6845 	8640
Indian Institute of Technology Palakkad	Data Science and Engineering (4 Years, Bachelor of Technology) 	AI 	OPEN 	Female-only (including Supernumerary) 	10280 	12097
Indian Institute of Technology Palakkad	Electrical Engineering (4 Years, Bachelor of Technology) 	AI 	OPEN 	Gender-Neutral 	8020 	10396
Indian Institute of Technology Palakkad	Electrical Engineering (4 Years, Bachelor of Technology) 	AI 	OPEN 	Female-only (including Supernumerary) 	12743 	18585
Indian Institute of Technology Palakkad	Mechanical Engineering (4 Years, Bachelor of Technology) 	AI 	OPEN 	Gender-Neutral 	8596 	12606
Indian Institute of Technology Palakkad	Mechanical Engineering (4 Years, Bachelor of Technology) 	AI 	OPEN 	Female-only (including Supernumerary) 	14960 	21192
Indian Institute of Technology Tirupati	Chemical Engineering (4 Years, Bachelor of Technology) 	AI 	OPEN 	Gender-Neutral 	12799 	15636
Indian Institute of Technology Tirupati	Chemical Engineering (4 Years, Bachelor of Technology) 	AI 	OPEN 	Female-only (including Supernumerary) 	17851 	21967
Indian Institute of Technology Tirupati	Civil Engineering (4 Years, Bachelor of Technology) 	AI 	OPEN 	Gender-Neutral 	8956 	16548
Indian Institute of Technology Tirupati	Civil Engineering (4 Years, Bachelor of Technology) 	AI 	OPEN 	Female-only (including Supernumerary) 	20635 	24725
Indian Institute of Technology Tirupati	Computer Science and Engineering (4 Years, Bachelor of Technology) 	AI 	OPEN 	Gender-Neutral 	1916 	5034
Indian Institute of Technology Tirupati	Computer Science and Engineering (4 Years, Bachelor of Technology) 	AI 	OPEN 	Female-only (including Supernumerary) 	5686 	8459
Indian Institute of Technology Tirupati	Electrical Engineering (4 Years, Bachelor of Technology) 	AI 	OPEN 	Gender-Neutral 	5098 	9468
Indian Institute of Technology Tirupati	Electrical Engineering (4 Years, Bachelor of Technology) 	AI 	OPEN 	Female-only (including Supernumerary) 	13602 	15060
Indian Institute of Technology Tirupati	Engineering Physics (4 Years, Bachelor of Technology) 	AI 	OPEN 	Gender-Neutral 	10165 	12915
Indian Institute of Technology Tirupati	Engineering Physics (4 Years, Bachelor of Technology) 	AI 	OPEN 	Female-only (including Supernumerary) 	16299 	16299
Indian Institute of Technology Tirupati	Mechanical Engineering (4 Years, Bachelor of Technology) 	AI 	OPEN 	Gender-Neutral 	9551 	12143
Indian Institute of Technology Tirupati	Mechanical Engineering (4 Years, Bachelor of Technology) 	AI 	OPEN 	Female-only (including Supernumerary) 	16542 	20391
Indian Institute of Technology Jammu	Chemical Engineering (4 Years, Bachelor of Technology) 	AI 	OPEN 	Gender-Neutral 	13386 	16284
Indian Institute of Technology Jammu	Chemical Engineering (4 Years, Bachelor of Technology) 	AI 	OPEN 	Female-only (including Supernumerary) 	22711 	24291
Indian Institute of Technology Jammu	Civil Engineering (4 Years, Bachelor of Technology) 	AI 	OPEN 	Gender-Neutral 	15448 	17263
Indian Institute of Technology Jammu	Civil Engineering (4 Years, Bachelor of Technology) 	AI 	OPEN 	Female-only (including Supernumerary) 	25908 	26767
Indian Institute of Technology Jammu	Computer Science and Engineering (4 Years, Bachelor of Technology) 	AI 	OPEN 	Gender-Neutral 	4704 	6651
Indian Institute of Technology Jammu	Computer Science and Engineering (4 Years, Bachelor of Technology) 	AI 	OPEN 	Female-only (including Supernumerary) 	9950 	11104
Indian Institute of Technology Jammu	Electrical Engineering (4 Years, Bachelor of Technology) 	AI 	OPEN 	Gender-Neutral 	9759 	11399
Indian Institute of Technology Jammu	Electrical Engineering (4 Years, Bachelor of Technology) 	AI 	OPEN 	Female-only (including Supernumerary) 	16793 	19155
Indian Institute of Technology Jammu	Engineering Physics (4 Years, Bachelor of Technology) 	AI 	OPEN 	Gender-Neutral 	13029 	15917
Indian Institute of Technology Jammu	Engineering Physics (4 Years, Bachelor of Technology) 	AI 	OPEN 	Female-only (including Supernumerary) 	23652 	24772
Indian Institute of Technology Jammu	Materials Engineering (4 Years, Bachelor of Technology) 	AI 	OPEN 	Gender-Neutral 	16833 	18156
Indian Institute of Technology Jammu	Materials Engineering (4 Years, Bachelor of Technology) 	AI 	OPEN 	Female-only (including Supernumerary) 	26085 	26645
Indian Institute of Technology Jammu	Mathematics and Computing (4 Years, Bachelor of Technology) 	AI 	OPEN 	Gender-Neutral 	7000 	8559
Indian Institute of Technology Jammu	Mathematics and Computing (4 Years, Bachelor of Technology) 	AI 	OPEN 	Female-only (including Supernumerary) 	13000 	16599
Indian Institute of Technology Jammu	Mechanical Engineering (4 Years, Bachelor of Technology) 	AI 	OPEN 	Gender-Neutral 	11301 	14453
Indian Institute of Technology Jammu	Mechanical Engineering (4 Years, Bachelor of Technology) 	AI 	OPEN 	Female-only (including Supernumerary) 	19472 	23611
Indian Institute of Technology Dharwad	Chemical and Biochemical Engineering (4 Years, Bachelor of Technology) 	AI 	OPEN 	Gender-Neutral 	14722 	16680
Indian Institute of Technology Dharwad	Chemical and Biochemical Engineering (4 Years, Bachelor of Technology) 	AI 	OPEN 	Female-only (including Supernumerary) 	25164 	25533
Indian Institute of Technology Dharwad	Civil and Infrastructure Engineering (4 Years, Bachelor of Technology) 	AI 	OPEN 	Gender-Neutral 	16126 	17472
Indian Institute of Technology Dharwad	Civil and Infrastructure Engineering (4 Years, Bachelor of Technology) 	AI 	OPEN 	Female-only (including Supernumerary) 	24028 	25304
Indian Institute of Technology Dharwad	Computer Science and Engineering (4 Years, Bachelor of Technology) 	AI 	OPEN 	Gender-Neutral 	4742 	7208
Indian Institute of Technology Dharwad	Computer Science and Engineering (4 Years, Bachelor of Technology) 	AI 	OPEN 	Female-only (including Supernumerary) 	8455 	10860
Indian Institute of Technology Dharwad	Electrical and Electronics Engineering (4 Years, Bachelor of Technology) 	AI 	OPEN 	Gender-Neutral 	9720 	11051
Indian Institute of Technology Dharwad	Electrical and Electronics Engineering (4 Years, Bachelor of Technology) 	AI 	OPEN 	Female-only (including Supernumerary) 	13284 	16098
Indian Institute of Technology Dharwad	Electronics and Communication Engineering (4 Years, Bachelor of Technology) 	AI 	OPEN 	Gender-Neutral 	7720 	9476
Indian Institute of Technology Dharwad	Electronics and Communication Engineering (4 Years, Bachelor of Technology) 	AI 	OPEN 	Female-only (including Supernumerary) 	12798 	15997
Indian Institute of Technology Dharwad	Engineering Physics (4 Years, Bachelor of Technology) 	AI 	OPEN 	Gender-Neutral 	13180 	15353
Indian Institute of Technology Dharwad	Engineering Physics (4 Years, Bachelor of Technology) 	AI 	OPEN 	Female-only (including Supernumerary) 	21963 	22094
Indian Institute of Technology Dharwad	Interdisciplinary Sciences (5 Years, Bachelor of Science and Master of Science (Dual Degree)) 	AI 	OPEN 	Gender-Neutral 	16198 	18979
Indian Institute of Technology Dharwad	Interdisciplinary Sciences (5 Years, Bachelor of Science and Master of Science (Dual Degree)) 	AI 	OPEN 	Female-only (including Supernumerary) 	23364 	26886
Indian Institute of Technology Dharwad	Mathematics and Computing (4 Years, Bachelor of Technology) 	AI 	OPEN 	Gender-Neutral 	7381 	8222
Indian Institute of Technology Dharwad	Mathematics and Computing (4 Years, Bachelor of Technology) 	AI 	OPEN 	Female-only (including Supernumerary) 	12015 	12405
Indian Institute of Technology Dharwad	Mechanical Engineering (4 Years, Bachelor of Technology) 	AI 	OPEN 	Gender-Neutral 	11721 	14852
Indian Institute of Technology Dharwad	Mechanical Engineering (4 Years, Bachelor of Technology) 	AI 	OPEN 	Female-only (including Supernumerary) 	16959 	22350
Dr. B R Ambedkar National Institute of Technology, Jalandhar	Bio Technology (4 Years, Bachelor of Technology) 	HS 	OPEN 	Gender-Neutral 	58341 	79511
Dr. B R Ambedkar National Institute of Technology, Jalandhar	Bio Technology (4 Years, Bachelor of Technology) 	HS 	OPEN 	Female-only (including Supernumerary) 	53648 	65917
Dr. B R Ambedkar National Institute of Technology, Jalandhar	Bio Technology (4 Years, Bachelor of Technology) 	OS 	OPEN 	Gender-Neutral 	41817 	49981
Dr. B R Ambedkar National Institute of Technology, Jalandhar	Bio Technology (4 Years, Bachelor of Technology) 	OS 	OPEN 	Female-only (including Supernumerary) 	50433 	53258
Dr. B R Ambedkar National Institute of Technology, Jalandhar	Chemical Engineering (4 Years, Bachelor of Technology) 	HS 	OPEN 	Gender-Neutral 	28297 	57036
Dr. B R Ambedkar National Institute of Technology, Jalandhar	Chemical Engineering (4 Years, Bachelor of Technology) 	HS 	OPEN 	Female-only (including Supernumerary) 	54809 	65488
Dr. B R Ambedkar National Institute of Technology, Jalandhar	Chemical Engineering (4 Years, Bachelor of Technology) 	OS 	OPEN 	Gender-Neutral 	36313 	39490
Dr. B R Ambedkar National Institute of Technology, Jalandhar	Chemical Engineering (4 Years, Bachelor of Technology) 	OS 	OPEN 	Female-only (including Supernumerary) 	47120 	49400
Dr. B R Ambedkar National Institute of Technology, Jalandhar	Civil Engineering (4 Years, Bachelor of Technology) 	HS 	OPEN 	Gender-Neutral 	47327 	58952
Dr. B R Ambedkar National Institute of Technology, Jalandhar	Civil Engineering (4 Years, Bachelor of Technology) 	HS 	OPEN 	Female-only (including Supernumerary) 	54402 	64698
Dr. B R Ambedkar National Institute of Technology, Jalandhar	Civil Engineering (4 Years, Bachelor of Technology) 	OS 	OPEN 	Gender-Neutral 	25507 	43668
Dr. B R Ambedkar National Institute of Technology, Jalandhar	Civil Engineering (4 Years, Bachelor of Technology) 	OS 	OPEN 	Female-only (including Supernumerary) 	42935 	55991
Dr. B R Ambedkar National Institute of Technology, Jalandhar	Computer Science and Engineering (4 Years, Bachelor of Technology) 	HS 	OPEN 	Gender-Neutral 	6821 	16325
Dr. B R Ambedkar National Institute of Technology, Jalandhar	Computer Science and Engineering (4 Years, Bachelor of Technology) 	HS 	OPEN 	Female-only (including Supernumerary) 	17315 	18633
Dr. B R Ambedkar National Institute of Technology, Jalandhar	Computer Science and Engineering (4 Years, Bachelor of Technology) 	OS 	OPEN 	Gender-Neutral 	7991 	11262
Dr. B R Ambedkar National Institute of Technology, Jalandhar	Computer Science and Engineering (4 Years, Bachelor of Technology) 	OS 	OPEN 	Female-only (including Supernumerary) 	16419 	19838
Dr. B R Ambedkar National Institute of Technology, Jalandhar	Data Science and Engineering (4 Years, Bachelor of Technology) 	HS 	OPEN 	Gender-Neutral 	17021 	20283
Dr. B R Ambedkar National Institute of Technology, Jalandhar	Data Science and Engineering (4 Years, Bachelor of Technology) 	HS 	OPEN 	Female-only (including Supernumerary) 	18820 	18820
Dr. B R Ambedkar National Institute of Technology, Jalandhar	Data Science and Engineering (4 Years, Bachelor of Technology) 	OS 	OPEN 	Gender-Neutral 	13847 	14814
Dr. B R Ambedkar National Institute of Technology, Jalandhar	Data Science and Engineering (4 Years, Bachelor of Technology) 	OS 	OPEN 	Female-only (including Supernumerary) 	24363 	24930
Dr. B R Ambedkar National Institute of Technology, Jalandhar	Electrical Engineering (4 Years, Bachelor of Technology) 	HS 	OPEN 	Gender-Neutral 	26679 	29947
Dr. B R Ambedkar National Institute of Technology, Jalandhar	Electrical Engineering (4 Years, Bachelor of Technology) 	HS 	OPEN 	Female-only (including Supernumerary) 	28169 	29154
Dr. B R Ambedkar National Institute of Technology, Jalandhar	Electrical Engineering (4 Years, Bachelor of Technology) 	OS 	OPEN 	Gender-Neutral 	17381 	20115
Dr. B R Ambedkar National Institute of Technology, Jalandhar	Electrical Engineering (4 Years, Bachelor of Technology) 	OS 	OPEN 	Female-only (including Supernumerary) 	31516 	32378
Dr. B R Ambedkar National Institute of Technology, Jalandhar	Electronics and Communication Engineering (4 Years, Bachelor of Technology) 	HS 	OPEN 	Gender-Neutral 	17414 	26658
Dr. B R Ambedkar National Institute of Technology, Jalandhar	Electronics and Communication Engineering (4 Years, Bachelor of Technology) 	HS 	OPEN 	Female-only (including Supernumerary) 	21017 	25474
Dr. B R Ambedkar National Institute of Technology, Jalandhar	Electronics and Communication Engineering (4 Years, Bachelor of Technology) 	OS 	OPEN 	Gender-Neutral 	14809 	16180
Dr. B R Ambedkar National Institute of Technology, Jalandhar	Electronics and Communication Engineering (4 Years, Bachelor of Technology) 	OS 	OPEN 	Female-only (including Supernumerary) 	24362 	26952
Dr. B R Ambedkar National Institute of Technology, Jalandhar	Electronics and VLSI Engineering (4 Years, Bachelor of Technology) 	HS 	OPEN 	Gender-Neutral 	24789 	27873
Dr. B R Ambedkar National Institute of Technology, Jalandhar	Electronics and VLSI Engineering (4 Years, Bachelor of Technology) 	HS 	OPEN 	Female-only (including Supernumerary) 	26765 	26765
Dr. B R Ambedkar National Institute of Technology, Jalandhar	Electronics and VLSI Engineering (4 Years, Bachelor of Technology) 	OS 	OPEN 	Gender-Neutral 	16773 	17244
Dr. B R Ambedkar National Institute of Technology, Jalandhar	Electronics and VLSI Engineering (4 Years, Bachelor of Technology) 	OS 	OPEN 	Female-only (including Supernumerary) 	25783 	25783
Dr. B R Ambedkar National Institute of Technology, Jalandhar	Industrial and Production Engineering (4 Years, Bachelor of Technology) 	HS 	OPEN 	Gender-Neutral 	48615 	68146
Dr. B R Ambedkar National Institute of Technology, Jalandhar	Industrial and Production Engineering (4 Years, Bachelor of Technology) 	HS 	OPEN 	Female-only (including Supernumerary) 	52736 	65722
Dr. B R Ambedkar National Institute of Technology, Jalandhar	Industrial and Production Engineering (4 Years, Bachelor of Technology) 	OS 	OPEN 	Gender-Neutral 	19975 	45203
Dr. B R Ambedkar National Institute of Technology, Jalandhar	Industrial and Production Engineering (4 Years, Bachelor of Technology) 	OS 	OPEN 	Female-only (including Supernumerary) 	54826 	57544
Dr. B R Ambedkar National Institute of Technology, Jalandhar	Information Technology (4 Years, Bachelor of Technology) 	HS 	OPEN 	Gender-Neutral 	16387 	23198
Dr. B R Ambedkar National Institute of Technology, Jalandhar	Information Technology (4 Years, Bachelor of Technology) 	HS 	OPEN 	Female-only (including Supernumerary) 	21230 	25280
Dr. B R Ambedkar National Institute of Technology, Jalandhar	Information Technology (4 Years, Bachelor of Technology) 	OS 	OPEN 	Gender-Neutral 	11914 	14615
Dr. B R Ambedkar National Institute of Technology, Jalandhar	Information Technology (4 Years, Bachelor of Technology) 	OS 	OPEN 	Female-only (including Supernumerary) 	21745 	25166
Dr. B R Ambedkar National Institute of Technology, Jalandhar	Instrumentation and Control Engineering (4 Years, Bachelor of Technology) 	HS 	OPEN 	Gender-Neutral 	28502 	45047
Dr. B R Ambedkar National Institute of Technology, Jalandhar	Instrumentation and Control Engineering (4 Years, Bachelor of Technology) 	HS 	OPEN 	Female-only (including Supernumerary) 	36779 	51164
Dr. B R Ambedkar National Institute of Technology, Jalandhar	Instrumentation and Control Engineering (4 Years, Bachelor of Technology) 	OS 	OPEN 	Gender-Neutral 	22486 	27963
Dr. B R Ambedkar National Institute of Technology, Jalandhar	Instrumentation and Control Engineering (4 Years, Bachelor of Technology) 	OS 	OPEN 	Female-only (including Supernumerary) 	34279 	42357
Dr. B R Ambedkar National Institute of Technology, Jalandhar	Mathematics and Computing (4 Years, Bachelor of Technology) 	HS 	OPEN 	Gender-Neutral 	12228 	23297
Dr. B R Ambedkar National Institute of Technology, Jalandhar	Mathematics and Computing (4 Years, Bachelor of Technology) 	HS 	OPEN 	Female-only (including Supernumerary) 	17921 	24158
Dr. B R Ambedkar National Institute of Technology, Jalandhar	Mathematics and Computing (4 Years, Bachelor of Technology) 	OS 	OPEN 	Gender-Neutral 	10431 	15002
Dr. B R Ambedkar National Institute of Technology, Jalandhar	Mathematics and Computing (4 Years, Bachelor of Technology) 	OS 	OPEN 	Female-only (including Supernumerary) 	21041 	26284
Dr. B R Ambedkar National Institute of Technology, Jalandhar	Mechanical Engineering (4 Years, Bachelor of Technology) 	HS 	OPEN 	Gender-Neutral 	27135 	46722
Dr. B R Ambedkar National Institute of Technology, Jalandhar	Mechanical Engineering (4 Years, Bachelor of Technology) 	HS 	OPEN 	Female-only (including Supernumerary) 	35572 	52631
Dr. B R Ambedkar National Institute of Technology, Jalandhar	Mechanical Engineering (4 Years, Bachelor of Technology) 	OS 	OPEN 	Gender-Neutral 	27049 	32249
Dr. B R Ambedkar National Institute of Technology, Jalandhar	Mechanical Engineering (4 Years, Bachelor of Technology) 	OS 	OPEN 	Female-only (including Supernumerary) 	29540 	48493
Dr. B R Ambedkar National Institute of Technology, Jalandhar	Textile Technology (4 Years, Bachelor of Technology) 	HS 	OPEN 	Gender-Neutral 	68566 	89077
Dr. B R Ambedkar National Institute of Technology, Jalandhar	Textile Technology (4 Years, Bachelor of Technology) 	HS 	OPEN 	Female-only (including Supernumerary) 	80506 	86890
Dr. B R Ambedkar National Institute of Technology, Jalandhar	Textile Technology (4 Years, Bachelor of Technology) 	OS 	OPEN 	Gender-Neutral 	47916 	53700
Dr. B R Ambedkar National Institute of Technology, Jalandhar	Textile Technology (4 Years, Bachelor of Technology) 	OS 	OPEN 	Female-only (including Supernumerary) 	60734 	66731
Malaviya National Institute of Technology Jaipur	Architecture (5 Years, Bachelor of Architecture) 	HS 	OPEN 	Gender-Neutral 	638 	1983
Malaviya National Institute of Technology Jaipur	Architecture (5 Years, Bachelor of Architecture) 	HS 	OPEN 	Female-only (including Supernumerary) 	312 	891
Malaviya National Institute of Technology Jaipur	Architecture (5 Years, Bachelor of Architecture) 	OS 	OPEN 	Gender-Neutral 	346 	647
Malaviya National Institute of Technology Jaipur	Architecture (5 Years, Bachelor of Architecture) 	OS 	OPEN 	Female-only (including Supernumerary) 	251 	394
Malaviya National Institute of Technology Jaipur	Artificial Intelligence and Data Engineering (4 Years, Bachelor of Technology) 	HS 	OPEN 	Gender-Neutral 	6054 	6433
Malaviya National Institute of Technology Jaipur	Artificial Intelligence and Data Engineering (4 Years, Bachelor of Technology) 	OS 	OPEN 	Gender-Neutral 	5670 	6491
Malaviya National Institute of Technology Jaipur	Artificial Intelligence and Data Engineering (4 Years, Bachelor of Technology) 	OS 	OPEN 	Female-only (including Supernumerary) 	11881 	11881
Malaviya National Institute of Technology Jaipur	Chemical Engineering (4 Years, Bachelor of Technology) 	HS 	OPEN 	Gender-Neutral 	20902 	26449
Malaviya National Institute of Technology Jaipur	Chemical Engineering (4 Years, Bachelor of Technology) 	HS 	OPEN 	Female-only (including Supernumerary) 	26304 	32446
Malaviya National Institute of Technology Jaipur	Chemical Engineering (4 Years, Bachelor of Technology) 	OS 	OPEN 	Gender-Neutral 	15363 	25442
Malaviya National Institute of Technology Jaipur	Chemical Engineering (4 Years, Bachelor of Technology) 	OS 	OPEN 	Female-only (including Supernumerary) 	25687 	33976
Malaviya National Institute of Technology Jaipur	Civil Engineering (4 Years, Bachelor of Technology) 	HS 	OPEN 	Gender-Neutral 	10944 	28717
Malaviya National Institute of Technology Jaipur	Civil Engineering (4 Years, Bachelor of Technology) 	HS 	OPEN 	Female-only (including Supernumerary) 	34049 	40799
Malaviya National Institute of Technology Jaipur	Civil Engineering (4 Years, Bachelor of Technology) 	OS 	OPEN 	Gender-Neutral 	21231 	35746
Malaviya National Institute of Technology Jaipur	Civil Engineering (4 Years, Bachelor of Technology) 	OS 	OPEN 	Female-only (including Supernumerary) 	37513 	49219
Malaviya National Institute of Technology Jaipur	Computer Science and Engineering (4 Years, Bachelor of Technology) 	HS 	OPEN 	Gender-Neutral 	2937 	6013
Malaviya National Institute of Technology Jaipur	Computer Science and Engineering (4 Years, Bachelor of Technology) 	HS 	OPEN 	Female-only (including Supernumerary) 	2422 	10065
Malaviya National Institute of Technology Jaipur	Computer Science and Engineering (4 Years, Bachelor of Technology) 	OS 	OPEN 	Gender-Neutral 	3027 	5601
Malaviya National Institute of Technology Jaipur	Computer Science and Engineering (4 Years, Bachelor of Technology) 	OS 	OPEN 	Female-only (including Supernumerary) 	5059 	8485
Malaviya National Institute of Technology Jaipur	Electrical Engineering (4 Years, Bachelor of Technology) 	HS 	OPEN 	Gender-Neutral 	11611 	14240
Malaviya National Institute of Technology Jaipur	Electrical Engineering (4 Years, Bachelor of Technology) 	HS 	OPEN 	Female-only (including Supernumerary) 	17981 	21551
Malaviya National Institute of Technology Jaipur	Electrical Engineering (4 Years, Bachelor of Technology) 	OS 	OPEN 	Gender-Neutral 	9803 	14665
Malaviya National Institute of Technology Jaipur	Electrical Engineering (4 Years, Bachelor of Technology) 	OS 	OPEN 	Female-only (including Supernumerary) 	22065 	23400
Malaviya National Institute of Technology Jaipur	Electronics and Communication Engineering (4 Years, Bachelor of Technology) 	HS 	OPEN 	Gender-Neutral 	8273 	10539
Malaviya National Institute of Technology Jaipur	Electronics and Communication Engineering (4 Years, Bachelor of Technology) 	HS 	OPEN 	Female-only (including Supernumerary) 	10644 	17818
Malaviya National Institute of Technology Jaipur	Electronics and Communication Engineering (4 Years, Bachelor of Technology) 	OS 	OPEN 	Gender-Neutral 	6608 	9667
Malaviya National Institute of Technology Jaipur	Electronics and Communication Engineering (4 Years, Bachelor of Technology) 	OS 	OPEN 	Female-only (including Supernumerary) 	11903 	15895
Malaviya National Institute of Technology Jaipur	Mechanical Engineering (4 Years, Bachelor of Technology) 	HS 	OPEN 	Gender-Neutral 	11118 	19756
Malaviya National Institute of Technology Jaipur	Mechanical Engineering (4 Years, Bachelor of Technology) 	HS 	OPEN 	Female-only (including Supernumerary) 	21826 	33142
Malaviya National Institute of Technology Jaipur	Mechanical Engineering (4 Years, Bachelor of Technology) 	OS 	OPEN 	Gender-Neutral 	8906 	20213
Malaviya National Institute of Technology Jaipur	Mechanical Engineering (4 Years, Bachelor of Technology) 	OS 	OPEN 	Female-only (including Supernumerary) 	24365 	33767
Malaviya National Institute of Technology Jaipur	Metallurgical and Materials Engineering (4 Years, Bachelor of Technology) 	HS 	OPEN 	Gender-Neutral 	28296 	33703
Malaviya National Institute of Technology Jaipur	Metallurgical and Materials Engineering (4 Years, Bachelor of Technology) 	HS 	OPEN 	Female-only (including Supernumerary) 	36660 	45944
Malaviya National Institute of Technology Jaipur	Metallurgical and Materials Engineering (4 Years, Bachelor of Technology) 	OS 	OPEN 	Gender-Neutral 	21537 	38003
Malaviya National Institute of Technology Jaipur	Metallurgical and Materials Engineering (4 Years, Bachelor of Technology) 	OS 	OPEN 	Female-only (including Supernumerary) 	43087 	50561
Maulana Azad National Institute of Technology Bhopal	Architecture (5 Years, Bachelor of Architecture) 	HS 	OPEN 	Gender-Neutral 	1199 	3688
Maulana Azad National Institute of Technology Bhopal	Architecture (5 Years, Bachelor of Architecture) 	HS 	OPEN 	Female-only (including Supernumerary) 	497 	1069
Maulana Azad National Institute of Technology Bhopal	Architecture (5 Years, Bachelor of Architecture) 	OS 	OPEN 	Gender-Neutral 	649 	967
Maulana Azad National Institute of Technology Bhopal	Architecture (5 Years, Bachelor of Architecture) 	OS 	OPEN 	Female-only (including Supernumerary) 	703 	783
Maulana Azad National Institute of Technology Bhopal	B. Tech. and M. Tech. in Engineering and Computational Mechanics (Dual Degree) (5 Years, Bachelor and Master of Technology (Dual Degree)) 	HS 	OPEN 	Gender-Neutral 	29006 	30890
Maulana Azad National Institute of Technology Bhopal	B. Tech. and M. Tech. in Engineering and Computational Mechanics (Dual Degree) (5 Years, Bachelor and Master of Technology (Dual Degree)) 	HS 	OPEN 	Female-only (including Supernumerary) 	42076 	42076
Maulana Azad National Institute of Technology Bhopal	B. Tech. and M. Tech. in Engineering and Computational Mechanics (Dual Degree) (5 Years, Bachelor and Master of Technology (Dual Degree)) 	OS 	OPEN 	Gender-Neutral 	19109 	22839
Maulana Azad National Institute of Technology Bhopal	B. Tech. and M. Tech. in Engineering and Computational Mechanics (Dual Degree) (5 Years, Bachelor and Master of Technology (Dual Degree)) 	OS 	OPEN 	Female-only (including Supernumerary) 	33178 	33178
Maulana Azad National Institute of Technology Bhopal	Chemical Engineering (4 Years, Bachelor of Technology) 	HS 	OPEN 	Gender-Neutral 	27632 	40308
Maulana Azad National Institute of Technology Bhopal	Chemical Engineering (4 Years, Bachelor of Technology) 	HS 	OPEN 	Female-only (including Supernumerary) 	42260 	44629
Maulana Azad National Institute of Technology Bhopal	Chemical Engineering (4 Years, Bachelor of Technology) 	OS 	OPEN 	Gender-Neutral 	30437 	35814
Maulana Azad National Institute of Technology Bhopal	Chemical Engineering (4 Years, Bachelor of Technology) 	OS 	OPEN 	Female-only (including Supernumerary) 	37644 	38439
Maulana Azad National Institute of Technology Bhopal	Civil Engineering (4 Years, Bachelor of Technology) 	HS 	OPEN 	Gender-Neutral 	27877 	46288
Maulana Azad National Institute of Technology Bhopal	Civil Engineering (4 Years, Bachelor of Technology) 	HS 	OPEN 	Female-only (including Supernumerary) 	51653 	58653
Maulana Azad National Institute of Technology Bhopal	Civil Engineering (4 Years, Bachelor of Technology) 	OS 	OPEN 	Gender-Neutral 	35550 	42750
Maulana Azad National Institute of Technology Bhopal	Civil Engineering (4 Years, Bachelor of Technology) 	OS 	OPEN 	Female-only (including Supernumerary) 	53313 	57059
Maulana Azad National Institute of Technology Bhopal	Computer Science and Engineering (4 Years, Bachelor of Technology) 	HS 	OPEN 	Gender-Neutral 	6429 	11415
Maulana Azad National Institute of Technology Bhopal	Computer Science and Engineering (4 Years, Bachelor of Technology) 	HS 	OPEN 	Female-only (including Supernumerary) 	12477 	19840
Maulana Azad National Institute of Technology Bhopal	Computer Science and Engineering (4 Years, Bachelor of Technology) 	OS 	OPEN 	Gender-Neutral 	5942 	9249
Maulana Azad National Institute of Technology Bhopal	Computer Science and Engineering (4 Years, Bachelor of Technology) 	OS 	OPEN 	Female-only (including Supernumerary) 	11843 	16148
Maulana Azad National Institute of Technology Bhopal	Electrical Engineering (4 Years, Bachelor of Technology) 	HS 	OPEN 	Gender-Neutral 	19570 	24120
Maulana Azad National Institute of Technology Bhopal	Electrical Engineering (4 Years, Bachelor of Technology) 	HS 	OPEN 	Female-only (including Supernumerary) 	28241 	37576
Maulana Azad National Institute of Technology Bhopal	Electrical Engineering (4 Years, Bachelor of Technology) 	OS 	OPEN 	Gender-Neutral 	16513 	20770
Maulana Azad National Institute of Technology Bhopal	Electrical Engineering (4 Years, Bachelor of Technology) 	OS 	OPEN 	Female-only (including Supernumerary) 	26466 	31132
Maulana Azad National Institute of Technology Bhopal	Electronics and Communication Engineering (4 Years, Bachelor of Technology) 	HS 	OPEN 	Gender-Neutral 	11462 	18120
Maulana Azad National Institute of Technology Bhopal	Electronics and Communication Engineering (4 Years, Bachelor of Technology) 	HS 	OPEN 	Female-only (including Supernumerary) 	18188 	27015
Maulana Azad National Institute of Technology Bhopal	Electronics and Communication Engineering (4 Years, Bachelor of Technology) 	OS 	OPEN 	Gender-Neutral 	10618 	14205
Maulana Azad National Institute of Technology Bhopal	Electronics and Communication Engineering (4 Years, Bachelor of Technology) 	OS 	OPEN 	Female-only (including Supernumerary) 	19334 	24250
Maulana Azad National Institute of Technology Bhopal	Energy and Electrical Vehicle Engineering (4 Years, Bachelor of Technology) 	HS 	OPEN 	Gender-Neutral 	25206 	32924
Maulana Azad National Institute of Technology Bhopal	Energy and Electrical Vehicle Engineering (4 Years, Bachelor of Technology) 	HS 	OPEN 	Female-only (including Supernumerary) 	49852 	49852
Maulana Azad National Institute of Technology Bhopal	Energy and Electrical Vehicle Engineering (4 Years, Bachelor of Technology) 	OS 	OPEN 	Gender-Neutral 	17464 	25974
Maulana Azad National Institute of Technology Bhopal	Energy and Electrical Vehicle Engineering (4 Years, Bachelor of Technology) 	OS 	OPEN 	Female-only (including Supernumerary) 	40523 	40523
Maulana Azad National Institute of Technology Bhopal	Materials Science and Metallurgical Engineering (4 Years, Bachelor of Technology) 	HS 	OPEN 	Gender-Neutral 	45197 	51350
Maulana Azad National Institute of Technology Bhopal	Materials Science and Metallurgical Engineering (4 Years, Bachelor of Technology) 	HS 	OPEN 	Female-only (including Supernumerary) 	56839 	59932
Maulana Azad National Institute of Technology Bhopal	Materials Science and Metallurgical Engineering (4 Years, Bachelor of Technology) 	OS 	OPEN 	Gender-Neutral 	39219 	45803
Maulana Azad National Institute of Technology Bhopal	Materials Science and Metallurgical Engineering (4 Years, Bachelor of Technology) 	OS 	OPEN 	Female-only (including Supernumerary) 	54262 	58383
Maulana Azad National Institute of Technology Bhopal	Mathematics and Data Science (5 Years, Bachelor and Master of Technology (Dual Degree)) 	HS 	OPEN 	Gender-Neutral 	13200 	16703
Maulana Azad National Institute of Technology Bhopal	Mathematics and Data Science (5 Years, Bachelor and Master of Technology (Dual Degree)) 	HS 	OPEN 	Female-only (including Supernumerary) 	22952 	22952
Maulana Azad National Institute of Technology Bhopal	Mathematics and Data Science (5 Years, Bachelor and Master of Technology (Dual Degree)) 	OS 	OPEN 	Gender-Neutral 	13167 	14961
Maulana Azad National Institute of Technology Bhopal	Mathematics and Data Science (5 Years, Bachelor and Master of Technology (Dual Degree)) 	OS 	OPEN 	Female-only (including Supernumerary) 	21744 	21744
Maulana Azad National Institute of Technology Bhopal	Mechanical Engineering (4 Years, Bachelor of Technology) 	HS 	OPEN 	Gender-Neutral 	22945 	34275
Maulana Azad National Institute of Technology Bhopal	Mechanical Engineering (4 Years, Bachelor of Technology) 	HS 	OPEN 	Female-only (including Supernumerary) 	43327 	52059
Maulana Azad National Institute of Technology Bhopal	Mechanical Engineering (4 Years, Bachelor of Technology) 	OS 	OPEN 	Gender-Neutral 	18342 	29613
Maulana Azad National Institute of Technology Bhopal	Mechanical Engineering (4 Years, Bachelor of Technology) 	OS 	OPEN 	Female-only (including Supernumerary) 	41751 	47903
Maulana Azad National Institute of Technology Bhopal	Planning (4 Years, Bachelor of Planning) 	HS 	OPEN 	Gender-Neutral 	132 	2659
Maulana Azad National Institute of Technology Bhopal	Planning (4 Years, Bachelor of Planning) 	HS 	OPEN 	Female-only (including Supernumerary) 	841 	843
Maulana Azad National Institute of Technology Bhopal	Planning (4 Years, Bachelor of Planning) 	OS 	OPEN 	Gender-Neutral 	114 	581
Maulana Azad National Institute of Technology Bhopal	Planning (4 Years, Bachelor of Planning) 	OS 	OPEN 	Female-only (including Supernumerary) 	535 	562
Motilal Nehru National Institute of Technology Allahabad	Bio Technology (4 Years, Bachelor of Technology) 	HS 	OPEN 	Gender-Neutral 	32046 	39400
Motilal Nehru National Institute of Technology Allahabad	Bio Technology (4 Years, Bachelor of Technology) 	HS 	OPEN 	Female-only (including Supernumerary) 	34781 	44457
Motilal Nehru National Institute of Technology Allahabad	Bio Technology (4 Years, Bachelor of Technology) 	OS 	OPEN 	Gender-Neutral 	32234 	37193
Motilal Nehru National Institute of Technology Allahabad	Bio Technology (4 Years, Bachelor of Technology) 	OS 	OPEN 	Female-only (including Supernumerary) 	33107 	48449
Motilal Nehru National Institute of Technology Allahabad	Chemical Engineering (4 Years, Bachelor of Technology) 	HS 	OPEN 	Gender-Neutral 	16240 	21558
Motilal Nehru National Institute of Technology Allahabad	Chemical Engineering (4 Years, Bachelor of Technology) 	HS 	OPEN 	Female-only (including Supernumerary) 	30210 	32195
Motilal Nehru National Institute of Technology Allahabad	Chemical Engineering (4 Years, Bachelor of Technology) 	OS 	OPEN 	Gender-Neutral 	20344 	22469
Motilal Nehru National Institute of Technology Allahabad	Chemical Engineering (4 Years, Bachelor of Technology) 	OS 	OPEN 	Female-only (including Supernumerary) 	36209 	38172
Motilal Nehru National Institute of Technology Allahabad	Civil Engineering (4 Years, Bachelor of Technology) 	HS 	OPEN 	Gender-Neutral 	17628 	29451
Motilal Nehru National Institute of Technology Allahabad	Civil Engineering (4 Years, Bachelor of Technology) 	HS 	OPEN 	Female-only (including Supernumerary) 	34243 	53343
Motilal Nehru National Institute of Technology Allahabad	Civil Engineering (4 Years, Bachelor of Technology) 	OS 	OPEN 	Gender-Neutral 	8568 	31589
Motilal Nehru National Institute of Technology Allahabad	Civil Engineering (4 Years, Bachelor of Technology) 	OS 	OPEN 	Female-only (including Supernumerary) 	37704 	45561
Motilal Nehru National Institute of Technology Allahabad	Computer Science and Engineering (4 Years, Bachelor of Technology) 	HS 	OPEN 	Gender-Neutral 	2500 	6562
Motilal Nehru National Institute of Technology Allahabad	Computer Science and Engineering (4 Years, Bachelor of Technology) 	HS 	OPEN 	Female-only (including Supernumerary) 	5451 	11813
Motilal Nehru National Institute of Technology Allahabad	Computer Science and Engineering (4 Years, Bachelor of Technology) 	OS 	OPEN 	Gender-Neutral 	2730 	4594
Motilal Nehru National Institute of Technology Allahabad	Computer Science and Engineering (4 Years, Bachelor of Technology) 	OS 	OPEN 	Female-only (including Supernumerary) 	5064 	10173
Motilal Nehru National Institute of Technology Allahabad	Electrical Engineering (4 Years, Bachelor of Technology) 	HS 	OPEN 	Gender-Neutral 	9668 	11483
Motilal Nehru National Institute of Technology Allahabad	Electrical Engineering (4 Years, Bachelor of Technology) 	HS 	OPEN 	Female-only (including Supernumerary) 	19900 	24704
Motilal Nehru National Institute of Technology Allahabad	Electrical Engineering (4 Years, Bachelor of Technology) 	OS 	OPEN 	Gender-Neutral 	8915 	11665
Motilal Nehru National Institute of Technology Allahabad	Electrical Engineering (4 Years, Bachelor of Technology) 	OS 	OPEN 	Female-only (including Supernumerary) 	20650 	20844
Motilal Nehru National Institute of Technology Allahabad	Electronics and Communication Engineering (4 Years, Bachelor of Technology) 	HS 	OPEN 	Gender-Neutral 	6590 	9577
Motilal Nehru National Institute of Technology Allahabad	Electronics and Communication Engineering (4 Years, Bachelor of Technology) 	HS 	OPEN 	Female-only (including Supernumerary) 	13267 	18919
Motilal Nehru National Institute of Technology Allahabad	Electronics and Communication Engineering (4 Years, Bachelor of Technology) 	OS 	OPEN 	Gender-Neutral 	5326 	8532
Motilal Nehru National Institute of Technology Allahabad	Electronics and Communication Engineering (4 Years, Bachelor of Technology) 	OS 	OPEN 	Female-only (including Supernumerary) 	10515 	14971
Motilal Nehru National Institute of Technology Allahabad	Engineering and Computational Mechanics (4 Years, Bachelor of Technology) 	HS 	OPEN 	Gender-Neutral 	11780 	12759
Motilal Nehru National Institute of Technology Allahabad	Engineering and Computational Mechanics (4 Years, Bachelor of Technology) 	HS 	OPEN 	Female-only (including Supernumerary) 	19937 	19937
Motilal Nehru National Institute of Technology Allahabad	Engineering and Computational Mechanics (4 Years, Bachelor of Technology) 	OS 	OPEN 	Gender-Neutral 	7635 	12340
Motilal Nehru National Institute of Technology Allahabad	Engineering and Computational Mechanics (4 Years, Bachelor of Technology) 	OS 	OPEN 	Female-only (including Supernumerary) 	21208 	21208
Motilal Nehru National Institute of Technology Allahabad	Materials Engineering (4 Years, Bachelor of Technology) 	HS 	OPEN 	Gender-Neutral 	34372 	37696
Motilal Nehru National Institute of Technology Allahabad	Materials Engineering (4 Years, Bachelor of Technology) 	HS 	OPEN 	Female-only (including Supernumerary) 	50142 	50142
Motilal Nehru National Institute of Technology Allahabad	Materials Engineering (4 Years, Bachelor of Technology) 	OS 	OPEN 	Gender-Neutral 	36041 	38442
Motilal Nehru National Institute of Technology Allahabad	Materials Engineering (4 Years, Bachelor of Technology) 	OS 	OPEN 	Female-only (including Supernumerary) 	47029 	47029
Motilal Nehru National Institute of Technology Allahabad	Mechanical Engineering (4 Years, Bachelor of Technology) 	HS 	OPEN 	Gender-Neutral 	15115 	21070
Motilal Nehru National Institute of Technology Allahabad	Mechanical Engineering (4 Years, Bachelor of Technology) 	HS 	OPEN 	Female-only (including Supernumerary) 	25125 	30310
Motilal Nehru National Institute of Technology Allahabad	Mechanical Engineering (4 Years, Bachelor of Technology) 	OS 	OPEN 	Gender-Neutral 	12080 	19897
Motilal Nehru National Institute of Technology Allahabad	Mechanical Engineering (4 Years, Bachelor of Technology) 	OS 	OPEN 	Female-only (including Supernumerary) 	27826 	34280
Motilal Nehru National Institute of Technology Allahabad	Production and Industrial Engineering (4 Years, Bachelor of Technology) 	HS 	OPEN 	Gender-Neutral 	28693 	33554
Motilal Nehru National Institute of Technology Allahabad	Production and Industrial Engineering (4 Years, Bachelor of Technology) 	HS 	OPEN 	Female-only (including Supernumerary) 	46283 	57658
Motilal Nehru National Institute of Technology Allahabad	Production and Industrial Engineering (4 Years, Bachelor of Technology) 	OS 	OPEN 	Gender-Neutral 	22947 	35132
Motilal Nehru National Institute of Technology Allahabad	Production and Industrial Engineering (4 Years, Bachelor of Technology) 	OS 	OPEN 	Female-only (including Supernumerary) 	36470 	36766
National Institute of Technology Agartala	Biotechnology and Biochemical Engineering (4 Years, Bachelor of Technology) 	HS 	OPEN 	Gender-Neutral 	269078 	320421
National Institute of Technology Agartala	Biotechnology and Biochemical Engineering (4 Years, Bachelor of Technology) 	HS 	OPEN 	Female-only (including Supernumerary) 	260834 	265375
National Institute of Technology Agartala	Biotechnology and Biochemical Engineering (4 Years, Bachelor of Technology) 	OS 	OPEN 	Gender-Neutral 	57385 	59122
National Institute of Technology Agartala	Biotechnology and Biochemical Engineering (4 Years, Bachelor of Technology) 	OS 	OPEN 	Female-only (including Supernumerary) 	67918 	71848
National Institute of Technology Agartala	Chemical Engineering (4 Years, Bachelor of Technology) 	HS 	OPEN 	Gender-Neutral 	142810 	256835
National Institute of Technology Agartala	Chemical Engineering (4 Years, Bachelor of Technology) 	HS 	OPEN 	Female-only (including Supernumerary) 	149439 	162194
National Institute of Technology Agartala	Chemical Engineering (4 Years, Bachelor of Technology) 	OS 	OPEN 	Gender-Neutral 	42130 	50902
National Institute of Technology Agartala	Chemical Engineering (4 Years, Bachelor of Technology) 	OS 	OPEN 	Female-only (including Supernumerary) 	61254 	67072
National Institute of Technology Agartala	Chemistry (5 Years, Bachelor of Science and Master of Science (Dual Degree)) 	HS 	OPEN 	Gender-Neutral 	130922 	346939
National Institute of Technology Agartala	Chemistry (5 Years, Bachelor of Science and Master of Science (Dual Degree)) 	OS 	OPEN 	Gender-Neutral 	55760 	62338
National Institute of Technology Agartala	Civil Engineering (4 Years, Bachelor of Technology) 	HS 	OPEN 	Gender-Neutral 	122976 	237394
National Institute of Technology Agartala	Civil Engineering (4 Years, Bachelor of Technology) 	HS 	OPEN 	Female-only (including Supernumerary) 	188054 	237342
National Institute of Technology Agartala	Civil Engineering (4 Years, Bachelor of Technology) 	OS 	OPEN 	Gender-Neutral 	45109 	54950
National Institute of Technology Agartala	Civil Engineering (4 Years, Bachelor of Technology) 	OS 	OPEN 	Female-only (including Supernumerary) 	63031 	69969
National Institute of Technology Agartala	Computational Mathematics (5 Years, Bachelor and Master of Technology (Dual Degree)) 	HS 	OPEN 	Gender-Neutral 	111217 	167791
National Institute of Technology Agartala	Computational Mathematics (5 Years, Bachelor and Master of Technology (Dual Degree)) 	OS 	OPEN 	Gender-Neutral 	27749 	32640
National Institute of Technology Agartala	Computer Science and Engineering (4 Years, Bachelor of Technology) 	HS 	OPEN 	Gender-Neutral 	17769 	75417
National Institute of Technology Agartala	Computer Science and Engineering (4 Years, Bachelor of Technology) 	HS 	OPEN 	Female-only (including Supernumerary) 	59172 	71842
National Institute of Technology Agartala	Computer Science and Engineering (4 Years, Bachelor of Technology) 	OS 	OPEN 	Gender-Neutral 	13104 	22013
National Institute of Technology Agartala	Computer Science and Engineering (4 Years, Bachelor of Technology) 	OS 	OPEN 	Female-only (including Supernumerary) 	31242 	38997
National Institute of Technology Agartala	Electrical Engineering (4 Years, Bachelor of Technology) 	HS 	OPEN 	Gender-Neutral 	100445 	127385
National Institute of Technology Agartala	Electrical Engineering (4 Years, Bachelor of Technology) 	HS 	OPEN 	Female-only (including Supernumerary) 	97460 	119235
National Institute of Technology Agartala	Electrical Engineering (4 Years, Bachelor of Technology) 	OS 	OPEN 	Gender-Neutral 	27399 	35580
National Institute of Technology Agartala	Electrical Engineering (4 Years, Bachelor of Technology) 	OS 	OPEN 	Female-only (including Supernumerary) 	45922 	55221
National Institute of Technology Agartala	Electronics and Communication Engineering (4 Years, Bachelor of Technology) 	HS 	OPEN 	Gender-Neutral 	79555 	105936
National Institute of Technology Agartala	Electronics and Communication Engineering (4 Years, Bachelor of Technology) 	HS 	OPEN 	Female-only (including Supernumerary) 	77466 	93924
National Institute of Technology Agartala	Electronics and Communication Engineering (4 Years, Bachelor of Technology) 	OS 	OPEN 	Gender-Neutral 	23323 	28758
National Institute of Technology Agartala	Electronics and Communication Engineering (4 Years, Bachelor of Technology) 	OS 	OPEN 	Female-only (including Supernumerary) 	39872 	44750
National Institute of Technology Agartala	Electronics and Instrumentation Engineering (4 Years, Bachelor of Technology) 	HS 	OPEN 	Gender-Neutral 	82103 	147524
National Institute of Technology Agartala	Electronics and Instrumentation Engineering (4 Years, Bachelor of Technology) 	HS 	OPEN 	Female-only (including Supernumerary) 	118131 	128014
National Institute of Technology Agartala	Electronics and Instrumentation Engineering (4 Years, Bachelor of Technology) 	OS 	OPEN 	Gender-Neutral 	27314 	36589
National Institute of Technology Agartala	Electronics and Instrumentation Engineering (4 Years, Bachelor of Technology) 	OS 	OPEN 	Female-only (including Supernumerary) 	51663 	52731
National Institute of Technology Agartala	Engineering Physics (5 Years, Bachelor and Master of Technology (Dual Degree)) 	HS 	OPEN 	Gender-Neutral 	242523 	311214
National Institute of Technology Agartala	Engineering Physics (5 Years, Bachelor and Master of Technology (Dual Degree)) 	OS 	OPEN 	Gender-Neutral 	41889 	47515
National Institute of Technology Agartala	Mathematics & Computing (5 Years, Bachelor of Science and Master of Science (Dual Degree)) 	HS 	OPEN 	Gender-Neutral 	102834 	234846
National Institute of Technology Agartala	Mathematics & Computing (5 Years, Bachelor of Science and Master of Science (Dual Degree)) 	OS 	OPEN 	Gender-Neutral 	27810 	39393
National Institute of Technology Agartala	Mechanical Engineering (4 Years, Bachelor of Technology) 	HS 	OPEN 	Gender-Neutral 	132304 	204344
National Institute of Technology Agartala	Mechanical Engineering (4 Years, Bachelor of Technology) 	HS 	OPEN 	Female-only (including Supernumerary) 	145103 	200190
National Institute of Technology Agartala	Mechanical Engineering (4 Years, Bachelor of Technology) 	OS 	OPEN 	Gender-Neutral 	37836 	45924
National Institute of Technology Agartala	Mechanical Engineering (4 Years, Bachelor of Technology) 	OS 	OPEN 	Female-only (including Supernumerary) 	59193 	63151
National Institute of Technology Agartala	Physics (5 Years, Bachelor of Science and Master of Science (Dual Degree)) 	HS 	OPEN 	Gender-Neutral 	66356 	343077
National Institute of Technology Agartala	Physics (5 Years, Bachelor of Science and Master of Science (Dual Degree)) 	OS 	OPEN 	Gender-Neutral 	31638 	52688
National Institute of Technology Agartala	Production Engineering (4 Years, Bachelor of Technology) 	HS 	OPEN 	Gender-Neutral 	246483 	308003
National Institute of Technology Agartala	Production Engineering (4 Years, Bachelor of Technology) 	HS 	OPEN 	Female-only (including Supernumerary) 	229804 	279380
National Institute of Technology Agartala	Production Engineering (4 Years, Bachelor of Technology) 	OS 	OPEN 	Gender-Neutral 	48242 	56880
National Institute of Technology Agartala	Production Engineering (4 Years, Bachelor of Technology) 	OS 	OPEN 	Female-only (including Supernumerary) 	70180 	75238
National Institute of Technology Calicut	Architecture (5 Years, Bachelor of Architecture) 	HS 	OPEN 	Gender-Neutral 	93 	241
National Institute of Technology Calicut	Architecture (5 Years, Bachelor of Architecture) 	HS 	OPEN 	Female-only (including Supernumerary) 	25 	33
National Institute of Technology Calicut	Architecture (5 Years, Bachelor of Architecture) 	OS 	OPEN 	Gender-Neutral 	2 	289
National Institute of Technology Calicut	Architecture (5 Years, Bachelor of Architecture) 	OS 	OPEN 	Female-only (including Supernumerary) 	184 	210
National Institute of Technology Calicut	Bio Technology (4 Years, Bachelor of Technology) 	HS 	OPEN 	Gender-Neutral 	33627 	41439
National Institute of Technology Calicut	Bio Technology (4 Years, Bachelor of Technology) 	HS 	OPEN 	Female-only (including Supernumerary) 	42545 	44519
National Institute of Technology Calicut	Bio Technology (4 Years, Bachelor of Technology) 	OS 	OPEN 	Gender-Neutral 	30697 	35514
National Institute of Technology Calicut	Bio Technology (4 Years, Bachelor of Technology) 	OS 	OPEN 	Female-only (including Supernumerary) 	42632 	42632
National Institute of Technology Calicut	Chemical Engineering (4 Years, Bachelor of Technology) 	HS 	OPEN 	Gender-Neutral 	19561 	26665
National Institute of Technology Calicut	Chemical Engineering (4 Years, Bachelor of Technology) 	HS 	OPEN 	Female-only (including Supernumerary) 	22939 	36757
National Institute of Technology Calicut	Chemical Engineering (4 Years, Bachelor of Technology) 	OS 	OPEN 	Gender-Neutral 	18040 	26282
National Institute of Technology Calicut	Chemical Engineering (4 Years, Bachelor of Technology) 	OS 	OPEN 	Female-only (including Supernumerary) 	26381 	37492
National Institute of Technology Calicut	Civil Engineering (4 Years, Bachelor of Technology) 	HS 	OPEN 	Gender-Neutral 	26878 	41708
National Institute of Technology Calicut	Civil Engineering (4 Years, Bachelor of Technology) 	HS 	OPEN 	Female-only (including Supernumerary) 	29021 	41612
National Institute of Technology Calicut	Civil Engineering (4 Years, Bachelor of Technology) 	OS 	OPEN 	Gender-Neutral 	25366 	32686
National Institute of Technology Calicut	Civil Engineering (4 Years, Bachelor of Technology) 	OS 	OPEN 	Female-only (including Supernumerary) 	41048 	44379
National Institute of Technology Calicut	Computer Science and Engineering (4 Years, Bachelor of Technology) 	HS 	OPEN 	Gender-Neutral 	2998 	8428
National Institute of Technology Calicut	Computer Science and Engineering (4 Years, Bachelor of Technology) 	HS 	OPEN 	Female-only (including Supernumerary) 	7893 	12242
National Institute of Technology Calicut	Computer Science and Engineering (4 Years, Bachelor of Technology) 	OS 	OPEN 	Gender-Neutral 	3651 	5222
National Institute of Technology Calicut	Computer Science and Engineering (4 Years, Bachelor of Technology) 	OS 	OPEN 	Female-only (including Supernumerary) 	5857 	8205
National Institute of Technology Calicut	Electrical and Electronics Engineering (4 Years, Bachelor of Technology) 	HS 	OPEN 	Gender-Neutral 	12947 	16349
National Institute of Technology Calicut	Electrical and Electronics Engineering (4 Years, Bachelor of Technology) 	HS 	OPEN 	Female-only (including Supernumerary) 	17132 	19667
National Institute of Technology Calicut	Electrical and Electronics Engineering (4 Years, Bachelor of Technology) 	OS 	OPEN 	Gender-Neutral 	8581 	11727
National Institute of Technology Calicut	Electrical and Electronics Engineering (4 Years, Bachelor of Technology) 	OS 	OPEN 	Female-only (including Supernumerary) 	15495 	21093
National Institute of Technology Calicut	Electronics and Communication Engineering (4 Years, Bachelor of Technology) 	HS 	OPEN 	Gender-Neutral 	6338 	12693
National Institute of Technology Calicut	Electronics and Communication Engineering (4 Years, Bachelor of Technology) 	HS 	OPEN 	Female-only (including Supernumerary) 	12112 	16350
National Institute of Technology Calicut	Electronics and Communication Engineering (4 Years, Bachelor of Technology) 	OS 	OPEN 	Gender-Neutral 	6272 	8314
National Institute of Technology Calicut	Electronics and Communication Engineering (4 Years, Bachelor of Technology) 	OS 	OPEN 	Female-only (including Supernumerary) 	11032 	12856
National Institute of Technology Calicut	Energy Engineering (4 Years, Bachelor of Technology) 	HS 	OPEN 	Gender-Neutral 	27332 	29616
National Institute of Technology Calicut	Energy Engineering (4 Years, Bachelor of Technology) 	HS 	OPEN 	Female-only (including Supernumerary) 	43840 	44450
National Institute of Technology Calicut	Energy Engineering (4 Years, Bachelor of Technology) 	OS 	OPEN 	Gender-Neutral 	14191 	25927
National Institute of Technology Calicut	Energy Engineering (4 Years, Bachelor of Technology) 	OS 	OPEN 	Female-only (including Supernumerary) 	31203 	31203
National Institute of Technology Calicut	Engineering Physics (4 Years, Bachelor of Technology) 	HS 	OPEN 	Gender-Neutral 	17872 	21952
National Institute of Technology Calicut	Engineering Physics (4 Years, Bachelor of Technology) 	HS 	OPEN 	Female-only (including Supernumerary) 	19791 	24211
National Institute of Technology Calicut	Engineering Physics (4 Years, Bachelor of Technology) 	OS 	OPEN 	Gender-Neutral 	13873 	17056
National Institute of Technology Calicut	Engineering Physics (4 Years, Bachelor of Technology) 	OS 	OPEN 	Female-only (including Supernumerary) 	28879 	28879
National Institute of Technology Calicut	Materials Science and Engineering (4 Years, Bachelor of Technology) 	HS 	OPEN 	Gender-Neutral 	30846 	38319
National Institute of Technology Calicut	Materials Science and Engineering (4 Years, Bachelor of Technology) 	HS 	OPEN 	Female-only (including Supernumerary) 	40202 	40202
National Institute of Technology Calicut	Materials Science and Engineering (4 Years, Bachelor of Technology) 	OS 	OPEN 	Gender-Neutral 	28592 	30375
National Institute of Technology Calicut	Materials Science and Engineering (4 Years, Bachelor of Technology) 	OS 	OPEN 	Female-only (including Supernumerary) 	45503 	45503
National Institute of Technology Calicut	Mechanical Engineering (4 Years, Bachelor of Technology) 	HS 	OPEN 	Gender-Neutral 	13760 	21336
National Institute of Technology Calicut	Mechanical Engineering (4 Years, Bachelor of Technology) 	HS 	OPEN 	Female-only (including Supernumerary) 	23802 	36632
National Institute of Technology Calicut	Mechanical Engineering (4 Years, Bachelor of Technology) 	OS 	OPEN 	Gender-Neutral 	10576 	19452
National Institute of Technology Calicut	Mechanical Engineering (4 Years, Bachelor of Technology) 	OS 	OPEN 	Female-only (including Supernumerary) 	24217 	30678
National Institute of Technology Calicut	Production Engineering (4 Years, Bachelor of Technology) 	HS 	OPEN 	Gender-Neutral 	28358 	36474
National Institute of Technology Calicut	Production Engineering (4 Years, Bachelor of Technology) 	HS 	OPEN 	Female-only (including Supernumerary) 	39555 	41763
National Institute of Technology Calicut	Production Engineering (4 Years, Bachelor of Technology) 	OS 	OPEN 	Gender-Neutral 	29008 	36080
National Institute of Technology Calicut	Production Engineering (4 Years, Bachelor of Technology) 	OS 	OPEN 	Female-only (including Supernumerary) 	38828 	41473
National Institute of Technology Delhi	Aerospace Engineering (4 Years, Bachelor of Technology) 	HS 	OPEN 	Gender-Neutral 	19361 	21452
National Institute of Technology Delhi	Aerospace Engineering (4 Years, Bachelor of Technology) 	HS 	OPEN 	Female-only (including Supernumerary) 	38825 	38825
National Institute of Technology Delhi	Aerospace Engineering (4 Years, Bachelor of Technology) 	OS 	OPEN 	Gender-Neutral 	10101 	13389
National Institute of Technology Delhi	Aerospace Engineering (4 Years, Bachelor of Technology) 	OS 	OPEN 	Female-only (including Supernumerary) 	17050 	17050
National Institute of Technology Delhi	Artificial Intelligence and Data Science (4 Years, Bachelor of Technology) 	HS 	OPEN 	Gender-Neutral 	10421 	11212
National Institute of Technology Delhi	Artificial Intelligence and Data Science (4 Years, Bachelor of Technology) 	HS 	OPEN 	Female-only (including Supernumerary) 	20642 	20642
National Institute of Technology Delhi	Artificial Intelligence and Data Science (4 Years, Bachelor of Technology) 	OS 	OPEN 	Gender-Neutral 	6610 	6896
National Institute of Technology Delhi	Artificial Intelligence and Data Science (4 Years, Bachelor of Technology) 	OS 	OPEN 	Female-only (including Supernumerary) 	15694 	15694
National Institute of Technology Delhi	Civil Engineering (4 Years, Bachelor of Technology) 	HS 	OPEN 	Gender-Neutral 	32850 	36027
National Institute of Technology Delhi	Civil Engineering (4 Years, Bachelor of Technology) 	HS 	OPEN 	Female-only (including Supernumerary) 	59371 	59371
National Institute of Technology Delhi	Civil Engineering (4 Years, Bachelor of Technology) 	OS 	OPEN 	Gender-Neutral 	21111 	27647
National Institute of Technology Delhi	Civil Engineering (4 Years, Bachelor of Technology) 	OS 	OPEN 	Female-only (including Supernumerary) 	30069 	30069
National Institute of Technology Delhi	Computer Science and Engineering (4 Years, Bachelor of Technology) 	HS 	OPEN 	Gender-Neutral 	7451 	10165
National Institute of Technology Delhi	Computer Science and Engineering (4 Years, Bachelor of Technology) 	HS 	OPEN 	Female-only (including Supernumerary) 	11266 	18497
National Institute of Technology Delhi	Computer Science and Engineering (4 Years, Bachelor of Technology) 	OS 	OPEN 	Gender-Neutral 	2363 	7651
National Institute of Technology Delhi	Computer Science and Engineering (4 Years, Bachelor of Technology) 	OS 	OPEN 	Female-only (including Supernumerary) 	4930 	15361
National Institute of Technology Delhi	Electrical Engineering (4 Years, Bachelor of Technology) 	HS 	OPEN 	Gender-Neutral 	16605 	21491
National Institute of Technology Delhi	Electrical Engineering (4 Years, Bachelor of Technology) 	HS 	OPEN 	Female-only (including Supernumerary) 	39526 	40113
National Institute of Technology Delhi	Electrical Engineering (4 Years, Bachelor of Technology) 	OS 	OPEN 	Gender-Neutral 	12583 	15718
National Institute of Technology Delhi	Electrical Engineering (4 Years, Bachelor of Technology) 	OS 	OPEN 	Female-only (including Supernumerary) 	22961 	26048
National Institute of Technology Delhi	Electronics and Communication Engineering (4 Years, Bachelor of Technology) 	HS 	OPEN 	Gender-Neutral 	11123 	15523
National Institute of Technology Delhi	Electronics and Communication Engineering (4 Years, Bachelor of Technology) 	HS 	OPEN 	Female-only (including Supernumerary) 	23372 	27834
National Institute of Technology Delhi	Electronics and Communication Engineering (4 Years, Bachelor of Technology) 	OS 	OPEN 	Gender-Neutral 	3817 	10909
National Institute of Technology Delhi	Electronics and Communication Engineering (4 Years, Bachelor of Technology) 	OS 	OPEN 	Female-only (including Supernumerary) 	15910 	18083
National Institute of Technology Delhi	Mechanical Engineering (4 Years, Bachelor of Technology) 	HS 	OPEN 	Gender-Neutral 	15878 	28430
National Institute of Technology Delhi	Mechanical Engineering (4 Years, Bachelor of Technology) 	HS 	OPEN 	Female-only (including Supernumerary) 	43085 	54605
National Institute of Technology Delhi	Mechanical Engineering (4 Years, Bachelor of Technology) 	OS 	OPEN 	Gender-Neutral 	16336 	21049
National Institute of Technology Delhi	Mechanical Engineering (4 Years, Bachelor of Technology) 	OS 	OPEN 	Female-only (including Supernumerary) 	22256 	22256
National Institute of Technology Delhi	VLSI Design and Technology (4 Years, Bachelor of Technology) 	HS 	OPEN 	Gender-Neutral 	14823 	16548
National Institute of Technology Delhi	VLSI Design and Technology (4 Years, Bachelor of Technology) 	HS 	OPEN 	Female-only (including Supernumerary) 	31187 	31187
National Institute of Technology Delhi	VLSI Design and Technology (4 Years, Bachelor of Technology) 	OS 	OPEN 	Gender-Neutral 	11918 	12972
National Institute of Technology Delhi	VLSI Design and Technology (4 Years, Bachelor of Technology) 	OS 	OPEN 	Female-only (including Supernumerary) 	20667 	20667
National Institute of Technology Durgapur	B.Tech in Mathematics and Computing (4 Years, Bachelor of Technology) 	HS 	OPEN 	Gender-Neutral 	11788 	14160
National Institute of Technology Durgapur	B.Tech in Mathematics and Computing (4 Years, Bachelor of Technology) 	HS 	OPEN 	Female-only (including Supernumerary) 	20197 	21693
National Institute of Technology Durgapur	B.Tech in Mathematics and Computing (4 Years, Bachelor of Technology) 	OS 	OPEN 	Gender-Neutral 	10449 	13340
National Institute of Technology Durgapur	B.Tech in Mathematics and Computing (4 Years, Bachelor of Technology) 	OS 	OPEN 	Female-only (including Supernumerary) 	19393 	22915
National Institute of Technology Durgapur	Bio Technology (4 Years, Bachelor of Technology) 	HS 	OPEN 	Gender-Neutral 	36752 	52812
National Institute of Technology Durgapur	Bio Technology (4 Years, Bachelor of Technology) 	HS 	OPEN 	Female-only (including Supernumerary) 	48116 	54199
National Institute of Technology Durgapur	Bio Technology (4 Years, Bachelor of Technology) 	OS 	OPEN 	Gender-Neutral 	37549 	48052
National Institute of Technology Durgapur	Bio Technology (4 Years, Bachelor of Technology) 	OS 	OPEN 	Female-only (including Supernumerary) 	48521 	50357
National Institute of Technology Durgapur	Biotechnology (5 Years, Bachelor and Master of Technology (Dual Degree)) 	HS 	OPEN 	Gender-Neutral 	52931 	52931
National Institute of Technology Durgapur	Biotechnology (5 Years, Bachelor and Master of Technology (Dual Degree)) 	OS 	OPEN 	Gender-Neutral 	47984 	49920
National Institute of Technology Durgapur	Chemical Engineering (4 Years, Bachelor of Technology) 	HS 	OPEN 	Gender-Neutral 	30481 	37802
National Institute of Technology Durgapur	Chemical Engineering (4 Years, Bachelor of Technology) 	HS 	OPEN 	Female-only (including Supernumerary) 	36240 	40520
National Institute of Technology Durgapur	Chemical Engineering (4 Years, Bachelor of Technology) 	OS 	OPEN 	Gender-Neutral 	25470 	33937
National Institute of Technology Durgapur	Chemical Engineering (4 Years, Bachelor of Technology) 	OS 	OPEN 	Female-only (including Supernumerary) 	42466 	49343
National Institute of Technology Durgapur	Chemical Engineering (5 Years, Bachelor and Master of Technology (Dual Degree)) 	HS 	OPEN 	Gender-Neutral 	38579 	39414
National Institute of Technology Durgapur	Chemical Engineering (5 Years, Bachelor and Master of Technology (Dual Degree)) 	OS 	OPEN 	Gender-Neutral 	36842 	36842
National Institute of Technology Durgapur	Chemical Engineering (5 Years, Bachelor and Master of Technology (Dual Degree)) 	OS 	OPEN 	Female-only (including Supernumerary) 	50846 	50846
National Institute of Technology Durgapur	Chemistry (5 Years, Integrated Master of Science) 	HS 	OPEN 	Gender-Neutral 	55560 	58659
National Institute of Technology Durgapur	Chemistry (5 Years, Integrated Master of Science) 	HS 	OPEN 	Female-only (including Supernumerary) 	77015 	77015
National Institute of Technology Durgapur	Chemistry (5 Years, Integrated Master of Science) 	OS 	OPEN 	Gender-Neutral 	50995 	55165
National Institute of Technology Durgapur	Chemistry (5 Years, Integrated Master of Science) 	OS 	OPEN 	Female-only (including Supernumerary) 	52372 	52372
National Institute of Technology Durgapur	Civil Engineering (4 Years, Bachelor of Technology) 	HS 	OPEN 	Gender-Neutral 	36902 	45938
National Institute of Technology Durgapur	Civil Engineering (4 Years, Bachelor of Technology) 	HS 	OPEN 	Female-only (including Supernumerary) 	51952 	54965
National Institute of Technology Durgapur	Civil Engineering (4 Years, Bachelor of Technology) 	OS 	OPEN 	Gender-Neutral 	30006 	40941
National Institute of Technology Durgapur	Civil Engineering (4 Years, Bachelor of Technology) 	OS 	OPEN 	Female-only (including Supernumerary) 	44011 	54243
National Institute of Technology Durgapur	Computer Science and Engineering (4 Years, Bachelor of Technology) 	HS 	OPEN 	Gender-Neutral 	3827 	11587
National Institute of Technology Durgapur	Computer Science and Engineering (4 Years, Bachelor of Technology) 	HS 	OPEN 	Female-only (including Supernumerary) 	10295 	15789
National Institute of Technology Durgapur	Computer Science and Engineering (4 Years, Bachelor of Technology) 	OS 	OPEN 	Gender-Neutral 	6565 	9836
National Institute of Technology Durgapur	Computer Science and Engineering (4 Years, Bachelor of Technology) 	OS 	OPEN 	Female-only (including Supernumerary) 	12190 	16484
National Institute of Technology Durgapur	Electrical Engineering (4 Years, Bachelor of Technology) 	HS 	OPEN 	Gender-Neutral 	11783 	21358
National Institute of Technology Durgapur	Electrical Engineering (4 Years, Bachelor of Technology) 	HS 	OPEN 	Female-only (including Supernumerary) 	25959 	28348
National Institute of Technology Durgapur	Electrical Engineering (4 Years, Bachelor of Technology) 	OS 	OPEN 	Gender-Neutral 	14671 	19972
National Institute of Technology Durgapur	Electrical Engineering (4 Years, Bachelor of Technology) 	OS 	OPEN 	Female-only (including Supernumerary) 	28568 	30762
National Institute of Technology Durgapur	Electronics and Communication Engineering (4 Years, Bachelor of Technology) 	HS 	OPEN 	Gender-Neutral 	5577 	16672
National Institute of Technology Durgapur	Electronics and Communication Engineering (4 Years, Bachelor of Technology) 	HS 	OPEN 	Female-only (including Supernumerary) 	19068 	23724
National Institute of Technology Durgapur	Electronics and Communication Engineering (4 Years, Bachelor of Technology) 	OS 	OPEN 	Gender-Neutral 	9883 	13888
National Institute of Technology Durgapur	Electronics and Communication Engineering (4 Years, Bachelor of Technology) 	OS 	OPEN 	Female-only (including Supernumerary) 	19431 	21668
National Institute of Technology Durgapur	Mechanical Engineering (4 Years, Bachelor of Technology) 	HS 	OPEN 	Gender-Neutral 	21285 	33709
National Institute of Technology Durgapur	Mechanical Engineering (4 Years, Bachelor of Technology) 	HS 	OPEN 	Female-only (including Supernumerary) 	34335 	48925
National Institute of Technology Durgapur	Mechanical Engineering (4 Years, Bachelor of Technology) 	OS 	OPEN 	Gender-Neutral 	21034 	29158
National Institute of Technology Durgapur	Mechanical Engineering (4 Years, Bachelor of Technology) 	OS 	OPEN 	Female-only (including Supernumerary) 	38519 	47565
National Institute of Technology Durgapur	Metallurgical and Materials Engineering (4 Years, Bachelor of Technology) 	HS 	OPEN 	Gender-Neutral 	38245 	45449
National Institute of Technology Durgapur	Metallurgical and Materials Engineering (4 Years, Bachelor of Technology) 	HS 	OPEN 	Female-only (including Supernumerary) 	54941 	58984
National Institute of Technology Durgapur	Metallurgical and Materials Engineering (4 Years, Bachelor of Technology) 	OS 	OPEN 	Gender-Neutral 	31811 	44560
National Institute of Technology Durgapur	Metallurgical and Materials Engineering (4 Years, Bachelor of Technology) 	OS 	OPEN 	Female-only (including Supernumerary) 	53006 	57869
National Institute of Technology Goa	Civil Engineering (4 Years, Bachelor of Technology) 	GO 	OPEN 	Gender-Neutral 	108732 	114549
National Institute of Technology Goa	Civil Engineering (4 Years, Bachelor of Technology) 	GO 	OPEN 	Female-only (including Supernumerary) 	178350 	178350
National Institute of Technology Goa	Civil Engineering (4 Years, Bachelor of Technology) 	HS 	OPEN 	Gender-Neutral 	108193 	108193
National Institute of Technology Goa	Civil Engineering (4 Years, Bachelor of Technology) 	HS 	OPEN 	Female-only (including Supernumerary) 	168183 	168183
National Institute of Technology Goa	Civil Engineering (4 Years, Bachelor of Technology) 	OS 	OPEN 	Gender-Neutral 	39991 	45845
National Institute of Technology Goa	Civil Engineering (4 Years, Bachelor of Technology) 	OS 	OPEN 	Female-only (including Supernumerary) 	48752 	51638
National Institute of Technology Goa	Computer Science and Engineering (4 Years, Bachelor of Technology) 	GO 	OPEN 	Gender-Neutral 	24829 	27338
National Institute of Technology Goa	Computer Science and Engineering (4 Years, Bachelor of Technology) 	GO 	OPEN 	Female-only (including Supernumerary) 	49649 	70677
National Institute of Technology Goa	Computer Science and Engineering (4 Years, Bachelor of Technology) 	HS 	OPEN 	Gender-Neutral 	15961 	16198
National Institute of Technology Goa	Computer Science and Engineering (4 Years, Bachelor of Technology) 	OS 	OPEN 	Gender-Neutral 	10279 	13640
National Institute of Technology Goa	Computer Science and Engineering (4 Years, Bachelor of Technology) 	OS 	OPEN 	Female-only (including Supernumerary) 	16957 	16957
National Institute of Technology Goa	Electrical and Electronics Engineering (4 Years, Bachelor of Technology) 	GO 	OPEN 	Gender-Neutral 	46269 	90522
National Institute of Technology Goa	Electrical and Electronics Engineering (4 Years, Bachelor of Technology) 	GO 	OPEN 	Female-only (including Supernumerary) 	81421 	81421
National Institute of Technology Goa	Electrical and Electronics Engineering (4 Years, Bachelor of Technology) 	HS 	OPEN 	Gender-Neutral 	41813 	41813
National Institute of Technology Goa	Electrical and Electronics Engineering (4 Years, Bachelor of Technology) 	HS 	OPEN 	Female-only (including Supernumerary) 	81915 	81915
National Institute of Technology Goa	Electrical and Electronics Engineering (4 Years, Bachelor of Technology) 	OS 	OPEN 	Gender-Neutral 	17847 	23358
National Institute of Technology Goa	Electrical and Electronics Engineering (4 Years, Bachelor of Technology) 	OS 	OPEN 	Female-only (including Supernumerary) 	33040 	33936
National Institute of Technology Goa	Electronics and Communication Engineering (4 Years, Bachelor of Technology) 	GO 	OPEN 	Gender-Neutral 	33056 	45337
National Institute of Technology Goa	Electronics and Communication Engineering (4 Years, Bachelor of Technology) 	GO 	OPEN 	Female-only (including Supernumerary) 	73683 	80052
National Institute of Technology Goa	Electronics and Communication Engineering (4 Years, Bachelor of Technology) 	HS 	OPEN 	Gender-Neutral 	29059 	31764
National Institute of Technology Goa	Electronics and Communication Engineering (4 Years, Bachelor of Technology) 	OS 	OPEN 	Gender-Neutral 	15439 	17673
National Institute of Technology Goa	Electronics and Communication Engineering (4 Years, Bachelor of Technology) 	OS 	OPEN 	Female-only (including Supernumerary) 	20625 	20848
National Institute of Technology Goa	Mechanical Engineering (4 Years, Bachelor of Technology) 	GO 	OPEN 	Gender-Neutral 	32417 	64851
National Institute of Technology Goa	Mechanical Engineering (4 Years, Bachelor of Technology) 	GO 	OPEN 	Female-only (including Supernumerary) 	138584 	138584
National Institute of Technology Goa	Mechanical Engineering (4 Years, Bachelor of Technology) 	HS 	OPEN 	Gender-Neutral 	44999 	44999
National Institute of Technology Goa	Mechanical Engineering (4 Years, Bachelor of Technology) 	OS 	OPEN 	Gender-Neutral 	26157 	32890
National Institute of Technology Goa	Mechanical Engineering (4 Years, Bachelor of Technology) 	OS 	OPEN 	Female-only (including Supernumerary) 	48713 	48713
National Institute of Technology Hamirpur	Architecture (5 Years, Bachelor of Architecture) 	HS 	OPEN 	Gender-Neutral 	2610 	7861
National Institute of Technology Hamirpur	Architecture (5 Years, Bachelor of Architecture) 	HS 	OPEN 	Female-only (including Supernumerary) 	197 	1959
National Institute of Technology Hamirpur	Architecture (5 Years, Bachelor of Architecture) 	OS 	OPEN 	Gender-Neutral 	666 	1173
National Institute of Technology Hamirpur	Architecture (5 Years, Bachelor of Architecture) 	OS 	OPEN 	Female-only (including Supernumerary) 	609 	987
National Institute of Technology Hamirpur	Chemical Engineering (4 Years, Bachelor of Technology) 	HS 	OPEN 	Gender-Neutral 	70996 	91171
National Institute of Technology Hamirpur	Chemical Engineering (4 Years, Bachelor of Technology) 	HS 	OPEN 	Female-only (including Supernumerary) 	75372 	93980
National Institute of Technology Hamirpur	Chemical Engineering (4 Years, Bachelor of Technology) 	OS 	OPEN 	Gender-Neutral 	34108 	40460
National Institute of Technology Hamirpur	Chemical Engineering (4 Years, Bachelor of Technology) 	OS 	OPEN 	Female-only (including Supernumerary) 	46841 	52053
National Institute of Technology Hamirpur	Civil Engineering (4 Years, Bachelor of Technology) 	HS 	OPEN 	Gender-Neutral 	49980 	112244
National Institute of Technology Hamirpur	Civil Engineering (4 Years, Bachelor of Technology) 	HS 	OPEN 	Female-only (including Supernumerary) 	84534 	111972
National Institute of Technology Hamirpur	Civil Engineering (4 Years, Bachelor of Technology) 	OS 	OPEN 	Gender-Neutral 	42537 	47577
National Institute of Technology Hamirpur	Civil Engineering (4 Years, Bachelor of Technology) 	OS 	OPEN 	Female-only (including Supernumerary) 	52959 	57755
National Institute of Technology Hamirpur	Computer Science and Engineering (4 Years, Bachelor of Technology) 	HS 	OPEN 	Gender-Neutral 	12928 	22394
National Institute of Technology Hamirpur	Computer Science and Engineering (4 Years, Bachelor of Technology) 	HS 	OPEN 	Female-only (including Supernumerary) 	16106 	30714
National Institute of Technology Hamirpur	Computer Science and Engineering (4 Years, Bachelor of Technology) 	OS 	OPEN 	Gender-Neutral 	9637 	12586
National Institute of Technology Hamirpur	Computer Science and Engineering (4 Years, Bachelor of Technology) 	OS 	OPEN 	Female-only (including Supernumerary) 	16950 	20822
National Institute of Technology Hamirpur	Computer Science and Engineering (5 Years, Bachelor and Master of Technology (Dual Degree)) 	HS 	OPEN 	Gender-Neutral 	24000 	26321
National Institute of Technology Hamirpur	Computer Science and Engineering (5 Years, Bachelor and Master of Technology (Dual Degree)) 	HS 	OPEN 	Female-only (including Supernumerary) 	40875 	40875
National Institute of Technology Hamirpur	Computer Science and Engineering (5 Years, Bachelor and Master of Technology (Dual Degree)) 	OS 	OPEN 	Gender-Neutral 	10906 	14474
National Institute of Technology Hamirpur	Computer Science and Engineering (5 Years, Bachelor and Master of Technology (Dual Degree)) 	OS 	OPEN 	Female-only (including Supernumerary) 	24521 	24521
National Institute of Technology Hamirpur	Electrical Engineering (4 Years, Bachelor of Technology) 	HS 	OPEN 	Gender-Neutral 	37806 	58330
National Institute of Technology Hamirpur	Electrical Engineering (4 Years, Bachelor of Technology) 	HS 	OPEN 	Female-only (including Supernumerary) 	64077 	75321
National Institute of Technology Hamirpur	Electrical Engineering (4 Years, Bachelor of Technology) 	OS 	OPEN 	Gender-Neutral 	20862 	25590
National Institute of Technology Hamirpur	Electrical Engineering (4 Years, Bachelor of Technology) 	OS 	OPEN 	Female-only (including Supernumerary) 	35215 	38413
National Institute of Technology Hamirpur	Electronics and Communication Engineering (4 Years, Bachelor of Technology) 	HS 	OPEN 	Gender-Neutral 	28938 	45099
National Institute of Technology Hamirpur	Electronics and Communication Engineering (4 Years, Bachelor of Technology) 	HS 	OPEN 	Female-only (including Supernumerary) 	34004 	43999
National Institute of Technology Hamirpur	Electronics and Communication Engineering (4 Years, Bachelor of Technology) 	OS 	OPEN 	Gender-Neutral 	14946 	18733
National Institute of Technology Hamirpur	Electronics and Communication Engineering (4 Years, Bachelor of Technology) 	OS 	OPEN 	Female-only (including Supernumerary) 	25972 	29052
National Institute of Technology Hamirpur	Electronics and Communication Engineering (5 Years, Bachelor and Master of Technology (Dual Degree)) 	HS 	OPEN 	Gender-Neutral 	41707 	47782
National Institute of Technology Hamirpur	Electronics and Communication Engineering (5 Years, Bachelor and Master of Technology (Dual Degree)) 	HS 	OPEN 	Female-only (including Supernumerary) 	69292 	69292
National Institute of Technology Hamirpur	Electronics and Communication Engineering (5 Years, Bachelor and Master of Technology (Dual Degree)) 	OS 	OPEN 	Gender-Neutral 	18612 	21593
National Institute of Technology Hamirpur	Electronics and Communication Engineering (5 Years, Bachelor and Master of Technology (Dual Degree)) 	OS 	OPEN 	Female-only (including Supernumerary) 	31837 	31837
National Institute of Technology Hamirpur	Engineering Physics (4 Years, Bachelor of Technology) 	HS 	OPEN 	Gender-Neutral 	78066 	114049
National Institute of Technology Hamirpur	Engineering Physics (4 Years, Bachelor of Technology) 	HS 	OPEN 	Female-only (including Supernumerary) 	114889 	139283
National Institute of Technology Hamirpur	Engineering Physics (4 Years, Bachelor of Technology) 	OS 	OPEN 	Gender-Neutral 	26670 	40002
National Institute of Technology Hamirpur	Engineering Physics (4 Years, Bachelor of Technology) 	OS 	OPEN 	Female-only (including Supernumerary) 	42279 	43450
National Institute of Technology Hamirpur	Materials Science and Engineering (4 Years, Bachelor of Technology) 	HS 	OPEN 	Gender-Neutral 	74272 	117169
National Institute of Technology Hamirpur	Materials Science and Engineering (4 Years, Bachelor of Technology) 	HS 	OPEN 	Female-only (including Supernumerary) 	99169 	139651
National Institute of Technology Hamirpur	Materials Science and Engineering (4 Years, Bachelor of Technology) 	OS 	OPEN 	Gender-Neutral 	41765 	47285
National Institute of Technology Hamirpur	Materials Science and Engineering (4 Years, Bachelor of Technology) 	OS 	OPEN 	Female-only (including Supernumerary) 	53403 	53403
National Institute of Technology Hamirpur	Mathematics and Computing (4 Years, Bachelor of Technology) 	HS 	OPEN 	Gender-Neutral 	23646 	33284
National Institute of Technology Hamirpur	Mathematics and Computing (4 Years, Bachelor of Technology) 	HS 	OPEN 	Female-only (including Supernumerary) 	45810 	51830
National Institute of Technology Hamirpur	Mathematics and Computing (4 Years, Bachelor of Technology) 	OS 	OPEN 	Gender-Neutral 	14506 	16238
National Institute of Technology Hamirpur	Mathematics and Computing (4 Years, Bachelor of Technology) 	OS 	OPEN 	Female-only (including Supernumerary) 	26114 	26813
National Institute of Technology Hamirpur	Mechanical Engineering (4 Years, Bachelor of Technology) 	HS 	OPEN 	Gender-Neutral 	52785 	73871
National Institute of Technology Hamirpur	Mechanical Engineering (4 Years, Bachelor of Technology) 	HS 	OPEN 	Female-only (including Supernumerary) 	78983 	132909
National Institute of Technology Hamirpur	Mechanical Engineering (4 Years, Bachelor of Technology) 	OS 	OPEN 	Gender-Neutral 	28877 	36258
National Institute of Technology Hamirpur	Mechanical Engineering (4 Years, Bachelor of Technology) 	OS 	OPEN 	Female-only (including Supernumerary) 	48920 	52199
National Institute of Technology Karnataka, Surathkal	Artificial Intelligence (4 Years, Bachelor of Technology) 	HS 	OPEN 	Gender-Neutral 	2815 	3579
National Institute of Technology Karnataka, Surathkal	Artificial Intelligence (4 Years, Bachelor of Technology) 	HS 	OPEN 	Female-only (including Supernumerary) 	8949 	10004
National Institute of Technology Karnataka, Surathkal	Artificial Intelligence (4 Years, Bachelor of Technology) 	OS 	OPEN 	Gender-Neutral 	2060 	2650
National Institute of Technology Karnataka, Surathkal	Artificial Intelligence (4 Years, Bachelor of Technology) 	OS 	OPEN 	Female-only (including Supernumerary) 	3987 	3987
National Institute of Technology Karnataka, Surathkal	Chemical Engineering (4 Years, Bachelor of Technology) 	HS 	OPEN 	Gender-Neutral 	13591 	18581
National Institute of Technology Karnataka, Surathkal	Chemical Engineering (4 Years, Bachelor of Technology) 	HS 	OPEN 	Female-only (including Supernumerary) 	19450 	25773
National Institute of Technology Karnataka, Surathkal	Chemical Engineering (4 Years, Bachelor of Technology) 	OS 	OPEN 	Gender-Neutral 	11287 	13477
National Institute of Technology Karnataka, Surathkal	Chemical Engineering (4 Years, Bachelor of Technology) 	OS 	OPEN 	Female-only (including Supernumerary) 	20895 	21464
National Institute of Technology Karnataka, Surathkal	Civil Engineering (4 Years, Bachelor of Technology) 	HS 	OPEN 	Gender-Neutral 	15759 	28252
National Institute of Technology Karnataka, Surathkal	Civil Engineering (4 Years, Bachelor of Technology) 	HS 	OPEN 	Female-only (including Supernumerary) 	27597 	41388
National Institute of Technology Karnataka, Surathkal	Civil Engineering (4 Years, Bachelor of Technology) 	OS 	OPEN 	Gender-Neutral 	10550 	22901
National Institute of Technology Karnataka, Surathkal	Civil Engineering (4 Years, Bachelor of Technology) 	OS 	OPEN 	Female-only (including Supernumerary) 	28488 	34014
National Institute of Technology Karnataka, Surathkal	Computational and Data Science (4 Years, Bachelor of Technology) 	HS 	OPEN 	Gender-Neutral 	3935 	4805
National Institute of Technology Karnataka, Surathkal	Computational and Data Science (4 Years, Bachelor of Technology) 	HS 	OPEN 	Female-only (including Supernumerary) 	6453 	6453
National Institute of Technology Karnataka, Surathkal	Computational and Data Science (4 Years, Bachelor of Technology) 	OS 	OPEN 	Gender-Neutral 	3026 	3471
National Institute of Technology Karnataka, Surathkal	Computational and Data Science (4 Years, Bachelor of Technology) 	OS 	OPEN 	Female-only (including Supernumerary) 	5131 	5131
National Institute of Technology Karnataka, Surathkal	Computer Science and Engineering (4 Years, Bachelor of Technology) 	HS 	OPEN 	Gender-Neutral 	1050 	2800
National Institute of Technology Karnataka, Surathkal	Computer Science and Engineering (4 Years, Bachelor of Technology) 	HS 	OPEN 	Female-only (including Supernumerary) 	511 	5752
National Institute of Technology Karnataka, Surathkal	Computer Science and Engineering (4 Years, Bachelor of Technology) 	OS 	OPEN 	Gender-Neutral 	1191 	1827
National Institute of Technology Karnataka, Surathkal	Computer Science and Engineering (4 Years, Bachelor of Technology) 	OS 	OPEN 	Female-only (including Supernumerary) 	3011 	3986
National Institute of Technology Karnataka, Surathkal	Electrical and Electronics Engineering (4 Years, Bachelor of Technology) 	HS 	OPEN 	Gender-Neutral 	5870 	7493
National Institute of Technology Karnataka, Surathkal	Electrical and Electronics Engineering (4 Years, Bachelor of Technology) 	HS 	OPEN 	Female-only (including Supernumerary) 	11154 	13968
National Institute of Technology Karnataka, Surathkal	Electrical and Electronics Engineering (4 Years, Bachelor of Technology) 	OS 	OPEN 	Gender-Neutral 	4787 	6872
National Institute of Technology Karnataka, Surathkal	Electrical and Electronics Engineering (4 Years, Bachelor of Technology) 	OS 	OPEN 	Female-only (including Supernumerary) 	8873 	11234
National Institute of Technology Karnataka, Surathkal	Electronics and Communication Engineering (4 Years, Bachelor of Technology) 	HS 	OPEN 	Gender-Neutral 	3415 	5573
National Institute of Technology Karnataka, Surathkal	Electronics and Communication Engineering (4 Years, Bachelor of Technology) 	HS 	OPEN 	Female-only (including Supernumerary) 	6539 	9286
National Institute of Technology Karnataka, Surathkal	Electronics and Communication Engineering (4 Years, Bachelor of Technology) 	OS 	OPEN 	Gender-Neutral 	2019 	4347
National Institute of Technology Karnataka, Surathkal	Electronics and Communication Engineering (4 Years, Bachelor of Technology) 	OS 	OPEN 	Female-only (including Supernumerary) 	6178 	7008
National Institute of Technology Karnataka, Surathkal	Information Technology (4 Years, Bachelor of Technology) 	HS 	OPEN 	Gender-Neutral 	3025 	4086
National Institute of Technology Karnataka, Surathkal	Information Technology (4 Years, Bachelor of Technology) 	HS 	OPEN 	Female-only (including Supernumerary) 	6323 	7056
National Institute of Technology Karnataka, Surathkal	Information Technology (4 Years, Bachelor of Technology) 	OS 	OPEN 	Gender-Neutral 	2132 	3160
National Institute of Technology Karnataka, Surathkal	Information Technology (4 Years, Bachelor of Technology) 	OS 	OPEN 	Female-only (including Supernumerary) 	5902 	6735
National Institute of Technology Karnataka, Surathkal	Mechanical Engineering (4 Years, Bachelor of Technology) 	HS 	OPEN 	Gender-Neutral 	7778 	12126
National Institute of Technology Karnataka, Surathkal	Mechanical Engineering (4 Years, Bachelor of Technology) 	HS 	OPEN 	Female-only (including Supernumerary) 	13972 	24186
National Institute of Technology Karnataka, Surathkal	Mechanical Engineering (4 Years, Bachelor of Technology) 	OS 	OPEN 	Gender-Neutral 	6485 	11950
National Institute of Technology Karnataka, Surathkal	Mechanical Engineering (4 Years, Bachelor of Technology) 	OS 	OPEN 	Female-only (including Supernumerary) 	14652 	20174
National Institute of Technology Karnataka, Surathkal	Metallurgical and Materials Engineering (4 Years, Bachelor of Technology) 	HS 	OPEN 	Gender-Neutral 	20060 	24264
National Institute of Technology Karnataka, Surathkal	Metallurgical and Materials Engineering (4 Years, Bachelor of Technology) 	HS 	OPEN 	Female-only (including Supernumerary) 	29117 	39535
National Institute of Technology Karnataka, Surathkal	Metallurgical and Materials Engineering (4 Years, Bachelor of Technology) 	OS 	OPEN 	Gender-Neutral 	16213 	22965
National Institute of Technology Karnataka, Surathkal	Metallurgical and Materials Engineering (4 Years, Bachelor of Technology) 	OS 	OPEN 	Female-only (including Supernumerary) 	27443 	29213
National Institute of Technology Karnataka, Surathkal	Mining Engineering (4 Years, Bachelor of Technology) 	HS 	OPEN 	Gender-Neutral 	30828 	39455
National Institute of Technology Karnataka, Surathkal	Mining Engineering (4 Years, Bachelor of Technology) 	HS 	OPEN 	Female-only (including Supernumerary) 	41970 	46883
National Institute of Technology Karnataka, Surathkal	Mining Engineering (4 Years, Bachelor of Technology) 	OS 	OPEN 	Gender-Neutral 	23987 	28750
National Institute of Technology Karnataka, Surathkal	Mining Engineering (4 Years, Bachelor of Technology) 	OS 	OPEN 	Female-only (including Supernumerary) 	41441 	50279
National Institute of Technology Meghalaya	Civil Engineering (4 Years, Bachelor of Technology) 	HS 	OPEN 	Gender-Neutral 	318381 	318381
National Institute of Technology Meghalaya	Civil Engineering (4 Years, Bachelor of Technology) 	HS 	OPEN 	Female-only (including Supernumerary) 	259481 	259481
National Institute of Technology Meghalaya	Civil Engineering (4 Years, Bachelor of Technology) 	OS 	OPEN 	Gender-Neutral 	32795 	52450
National Institute of Technology Meghalaya	Civil Engineering (4 Years, Bachelor of Technology) 	OS 	OPEN 	Female-only (including Supernumerary) 	69382 	69745
National Institute of Technology Meghalaya	Computer Science and Engineering (4 Years, Bachelor of Technology) 	HS 	OPEN 	Gender-Neutral 	59949 	59949
National Institute of Technology Meghalaya	Computer Science and Engineering (4 Years, Bachelor of Technology) 	HS 	OPEN 	Female-only (including Supernumerary) 	128954 	128954
National Institute of Technology Meghalaya	Computer Science and Engineering (4 Years, Bachelor of Technology) 	OS 	OPEN 	Gender-Neutral 	20712 	24074
National Institute of Technology Meghalaya	Computer Science and Engineering (4 Years, Bachelor of Technology) 	OS 	OPEN 	Female-only (including Supernumerary) 	37667 	37667
National Institute of Technology Meghalaya	Electrical and Electronics Engineering (4 Years, Bachelor of Technology) 	HS 	OPEN 	Gender-Neutral 	146012 	146012
National Institute of Technology Meghalaya	Electrical and Electronics Engineering (4 Years, Bachelor of Technology) 	HS 	OPEN 	Female-only (including Supernumerary) 	247266 	247266
National Institute of Technology Meghalaya	Electrical and Electronics Engineering (4 Years, Bachelor of Technology) 	OS 	OPEN 	Gender-Neutral 	36914 	43231
National Institute of Technology Meghalaya	Electrical and Electronics Engineering (4 Years, Bachelor of Technology) 	OS 	OPEN 	Female-only (including Supernumerary) 	54339 	54339
National Institute of Technology Meghalaya	Electronics and Communication Engineering (4 Years, Bachelor of Technology) 	HS 	OPEN 	Gender-Neutral 	81596 	146176
National Institute of Technology Meghalaya	Electronics and Communication Engineering (4 Years, Bachelor of Technology) 	HS 	OPEN 	Female-only (including Supernumerary) 	238430 	238430
National Institute of Technology Meghalaya	Electronics and Communication Engineering (4 Years, Bachelor of Technology) 	OS 	OPEN 	Gender-Neutral 	26842 	31476
National Institute of Technology Meghalaya	Electronics and Communication Engineering (4 Years, Bachelor of Technology) 	OS 	OPEN 	Female-only (including Supernumerary) 	50606 	50606
National Institute of Technology Meghalaya	Mechanical Engineering (4 Years, Bachelor of Technology) 	HS 	OPEN 	Gender-Neutral 	136427 	136427
National Institute of Technology Meghalaya	Mechanical Engineering (4 Years, Bachelor of Technology) 	HS 	OPEN 	Female-only (including Supernumerary) 	657703 	657703
National Institute of Technology Meghalaya	Mechanical Engineering (4 Years, Bachelor of Technology) 	OS 	OPEN 	Gender-Neutral 	43376 	47505
National Institute of Technology Meghalaya	Mechanical Engineering (4 Years, Bachelor of Technology) 	OS 	OPEN 	Female-only (including Supernumerary) 	58621 	58621
National Institute of Technology Nagaland	Civil Engineering (4 Years, Bachelor of Technology) 	OS 	OPEN 	Gender-Neutral 	55212 	60689
National Institute of Technology Nagaland	Civil Engineering (4 Years, Bachelor of Technology) 	OS 	OPEN 	Female-only (including Supernumerary) 	73722 	73722
National Institute of Technology Nagaland	Computer Science and Engineering (4 Years, Bachelor of Technology) 	OS 	OPEN 	Gender-Neutral 	32717 	39594
National Institute of Technology Nagaland	Computer Science and Engineering (4 Years, Bachelor of Technology) 	OS 	OPEN 	Female-only (including Supernumerary) 	48057 	52051
National Institute of Technology Nagaland	Electrical and Electronics Engineering (4 Years, Bachelor of Technology) 	OS 	OPEN 	Gender-Neutral 	48612 	50145
National Institute of Technology Nagaland	Electrical and Electronics Engineering (4 Years, Bachelor of Technology) 	OS 	OPEN 	Female-only (including Supernumerary) 	56736 	59372
National Institute of Technology Nagaland	Electronics and Communication Engineering (4 Years, Bachelor of Technology) 	OS 	OPEN 	Gender-Neutral 	37139 	44158
National Institute of Technology Nagaland	Electronics and Communication Engineering (4 Years, Bachelor of Technology) 	OS 	OPEN 	Female-only (including Supernumerary) 	52260 	55159
National Institute of Technology Nagaland	Electronics and Instrumentation Engineering (4 Years, Bachelor of Technology) 	OS 	OPEN 	Gender-Neutral 	39881 	53110
National Institute of Technology Nagaland	Electronics and Instrumentation Engineering (4 Years, Bachelor of Technology) 	OS 	OPEN 	Female-only (including Supernumerary) 	67982 	69562
National Institute of Technology Nagaland	Mechanical Engineering (4 Years, Bachelor of Technology) 	OS 	OPEN 	Gender-Neutral 	36722 	56813
National Institute of Technology Nagaland	Mechanical Engineering (4 Years, Bachelor of Technology) 	OS 	OPEN 	Female-only (including Supernumerary) 	69114 	75126
National Institute of Technology Patna	Architecture (5 Years, Bachelor of Architecture) 	HS 	OPEN 	Gender-Neutral 	1536 	4364
National Institute of Technology Patna	Architecture (5 Years, Bachelor of Architecture) 	HS 	OPEN 	Female-only (including Supernumerary) 	2438 	3246
National Institute of Technology Patna	Architecture (5 Years, Bachelor of Architecture) 	OS 	OPEN 	Gender-Neutral 	938 	1187
National Institute of Technology Patna	Architecture (5 Years, Bachelor of Architecture) 	OS 	OPEN 	Female-only (including Supernumerary) 	701 	1018
National Institute of Technology Patna	Artificial Intelligence and Data Science (4 Years, Bachelor of Technology) 	HS 	OPEN 	Gender-Neutral 	13233 	21207
National Institute of Technology Patna	Artificial Intelligence and Data Science (4 Years, Bachelor of Technology) 	HS 	OPEN 	Female-only (including Supernumerary) 	29689 	32323
National Institute of Technology Patna	Artificial Intelligence and Data Science (4 Years, Bachelor of Technology) 	OS 	OPEN 	Gender-Neutral 	15029 	16537
National Institute of Technology Patna	Artificial Intelligence and Data Science (4 Years, Bachelor of Technology) 	OS 	OPEN 	Female-only (including Supernumerary) 	23960 	27428
National Institute of Technology Patna	Chemical Technology (5 Years, Bachelor and Master of Technology (Dual Degree)) 	HS 	OPEN 	Gender-Neutral 	54616 	54920
National Institute of Technology Patna	Chemical Technology (5 Years, Bachelor and Master of Technology (Dual Degree)) 	HS 	OPEN 	Female-only (including Supernumerary) 	63591 	63591
National Institute of Technology Patna	Chemical Technology (5 Years, Bachelor and Master of Technology (Dual Degree)) 	OS 	OPEN 	Gender-Neutral 	43789 	43789
National Institute of Technology Patna	Chemical Technology (5 Years, Bachelor and Master of Technology (Dual Degree)) 	OS 	OPEN 	Female-only (including Supernumerary) 	51861 	51861
National Institute of Technology Patna	Civil Engineering (4 Years, Bachelor of Technology) 	HS 	OPEN 	Gender-Neutral 	28340 	48512
National Institute of Technology Patna	Civil Engineering (4 Years, Bachelor of Technology) 	HS 	OPEN 	Female-only (including Supernumerary) 	60076 	66687
National Institute of Technology Patna	Civil Engineering (4 Years, Bachelor of Technology) 	OS 	OPEN 	Gender-Neutral 	39568 	48513
National Institute of Technology Patna	Civil Engineering (4 Years, Bachelor of Technology) 	OS 	OPEN 	Female-only (including Supernumerary) 	56202 	62620
National Institute of Technology Patna	Civil Engineering with Specialization in Construction Technology and Management (5 Years, Bachelor and Master of Technology (Dual Degree)) 	HS 	OPEN 	Gender-Neutral 	44664 	48231
National Institute of Technology Patna	Civil Engineering with Specialization in Construction Technology and Management (5 Years, Bachelor and Master of Technology (Dual Degree)) 	HS 	OPEN 	Female-only (including Supernumerary) 	70282 	70282
National Institute of Technology Patna	Civil Engineering with Specialization in Construction Technology and Management (5 Years, Bachelor and Master of Technology (Dual Degree)) 	OS 	OPEN 	Gender-Neutral 	47618 	47881
National Institute of Technology Patna	Civil Engineering with Specialization in Construction Technology and Management (5 Years, Bachelor and Master of Technology (Dual Degree)) 	OS 	OPEN 	Female-only (including Supernumerary) 	61765 	61765
National Institute of Technology Patna	Computer Science and Engineering (4 Years, Bachelor of Technology) 	HS 	OPEN 	Gender-Neutral 	10323 	17808
National Institute of Technology Patna	Computer Science and Engineering (4 Years, Bachelor of Technology) 	HS 	OPEN 	Female-only (including Supernumerary) 	21297 	29456
National Institute of Technology Patna	Computer Science and Engineering (4 Years, Bachelor of Technology) 	OS 	OPEN 	Gender-Neutral 	10529 	14996
National Institute of Technology Patna	Computer Science and Engineering (4 Years, Bachelor of Technology) 	OS 	OPEN 	Female-only (including Supernumerary) 	19725 	24676
National Institute of Technology Patna	Computer Science and Engineering with Specialization in Cyber Security (5 Years, Bachelor and Master of Technology (Dual Degree)) 	HS 	OPEN 	Gender-Neutral 	22686 	23681
National Institute of Technology Patna	Computer Science and Engineering with Specialization in Cyber Security (5 Years, Bachelor and Master of Technology (Dual Degree)) 	HS 	OPEN 	Female-only (including Supernumerary) 	37875 	37875
National Institute of Technology Patna	Computer Science and Engineering with Specialization in Cyber Security (5 Years, Bachelor and Master of Technology (Dual Degree)) 	OS 	OPEN 	Gender-Neutral 	16951 	17732
National Institute of Technology Patna	Computer Science and Engineering with Specialization in Cyber Security (5 Years, Bachelor and Master of Technology (Dual Degree)) 	OS 	OPEN 	Female-only (including Supernumerary) 	28341 	28341
National Institute of Technology Patna	Computer Science and Engineering with Specialization in Data Science (5 Years, Bachelor and Master of Technology (Dual Degree)) 	HS 	OPEN 	Gender-Neutral 	21641 	22789
National Institute of Technology Patna	Computer Science and Engineering with Specialization in Data Science (5 Years, Bachelor and Master of Technology (Dual Degree)) 	HS 	OPEN 	Female-only (including Supernumerary) 	33716 	33716
National Institute of Technology Patna	Computer Science and Engineering with Specialization in Data Science (5 Years, Bachelor and Master of Technology (Dual Degree)) 	OS 	OPEN 	Gender-Neutral 	15858 	17439
National Institute of Technology Patna	Computer Science and Engineering with Specialization in Data Science (5 Years, Bachelor and Master of Technology (Dual Degree)) 	OS 	OPEN 	Female-only (including Supernumerary) 	26005 	26005
National Institute of Technology Patna	Electrical Engineering (4 Years, Bachelor of Technology) 	HS 	OPEN 	Gender-Neutral 	25880 	31816
National Institute of Technology Patna	Electrical Engineering (4 Years, Bachelor of Technology) 	HS 	OPEN 	Female-only (including Supernumerary) 	45226 	49345
National Institute of Technology Patna	Electrical Engineering (4 Years, Bachelor of Technology) 	OS 	OPEN 	Gender-Neutral 	21425 	27921
National Institute of Technology Patna	Electrical Engineering (4 Years, Bachelor of Technology) 	OS 	OPEN 	Female-only (including Supernumerary) 	38998 	42229
National Institute of Technology Patna	Electrical Engineering with Specialization In Power System Engineering (5 Years, Bachelor and Master of Technology (Dual Degree)) 	HS 	OPEN 	Gender-Neutral 	34476 	35951
National Institute of Technology Patna	Electrical Engineering with Specialization In Power System Engineering (5 Years, Bachelor and Master of Technology (Dual Degree)) 	HS 	OPEN 	Female-only (including Supernumerary) 	51534 	51534
National Institute of Technology Patna	Electrical Engineering with Specialization In Power System Engineering (5 Years, Bachelor and Master of Technology (Dual Degree)) 	OS 	OPEN 	Gender-Neutral 	26348 	30990
National Institute of Technology Patna	Electrical Engineering with Specialization In Power System Engineering (5 Years, Bachelor and Master of Technology (Dual Degree)) 	OS 	OPEN 	Female-only (including Supernumerary) 	41442 	41442
National Institute of Technology Patna	Electronics and Communication Engineering (4 Years, Bachelor of Technology) 	HS 	OPEN 	Gender-Neutral 	20887 	25184
National Institute of Technology Patna	Electronics and Communication Engineering (4 Years, Bachelor of Technology) 	HS 	OPEN 	Female-only (including Supernumerary) 	29769 	33425
National Institute of Technology Patna	Electronics and Communication Engineering (4 Years, Bachelor of Technology) 	OS 	OPEN 	Gender-Neutral 	18365 	20558
National Institute of Technology Patna	Electronics and Communication Engineering (4 Years, Bachelor of Technology) 	OS 	OPEN 	Female-only (including Supernumerary) 	31276 	32454
National Institute of Technology Patna	Electronics and Communication Engineering with Specialization in Microelectronics and VLSI System Design (5 Years, Bachelor and Master of Technology (Dual Degree)) 	HS 	OPEN 	Gender-Neutral 	26031 	29291
National Institute of Technology Patna	Electronics and Communication Engineering with Specialization in Microelectronics and VLSI System Design (5 Years, Bachelor and Master of Technology (Dual Degree)) 	HS 	OPEN 	Female-only (including Supernumerary) 	47115 	47115
National Institute of Technology Patna	Electronics and Communication Engineering with Specialization in Microelectronics and VLSI System Design (5 Years, Bachelor and Master of Technology (Dual Degree)) 	OS 	OPEN 	Gender-Neutral 	21988 	23301
National Institute of Technology Patna	Electronics and Communication Engineering with Specialization in Microelectronics and VLSI System Design (5 Years, Bachelor and Master of Technology (Dual Degree)) 	OS 	OPEN 	Female-only (including Supernumerary) 	30276 	30276
National Institute of Technology Patna	Electronics Engineering (VLSI Design and Technology) (4 Years, Bachelor of Technology) 	HS 	OPEN 	Gender-Neutral 	26604 	30551
National Institute of Technology Patna	Electronics Engineering (VLSI Design and Technology) (4 Years, Bachelor of Technology) 	HS 	OPEN 	Female-only (including Supernumerary) 	44257 	46557
National Institute of Technology Patna	Electronics Engineering (VLSI Design and Technology) (4 Years, Bachelor of Technology) 	OS 	OPEN 	Gender-Neutral 	19298 	22770
National Institute of Technology Patna	Electronics Engineering (VLSI Design and Technology) (4 Years, Bachelor of Technology) 	OS 	OPEN 	Female-only (including Supernumerary) 	32622 	37784
National Institute of Technology Patna	Material Science and Engineering (5 Years, Bachelor and Master of Technology (Dual Degree)) 	HS 	OPEN 	Gender-Neutral 	55242 	55890
National Institute of Technology Patna	Material Science and Engineering (5 Years, Bachelor and Master of Technology (Dual Degree)) 	HS 	OPEN 	Female-only (including Supernumerary) 	70512 	70512
National Institute of Technology Patna	Material Science and Engineering (5 Years, Bachelor and Master of Technology (Dual Degree)) 	OS 	OPEN 	Gender-Neutral 	36849 	40081
National Institute of Technology Patna	Material Science and Engineering (5 Years, Bachelor and Master of Technology (Dual Degree)) 	OS 	OPEN 	Female-only (including Supernumerary) 	57002 	57002
National Institute of Technology Patna	Mathematics and Computing Technology (5 Years, Bachelor and Master of Technology (Dual Degree)) 	HS 	OPEN 	Gender-Neutral 	25084 	25200
National Institute of Technology Patna	Mathematics and Computing Technology (5 Years, Bachelor and Master of Technology (Dual Degree)) 	HS 	OPEN 	Female-only (including Supernumerary) 	34477 	34477
National Institute of Technology Patna	Mathematics and Computing Technology (5 Years, Bachelor and Master of Technology (Dual Degree)) 	OS 	OPEN 	Gender-Neutral 	16937 	17348
National Institute of Technology Patna	Mathematics and Computing Technology (5 Years, Bachelor and Master of Technology (Dual Degree)) 	OS 	OPEN 	Female-only (including Supernumerary) 	29361 	29361
National Institute of Technology Patna	Mechanical Engineering (4 Years, Bachelor of Technology) 	HS 	OPEN 	Gender-Neutral 	32859 	38896
National Institute of Technology Patna	Mechanical Engineering (4 Years, Bachelor of Technology) 	HS 	OPEN 	Female-only (including Supernumerary) 	52384 	57928
National Institute of Technology Patna	Mechanical Engineering (4 Years, Bachelor of Technology) 	OS 	OPEN 	Gender-Neutral 	29995 	37407
National Institute of Technology Patna	Mechanical Engineering (4 Years, Bachelor of Technology) 	OS 	OPEN 	Female-only (including Supernumerary) 	48514 	55531
National Institute of Technology Patna	Mechanical Engineering with Specialization in Manufacturing and Industrial Engineering (5 Years, Bachelor and Master of Technology (Dual Degree)) 	HS 	OPEN 	Gender-Neutral 	42031 	46166
National Institute of Technology Patna	Mechanical Engineering with Specialization in Manufacturing and Industrial Engineering (5 Years, Bachelor and Master of Technology (Dual Degree)) 	HS 	OPEN 	Female-only (including Supernumerary) 	56301 	56301
National Institute of Technology Patna	Mechanical Engineering with Specialization in Manufacturing and Industrial Engineering (5 Years, Bachelor and Master of Technology (Dual Degree)) 	OS 	OPEN 	Gender-Neutral 	26264 	38169
National Institute of Technology Patna	Mechanical Engineering with Specialization in Manufacturing and Industrial Engineering (5 Years, Bachelor and Master of Technology (Dual Degree)) 	OS 	OPEN 	Female-only (including Supernumerary) 	55871 	55871
National Institute of Technology Patna	Mechatronics and Automation Engineering (4 Years, Bachelor of Technology) 	HS 	OPEN 	Gender-Neutral 	31994 	33461
National Institute of Technology Patna	Mechatronics and Automation Engineering (4 Years, Bachelor of Technology) 	HS 	OPEN 	Female-only (including Supernumerary) 	52912 	52912
National Institute of Technology Patna	Mechatronics and Automation Engineering (4 Years, Bachelor of Technology) 	OS 	OPEN 	Gender-Neutral 	13725 	25887
National Institute of Technology Patna	Mechatronics and Automation Engineering (4 Years, Bachelor of Technology) 	OS 	OPEN 	Female-only (including Supernumerary) 	48371 	48371
National Institute of Technology Puducherry	Civil Engineering (4 Years, Bachelor of Technology) 	HS 	OPEN 	Gender-Neutral 	142870 	205593
National Institute of Technology Puducherry	Civil Engineering (4 Years, Bachelor of Technology) 	HS 	OPEN 	Female-only (including Supernumerary) 	116333 	142541
National Institute of Technology Puducherry	Civil Engineering (4 Years, Bachelor of Technology) 	OS 	OPEN 	Gender-Neutral 	47255 	49922
National Institute of Technology Puducherry	Civil Engineering (4 Years, Bachelor of Technology) 	OS 	OPEN 	Female-only (including Supernumerary) 	54989 	59514
National Institute of Technology Puducherry	Computer Science and Engineering (4 Years, Bachelor of Technology) 	HS 	OPEN 	Gender-Neutral 	23787 	64692
National Institute of Technology Puducherry	Computer Science and Engineering (4 Years, Bachelor of Technology) 	HS 	OPEN 	Female-only (including Supernumerary) 	65403 	77925
National Institute of Technology Puducherry	Computer Science and Engineering (4 Years, Bachelor of Technology) 	OS 	OPEN 	Gender-Neutral 	11429 	19758
National Institute of Technology Puducherry	Computer Science and Engineering (4 Years, Bachelor of Technology) 	OS 	OPEN 	Female-only (including Supernumerary) 	20899 	20899
National Institute of Technology Puducherry	Electrical and Electronics Engineering (4 Years, Bachelor of Technology) 	HS 	OPEN 	Gender-Neutral 	84221 	116492
National Institute of Technology Puducherry	Electrical and Electronics Engineering (4 Years, Bachelor of Technology) 	HS 	OPEN 	Female-only (including Supernumerary) 	111199 	115035
National Institute of Technology Puducherry	Electrical and Electronics Engineering (4 Years, Bachelor of Technology) 	OS 	OPEN 	Gender-Neutral 	25456 	33769
National Institute of Technology Puducherry	Electrical and Electronics Engineering (4 Years, Bachelor of Technology) 	OS 	OPEN 	Female-only (including Supernumerary) 	35210 	35672
National Institute of Technology Puducherry	Electronics and Communication Engineering (4 Years, Bachelor of Technology) 	HS 	OPEN 	Gender-Neutral 	33724 	86567
National Institute of Technology Puducherry	Electronics and Communication Engineering (4 Years, Bachelor of Technology) 	HS 	OPEN 	Female-only (including Supernumerary) 	94509 	97477
National Institute of Technology Puducherry	Electronics and Communication Engineering (4 Years, Bachelor of Technology) 	OS 	OPEN 	Gender-Neutral 	14005 	24078
National Institute of Technology Puducherry	Electronics and Communication Engineering (4 Years, Bachelor of Technology) 	OS 	OPEN 	Female-only (including Supernumerary) 	21201 	23443
National Institute of Technology Puducherry	Mechanical Engineering (4 Years, Bachelor of Technology) 	HS 	OPEN 	Gender-Neutral 	31635 	167788
National Institute of Technology Puducherry	Mechanical Engineering (4 Years, Bachelor of Technology) 	HS 	OPEN 	Female-only (including Supernumerary) 	167588 	169672
National Institute of Technology Puducherry	Mechanical Engineering (4 Years, Bachelor of Technology) 	OS 	OPEN 	Gender-Neutral 	37440 	42881
National Institute of Technology Puducherry	Mechanical Engineering (4 Years, Bachelor of Technology) 	OS 	OPEN 	Female-only (including Supernumerary) 	51896 	52093
National Institute of Technology Raipur	Architecture (5 Years, Bachelor of Architecture) 	HS 	OPEN 	Gender-Neutral 	2995 	3672
National Institute of Technology Raipur	Architecture (5 Years, Bachelor of Architecture) 	HS 	OPEN 	Female-only (including Supernumerary) 	3142 	3142
National Institute of Technology Raipur	Architecture (5 Years, Bachelor of Architecture) 	OS 	OPEN 	Gender-Neutral 	856 	1070
National Institute of Technology Raipur	Architecture (5 Years, Bachelor of Architecture) 	OS 	OPEN 	Female-only (including Supernumerary) 	652 	704
National Institute of Technology Raipur	Bio Medical Engineering (4 Years, Bachelor of Technology) 	HS 	OPEN 	Gender-Neutral 	71547 	116282
National Institute of Technology Raipur	Bio Medical Engineering (4 Years, Bachelor of Technology) 	HS 	OPEN 	Female-only (including Supernumerary) 	87530 	124270
National Institute of Technology Raipur	Bio Medical Engineering (4 Years, Bachelor of Technology) 	OS 	OPEN 	Gender-Neutral 	37705 	56483
National Institute of Technology Raipur	Bio Medical Engineering (4 Years, Bachelor of Technology) 	OS 	OPEN 	Female-only (including Supernumerary) 	47149 	58068
National Institute of Technology Raipur	Bio Technology (4 Years, Bachelor of Technology) 	HS 	OPEN 	Gender-Neutral 	52730 	108275
National Institute of Technology Raipur	Bio Technology (4 Years, Bachelor of Technology) 	HS 	OPEN 	Female-only (including Supernumerary) 	100879 	112882
National Institute of Technology Raipur	Bio Technology (4 Years, Bachelor of Technology) 	OS 	OPEN 	Gender-Neutral 	42463 	54841
National Institute of Technology Raipur	Bio Technology (4 Years, Bachelor of Technology) 	OS 	OPEN 	Female-only (including Supernumerary) 	53164 	56035
National Institute of Technology Raipur	Chemical Engineering (4 Years, Bachelor of Technology) 	HS 	OPEN 	Gender-Neutral 	42148 	66029
National Institute of Technology Raipur	Chemical Engineering (4 Years, Bachelor of Technology) 	HS 	OPEN 	Female-only (including Supernumerary) 	71608 	80602
National Institute of Technology Raipur	Chemical Engineering (4 Years, Bachelor of Technology) 	OS 	OPEN 	Gender-Neutral 	30382 	40986
National Institute of Technology Raipur	Chemical Engineering (4 Years, Bachelor of Technology) 	OS 	OPEN 	Female-only (including Supernumerary) 	42408 	48791
National Institute of Technology Raipur	Civil Engineering (4 Years, Bachelor of Technology) 	HS 	OPEN 	Gender-Neutral 	47242 	73812
National Institute of Technology Raipur	Civil Engineering (4 Years, Bachelor of Technology) 	HS 	OPEN 	Female-only (including Supernumerary) 	74075 	91760
National Institute of Technology Raipur	Civil Engineering (4 Years, Bachelor of Technology) 	OS 	OPEN 	Gender-Neutral 	36068 	47160
National Institute of Technology Raipur	Civil Engineering (4 Years, Bachelor of Technology) 	OS 	OPEN 	Female-only (including Supernumerary) 	57312 	63154
National Institute of Technology Raipur	Computer Science and Engineering (4 Years, Bachelor of Technology) 	HS 	OPEN 	Gender-Neutral 	12916 	21913
National Institute of Technology Raipur	Computer Science and Engineering (4 Years, Bachelor of Technology) 	HS 	OPEN 	Female-only (including Supernumerary) 	22821 	28150
National Institute of Technology Raipur	Computer Science and Engineering (4 Years, Bachelor of Technology) 	OS 	OPEN 	Gender-Neutral 	8140 	13559
National Institute of Technology Raipur	Computer Science and Engineering (4 Years, Bachelor of Technology) 	OS 	OPEN 	Female-only (including Supernumerary) 	17153 	21653
National Institute of Technology Raipur	Electrical Engineering (4 Years, Bachelor of Technology) 	HS 	OPEN 	Gender-Neutral 	39683 	51834
National Institute of Technology Raipur	Electrical Engineering (4 Years, Bachelor of Technology) 	HS 	OPEN 	Female-only (including Supernumerary) 	58922 	65100
National Institute of Technology Raipur	Electrical Engineering (4 Years, Bachelor of Technology) 	OS 	OPEN 	Gender-Neutral 	22820 	27378
National Institute of Technology Raipur	Electrical Engineering (4 Years, Bachelor of Technology) 	OS 	OPEN 	Female-only (including Supernumerary) 	33960 	39412
National Institute of Technology Raipur	Electronics and Communication Engineering (4 Years, Bachelor of Technology) 	HS 	OPEN 	Gender-Neutral 	10267 	40209
National Institute of Technology Raipur	Electronics and Communication Engineering (4 Years, Bachelor of Technology) 	HS 	OPEN 	Female-only (including Supernumerary) 	38269 	53284
National Institute of Technology Raipur	Electronics and Communication Engineering (4 Years, Bachelor of Technology) 	OS 	OPEN 	Gender-Neutral 	17197 	20044
National Institute of Technology Raipur	Electronics and Communication Engineering (4 Years, Bachelor of Technology) 	OS 	OPEN 	Female-only (including Supernumerary) 	27105 	28810
National Institute of Technology Raipur	Information Technology (4 Years, Bachelor of Technology) 	HS 	OPEN 	Gender-Neutral 	15169 	30900
National Institute of Technology Raipur	Information Technology (4 Years, Bachelor of Technology) 	HS 	OPEN 	Female-only (including Supernumerary) 	42131 	48270
National Institute of Technology Raipur	Information Technology (4 Years, Bachelor of Technology) 	OS 	OPEN 	Gender-Neutral 	13066 	16763
National Institute of Technology Raipur	Information Technology (4 Years, Bachelor of Technology) 	OS 	OPEN 	Female-only (including Supernumerary) 	24752 	26688
National Institute of Technology Raipur	Mechanical Engineering (4 Years, Bachelor of Technology) 	HS 	OPEN 	Gender-Neutral 	45916 	59807
National Institute of Technology Raipur	Mechanical Engineering (4 Years, Bachelor of Technology) 	HS 	OPEN 	Female-only (including Supernumerary) 	78338 	82426
National Institute of Technology Raipur	Mechanical Engineering (4 Years, Bachelor of Technology) 	OS 	OPEN 	Gender-Neutral 	29260 	35303
National Institute of Technology Raipur	Mechanical Engineering (4 Years, Bachelor of Technology) 	OS 	OPEN 	Female-only (including Supernumerary) 	43943 	50341
National Institute of Technology Raipur	Metallurgical and Materials Engineering (4 Years, Bachelor of Technology) 	HS 	OPEN 	Gender-Neutral 	63968 	85636
National Institute of Technology Raipur	Metallurgical and Materials Engineering (4 Years, Bachelor of Technology) 	HS 	OPEN 	Female-only (including Supernumerary) 	85379 	106560
National Institute of Technology Raipur	Metallurgical and Materials Engineering (4 Years, Bachelor of Technology) 	OS 	OPEN 	Gender-Neutral 	43088 	50773
National Institute of Technology Raipur	Metallurgical and Materials Engineering (4 Years, Bachelor of Technology) 	OS 	OPEN 	Female-only (including Supernumerary) 	59913 	65702
National Institute of Technology Raipur	Mining Engineering (4 Years, Bachelor of Technology) 	HS 	OPEN 	Gender-Neutral 	79516 	101941
National Institute of Technology Raipur	Mining Engineering (4 Years, Bachelor of Technology) 	HS 	OPEN 	Female-only (including Supernumerary) 	111855 	121134
National Institute of Technology Raipur	Mining Engineering (4 Years, Bachelor of Technology) 	OS 	OPEN 	Gender-Neutral 	26033 	52916
National Institute of Technology Raipur	Mining Engineering (4 Years, Bachelor of Technology) 	OS 	OPEN 	Female-only (including Supernumerary) 	66492 	68355
National Institute of Technology Sikkim	Artificial Intelligence and Machine Learning (4 Years, Bachelor of Technology) 	HS 	OPEN 	Gender-Neutral 	191905 	288771
National Institute of Technology Sikkim	Artificial Intelligence and Machine Learning (4 Years, Bachelor of Technology) 	HS 	OPEN 	Female-only (including Supernumerary) 	193935 	213909
National Institute of Technology Sikkim	Artificial Intelligence and Machine Learning (4 Years, Bachelor of Technology) 	OS 	OPEN 	Gender-Neutral 	16834 	29014
National Institute of Technology Sikkim	Artificial Intelligence and Machine Learning (4 Years, Bachelor of Technology) 	OS 	OPEN 	Female-only (including Supernumerary) 	42561 	42561
National Institute of Technology Sikkim	Civil Engineering (4 Years, Bachelor of Technology) 	HS 	OPEN 	Gender-Neutral 	385218 	629625
National Institute of Technology Sikkim	Civil Engineering (4 Years, Bachelor of Technology) 	HS 	OPEN 	Female-only (including Supernumerary) 	132276 	366127
National Institute of Technology Sikkim	Civil Engineering (4 Years, Bachelor of Technology) 	OS 	OPEN 	Gender-Neutral 	51022 	54268
National Institute of Technology Sikkim	Civil Engineering (4 Years, Bachelor of Technology) 	OS 	OPEN 	Female-only (including Supernumerary) 	71333 	71333
National Institute of Technology Sikkim	Computer Science and Engineering (4 Years, Bachelor of Technology) 	HS 	OPEN 	Gender-Neutral 	71127 	185001
National Institute of Technology Sikkim	Computer Science and Engineering (4 Years, Bachelor of Technology) 	HS 	OPEN 	Female-only (including Supernumerary) 	141592 	181877
National Institute of Technology Sikkim	Computer Science and Engineering (4 Years, Bachelor of Technology) 	OS 	OPEN 	Gender-Neutral 	15389 	26616
National Institute of Technology Sikkim	Computer Science and Engineering (4 Years, Bachelor of Technology) 	OS 	OPEN 	Female-only (including Supernumerary) 	17695 	25725
National Institute of Technology Sikkim	Electrical and Electronics Engineering (4 Years, Bachelor of Technology) 	HS 	OPEN 	Gender-Neutral 	251947 	514742
National Institute of Technology Sikkim	Electrical and Electronics Engineering (4 Years, Bachelor of Technology) 	HS 	OPEN 	Female-only (including Supernumerary) 	378246 	492523
National Institute of Technology Sikkim	Electrical and Electronics Engineering (4 Years, Bachelor of Technology) 	OS 	OPEN 	Gender-Neutral 	41470 	43501
National Institute of Technology Sikkim	Electrical and Electronics Engineering (4 Years, Bachelor of Technology) 	OS 	OPEN 	Female-only (including Supernumerary) 	57003 	57003
National Institute of Technology Sikkim	Electronics and Communication Engineering (4 Years, Bachelor of Technology) 	HS 	OPEN 	Gender-Neutral 	325461 	415454
National Institute of Technology Sikkim	Electronics and Communication Engineering (4 Years, Bachelor of Technology) 	HS 	OPEN 	Female-only (including Supernumerary) 	217304 	364930
National Institute of Technology Sikkim	Electronics and Communication Engineering (4 Years, Bachelor of Technology) 	OS 	OPEN 	Gender-Neutral 	27176 	36705
National Institute of Technology Sikkim	Electronics and Communication Engineering (4 Years, Bachelor of Technology) 	OS 	OPEN 	Female-only (including Supernumerary) 	48511 	48511
National Institute of Technology Sikkim	Mechanical Engineering (4 Years, Bachelor of Technology) 	HS 	OPEN 	Gender-Neutral 	295129 	626461
National Institute of Technology Sikkim	Mechanical Engineering (4 Years, Bachelor of Technology) 	HS 	OPEN 	Female-only (including Supernumerary) 	338000 	338000
National Institute of Technology Sikkim	Mechanical Engineering (4 Years, Bachelor of Technology) 	OS 	OPEN 	Gender-Neutral 	35231 	49151
National Institute of Technology Sikkim	Mechanical Engineering (4 Years, Bachelor of Technology) 	OS 	OPEN 	Female-only (including Supernumerary) 	58351 	64100
National Institute of Technology Arunachal Pradesh 	Biosciences and Bioengineering (4 Years, Bachelor of Technology) 	HS 	OPEN 	Gender-Neutral 	182602 	182602
National Institute of Technology Arunachal Pradesh 	Biosciences and Bioengineering (4 Years, Bachelor of Technology) 	OS 	OPEN 	Gender-Neutral 	60045 	61897
National Institute of Technology Arunachal Pradesh 	Biosciences and Bioengineering (4 Years, Bachelor of Technology) 	OS 	OPEN 	Female-only (including Supernumerary) 	77083 	77665
National Institute of Technology Arunachal Pradesh 	Civil Engineering (4 Years, Bachelor of Technology) 	HS 	OPEN 	Gender-Neutral 	173561 	174477
National Institute of Technology Arunachal Pradesh 	Civil Engineering (4 Years, Bachelor of Technology) 	OS 	OPEN 	Gender-Neutral 	55972 	58464
National Institute of Technology Arunachal Pradesh 	Civil Engineering (4 Years, Bachelor of Technology) 	OS 	OPEN 	Female-only (including Supernumerary) 	72183 	73295
National Institute of Technology Arunachal Pradesh 	Computer Science and Engineering (4 Years, Bachelor of Technology) 	HS 	OPEN 	Gender-Neutral 	42519 	78084
National Institute of Technology Arunachal Pradesh 	Computer Science and Engineering (4 Years, Bachelor of Technology) 	OS 	OPEN 	Gender-Neutral 	27500 	30607
National Institute of Technology Arunachal Pradesh 	Computer Science and Engineering (4 Years, Bachelor of Technology) 	OS 	OPEN 	Female-only (including Supernumerary) 	42334 	47354
National Institute of Technology Arunachal Pradesh 	Electrical Engineering (4 Years, Bachelor of Technology) 	HS 	OPEN 	Gender-Neutral 	169235 	170231
National Institute of Technology Arunachal Pradesh 	Electrical Engineering (4 Years, Bachelor of Technology) 	OS 	OPEN 	Gender-Neutral 	43403 	47047
National Institute of Technology Arunachal Pradesh 	Electrical Engineering (4 Years, Bachelor of Technology) 	OS 	OPEN 	Female-only (including Supernumerary) 	58844 	63171
National Institute of Technology Arunachal Pradesh 	Electronics and Communication Engineering (4 Years, Bachelor of Technology) 	HS 	OPEN 	Gender-Neutral 	103178 	115892
National Institute of Technology Arunachal Pradesh 	Electronics and Communication Engineering (4 Years, Bachelor of Technology) 	OS 	OPEN 	Gender-Neutral 	28813 	41523
National Institute of Technology Arunachal Pradesh 	Electronics and Communication Engineering (4 Years, Bachelor of Technology) 	OS 	OPEN 	Female-only (including Supernumerary) 	55574 	56639
National Institute of Technology Arunachal Pradesh 	Mechanical Engineering (4 Years, Bachelor of Technology) 	HS 	OPEN 	Gender-Neutral 	152525 	201715
National Institute of Technology Arunachal Pradesh 	Mechanical Engineering (4 Years, Bachelor of Technology) 	OS 	OPEN 	Gender-Neutral 	34535 	50560
National Institute of Technology Arunachal Pradesh 	Mechanical Engineering (4 Years, Bachelor of Technology) 	OS 	OPEN 	Female-only (including Supernumerary) 	53923 	57769
National Institute of Technology, Jamshedpur	Civil Engineering (4 Years, Bachelor of Technology) 	HS 	OPEN 	Gender-Neutral 	32453 	49446
National Institute of Technology, Jamshedpur	Civil Engineering (4 Years, Bachelor of Technology) 	HS 	OPEN 	Female-only (including Supernumerary) 	62661 	77436
National Institute of Technology, Jamshedpur	Civil Engineering (4 Years, Bachelor of Technology) 	OS 	OPEN 	Gender-Neutral 	33032 	40071
National Institute of Technology, Jamshedpur	Civil Engineering (4 Years, Bachelor of Technology) 	OS 	OPEN 	Female-only (including Supernumerary) 	52725 	58662
National Institute of Technology, Jamshedpur	Computer Science and Engineering (4 Years, Bachelor of Technology) 	HS 	OPEN 	Gender-Neutral 	8299 	11978
National Institute of Technology, Jamshedpur	Computer Science and Engineering (4 Years, Bachelor of Technology) 	HS 	OPEN 	Female-only (including Supernumerary) 	14736 	21476
National Institute of Technology, Jamshedpur	Computer Science and Engineering (4 Years, Bachelor of Technology) 	OS 	OPEN 	Gender-Neutral 	6378 	8902
National Institute of Technology, Jamshedpur	Computer Science and Engineering (4 Years, Bachelor of Technology) 	OS 	OPEN 	Female-only (including Supernumerary) 	15502 	18219
National Institute of Technology, Jamshedpur	Electrical Engineering (4 Years, Bachelor of Technology) 	HS 	OPEN 	Gender-Neutral 	17583 	22552
National Institute of Technology, Jamshedpur	Electrical Engineering (4 Years, Bachelor of Technology) 	HS 	OPEN 	Female-only (including Supernumerary) 	36995 	40298
National Institute of Technology, Jamshedpur	Electrical Engineering (4 Years, Bachelor of Technology) 	OS 	OPEN 	Gender-Neutral 	14757 	18345
National Institute of Technology, Jamshedpur	Electrical Engineering (4 Years, Bachelor of Technology) 	OS 	OPEN 	Female-only (including Supernumerary) 	25334 	31488
National Institute of Technology, Jamshedpur	Electronics and Communication Engineering (4 Years, Bachelor of Technology) 	HS 	OPEN 	Gender-Neutral 	12336 	17746
National Institute of Technology, Jamshedpur	Electronics and Communication Engineering (4 Years, Bachelor of Technology) 	HS 	OPEN 	Female-only (including Supernumerary) 	22180 	34551
National Institute of Technology, Jamshedpur	Electronics and Communication Engineering (4 Years, Bachelor of Technology) 	OS 	OPEN 	Gender-Neutral 	10059 	12868
National Institute of Technology, Jamshedpur	Electronics and Communication Engineering (4 Years, Bachelor of Technology) 	OS 	OPEN 	Female-only (including Supernumerary) 	19995 	25080
National Institute of Technology, Jamshedpur	Engineering and Computational Mechanics (4 Years, Bachelor of Technology) 	HS 	OPEN 	Gender-Neutral 	23028 	26546
National Institute of Technology, Jamshedpur	Engineering and Computational Mechanics (4 Years, Bachelor of Technology) 	HS 	OPEN 	Female-only (including Supernumerary) 	54116 	54116
National Institute of Technology, Jamshedpur	Engineering and Computational Mechanics (4 Years, Bachelor of Technology) 	OS 	OPEN 	Gender-Neutral 	20270 	21317
National Institute of Technology, Jamshedpur	Engineering and Computational Mechanics (4 Years, Bachelor of Technology) 	OS 	OPEN 	Female-only (including Supernumerary) 	30680 	30680
National Institute of Technology, Jamshedpur	Mechanical Engineering (4 Years, Bachelor of Technology) 	HS 	OPEN 	Gender-Neutral 	23470 	33156
National Institute of Technology, Jamshedpur	Mechanical Engineering (4 Years, Bachelor of Technology) 	HS 	OPEN 	Female-only (including Supernumerary) 	45354 	61890
National Institute of Technology, Jamshedpur	Mechanical Engineering (4 Years, Bachelor of Technology) 	OS 	OPEN 	Gender-Neutral 	24054 	28545
National Institute of Technology, Jamshedpur	Mechanical Engineering (4 Years, Bachelor of Technology) 	OS 	OPEN 	Female-only (including Supernumerary) 	30836 	48217
National Institute of Technology, Jamshedpur	Metallurgical and Materials Engineering (4 Years, Bachelor of Technology) 	HS 	OPEN 	Gender-Neutral 	37936 	48995
National Institute of Technology, Jamshedpur	Metallurgical and Materials Engineering (4 Years, Bachelor of Technology) 	HS 	OPEN 	Female-only (including Supernumerary) 	63468 	73069
National Institute of Technology, Jamshedpur	Metallurgical and Materials Engineering (4 Years, Bachelor of Technology) 	OS 	OPEN 	Gender-Neutral 	39731 	45058
National Institute of Technology, Jamshedpur	Metallurgical and Materials Engineering (4 Years, Bachelor of Technology) 	OS 	OPEN 	Female-only (including Supernumerary) 	42580 	54567
National Institute of Technology, Jamshedpur	Production and Industrial Engineering (4 Years, Bachelor of Technology) 	HS 	OPEN 	Gender-Neutral 	45180 	56066
National Institute of Technology, Jamshedpur	Production and Industrial Engineering (4 Years, Bachelor of Technology) 	HS 	OPEN 	Female-only (including Supernumerary) 	76814 	82940
National Institute of Technology, Jamshedpur	Production and Industrial Engineering (4 Years, Bachelor of Technology) 	OS 	OPEN 	Gender-Neutral 	33714 	43754
National Institute of Technology, Jamshedpur	Production and Industrial Engineering (4 Years, Bachelor of Technology) 	OS 	OPEN 	Female-only (including Supernumerary) 	55082 	58798
National Institute of Technology, Kurukshetra	Architecture (5 Years, Bachelor of Architecture) 	HS 	OPEN 	Gender-Neutral 	1497 	2110
National Institute of Technology, Kurukshetra	Architecture (5 Years, Bachelor of Architecture) 	HS 	OPEN 	Female-only (including Supernumerary) 	1201 	1326
National Institute of Technology, Kurukshetra	Architecture (5 Years, Bachelor of Architecture) 	OS 	OPEN 	Gender-Neutral 	842 	1109
National Institute of Technology, Kurukshetra	Architecture (5 Years, Bachelor of Architecture) 	OS 	OPEN 	Female-only (including Supernumerary) 	281 	281
National Institute of Technology, Kurukshetra	Artificial Intelligence and Data Science (4 Years, Bachelor of Technology) 	HS 	OPEN 	Gender-Neutral 	8120 	12578
National Institute of Technology, Kurukshetra	Artificial Intelligence and Data Science (4 Years, Bachelor of Technology) 	HS 	OPEN 	Female-only (including Supernumerary) 	12609 	15964
National Institute of Technology, Kurukshetra	Artificial Intelligence and Data Science (4 Years, Bachelor of Technology) 	OS 	OPEN 	Gender-Neutral 	7122 	8510
National Institute of Technology, Kurukshetra	Artificial Intelligence and Data Science (4 Years, Bachelor of Technology) 	OS 	OPEN 	Female-only (including Supernumerary) 	15436 	16768
National Institute of Technology, Kurukshetra	Artificial Intelligence and Machine Learning (4 Years, Bachelor of Technology) 	HS 	OPEN 	Gender-Neutral 	5310 	12346
National Institute of Technology, Kurukshetra	Artificial Intelligence and Machine Learning (4 Years, Bachelor of Technology) 	HS 	OPEN 	Female-only (including Supernumerary) 	12986 	16221
National Institute of Technology, Kurukshetra	Artificial Intelligence and Machine Learning (4 Years, Bachelor of Technology) 	OS 	OPEN 	Gender-Neutral 	6993 	9204
National Institute of Technology, Kurukshetra	Artificial Intelligence and Machine Learning (4 Years, Bachelor of Technology) 	OS 	OPEN 	Female-only (including Supernumerary) 	14422 	16465
National Institute of Technology, Kurukshetra	Civil Engineering (4 Years, Bachelor of Technology) 	HS 	OPEN 	Gender-Neutral 	28543 	43064
National Institute of Technology, Kurukshetra	Civil Engineering (4 Years, Bachelor of Technology) 	HS 	OPEN 	Female-only (including Supernumerary) 	42070 	49720
National Institute of Technology, Kurukshetra	Civil Engineering (4 Years, Bachelor of Technology) 	OS 	OPEN 	Gender-Neutral 	25567 	36367
National Institute of Technology, Kurukshetra	Civil Engineering (4 Years, Bachelor of Technology) 	OS 	OPEN 	Female-only (including Supernumerary) 	40634 	51765
National Institute of Technology, Kurukshetra	Civil Engineering (5 Years, Bachelor and Master of Technology (Dual Degree)) 	HS 	OPEN 	Gender-Neutral 	49120 	49120
National Institute of Technology, Kurukshetra	Civil Engineering (5 Years, Bachelor and Master of Technology (Dual Degree)) 	HS 	OPEN 	Female-only (including Supernumerary) 	60389 	60389
National Institute of Technology, Kurukshetra	Civil Engineering (5 Years, Bachelor and Master of Technology (Dual Degree)) 	OS 	OPEN 	Gender-Neutral 	38018 	38018
National Institute of Technology, Kurukshetra	Civil Engineering (5 Years, Bachelor and Master of Technology (Dual Degree)) 	OS 	OPEN 	Female-only (including Supernumerary) 	59458 	59458
National Institute of Technology, Kurukshetra	Computer Science and Engineering (4 Years, Bachelor of Technology) 	HS 	OPEN 	Gender-Neutral 	6588 	8484
National Institute of Technology, Kurukshetra	Computer Science and Engineering (4 Years, Bachelor of Technology) 	HS 	OPEN 	Female-only (including Supernumerary) 	6972 	12218
National Institute of Technology, Kurukshetra	Computer Science and Engineering (4 Years, Bachelor of Technology) 	OS 	OPEN 	Gender-Neutral 	5180 	7037
National Institute of Technology, Kurukshetra	Computer Science and Engineering (4 Years, Bachelor of Technology) 	OS 	OPEN 	Female-only (including Supernumerary) 	10920 	11578
National Institute of Technology, Kurukshetra	Computer Science and Engineering (5 Years, Bachelor and Master of Technology (Dual Degree)) 	HS 	OPEN 	Gender-Neutral 	9517 	11456
National Institute of Technology, Kurukshetra	Computer Science and Engineering (5 Years, Bachelor and Master of Technology (Dual Degree)) 	OS 	OPEN 	Gender-Neutral 	7283 	7283
National Institute of Technology, Kurukshetra	Computer Science and Engineering (5 Years, Bachelor and Master of Technology (Dual Degree)) 	OS 	OPEN 	Female-only (including Supernumerary) 	13074 	13074
National Institute of Technology, Kurukshetra	Electrical Engineering (4 Years, Bachelor of Technology) 	HS 	OPEN 	Gender-Neutral 	16512 	24102
National Institute of Technology, Kurukshetra	Electrical Engineering (4 Years, Bachelor of Technology) 	HS 	OPEN 	Female-only (including Supernumerary) 	21088 	34330
National Institute of Technology, Kurukshetra	Electrical Engineering (4 Years, Bachelor of Technology) 	OS 	OPEN 	Gender-Neutral 	12864 	17242
National Institute of Technology, Kurukshetra	Electrical Engineering (4 Years, Bachelor of Technology) 	OS 	OPEN 	Female-only (including Supernumerary) 	22026 	25530
National Institute of Technology, Kurukshetra	Electrical Engineering (5 Years, Bachelor and Master of Technology (Dual Degree)) 	HS 	OPEN 	Gender-Neutral 	26092 	27197
National Institute of Technology, Kurukshetra	Electrical Engineering (5 Years, Bachelor and Master of Technology (Dual Degree)) 	OS 	OPEN 	Gender-Neutral 	17159 	17159
National Institute of Technology, Kurukshetra	Electrical Engineering (5 Years, Bachelor and Master of Technology (Dual Degree)) 	OS 	OPEN 	Female-only (including Supernumerary) 	28099 	28099
National Institute of Technology, Kurukshetra	Electronics and Communication Engineering (4 Years, Bachelor of Technology) 	HS 	OPEN 	Gender-Neutral 	9692 	15889
National Institute of Technology, Kurukshetra	Electronics and Communication Engineering (4 Years, Bachelor of Technology) 	HS 	OPEN 	Female-only (including Supernumerary) 	19030 	20823
National Institute of Technology, Kurukshetra	Electronics and Communication Engineering (4 Years, Bachelor of Technology) 	OS 	OPEN 	Gender-Neutral 	10219 	12163
National Institute of Technology, Kurukshetra	Electronics and Communication Engineering (4 Years, Bachelor of Technology) 	OS 	OPEN 	Female-only (including Supernumerary) 	15762 	20128
National Institute of Technology, Kurukshetra	Electronics and Communication Engineering (5 Years, Bachelor and Master of Technology (Dual Degree)) 	HS 	OPEN 	Gender-Neutral 	16112 	16112
National Institute of Technology, Kurukshetra	Electronics and Communication Engineering (5 Years, Bachelor and Master of Technology (Dual Degree)) 	HS 	OPEN 	Female-only (including Supernumerary) 	20177 	20177
National Institute of Technology, Kurukshetra	Electronics and Communication Engineering (5 Years, Bachelor and Master of Technology (Dual Degree)) 	OS 	OPEN 	Gender-Neutral 	12384 	12384
National Institute of Technology, Kurukshetra	Electronics and Communication Engineering (5 Years, Bachelor and Master of Technology (Dual Degree)) 	OS 	OPEN 	Female-only (including Supernumerary) 	21431 	21431
National Institute of Technology, Kurukshetra	Industrial Internet of Things (4 Years, Bachelor of Technology) 	HS 	OPEN 	Gender-Neutral 	16892 	24176
National Institute of Technology, Kurukshetra	Industrial Internet of Things (4 Years, Bachelor of Technology) 	HS 	OPEN 	Female-only (including Supernumerary) 	28491 	31048
National Institute of Technology, Kurukshetra	Industrial Internet of Things (4 Years, Bachelor of Technology) 	OS 	OPEN 	Gender-Neutral 	15009 	17859
National Institute of Technology, Kurukshetra	Industrial Internet of Things (4 Years, Bachelor of Technology) 	OS 	OPEN 	Female-only (including Supernumerary) 	23143 	26170
National Institute of Technology, Kurukshetra	Information Technology (4 Years, Bachelor of Technology) 	HS 	OPEN 	Gender-Neutral 	8758 	12252
National Institute of Technology, Kurukshetra	Information Technology (4 Years, Bachelor of Technology) 	HS 	OPEN 	Female-only (including Supernumerary) 	12437 	13315
National Institute of Technology, Kurukshetra	Information Technology (4 Years, Bachelor of Technology) 	OS 	OPEN 	Gender-Neutral 	7094 	8600
National Institute of Technology, Kurukshetra	Information Technology (4 Years, Bachelor of Technology) 	OS 	OPEN 	Female-only (including Supernumerary) 	14711 	16341
National Institute of Technology, Kurukshetra	Mathematics and Computing (4 Years, Bachelor of Technology) 	HS 	OPEN 	Gender-Neutral 	11548 	15269
National Institute of Technology, Kurukshetra	Mathematics and Computing (4 Years, Bachelor of Technology) 	HS 	OPEN 	Female-only (including Supernumerary) 	13080 	18112
National Institute of Technology, Kurukshetra	Mathematics and Computing (4 Years, Bachelor of Technology) 	OS 	OPEN 	Gender-Neutral 	6817 	10265
National Institute of Technology, Kurukshetra	Mathematics and Computing (4 Years, Bachelor of Technology) 	OS 	OPEN 	Female-only (including Supernumerary) 	16619 	16719
National Institute of Technology, Kurukshetra	Mechanical Engineering (4 Years, Bachelor of Technology) 	HS 	OPEN 	Gender-Neutral 	24206 	30173
National Institute of Technology, Kurukshetra	Mechanical Engineering (4 Years, Bachelor of Technology) 	HS 	OPEN 	Female-only (including Supernumerary) 	37992 	43383
National Institute of Technology, Kurukshetra	Mechanical Engineering (4 Years, Bachelor of Technology) 	OS 	OPEN 	Gender-Neutral 	17860 	24753
National Institute of Technology, Kurukshetra	Mechanical Engineering (4 Years, Bachelor of Technology) 	OS 	OPEN 	Female-only (including Supernumerary) 	33837 	39363
National Institute of Technology, Kurukshetra	Mechanical Engineering (5 Years, Bachelor and Master of Technology (Dual Degree)) 	HS 	OPEN 	Gender-Neutral 	31033 	32679
National Institute of Technology, Kurukshetra	Mechanical Engineering (5 Years, Bachelor and Master of Technology (Dual Degree)) 	OS 	OPEN 	Gender-Neutral 	20199 	20199
National Institute of Technology, Kurukshetra	Mechanical Engineering (5 Years, Bachelor and Master of Technology (Dual Degree)) 	OS 	OPEN 	Female-only (including Supernumerary) 	41419 	41419
National Institute of Technology, Kurukshetra	Microelectronics & VLSI Engineering (4 Years, Bachelor of Technology) 	HS 	OPEN 	Gender-Neutral 	16966 	22646
National Institute of Technology, Kurukshetra	Microelectronics & VLSI Engineering (4 Years, Bachelor of Technology) 	HS 	OPEN 	Female-only (including Supernumerary) 	25326 	28066
National Institute of Technology, Kurukshetra	Microelectronics & VLSI Engineering (4 Years, Bachelor of Technology) 	OS 	OPEN 	Gender-Neutral 	11668 	15155
National Institute of Technology, Kurukshetra	Microelectronics & VLSI Engineering (4 Years, Bachelor of Technology) 	OS 	OPEN 	Female-only (including Supernumerary) 	24002 	25152
National Institute of Technology, Kurukshetra	Production and Industrial Engineering (4 Years, Bachelor of Technology) 	HS 	OPEN 	Gender-Neutral 	31799 	44633
National Institute of Technology, Kurukshetra	Production and Industrial Engineering (4 Years, Bachelor of Technology) 	HS 	OPEN 	Female-only (including Supernumerary) 	49456 	56629
National Institute of Technology, Kurukshetra	Production and Industrial Engineering (4 Years, Bachelor of Technology) 	OS 	OPEN 	Gender-Neutral 	29224 	39510
National Institute of Technology, Kurukshetra	Production and Industrial Engineering (4 Years, Bachelor of Technology) 	OS 	OPEN 	Female-only (including Supernumerary) 	51883 	51883
National Institute of Technology, Kurukshetra	ROBOTICS & AUTOMATION (4 Years, Bachelor of Technology) 	HS 	OPEN 	Gender-Neutral 	16705 	20596
National Institute of Technology, Kurukshetra	ROBOTICS & AUTOMATION (4 Years, Bachelor of Technology) 	HS 	OPEN 	Female-only (including Supernumerary) 	18339 	20080
National Institute of Technology, Kurukshetra	ROBOTICS & AUTOMATION (4 Years, Bachelor of Technology) 	OS 	OPEN 	Gender-Neutral 	12322 	13940
National Institute of Technology, Kurukshetra	ROBOTICS & AUTOMATION (4 Years, Bachelor of Technology) 	OS 	OPEN 	Female-only (including Supernumerary) 	19019 	19019
National Institute of Technology, Kurukshetra	SUSTAINABLE ENERGY TECHNOLOGIES (4 Years, Bachelor of Technology) 	HS 	OPEN 	Gender-Neutral 	39409 	48578
National Institute of Technology, Kurukshetra	SUSTAINABLE ENERGY TECHNOLOGIES (4 Years, Bachelor of Technology) 	HS 	OPEN 	Female-only (including Supernumerary) 	58334 	60587
National Institute of Technology, Kurukshetra	SUSTAINABLE ENERGY TECHNOLOGIES (4 Years, Bachelor of Technology) 	OS 	OPEN 	Gender-Neutral 	25750 	36123
National Institute of Technology, Kurukshetra	SUSTAINABLE ENERGY TECHNOLOGIES (4 Years, Bachelor of Technology) 	OS 	OPEN 	Female-only (including Supernumerary) 	41864 	47430
National Institute of Technology, Manipur	Civil Engineering (4 Years, Bachelor of Technology) 	HS 	OPEN 	Gender-Neutral 	171740 	278552
National Institute of Technology, Manipur	Civil Engineering (4 Years, Bachelor of Technology) 	HS 	OPEN 	Female-only (including Supernumerary) 	287849 	287849
National Institute of Technology, Manipur	Civil Engineering (4 Years, Bachelor of Technology) 	OS 	OPEN 	Gender-Neutral 	50055 	60323
National Institute of Technology, Manipur	Civil Engineering (4 Years, Bachelor of Technology) 	OS 	OPEN 	Female-only (including Supernumerary) 	76976 	77201
National Institute of Technology, Manipur	Computer Science and Engineering (4 Years, Bachelor of Technology) 	HS 	OPEN 	Gender-Neutral 	62755 	215198
National Institute of Technology, Manipur	Computer Science and Engineering (4 Years, Bachelor of Technology) 	HS 	OPEN 	Female-only (including Supernumerary) 	107156 	245850
National Institute of Technology, Manipur	Computer Science and Engineering (4 Years, Bachelor of Technology) 	OS 	OPEN 	Gender-Neutral 	26617 	33098
National Institute of Technology, Manipur	Computer Science and Engineering (4 Years, Bachelor of Technology) 	OS 	OPEN 	Female-only (including Supernumerary) 	51368 	52490
National Institute of Technology, Manipur	Electrical Engineering (4 Years, Bachelor of Technology) 	HS 	OPEN 	Gender-Neutral 	143879 	346687
National Institute of Technology, Manipur	Electrical Engineering (4 Years, Bachelor of Technology) 	HS 	OPEN 	Female-only (including Supernumerary) 	591955 	591955
National Institute of Technology, Manipur	Electrical Engineering (4 Years, Bachelor of Technology) 	OS 	OPEN 	Gender-Neutral 	43350 	50092
National Institute of Technology, Manipur	Electrical Engineering (4 Years, Bachelor of Technology) 	OS 	OPEN 	Female-only (including Supernumerary) 	64653 	66424
National Institute of Technology, Manipur	Electronics and Communication Engineering (4 Years, Bachelor of Technology) 	HS 	OPEN 	Gender-Neutral 	133978 	352131
National Institute of Technology, Manipur	Electronics and Communication Engineering (4 Years, Bachelor of Technology) 	HS 	OPEN 	Female-only (including Supernumerary) 	323476 	625673
National Institute of Technology, Manipur	Electronics and Communication Engineering (4 Years, Bachelor of Technology) 	OS 	OPEN 	Gender-Neutral 	36357 	42695
National Institute of Technology, Manipur	Electronics and Communication Engineering (4 Years, Bachelor of Technology) 	OS 	OPEN 	Female-only (including Supernumerary) 	54139 	58102
National Institute of Technology, Manipur	Mechanical Engineering (4 Years, Bachelor of Technology) 	HS 	OPEN 	Gender-Neutral 	262448 	529893
National Institute of Technology, Manipur	Mechanical Engineering (4 Years, Bachelor of Technology) 	HS 	OPEN 	Female-only (including Supernumerary) 	652566 	738493
National Institute of Technology, Manipur	Mechanical Engineering (4 Years, Bachelor of Technology) 	OS 	OPEN 	Gender-Neutral 	49226 	52716
National Institute of Technology, Manipur	Mechanical Engineering (4 Years, Bachelor of Technology) 	OS 	OPEN 	Female-only (including Supernumerary) 	70916 	72273
National Institute of Technology, Mizoram	Chemical Science and Technology (4 Years, Bachelor of Technology) 	OS 	OPEN 	Gender-Neutral 	53441 	57895
National Institute of Technology, Mizoram	Chemical Science and Technology (4 Years, Bachelor of Technology) 	OS 	OPEN 	Female-only (including Supernumerary) 	67414 	67414
National Institute of Technology, Mizoram	Civil Engineering (4 Years, Bachelor of Technology) 	HS 	OPEN 	Gender-Neutral 	400777 	548694
National Institute of Technology, Mizoram	Civil Engineering (4 Years, Bachelor of Technology) 	HS 	OPEN 	Female-only (including Supernumerary) 	381812 	626254
National Institute of Technology, Mizoram	Civil Engineering (4 Years, Bachelor of Technology) 	OS 	OPEN 	Gender-Neutral 	58197 	61620
National Institute of Technology, Mizoram	Civil Engineering (4 Years, Bachelor of Technology) 	OS 	OPEN 	Female-only (including Supernumerary) 	70628 	70628
National Institute of Technology, Mizoram	Computer Science and Engineering (4 Years, Bachelor of Technology) 	HS 	OPEN 	Gender-Neutral 	271407 	563566
National Institute of Technology, Mizoram	Computer Science and Engineering (4 Years, Bachelor of Technology) 	HS 	OPEN 	Female-only (including Supernumerary) 	1002085 	1002085
National Institute of Technology, Mizoram	Computer Science and Engineering (4 Years, Bachelor of Technology) 	OS 	OPEN 	Gender-Neutral 	35504 	37751
National Institute of Technology, Mizoram	Computer Science and Engineering (4 Years, Bachelor of Technology) 	OS 	OPEN 	Female-only (including Supernumerary) 	53709 	53709
National Institute of Technology, Mizoram	Electrical Engineering (4 Years, Bachelor of Technology) 	HS 	OPEN 	Gender-Neutral 	639117 	718900
National Institute of Technology, Mizoram	Electrical Engineering (4 Years, Bachelor of Technology) 	OS 	OPEN 	Gender-Neutral 	45429 	51698
National Institute of Technology, Mizoram	Electrical Engineering (4 Years, Bachelor of Technology) 	OS 	OPEN 	Female-only (including Supernumerary) 	64465 	64465
National Institute of Technology, Mizoram	Electronics and Communication Engineering (4 Years, Bachelor of Technology) 	HS 	OPEN 	Gender-Neutral 	888104 	1105820
National Institute of Technology, Mizoram	Electronics and Communication Engineering (4 Years, Bachelor of Technology) 	OS 	OPEN 	Gender-Neutral 	39170 	44871
National Institute of Technology, Mizoram	Electronics and Communication Engineering (4 Years, Bachelor of Technology) 	OS 	OPEN 	Female-only (including Supernumerary) 	54822 	54822
National Institute of Technology, Mizoram	Mathematics and Computing (4 Years, Bachelor of Technology) 	HS 	OPEN 	Gender-Neutral 	764291 	764291
National Institute of Technology, Mizoram	Mathematics and Computing (4 Years, Bachelor of Technology) 	OS 	OPEN 	Gender-Neutral 	20007 	37859
National Institute of Technology, Mizoram	Mathematics and Computing (4 Years, Bachelor of Technology) 	OS 	OPEN 	Female-only (including Supernumerary) 	53715 	53715
National Institute of Technology, Mizoram	Mechanical Engineering (4 Years, Bachelor of Technology) 	HS 	OPEN 	Gender-Neutral 	840727 	1314967
National Institute of Technology, Mizoram	Mechanical Engineering (4 Years, Bachelor of Technology) 	OS 	OPEN 	Gender-Neutral 	52010 	55295
National Institute of Technology, Mizoram	Mechanical Engineering (4 Years, Bachelor of Technology) 	OS 	OPEN 	Female-only (including Supernumerary) 	69192 	69192
National Institute of Technology, Rourkela	Architecture (5 Years, Bachelor of Architecture) 	HS 	OPEN 	Gender-Neutral 	643 	1621
National Institute of Technology, Rourkela	Architecture (5 Years, Bachelor of Architecture) 	HS 	OPEN 	Female-only (including Supernumerary) 	1204 	1204
National Institute of Technology, Rourkela	Architecture (5 Years, Bachelor of Architecture) 	OS 	OPEN 	Gender-Neutral 	323 	550
National Institute of Technology, Rourkela	Architecture (5 Years, Bachelor of Architecture) 	OS 	OPEN 	Female-only (including Supernumerary) 	369 	369
National Institute of Technology, Rourkela	Artificial Intelligence (4 Years, Bachelor of Technology) 	HS 	OPEN 	Gender-Neutral 	8001 	9099
National Institute of Technology, Rourkela	Artificial Intelligence (4 Years, Bachelor of Technology) 	HS 	OPEN 	Female-only (including Supernumerary) 	17226 	18371
National Institute of Technology, Rourkela	Artificial Intelligence (4 Years, Bachelor of Technology) 	OS 	OPEN 	Gender-Neutral 	2962 	4448
National Institute of Technology, Rourkela	Artificial Intelligence (4 Years, Bachelor of Technology) 	OS 	OPEN 	Female-only (including Supernumerary) 	5770 	7401
National Institute of Technology, Rourkela	Bio Medical Engineering (4 Years, Bachelor of Technology) 	HS 	OPEN 	Gender-Neutral 	37901 	45885
National Institute of Technology, Rourkela	Bio Medical Engineering (4 Years, Bachelor of Technology) 	HS 	OPEN 	Female-only (including Supernumerary) 	71858 	71947
National Institute of Technology, Rourkela	Bio Medical Engineering (4 Years, Bachelor of Technology) 	OS 	OPEN 	Gender-Neutral 	31793 	34766
National Institute of Technology, Rourkela	Bio Medical Engineering (4 Years, Bachelor of Technology) 	OS 	OPEN 	Female-only (including Supernumerary) 	38268 	40701
National Institute of Technology, Rourkela	Bio Technology (4 Years, Bachelor of Technology) 	HS 	OPEN 	Gender-Neutral 	12305 	42292
National Institute of Technology, Rourkela	Bio Technology (4 Years, Bachelor of Technology) 	HS 	OPEN 	Female-only (including Supernumerary) 	61806 	67806
National Institute of Technology, Rourkela	Bio Technology (4 Years, Bachelor of Technology) 	OS 	OPEN 	Gender-Neutral 	12088 	32227
National Institute of Technology, Rourkela	Bio Technology (4 Years, Bachelor of Technology) 	OS 	OPEN 	Female-only (including Supernumerary) 	39884 	41061
National Institute of Technology, Rourkela	Ceramic Engineering (4 Years, Bachelor of Technology) 	HS 	OPEN 	Gender-Neutral 	35735 	43332
National Institute of Technology, Rourkela	Ceramic Engineering (4 Years, Bachelor of Technology) 	HS 	OPEN 	Female-only (including Supernumerary) 	64423 	66841
National Institute of Technology, Rourkela	Ceramic Engineering (4 Years, Bachelor of Technology) 	OS 	OPEN 	Gender-Neutral 	24246 	34022
National Institute of Technology, Rourkela	Ceramic Engineering (4 Years, Bachelor of Technology) 	OS 	OPEN 	Female-only (including Supernumerary) 	49648 	52626
National Institute of Technology, Rourkela	Ceramic Engineering and M.Tech Industrial Ceramic (5 Years, Bachelor and Master of Technology (Dual Degree)) 	HS 	OPEN 	Gender-Neutral 	44409 	50899
National Institute of Technology, Rourkela	Ceramic Engineering and M.Tech Industrial Ceramic (5 Years, Bachelor and Master of Technology (Dual Degree)) 	HS 	OPEN 	Female-only (including Supernumerary) 	73686 	73686
National Institute of Technology, Rourkela	Ceramic Engineering and M.Tech Industrial Ceramic (5 Years, Bachelor and Master of Technology (Dual Degree)) 	OS 	OPEN 	Gender-Neutral 	42128 	45200
National Institute of Technology, Rourkela	Ceramic Engineering and M.Tech Industrial Ceramic (5 Years, Bachelor and Master of Technology (Dual Degree)) 	OS 	OPEN 	Female-only (including Supernumerary) 	60327 	60327
National Institute of Technology, Rourkela	Chemical Engineering (4 Years, Bachelor of Technology) 	HS 	OPEN 	Gender-Neutral 	19047 	23539
National Institute of Technology, Rourkela	Chemical Engineering (4 Years, Bachelor of Technology) 	HS 	OPEN 	Female-only (including Supernumerary) 	35727 	40082
National Institute of Technology, Rourkela	Chemical Engineering (4 Years, Bachelor of Technology) 	OS 	OPEN 	Gender-Neutral 	13111 	18034
National Institute of Technology, Rourkela	Chemical Engineering (4 Years, Bachelor of Technology) 	OS 	OPEN 	Female-only (including Supernumerary) 	28759 	29927
National Institute of Technology, Rourkela	Chemical Engineering (5 Years, Bachelor and Master of Technology (Dual Degree)) 	HS 	OPEN 	Gender-Neutral 	24496 	33511
National Institute of Technology, Rourkela	Chemical Engineering (5 Years, Bachelor and Master of Technology (Dual Degree)) 	OS 	OPEN 	Gender-Neutral 	20828 	20944
National Institute of Technology, Rourkela	Chemical Engineering (5 Years, Bachelor and Master of Technology (Dual Degree)) 	OS 	OPEN 	Female-only (including Supernumerary) 	30572 	30572
National Institute of Technology, Rourkela	Chemistry (5 Years, Integrated Master of Science) 	HS 	OPEN 	Gender-Neutral 	53373 	60683
National Institute of Technology, Rourkela	Chemistry (5 Years, Integrated Master of Science) 	HS 	OPEN 	Female-only (including Supernumerary) 	59395 	59395
National Institute of Technology, Rourkela	Chemistry (5 Years, Integrated Master of Science) 	OS 	OPEN 	Gender-Neutral 	38235 	43806
National Institute of Technology, Rourkela	Chemistry (5 Years, Integrated Master of Science) 	OS 	OPEN 	Female-only (including Supernumerary) 	34430 	34430
National Institute of Technology, Rourkela	Civil Engineering (4 Years, Bachelor of Technology) 	HS 	OPEN 	Gender-Neutral 	24147 	28368
National Institute of Technology, Rourkela	Civil Engineering (4 Years, Bachelor of Technology) 	HS 	OPEN 	Female-only (including Supernumerary) 	41040 	43525
National Institute of Technology, Rourkela	Civil Engineering (4 Years, Bachelor of Technology) 	OS 	OPEN 	Gender-Neutral 	12225 	25282
National Institute of Technology, Rourkela	Civil Engineering (4 Years, Bachelor of Technology) 	OS 	OPEN 	Female-only (including Supernumerary) 	30429 	36568
National Institute of Technology, Rourkela	Computer Science and Engineering (4 Years, Bachelor of Technology) 	HS 	OPEN 	Gender-Neutral 	4273 	7853
National Institute of Technology, Rourkela	Computer Science and Engineering (4 Years, Bachelor of Technology) 	HS 	OPEN 	Female-only (including Supernumerary) 	6969 	16197
National Institute of Technology, Rourkela	Computer Science and Engineering (4 Years, Bachelor of Technology) 	OS 	OPEN 	Gender-Neutral 	2442 	3431
National Institute of Technology, Rourkela	Computer Science and Engineering (4 Years, Bachelor of Technology) 	OS 	OPEN 	Female-only (including Supernumerary) 	1434 	5524
National Institute of Technology, Rourkela	Electrical Engineering (4 Years, Bachelor of Technology) 	HS 	OPEN 	Gender-Neutral 	11122 	16250
National Institute of Technology, Rourkela	Electrical Engineering (4 Years, Bachelor of Technology) 	HS 	OPEN 	Female-only (including Supernumerary) 	23067 	30552
National Institute of Technology, Rourkela	Electrical Engineering (4 Years, Bachelor of Technology) 	OS 	OPEN 	Gender-Neutral 	8111 	10623
National Institute of Technology, Rourkela	Electrical Engineering (4 Years, Bachelor of Technology) 	OS 	OPEN 	Female-only (including Supernumerary) 	15342 	18535
National Institute of Technology, Rourkela	Electronics and Communication Engineering (4 Years, Bachelor of Technology) 	HS 	OPEN 	Gender-Neutral 	9309 	11195
National Institute of Technology, Rourkela	Electronics and Communication Engineering (4 Years, Bachelor of Technology) 	HS 	OPEN 	Female-only (including Supernumerary) 	20039 	20920
National Institute of Technology, Rourkela	Electronics and Communication Engineering (4 Years, Bachelor of Technology) 	OS 	OPEN 	Gender-Neutral 	4632 	5785
National Institute of Technology, Rourkela	Electronics and Communication Engineering (4 Years, Bachelor of Technology) 	OS 	OPEN 	Female-only (including Supernumerary) 	6697 	10842
National Institute of Technology, Rourkela	Electronics and Instrumentation Engineering (4 Years, Bachelor of Technology) 	HS 	OPEN 	Gender-Neutral 	11213 	13784
National Institute of Technology, Rourkela	Electronics and Instrumentation Engineering (4 Years, Bachelor of Technology) 	HS 	OPEN 	Female-only (including Supernumerary) 	21765 	21904
National Institute of Technology, Rourkela	Electronics and Instrumentation Engineering (4 Years, Bachelor of Technology) 	OS 	OPEN 	Gender-Neutral 	7389 	9555
National Institute of Technology, Rourkela	Electronics and Instrumentation Engineering (4 Years, Bachelor of Technology) 	OS 	OPEN 	Female-only (including Supernumerary) 	11705 	15183
National Institute of Technology, Rourkela	Food Process Engineering (4 Years, Bachelor of Technology) 	HS 	OPEN 	Gender-Neutral 	43338 	48809
National Institute of Technology, Rourkela	Food Process Engineering (4 Years, Bachelor of Technology) 	HS 	OPEN 	Female-only (including Supernumerary) 	78347 	78347
National Institute of Technology, Rourkela	Food Process Engineering (4 Years, Bachelor of Technology) 	OS 	OPEN 	Gender-Neutral 	36462 	40010
National Institute of Technology, Rourkela	Food Process Engineering (4 Years, Bachelor of Technology) 	OS 	OPEN 	Female-only (including Supernumerary) 	33994 	33994
National Institute of Technology, Rourkela	Industrial Design (4 Years, Bachelor of Technology) 	HS 	OPEN 	Gender-Neutral 	22708 	31363
National Institute of Technology, Rourkela	Industrial Design (4 Years, Bachelor of Technology) 	HS 	OPEN 	Female-only (including Supernumerary) 	34171 	34233
National Institute of Technology, Rourkela	Industrial Design (4 Years, Bachelor of Technology) 	OS 	OPEN 	Gender-Neutral 	19260 	24030
National Institute of Technology, Rourkela	Industrial Design (4 Years, Bachelor of Technology) 	OS 	OPEN 	Female-only (including Supernumerary) 	16077 	27788
National Institute of Technology, Rourkela	Life Science (5 Years, Integrated Master of Science) 	HS 	OPEN 	Gender-Neutral 	75395 	81559
National Institute of Technology, Rourkela	Life Science (5 Years, Integrated Master of Science) 	HS 	OPEN 	Female-only (including Supernumerary) 	67184 	67184
National Institute of Technology, Rourkela	Life Science (5 Years, Integrated Master of Science) 	OS 	OPEN 	Gender-Neutral 	37534 	51669
National Institute of Technology, Rourkela	Life Science (5 Years, Integrated Master of Science) 	OS 	OPEN 	Female-only (including Supernumerary) 	58328 	58328
National Institute of Technology, Rourkela	Mathematics (5 Years, Integrated Master of Science) 	HS 	OPEN 	Gender-Neutral 	24472 	52270
National Institute of Technology, Rourkela	Mathematics (5 Years, Integrated Master of Science) 	HS 	OPEN 	Female-only (including Supernumerary) 	51226 	51226
National Institute of Technology, Rourkela	Mathematics (5 Years, Integrated Master of Science) 	OS 	OPEN 	Gender-Neutral 	19397 	24786
National Institute of Technology, Rourkela	Mathematics (5 Years, Integrated Master of Science) 	OS 	OPEN 	Female-only (including Supernumerary) 	37359 	37359
National Institute of Technology, Rourkela	Mechanical Engineering (4 Years, Bachelor of Technology) 	HS 	OPEN 	Gender-Neutral 	16389 	21488
National Institute of Technology, Rourkela	Mechanical Engineering (4 Years, Bachelor of Technology) 	HS 	OPEN 	Female-only (including Supernumerary) 	29423 	31958
National Institute of Technology, Rourkela	Mechanical Engineering (4 Years, Bachelor of Technology) 	OS 	OPEN 	Gender-Neutral 	10775 	15035
National Institute of Technology, Rourkela	Mechanical Engineering (4 Years, Bachelor of Technology) 	OS 	OPEN 	Female-only (including Supernumerary) 	24059 	27489
National Institute of Technology, Rourkela	Metallurgical and Materials Engineering (4 Years, Bachelor of Technology) 	HS 	OPEN 	Gender-Neutral 	26434 	31600
National Institute of Technology, Rourkela	Metallurgical and Materials Engineering (4 Years, Bachelor of Technology) 	HS 	OPEN 	Female-only (including Supernumerary) 	45063 	50863
National Institute of Technology, Rourkela	Metallurgical and Materials Engineering (4 Years, Bachelor of Technology) 	OS 	OPEN 	Gender-Neutral 	28687 	30135
National Institute of Technology, Rourkela	Metallurgical and Materials Engineering (4 Years, Bachelor of Technology) 	OS 	OPEN 	Female-only (including Supernumerary) 	39801 	41195
National Institute of Technology, Rourkela	Metallurgical and Materials Engineering (5 Years, Bachelor and Master of Technology (Dual Degree)) 	HS 	OPEN 	Gender-Neutral 	36055 	39890
National Institute of Technology, Rourkela	Metallurgical and Materials Engineering (5 Years, Bachelor and Master of Technology (Dual Degree)) 	OS 	OPEN 	Gender-Neutral 	33247 	35129
National Institute of Technology, Rourkela	Metallurgical and Materials Engineering (5 Years, Bachelor and Master of Technology (Dual Degree)) 	OS 	OPEN 	Female-only (including Supernumerary) 	47131 	47131
National Institute of Technology, Rourkela	Mining Engineering (4 Years, Bachelor of Technology) 	HS 	OPEN 	Gender-Neutral 	23730 	35557
National Institute of Technology, Rourkela	Mining Engineering (4 Years, Bachelor of Technology) 	HS 	OPEN 	Female-only (including Supernumerary) 	31320 	54553
National Institute of Technology, Rourkela	Mining Engineering (4 Years, Bachelor of Technology) 	OS 	OPEN 	Gender-Neutral 	31642 	35731
National Institute of Technology, Rourkela	Mining Engineering (4 Years, Bachelor of Technology) 	OS 	OPEN 	Female-only (including Supernumerary) 	48630 	53135
National Institute of Technology, Rourkela	Mining Engineering (5 Years, Bachelor and Master of Technology (Dual Degree)) 	HS 	OPEN 	Gender-Neutral 	40154 	40423
National Institute of Technology, Rourkela	Mining Engineering (5 Years, Bachelor and Master of Technology (Dual Degree)) 	OS 	OPEN 	Gender-Neutral 	37934 	41212
National Institute of Technology, Rourkela	Physics (5 Years, Integrated Master of Science) 	HS 	OPEN 	Gender-Neutral 	50526 	53337
National Institute of Technology, Rourkela	Physics (5 Years, Integrated Master of Science) 	HS 	OPEN 	Female-only (including Supernumerary) 	43878 	43878
National Institute of Technology, Rourkela	Physics (5 Years, Integrated Master of Science) 	OS 	OPEN 	Gender-Neutral 	13664 	23219
National Institute of Technology, Rourkela	Physics (5 Years, Integrated Master of Science) 	OS 	OPEN 	Female-only (including Supernumerary) 	27473 	27473
National Institute of Technology, Silchar	Civil Engineering (4 Years, Bachelor of Technology) 	HS 	OPEN 	Gender-Neutral 	61385 	80869
National Institute of Technology, Silchar	Civil Engineering (4 Years, Bachelor of Technology) 	HS 	OPEN 	Female-only (including Supernumerary) 	66063 	103145
National Institute of Technology, Silchar	Civil Engineering (4 Years, Bachelor of Technology) 	OS 	OPEN 	Gender-Neutral 	40790 	48062
National Institute of Technology, Silchar	Civil Engineering (4 Years, Bachelor of Technology) 	OS 	OPEN 	Female-only (including Supernumerary) 	60505 	65033
National Institute of Technology, Silchar	Computer Science and Engineering (4 Years, Bachelor of Technology) 	HS 	OPEN 	Gender-Neutral 	10077 	23366
National Institute of Technology, Silchar	Computer Science and Engineering (4 Years, Bachelor of Technology) 	HS 	OPEN 	Female-only (including Supernumerary) 	22196 	49187
National Institute of Technology, Silchar	Computer Science and Engineering (4 Years, Bachelor of Technology) 	OS 	OPEN 	Gender-Neutral 	8010 	12665
National Institute of Technology, Silchar	Computer Science and Engineering (4 Years, Bachelor of Technology) 	OS 	OPEN 	Female-only (including Supernumerary) 	16924 	22468
National Institute of Technology, Silchar	Electrical Engineering (4 Years, Bachelor of Technology) 	HS 	OPEN 	Gender-Neutral 	41512 	58422
National Institute of Technology, Silchar	Electrical Engineering (4 Years, Bachelor of Technology) 	HS 	OPEN 	Female-only (including Supernumerary) 	77041 	95180
National Institute of Technology, Silchar	Electrical Engineering (4 Years, Bachelor of Technology) 	OS 	OPEN 	Gender-Neutral 	20580 	25920
National Institute of Technology, Silchar	Electrical Engineering (4 Years, Bachelor of Technology) 	OS 	OPEN 	Female-only (including Supernumerary) 	34825 	40537
National Institute of Technology, Silchar	Electronics and Communication Engineering (4 Years, Bachelor of Technology) 	HS 	OPEN 	Gender-Neutral 	23581 	40328
National Institute of Technology, Silchar	Electronics and Communication Engineering (4 Years, Bachelor of Technology) 	HS 	OPEN 	Female-only (including Supernumerary) 	56404 	68973
National Institute of Technology, Silchar	Electronics and Communication Engineering (4 Years, Bachelor of Technology) 	OS 	OPEN 	Gender-Neutral 	12695 	18068
National Institute of Technology, Silchar	Electronics and Communication Engineering (4 Years, Bachelor of Technology) 	OS 	OPEN 	Female-only (including Supernumerary) 	25255 	31185
National Institute of Technology, Silchar	Electronics and Instrumentation Engineering (4 Years, Bachelor of Technology) 	HS 	OPEN 	Gender-Neutral 	40740 	50066
National Institute of Technology, Silchar	Electronics and Instrumentation Engineering (4 Years, Bachelor of Technology) 	HS 	OPEN 	Female-only (including Supernumerary) 	63019 	75283
National Institute of Technology, Silchar	Electronics and Instrumentation Engineering (4 Years, Bachelor of Technology) 	OS 	OPEN 	Gender-Neutral 	18315 	21722
National Institute of Technology, Silchar	Electronics and Instrumentation Engineering (4 Years, Bachelor of Technology) 	OS 	OPEN 	Female-only (including Supernumerary) 	33175 	39861
National Institute of Technology, Silchar	Mechanical Engineering (4 Years, Bachelor of Technology) 	HS 	OPEN 	Gender-Neutral 	33832 	68356
National Institute of Technology, Silchar	Mechanical Engineering (4 Years, Bachelor of Technology) 	HS 	OPEN 	Female-only (including Supernumerary) 	27017 	96332
National Institute of Technology, Silchar	Mechanical Engineering (4 Years, Bachelor of Technology) 	OS 	OPEN 	Gender-Neutral 	25627 	34130
National Institute of Technology, Silchar	Mechanical Engineering (4 Years, Bachelor of Technology) 	OS 	OPEN 	Female-only (including Supernumerary) 	40912 	55677
National Institute of Technology, Srinagar	Chemical Engineering (4 Years, Bachelor of Technology) 	JK 	OPEN 	Gender-Neutral 	97023 	117046
National Institute of Technology, Srinagar	Chemical Engineering (4 Years, Bachelor of Technology) 	JK 	OPEN 	Female-only (including Supernumerary) 	158741 	180608
National Institute of Technology, Srinagar	Chemical Engineering (4 Years, Bachelor of Technology) 	LA 	OPEN 	Gender-Neutral 	372690 	372690
National Institute of Technology, Srinagar	Chemical Engineering (4 Years, Bachelor of Technology) 	OS 	OPEN 	Gender-Neutral 	41554 	55299
National Institute of Technology, Srinagar	Chemical Engineering (4 Years, Bachelor of Technology) 	OS 	OPEN 	Female-only (including Supernumerary) 	58122 	62404
National Institute of Technology, Srinagar	Civil Engineering (4 Years, Bachelor of Technology) 	JK 	OPEN 	Gender-Neutral 	33267 	105987
National Institute of Technology, Srinagar	Civil Engineering (4 Years, Bachelor of Technology) 	JK 	OPEN 	Female-only (including Supernumerary) 	49411 	135454
National Institute of Technology, Srinagar	Civil Engineering (4 Years, Bachelor of Technology) 	LA 	OPEN 	Gender-Neutral 	266955 	315730
National Institute of Technology, Srinagar	Civil Engineering (4 Years, Bachelor of Technology) 	OS 	OPEN 	Gender-Neutral 	21747 	57319
National Institute of Technology, Srinagar	Civil Engineering (4 Years, Bachelor of Technology) 	OS 	OPEN 	Female-only (including Supernumerary) 	68136 	72788
National Institute of Technology, Srinagar	Computer Science and Engineering (4 Years, Bachelor of Technology) 	JK 	OPEN 	Gender-Neutral 	9003 	39108
National Institute of Technology, Srinagar	Computer Science and Engineering (4 Years, Bachelor of Technology) 	JK 	OPEN 	Female-only (including Supernumerary) 	9490 	52770
National Institute of Technology, Srinagar	Computer Science and Engineering (4 Years, Bachelor of Technology) 	LA 	OPEN 	Gender-Neutral 	220991 	220991
National Institute of Technology, Srinagar	Computer Science and Engineering (4 Years, Bachelor of Technology) 	LA 	OPEN 	Female-only (including Supernumerary) 	295441 	295441
National Institute of Technology, Srinagar	Computer Science and Engineering (4 Years, Bachelor of Technology) 	OS 	OPEN 	Gender-Neutral 	15080 	26171
National Institute of Technology, Srinagar	Computer Science and Engineering (4 Years, Bachelor of Technology) 	OS 	OPEN 	Female-only (including Supernumerary) 	31275 	44583
National Institute of Technology, Srinagar	Electrical Engineering (4 Years, Bachelor of Technology) 	JK 	OPEN 	Gender-Neutral 	65024 	87335
National Institute of Technology, Srinagar	Electrical Engineering (4 Years, Bachelor of Technology) 	JK 	OPEN 	Female-only (including Supernumerary) 	84521 	147544
National Institute of Technology, Srinagar	Electrical Engineering (4 Years, Bachelor of Technology) 	LA 	OPEN 	Gender-Neutral 	340899 	340899
National Institute of Technology, Srinagar	Electrical Engineering (4 Years, Bachelor of Technology) 	LA 	OPEN 	Female-only (including Supernumerary) 	619954 	619954
National Institute of Technology, Srinagar	Electrical Engineering (4 Years, Bachelor of Technology) 	OS 	OPEN 	Gender-Neutral 	33145 	43282
National Institute of Technology, Srinagar	Electrical Engineering (4 Years, Bachelor of Technology) 	OS 	OPEN 	Female-only (including Supernumerary) 	51161 	58026
National Institute of Technology, Srinagar	Electronics and Communication Engineering (4 Years, Bachelor of Technology) 	JK 	OPEN 	Gender-Neutral 	43043 	71944
National Institute of Technology, Srinagar	Electronics and Communication Engineering (4 Years, Bachelor of Technology) 	JK 	OPEN 	Female-only (including Supernumerary) 	54146 	99060
National Institute of Technology, Srinagar	Electronics and Communication Engineering (4 Years, Bachelor of Technology) 	LA 	OPEN 	Gender-Neutral 	306845 	306845
National Institute of Technology, Srinagar	Electronics and Communication Engineering (4 Years, Bachelor of Technology) 	LA 	OPEN 	Female-only (including Supernumerary) 	512090 	512090
National Institute of Technology, Srinagar	Electronics and Communication Engineering (4 Years, Bachelor of Technology) 	OS 	OPEN 	Gender-Neutral 	22930 	36651
National Institute of Technology, Srinagar	Electronics and Communication Engineering (4 Years, Bachelor of Technology) 	OS 	OPEN 	Female-only (including Supernumerary) 	37506 	50625
National Institute of Technology, Srinagar	Information Technology (4 Years, Bachelor of Technology) 	JK 	OPEN 	Gender-Neutral 	39384 	62572
National Institute of Technology, Srinagar	Information Technology (4 Years, Bachelor of Technology) 	JK 	OPEN 	Female-only (including Supernumerary) 	52847 	94291
National Institute of Technology, Srinagar	Information Technology (4 Years, Bachelor of Technology) 	LA 	OPEN 	Gender-Neutral 	238562 	238562
National Institute of Technology, Srinagar	Information Technology (4 Years, Bachelor of Technology) 	LA 	OPEN 	Female-only (including Supernumerary) 	432452 	432452
National Institute of Technology, Srinagar	Information Technology (4 Years, Bachelor of Technology) 	OS 	OPEN 	Gender-Neutral 	27976 	33379
National Institute of Technology, Srinagar	Information Technology (4 Years, Bachelor of Technology) 	OS 	OPEN 	Female-only (including Supernumerary) 	19126 	50448
National Institute of Technology, Srinagar	Mechanical Engineering (4 Years, Bachelor of Technology) 	JK 	OPEN 	Gender-Neutral 	69125 	108745
National Institute of Technology, Srinagar	Mechanical Engineering (4 Years, Bachelor of Technology) 	JK 	OPEN 	Female-only (including Supernumerary) 	94607 	154271
National Institute of Technology, Srinagar	Mechanical Engineering (4 Years, Bachelor of Technology) 	LA 	OPEN 	Gender-Neutral 	334003 	334003
National Institute of Technology, Srinagar	Mechanical Engineering (4 Years, Bachelor of Technology) 	LA 	OPEN 	Female-only (including Supernumerary) 	526791 	526791
National Institute of Technology, Srinagar	Mechanical Engineering (4 Years, Bachelor of Technology) 	OS 	OPEN 	Gender-Neutral 	44791 	48977
National Institute of Technology, Srinagar	Mechanical Engineering (4 Years, Bachelor of Technology) 	OS 	OPEN 	Female-only (including Supernumerary) 	50322 	65777
National Institute of Technology, Srinagar	Metallurgical and Materials Engineering (4 Years, Bachelor of Technology) 	JK 	OPEN 	Gender-Neutral 	115020 	133690
National Institute of Technology, Srinagar	Metallurgical and Materials Engineering (4 Years, Bachelor of Technology) 	JK 	OPEN 	Female-only (including Supernumerary) 	154402 	181650
National Institute of Technology, Srinagar	Metallurgical and Materials Engineering (4 Years, Bachelor of Technology) 	LA 	OPEN 	Gender-Neutral 	467655 	467655
National Institute of Technology, Srinagar	Metallurgical and Materials Engineering (4 Years, Bachelor of Technology) 	OS 	OPEN 	Gender-Neutral 	50472 	57881
National Institute of Technology, Srinagar	Metallurgical and Materials Engineering (4 Years, Bachelor of Technology) 	OS 	OPEN 	Female-only (including Supernumerary) 	66568 	76336
National Institute of Technology, Tiruchirappalli	Architecture (5 Years, Bachelor of Architecture) 	HS 	OPEN 	Gender-Neutral 	112 	470
National Institute of Technology, Tiruchirappalli	Architecture (5 Years, Bachelor of Architecture) 	HS 	OPEN 	Female-only (including Supernumerary) 	163 	168
National Institute of Technology, Tiruchirappalli	Architecture (5 Years, Bachelor of Architecture) 	OS 	OPEN 	Gender-Neutral 	20 	227
National Institute of Technology, Tiruchirappalli	Architecture (5 Years, Bachelor of Architecture) 	OS 	OPEN 	Female-only (including Supernumerary) 	12 	12
National Institute of Technology, Tiruchirappalli	Chemical Engineering (4 Years, Bachelor of Technology) 	HS 	OPEN 	Gender-Neutral 	15246 	20393
National Institute of Technology, Tiruchirappalli	Chemical Engineering (4 Years, Bachelor of Technology) 	HS 	OPEN 	Female-only (including Supernumerary) 	19506 	28231
National Institute of Technology, Tiruchirappalli	Chemical Engineering (4 Years, Bachelor of Technology) 	OS 	OPEN 	Gender-Neutral 	8763 	11935
National Institute of Technology, Tiruchirappalli	Chemical Engineering (4 Years, Bachelor of Technology) 	OS 	OPEN 	Female-only (including Supernumerary) 	8241 	20860
National Institute of Technology, Tiruchirappalli	Civil Engineering (4 Years, Bachelor of Technology) 	HS 	OPEN 	Gender-Neutral 	18578 	31593
National Institute of Technology, Tiruchirappalli	Civil Engineering (4 Years, Bachelor of Technology) 	HS 	OPEN 	Female-only (including Supernumerary) 	28614 	41075
National Institute of Technology, Tiruchirappalli	Civil Engineering (4 Years, Bachelor of Technology) 	OS 	OPEN 	Gender-Neutral 	8914 	17304
National Institute of Technology, Tiruchirappalli	Civil Engineering (4 Years, Bachelor of Technology) 	OS 	OPEN 	Female-only (including Supernumerary) 	20723 	26836
National Institute of Technology, Tiruchirappalli	Computer Science and Engineering (4 Years, Bachelor of Technology) 	HS 	OPEN 	Gender-Neutral 	559 	4569
National Institute of Technology, Tiruchirappalli	Computer Science and Engineering (4 Years, Bachelor of Technology) 	HS 	OPEN 	Female-only (including Supernumerary) 	2040 	8020
National Institute of Technology, Tiruchirappalli	Computer Science and Engineering (4 Years, Bachelor of Technology) 	OS 	OPEN 	Gender-Neutral 	659 	1449
National Institute of Technology, Tiruchirappalli	Computer Science and Engineering (4 Years, Bachelor of Technology) 	OS 	OPEN 	Female-only (including Supernumerary) 	899 	2599
National Institute of Technology, Tiruchirappalli	Electrical and Electronics Engineering (4 Years, Bachelor of Technology) 	HS 	OPEN 	Gender-Neutral 	4209 	9411
National Institute of Technology, Tiruchirappalli	Electrical and Electronics Engineering (4 Years, Bachelor of Technology) 	HS 	OPEN 	Female-only (including Supernumerary) 	12612 	16117
National Institute of Technology, Tiruchirappalli	Electrical and Electronics Engineering (4 Years, Bachelor of Technology) 	OS 	OPEN 	Gender-Neutral 	3481 	5637
National Institute of Technology, Tiruchirappalli	Electrical and Electronics Engineering (4 Years, Bachelor of Technology) 	OS 	OPEN 	Female-only (including Supernumerary) 	7021 	10135
National Institute of Technology, Tiruchirappalli	Electronics and Communication Engineering (4 Years, Bachelor of Technology) 	HS 	OPEN 	Gender-Neutral 	2232 	7076
National Institute of Technology, Tiruchirappalli	Electronics and Communication Engineering (4 Years, Bachelor of Technology) 	HS 	OPEN 	Female-only (including Supernumerary) 	8298 	12606
National Institute of Technology, Tiruchirappalli	Electronics and Communication Engineering (4 Years, Bachelor of Technology) 	OS 	OPEN 	Gender-Neutral 	2278 	3283
National Institute of Technology, Tiruchirappalli	Electronics and Communication Engineering (4 Years, Bachelor of Technology) 	OS 	OPEN 	Female-only (including Supernumerary) 	5201 	6458
National Institute of Technology, Tiruchirappalli	Instrumentation and Control Engineering (4 Years, Bachelor of Technology) 	HS 	OPEN 	Gender-Neutral 	9735 	13501
National Institute of Technology, Tiruchirappalli	Instrumentation and Control Engineering (4 Years, Bachelor of Technology) 	HS 	OPEN 	Female-only (including Supernumerary) 	17995 	21779
National Institute of Technology, Tiruchirappalli	Instrumentation and Control Engineering (4 Years, Bachelor of Technology) 	OS 	OPEN 	Gender-Neutral 	3441 	11047
National Institute of Technology, Tiruchirappalli	Instrumentation and Control Engineering (4 Years, Bachelor of Technology) 	OS 	OPEN 	Female-only (including Supernumerary) 	10766 	16299
National Institute of Technology, Tiruchirappalli	Mechanical Engineering (4 Years, Bachelor of Technology) 	HS 	OPEN 	Gender-Neutral 	9004 	14978
National Institute of Technology, Tiruchirappalli	Mechanical Engineering (4 Years, Bachelor of Technology) 	HS 	OPEN 	Female-only (including Supernumerary) 	18294 	25413
National Institute of Technology, Tiruchirappalli	Mechanical Engineering (4 Years, Bachelor of Technology) 	OS 	OPEN 	Gender-Neutral 	3106 	8339
National Institute of Technology, Tiruchirappalli	Mechanical Engineering (4 Years, Bachelor of Technology) 	OS 	OPEN 	Female-only (including Supernumerary) 	15105 	18071
National Institute of Technology, Tiruchirappalli	Metallurgical and Materials Engineering (4 Years, Bachelor of Technology) 	HS 	OPEN 	Gender-Neutral 	18321 	27118
National Institute of Technology, Tiruchirappalli	Metallurgical and Materials Engineering (4 Years, Bachelor of Technology) 	HS 	OPEN 	Female-only (including Supernumerary) 	28506 	40363
National Institute of Technology, Tiruchirappalli	Metallurgical and Materials Engineering (4 Years, Bachelor of Technology) 	OS 	OPEN 	Gender-Neutral 	14204 	21243
National Institute of Technology, Tiruchirappalli	Metallurgical and Materials Engineering (4 Years, Bachelor of Technology) 	OS 	OPEN 	Female-only (including Supernumerary) 	32972 	36259
National Institute of Technology, Tiruchirappalli	Production Engineering (4 Years, Bachelor of Technology) 	HS 	OPEN 	Gender-Neutral 	16449 	24160
National Institute of Technology, Tiruchirappalli	Production Engineering (4 Years, Bachelor of Technology) 	HS 	OPEN 	Female-only (including Supernumerary) 	26567 	32315
National Institute of Technology, Tiruchirappalli	Production Engineering (4 Years, Bachelor of Technology) 	OS 	OPEN 	Gender-Neutral 	11698 	20879
National Institute of Technology, Tiruchirappalli	Production Engineering (4 Years, Bachelor of Technology) 	OS 	OPEN 	Female-only (including Supernumerary) 	28306 	34113
National Institute of Technology, Uttarakhand	Civil Engineering (4 Years, Bachelor of Technology) 	HS 	OPEN 	Gender-Neutral 	53893 	61063
National Institute of Technology, Uttarakhand	Civil Engineering (4 Years, Bachelor of Technology) 	HS 	OPEN 	Female-only (including Supernumerary) 	72657 	72657
National Institute of Technology, Uttarakhand	Civil Engineering (4 Years, Bachelor of Technology) 	OS 	OPEN 	Gender-Neutral 	48215 	49391
National Institute of Technology, Uttarakhand	Civil Engineering (4 Years, Bachelor of Technology) 	OS 	OPEN 	Female-only (including Supernumerary) 	60682 	60682
National Institute of Technology, Uttarakhand	Computer Science and Engineering (4 Years, Bachelor of Technology) 	HS 	OPEN 	Gender-Neutral 	19705 	30851
National Institute of Technology, Uttarakhand	Computer Science and Engineering (4 Years, Bachelor of Technology) 	HS 	OPEN 	Female-only (including Supernumerary) 	23690 	39209
National Institute of Technology, Uttarakhand	Computer Science and Engineering (4 Years, Bachelor of Technology) 	OS 	OPEN 	Gender-Neutral 	16359 	18491
National Institute of Technology, Uttarakhand	Computer Science and Engineering (4 Years, Bachelor of Technology) 	OS 	OPEN 	Female-only (including Supernumerary) 	30379 	31912
National Institute of Technology, Uttarakhand	Electrical and Electronics Engineering (4 Years, Bachelor of Technology) 	HS 	OPEN 	Gender-Neutral 	45169 	48247
National Institute of Technology, Uttarakhand	Electrical and Electronics Engineering (4 Years, Bachelor of Technology) 	HS 	OPEN 	Female-only (including Supernumerary) 	56396 	56396
National Institute of Technology, Uttarakhand	Electrical and Electronics Engineering (4 Years, Bachelor of Technology) 	OS 	OPEN 	Gender-Neutral 	27268 	33738
National Institute of Technology, Uttarakhand	Electrical and Electronics Engineering (4 Years, Bachelor of Technology) 	OS 	OPEN 	Female-only (including Supernumerary) 	42033 	42033
National Institute of Technology, Uttarakhand	Electronics and Communication Engineering (4 Years, Bachelor of Technology) 	HS 	OPEN 	Gender-Neutral 	36046 	43978
National Institute of Technology, Uttarakhand	Electronics and Communication Engineering (4 Years, Bachelor of Technology) 	HS 	OPEN 	Female-only (including Supernumerary) 	50766 	50766
National Institute of Technology, Uttarakhand	Electronics and Communication Engineering (4 Years, Bachelor of Technology) 	OS 	OPEN 	Gender-Neutral 	21586 	26168
National Institute of Technology, Uttarakhand	Electronics and Communication Engineering (4 Years, Bachelor of Technology) 	OS 	OPEN 	Female-only (including Supernumerary) 	33215 	35357
National Institute of Technology, Uttarakhand	Mechanical Engineering (4 Years, Bachelor of Technology) 	HS 	OPEN 	Gender-Neutral 	40050 	52147
National Institute of Technology, Uttarakhand	Mechanical Engineering (4 Years, Bachelor of Technology) 	HS 	OPEN 	Female-only (including Supernumerary) 	68890 	68890
National Institute of Technology, Uttarakhand	Mechanical Engineering (4 Years, Bachelor of Technology) 	OS 	OPEN 	Gender-Neutral 	34348 	40975
National Institute of Technology, Uttarakhand	Mechanical Engineering (4 Years, Bachelor of Technology) 	OS 	OPEN 	Female-only (including Supernumerary) 	56461 	56461
National Institute of Technology, Warangal	Bio Technology (4 Years, Bachelor of Technology) 	HS 	OPEN 	Gender-Neutral 	31088 	41671
National Institute of Technology, Warangal	Bio Technology (4 Years, Bachelor of Technology) 	HS 	OPEN 	Female-only (including Supernumerary) 	40859 	46821
National Institute of Technology, Warangal	Bio Technology (4 Years, Bachelor of Technology) 	OS 	OPEN 	Gender-Neutral 	17157 	30296
National Institute of Technology, Warangal	Bio Technology (4 Years, Bachelor of Technology) 	OS 	OPEN 	Female-only (including Supernumerary) 	17441 	33808
National Institute of Technology, Warangal	Chemical Engineering (4 Years, Bachelor of Technology) 	HS 	OPEN 	Gender-Neutral 	18483 	24880
National Institute of Technology, Warangal	Chemical Engineering (4 Years, Bachelor of Technology) 	HS 	OPEN 	Female-only (including Supernumerary) 	23338 	30919
National Institute of Technology, Warangal	Chemical Engineering (4 Years, Bachelor of Technology) 	OS 	OPEN 	Gender-Neutral 	12844 	17585
National Institute of Technology, Warangal	Chemical Engineering (4 Years, Bachelor of Technology) 	OS 	OPEN 	Female-only (including Supernumerary) 	17846 	24875
National Institute of Technology, Warangal	Chemical Engineering (5 Years, Bachelor and Master of Technology (Dual Degree)) 	HS 	OPEN 	Gender-Neutral 	27667 	31919
National Institute of Technology, Warangal	Chemical Engineering (5 Years, Bachelor and Master of Technology (Dual Degree)) 	HS 	OPEN 	Female-only (including Supernumerary) 	26026 	26026
National Institute of Technology, Warangal	Chemical Engineering (5 Years, Bachelor and Master of Technology (Dual Degree)) 	OS 	OPEN 	Gender-Neutral 	15045 	20805
National Institute of Technology, Warangal	Chemistry (5 Years, Integrated Master of Science) 	HS 	OPEN 	Gender-Neutral 	38706 	42007
National Institute of Technology, Warangal	Chemistry (5 Years, Integrated Master of Science) 	HS 	OPEN 	Female-only (including Supernumerary) 	31451 	31451
National Institute of Technology, Warangal	Chemistry (5 Years, Integrated Master of Science) 	OS 	OPEN 	Gender-Neutral 	27860 	37985
National Institute of Technology, Warangal	Chemistry (5 Years, Integrated Master of Science) 	OS 	OPEN 	Female-only (including Supernumerary) 	42302 	42302
National Institute of Technology, Warangal	Civil Engineering (4 Years, Bachelor of Technology) 	HS 	OPEN 	Gender-Neutral 	21590 	32174
National Institute of Technology, Warangal	Civil Engineering (4 Years, Bachelor of Technology) 	HS 	OPEN 	Female-only (including Supernumerary) 	19768 	37899
National Institute of Technology, Warangal	Civil Engineering (4 Years, Bachelor of Technology) 	OS 	OPEN 	Gender-Neutral 	21655 	25239
National Institute of Technology, Warangal	Civil Engineering (4 Years, Bachelor of Technology) 	OS 	OPEN 	Female-only (including Supernumerary) 	19212 	36822
National Institute of Technology, Warangal	Computer Science and Engineering ( Artificial Intelligence & Data Science) (4 Years, Bachelor of Technology) 	HS 	OPEN 	Gender-Neutral 	1858 	4316
National Institute of Technology, Warangal	Computer Science and Engineering ( Artificial Intelligence & Data Science) (4 Years, Bachelor of Technology) 	HS 	OPEN 	Female-only (including Supernumerary) 	5195 	6544
National Institute of Technology, Warangal	Computer Science and Engineering ( Artificial Intelligence & Data Science) (4 Years, Bachelor of Technology) 	OS 	OPEN 	Gender-Neutral 	2222 	2952
National Institute of Technology, Warangal	Computer Science and Engineering ( Artificial Intelligence & Data Science) (4 Years, Bachelor of Technology) 	OS 	OPEN 	Female-only (including Supernumerary) 	4781 	5380
National Institute of Technology, Warangal	Computer Science and Engineering (4 Years, Bachelor of Technology) 	HS 	OPEN 	Gender-Neutral 	1166 	3530
National Institute of Technology, Warangal	Computer Science and Engineering (4 Years, Bachelor of Technology) 	HS 	OPEN 	Female-only (including Supernumerary) 	2347 	5867
National Institute of Technology, Warangal	Computer Science and Engineering (4 Years, Bachelor of Technology) 	OS 	OPEN 	Gender-Neutral 	1521 	2409
National Institute of Technology, Warangal	Computer Science and Engineering (4 Years, Bachelor of Technology) 	OS 	OPEN 	Female-only (including Supernumerary) 	3857 	4938
National Institute of Technology, Warangal	Electrical and Electronics Engineering (4 Years, Bachelor of Technology) 	HS 	OPEN 	Gender-Neutral 	7205 	11204
National Institute of Technology, Warangal	Electrical and Electronics Engineering (4 Years, Bachelor of Technology) 	HS 	OPEN 	Female-only (including Supernumerary) 	13301 	16686
National Institute of Technology, Warangal	Electrical and Electronics Engineering (4 Years, Bachelor of Technology) 	OS 	OPEN 	Gender-Neutral 	5486 	7788
National Institute of Technology, Warangal	Electrical and Electronics Engineering (4 Years, Bachelor of Technology) 	OS 	OPEN 	Female-only (including Supernumerary) 	11419 	14231
National Institute of Technology, Warangal	Electronics and Communication Engineering (4 Years, Bachelor of Technology) 	HS 	OPEN 	Gender-Neutral 	2987 	6446
National Institute of Technology, Warangal	Electronics and Communication Engineering (4 Years, Bachelor of Technology) 	HS 	OPEN 	Female-only (including Supernumerary) 	7636 	10581
National Institute of Technology, Warangal	Electronics and Communication Engineering (4 Years, Bachelor of Technology) 	OS 	OPEN 	Gender-Neutral 	3433 	5057
National Institute of Technology, Warangal	Electronics and Communication Engineering (4 Years, Bachelor of Technology) 	OS 	OPEN 	Female-only (including Supernumerary) 	6422 	8861
National Institute of Technology, Warangal	Electronics and Communication Engineering (VLSI Design and Technology) (4 Years, Bachelor of Technology) 	HS 	OPEN 	Gender-Neutral 	5868 	6831
National Institute of Technology, Warangal	Electronics and Communication Engineering (VLSI Design and Technology) (4 Years, Bachelor of Technology) 	HS 	OPEN 	Female-only (including Supernumerary) 	8214 	10977
National Institute of Technology, Warangal	Electronics and Communication Engineering (VLSI Design and Technology) (4 Years, Bachelor of Technology) 	OS 	OPEN 	Gender-Neutral 	5172 	5607
National Institute of Technology, Warangal	Electronics and Communication Engineering (VLSI Design and Technology) (4 Years, Bachelor of Technology) 	OS 	OPEN 	Female-only (including Supernumerary) 	8009 	8009
National Institute of Technology, Warangal	Mathematics (5 Years, Integrated Master of Science) 	HS 	OPEN 	Gender-Neutral 	11082 	37824
National Institute of Technology, Warangal	Mathematics (5 Years, Integrated Master of Science) 	HS 	OPEN 	Female-only (including Supernumerary) 	24956 	24956
National Institute of Technology, Warangal	Mathematics (5 Years, Integrated Master of Science) 	OS 	OPEN 	Gender-Neutral 	15153 	19078
National Institute of Technology, Warangal	Mathematics (5 Years, Integrated Master of Science) 	OS 	OPEN 	Female-only (including Supernumerary) 	29370 	29370
National Institute of Technology, Warangal	Mathematics and Computing (4 Years, Bachelor of Technology) 	HS 	OPEN 	Gender-Neutral 	4218 	5438
National Institute of Technology, Warangal	Mathematics and Computing (4 Years, Bachelor of Technology) 	HS 	OPEN 	Female-only (including Supernumerary) 	10506 	10506
National Institute of Technology, Warangal	Mathematics and Computing (4 Years, Bachelor of Technology) 	OS 	OPEN 	Gender-Neutral 	2998 	3277
National Institute of Technology, Warangal	Mathematics and Computing (4 Years, Bachelor of Technology) 	OS 	OPEN 	Female-only (including Supernumerary) 	5639 	5639
National Institute of Technology, Warangal	Mechanical Engineering (4 Years, Bachelor of Technology) 	HS 	OPEN 	Gender-Neutral 	11409 	17643
National Institute of Technology, Warangal	Mechanical Engineering (4 Years, Bachelor of Technology) 	HS 	OPEN 	Female-only (including Supernumerary) 	17223 	23476
National Institute of Technology, Warangal	Mechanical Engineering (4 Years, Bachelor of Technology) 	OS 	OPEN 	Gender-Neutral 	11114 	14037
National Institute of Technology, Warangal	Mechanical Engineering (4 Years, Bachelor of Technology) 	OS 	OPEN 	Female-only (including Supernumerary) 	20317 	23427
National Institute of Technology, Warangal	Metallurgical and Materials Engineering (4 Years, Bachelor of Technology) 	HS 	OPEN 	Gender-Neutral 	28024 	36742
National Institute of Technology, Warangal	Metallurgical and Materials Engineering (4 Years, Bachelor of Technology) 	HS 	OPEN 	Female-only (including Supernumerary) 	37797 	38905
National Institute of Technology, Warangal	Metallurgical and Materials Engineering (4 Years, Bachelor of Technology) 	OS 	OPEN 	Gender-Neutral 	23910 	28071
National Institute of Technology, Warangal	Metallurgical and Materials Engineering (4 Years, Bachelor of Technology) 	OS 	OPEN 	Female-only (including Supernumerary) 	27014 	39860
National Institute of Technology, Warangal	Metallurgical and Materials Engineering (5 Years, Bachelor and Master of Technology (Dual Degree)) 	HS 	OPEN 	Gender-Neutral 	45756 	45837
National Institute of Technology, Warangal	Metallurgical and Materials Engineering (5 Years, Bachelor and Master of Technology (Dual Degree)) 	OS 	OPEN 	Gender-Neutral 	27440 	28114
National Institute of Technology, Warangal	Physics (5 Years, Integrated Master of Science) 	HS 	OPEN 	Gender-Neutral 	31618 	37387
National Institute of Technology, Warangal	Physics (5 Years, Integrated Master of Science) 	HS 	OPEN 	Female-only (including Supernumerary) 	57680 	57680
National Institute of Technology, Warangal	Physics (5 Years, Integrated Master of Science) 	OS 	OPEN 	Gender-Neutral 	3563 	15971
National Institute of Technology, Warangal	Physics (5 Years, Integrated Master of Science) 	OS 	OPEN 	Female-only (including Supernumerary) 	29164 	29164
Sardar Vallabhbhai National Institute of Technology, Surat	Artificial Intelligence (4 Years, Bachelor of Technology) 	HS 	OPEN 	Gender-Neutral 	8112 	12415
Sardar Vallabhbhai National Institute of Technology, Surat	Artificial Intelligence (4 Years, Bachelor of Technology) 	HS 	OPEN 	Female-only (including Supernumerary) 	11267 	18764
Sardar Vallabhbhai National Institute of Technology, Surat	Artificial Intelligence (4 Years, Bachelor of Technology) 	OS 	OPEN 	Gender-Neutral 	8812 	10721
Sardar Vallabhbhai National Institute of Technology, Surat	Artificial Intelligence (4 Years, Bachelor of Technology) 	OS 	OPEN 	Female-only (including Supernumerary) 	14641 	17523
Sardar Vallabhbhai National Institute of Technology, Surat	Artificial Intelligence (5 Years, Integrated B. Tech. and M. Tech.) 	HS 	OPEN 	Gender-Neutral 	8109 	16395
Sardar Vallabhbhai National Institute of Technology, Surat	Artificial Intelligence (5 Years, Integrated B. Tech. and M. Tech.) 	HS 	OPEN 	Female-only (including Supernumerary) 	23523 	28797
Sardar Vallabhbhai National Institute of Technology, Surat	Artificial Intelligence (5 Years, Integrated B. Tech. and M. Tech.) 	OS 	OPEN 	Gender-Neutral 	10823 	12251
Sardar Vallabhbhai National Institute of Technology, Surat	Artificial Intelligence (5 Years, Integrated B. Tech. and M. Tech.) 	OS 	OPEN 	Female-only (including Supernumerary) 	18213 	22432
Sardar Vallabhbhai National Institute of Technology, Surat	Chemical Engineering (4 Years, Bachelor of Technology) 	HS 	OPEN 	Gender-Neutral 	32740 	42569
Sardar Vallabhbhai National Institute of Technology, Surat	Chemical Engineering (4 Years, Bachelor of Technology) 	HS 	OPEN 	Female-only (including Supernumerary) 	41582 	54848
Sardar Vallabhbhai National Institute of Technology, Surat	Chemical Engineering (4 Years, Bachelor of Technology) 	OS 	OPEN 	Gender-Neutral 	27426 	36111
Sardar Vallabhbhai National Institute of Technology, Surat	Chemical Engineering (4 Years, Bachelor of Technology) 	OS 	OPEN 	Female-only (including Supernumerary) 	34353 	38755
Sardar Vallabhbhai National Institute of Technology, Surat	Chemistry (5 Years, Integrated Master of Science) 	HS 	OPEN 	Gender-Neutral 	56887 	81657
Sardar Vallabhbhai National Institute of Technology, Surat	Chemistry (5 Years, Integrated Master of Science) 	OS 	OPEN 	Gender-Neutral 	36222 	53932
Sardar Vallabhbhai National Institute of Technology, Surat	Civil Engineering (4 Years, Bachelor of Technology) 	HS 	OPEN 	Gender-Neutral 	18532 	50289
Sardar Vallabhbhai National Institute of Technology, Surat	Civil Engineering (4 Years, Bachelor of Technology) 	HS 	OPEN 	Female-only (including Supernumerary) 	33022 	66993
Sardar Vallabhbhai National Institute of Technology, Surat	Civil Engineering (4 Years, Bachelor of Technology) 	OS 	OPEN 	Gender-Neutral 	35918 	41558
Sardar Vallabhbhai National Institute of Technology, Surat	Civil Engineering (4 Years, Bachelor of Technology) 	OS 	OPEN 	Female-only (including Supernumerary) 	49477 	53663
Sardar Vallabhbhai National Institute of Technology, Surat	Computer Science and Engineering (4 Years, Bachelor of Technology) 	HS 	OPEN 	Gender-Neutral 	3654 	8105
Sardar Vallabhbhai National Institute of Technology, Surat	Computer Science and Engineering (4 Years, Bachelor of Technology) 	HS 	OPEN 	Female-only (including Supernumerary) 	7589 	10626
Sardar Vallabhbhai National Institute of Technology, Surat	Computer Science and Engineering (4 Years, Bachelor of Technology) 	OS 	OPEN 	Gender-Neutral 	6343 	8130
Sardar Vallabhbhai National Institute of Technology, Surat	Computer Science and Engineering (4 Years, Bachelor of Technology) 	OS 	OPEN 	Female-only (including Supernumerary) 	11034 	14644
Sardar Vallabhbhai National Institute of Technology, Surat	Electrical Engineering (4 Years, Bachelor of Technology) 	HS 	OPEN 	Gender-Neutral 	15232 	23449
Sardar Vallabhbhai National Institute of Technology, Surat	Electrical Engineering (4 Years, Bachelor of Technology) 	HS 	OPEN 	Female-only (including Supernumerary) 	19242 	33492
Sardar Vallabhbhai National Institute of Technology, Surat	Electrical Engineering (4 Years, Bachelor of Technology) 	OS 	OPEN 	Gender-Neutral 	15364 	19406
Sardar Vallabhbhai National Institute of Technology, Surat	Electrical Engineering (4 Years, Bachelor of Technology) 	OS 	OPEN 	Female-only (including Supernumerary) 	25252 	29064
Sardar Vallabhbhai National Institute of Technology, Surat	Electronics and Communication Engineering (4 Years, Bachelor of Technology) 	HS 	OPEN 	Gender-Neutral 	10513 	15005
Sardar Vallabhbhai National Institute of Technology, Surat	Electronics and Communication Engineering (4 Years, Bachelor of Technology) 	HS 	OPEN 	Female-only (including Supernumerary) 	16473 	23039
Sardar Vallabhbhai National Institute of Technology, Surat	Electronics and Communication Engineering (4 Years, Bachelor of Technology) 	OS 	OPEN 	Gender-Neutral 	10991 	14086
Sardar Vallabhbhai National Institute of Technology, Surat	Electronics and Communication Engineering (4 Years, Bachelor of Technology) 	OS 	OPEN 	Female-only (including Supernumerary) 	16662 	20713
Sardar Vallabhbhai National Institute of Technology, Surat	Electronics and VLSI Engineering (4 Years, Bachelor of Technology) 	HS 	OPEN 	Gender-Neutral 	8979 	17199
Sardar Vallabhbhai National Institute of Technology, Surat	Electronics and VLSI Engineering (4 Years, Bachelor of Technology) 	HS 	OPEN 	Female-only (including Supernumerary) 	19062 	23151
Sardar Vallabhbhai National Institute of Technology, Surat	Electronics and VLSI Engineering (4 Years, Bachelor of Technology) 	OS 	OPEN 	Gender-Neutral 	13290 	15467
Sardar Vallabhbhai National Institute of Technology, Surat	Electronics and VLSI Engineering (4 Years, Bachelor of Technology) 	OS 	OPEN 	Female-only (including Supernumerary) 	23831 	23981
Sardar Vallabhbhai National Institute of Technology, Surat	Engineering Physics (4 Years, Bachelor of Technology) 	HS 	OPEN 	Gender-Neutral 	28391 	45221
Sardar Vallabhbhai National Institute of Technology, Surat	Engineering Physics (4 Years, Bachelor of Technology) 	HS 	OPEN 	Female-only (including Supernumerary) 	47408 	47408
Sardar Vallabhbhai National Institute of Technology, Surat	Engineering Physics (4 Years, Bachelor of Technology) 	OS 	OPEN 	Gender-Neutral 	21054 	23713
Sardar Vallabhbhai National Institute of Technology, Surat	Engineering Physics (4 Years, Bachelor of Technology) 	OS 	OPEN 	Female-only (including Supernumerary) 	29096 	29096
Sardar Vallabhbhai National Institute of Technology, Surat	Industrial Chemistry (4 Years, Bachelor of Technology) 	HS 	OPEN 	Gender-Neutral 	43158 	55833
Sardar Vallabhbhai National Institute of Technology, Surat	Industrial Chemistry (4 Years, Bachelor of Technology) 	HS 	OPEN 	Female-only (including Supernumerary) 	55653 	55653
Sardar Vallabhbhai National Institute of Technology, Surat	Industrial Chemistry (4 Years, Bachelor of Technology) 	OS 	OPEN 	Gender-Neutral 	39630 	45676
Sardar Vallabhbhai National Institute of Technology, Surat	Industrial Chemistry (4 Years, Bachelor of Technology) 	OS 	OPEN 	Female-only (including Supernumerary) 	52768 	52768
Sardar Vallabhbhai National Institute of Technology, Surat	Mathematics (5 Years, Integrated Master of Science) 	HS 	OPEN 	Gender-Neutral 	36888 	71752
Sardar Vallabhbhai National Institute of Technology, Surat	Mathematics (5 Years, Integrated Master of Science) 	OS 	OPEN 	Gender-Neutral 	24712 	41929
Sardar Vallabhbhai National Institute of Technology, Surat	Mathematics and Computing (4 Years, Bachelor of Technology) 	HS 	OPEN 	Gender-Neutral 	9369 	10331
Sardar Vallabhbhai National Institute of Technology, Surat	Mathematics and Computing (4 Years, Bachelor of Technology) 	HS 	OPEN 	Female-only (including Supernumerary) 	10943 	10943
Sardar Vallabhbhai National Institute of Technology, Surat	Mathematics and Computing (4 Years, Bachelor of Technology) 	OS 	OPEN 	Gender-Neutral 	8264 	10306
Sardar Vallabhbhai National Institute of Technology, Surat	Mathematics and Computing (4 Years, Bachelor of Technology) 	OS 	OPEN 	Female-only (including Supernumerary) 	17956 	17956
Sardar Vallabhbhai National Institute of Technology, Surat	Mechanical Engineering (4 Years, Bachelor of Technology) 	HS 	OPEN 	Gender-Neutral 	19507 	34584
Sardar Vallabhbhai National Institute of Technology, Surat	Mechanical Engineering (4 Years, Bachelor of Technology) 	HS 	OPEN 	Female-only (including Supernumerary) 	36611 	51521
Sardar Vallabhbhai National Institute of Technology, Surat	Mechanical Engineering (4 Years, Bachelor of Technology) 	OS 	OPEN 	Gender-Neutral 	21785 	27882
Sardar Vallabhbhai National Institute of Technology, Surat	Mechanical Engineering (4 Years, Bachelor of Technology) 	OS 	OPEN 	Female-only (including Supernumerary) 	29684 	45042
Sardar Vallabhbhai National Institute of Technology, Surat	Physics (5 Years, Integrated Master of Science) 	HS 	OPEN 	Gender-Neutral 	36579 	65486
Sardar Vallabhbhai National Institute of Technology, Surat	Physics (5 Years, Integrated Master of Science) 	OS 	OPEN 	Gender-Neutral 	26408 	44792
Visvesvaraya National Institute of Technology, Nagpur	Architecture (5 Years, Bachelor of Architecture) 	HS 	OPEN 	Gender-Neutral 	153 	505
Visvesvaraya National Institute of Technology, Nagpur	Architecture (5 Years, Bachelor of Architecture) 	HS 	OPEN 	Female-only (including Supernumerary) 	3 	46
Visvesvaraya National Institute of Technology, Nagpur	Architecture (5 Years, Bachelor of Architecture) 	OS 	OPEN 	Gender-Neutral 	571 	715
Visvesvaraya National Institute of Technology, Nagpur	Architecture (5 Years, Bachelor of Architecture) 	OS 	OPEN 	Female-only (including Supernumerary) 	537 	555
Visvesvaraya National Institute of Technology, Nagpur	Chemical Engineering (4 Years, Bachelor of Technology) 	HS 	OPEN 	Gender-Neutral 	21607 	31613
Visvesvaraya National Institute of Technology, Nagpur	Chemical Engineering (4 Years, Bachelor of Technology) 	HS 	OPEN 	Female-only (including Supernumerary) 	31774 	44388
Visvesvaraya National Institute of Technology, Nagpur	Chemical Engineering (4 Years, Bachelor of Technology) 	OS 	OPEN 	Gender-Neutral 	19438 	30416
Visvesvaraya National Institute of Technology, Nagpur	Chemical Engineering (4 Years, Bachelor of Technology) 	OS 	OPEN 	Female-only (including Supernumerary) 	35490 	41891
Visvesvaraya National Institute of Technology, Nagpur	Civil Engineering (4 Years, Bachelor of Technology) 	HS 	OPEN 	Gender-Neutral 	23096 	40998
Visvesvaraya National Institute of Technology, Nagpur	Civil Engineering (4 Years, Bachelor of Technology) 	HS 	OPEN 	Female-only (including Supernumerary) 	40377 	51548
Visvesvaraya National Institute of Technology, Nagpur	Civil Engineering (4 Years, Bachelor of Technology) 	OS 	OPEN 	Gender-Neutral 	31797 	36904
Visvesvaraya National Institute of Technology, Nagpur	Civil Engineering (4 Years, Bachelor of Technology) 	OS 	OPEN 	Female-only (including Supernumerary) 	39941 	50416
Visvesvaraya National Institute of Technology, Nagpur	Computer Science and Engineering (4 Years, Bachelor of Technology) 	HS 	OPEN 	Gender-Neutral 	4794 	7203
Visvesvaraya National Institute of Technology, Nagpur	Computer Science and Engineering (4 Years, Bachelor of Technology) 	HS 	OPEN 	Female-only (including Supernumerary) 	5649 	10434
Visvesvaraya National Institute of Technology, Nagpur	Computer Science and Engineering (4 Years, Bachelor of Technology) 	OS 	OPEN 	Gender-Neutral 	4442 	6359
Visvesvaraya National Institute of Technology, Nagpur	Computer Science and Engineering (4 Years, Bachelor of Technology) 	OS 	OPEN 	Female-only (including Supernumerary) 	6943 	11732
Visvesvaraya National Institute of Technology, Nagpur	Electrical and Electronics Engineering (4 Years, Bachelor of Technology) 	HS 	OPEN 	Gender-Neutral 	11505 	15641
Visvesvaraya National Institute of Technology, Nagpur	Electrical and Electronics Engineering (4 Years, Bachelor of Technology) 	HS 	OPEN 	Female-only (including Supernumerary) 	18153 	21110
Visvesvaraya National Institute of Technology, Nagpur	Electrical and Electronics Engineering (4 Years, Bachelor of Technology) 	OS 	OPEN 	Gender-Neutral 	12310 	15125
Visvesvaraya National Institute of Technology, Nagpur	Electrical and Electronics Engineering (4 Years, Bachelor of Technology) 	OS 	OPEN 	Female-only (including Supernumerary) 	19540 	22683
Visvesvaraya National Institute of Technology, Nagpur	Electronics and Communication Engineering (4 Years, Bachelor of Technology) 	HS 	OPEN 	Gender-Neutral 	8431 	11176
Visvesvaraya National Institute of Technology, Nagpur	Electronics and Communication Engineering (4 Years, Bachelor of Technology) 	HS 	OPEN 	Female-only (including Supernumerary) 	13225 	16263
Visvesvaraya National Institute of Technology, Nagpur	Electronics and Communication Engineering (4 Years, Bachelor of Technology) 	OS 	OPEN 	Gender-Neutral 	8047 	10545
Visvesvaraya National Institute of Technology, Nagpur	Electronics and Communication Engineering (4 Years, Bachelor of Technology) 	OS 	OPEN 	Female-only (including Supernumerary) 	14374 	16938
Visvesvaraya National Institute of Technology, Nagpur	Mechanical Engineering (4 Years, Bachelor of Technology) 	HS 	OPEN 	Gender-Neutral 	14803 	21761
Visvesvaraya National Institute of Technology, Nagpur	Mechanical Engineering (4 Years, Bachelor of Technology) 	HS 	OPEN 	Female-only (including Supernumerary) 	24398 	38285
Visvesvaraya National Institute of Technology, Nagpur	Mechanical Engineering (4 Years, Bachelor of Technology) 	OS 	OPEN 	Gender-Neutral 	16270 	21612
Visvesvaraya National Institute of Technology, Nagpur	Mechanical Engineering (4 Years, Bachelor of Technology) 	OS 	OPEN 	Female-only (including Supernumerary) 	33595 	37866
Visvesvaraya National Institute of Technology, Nagpur	Metallurgical and Materials Engineering (4 Years, Bachelor of Technology) 	HS 	OPEN 	Gender-Neutral 	28519 	44638
Visvesvaraya National Institute of Technology, Nagpur	Metallurgical and Materials Engineering (4 Years, Bachelor of Technology) 	HS 	OPEN 	Female-only (including Supernumerary) 	48321 	55035
Visvesvaraya National Institute of Technology, Nagpur	Metallurgical and Materials Engineering (4 Years, Bachelor of Technology) 	OS 	OPEN 	Gender-Neutral 	33441 	40413
Visvesvaraya National Institute of Technology, Nagpur	Metallurgical and Materials Engineering (4 Years, Bachelor of Technology) 	OS 	OPEN 	Female-only (including Supernumerary) 	48378 	51958
Visvesvaraya National Institute of Technology, Nagpur	Mining Engineering (4 Years, Bachelor of Technology) 	HS 	OPEN 	Gender-Neutral 	34548 	49473
Visvesvaraya National Institute of Technology, Nagpur	Mining Engineering (4 Years, Bachelor of Technology) 	HS 	OPEN 	Female-only (including Supernumerary) 	63908 	65589
Visvesvaraya National Institute of Technology, Nagpur	Mining Engineering (4 Years, Bachelor of Technology) 	OS 	OPEN 	Gender-Neutral 	41762 	45731
Visvesvaraya National Institute of Technology, Nagpur	Mining Engineering (4 Years, Bachelor of Technology) 	OS 	OPEN 	Female-only (including Supernumerary) 	53331 	55436
National Institute of Technology, Andhra Pradesh	Bio Technology (4 Years, Bachelor of Technology) 	HS 	OPEN 	Gender-Neutral 	59237 	61356
National Institute of Technology, Andhra Pradesh	Bio Technology (4 Years, Bachelor of Technology) 	HS 	OPEN 	Female-only (including Supernumerary) 	65730 	69035
National Institute of Technology, Andhra Pradesh	Bio Technology (4 Years, Bachelor of Technology) 	OS 	OPEN 	Gender-Neutral 	50003 	53898
National Institute of Technology, Andhra Pradesh	Bio Technology (4 Years, Bachelor of Technology) 	OS 	OPEN 	Female-only (including Supernumerary) 	50922 	50922
National Institute of Technology, Andhra Pradesh	Chemical Engineering (4 Years, Bachelor of Technology) 	HS 	OPEN 	Gender-Neutral 	49439 	55070
National Institute of Technology, Andhra Pradesh	Chemical Engineering (4 Years, Bachelor of Technology) 	HS 	OPEN 	Female-only (including Supernumerary) 	55960 	55960
National Institute of Technology, Andhra Pradesh	Chemical Engineering (4 Years, Bachelor of Technology) 	OS 	OPEN 	Gender-Neutral 	40629 	45191
National Institute of Technology, Andhra Pradesh	Chemical Engineering (4 Years, Bachelor of Technology) 	OS 	OPEN 	Female-only (including Supernumerary) 	53838 	53838
National Institute of Technology, Andhra Pradesh	Civil Engineering (4 Years, Bachelor of Technology) 	HS 	OPEN 	Gender-Neutral 	38549 	53333
National Institute of Technology, Andhra Pradesh	Civil Engineering (4 Years, Bachelor of Technology) 	HS 	OPEN 	Female-only (including Supernumerary) 	64084 	65156
National Institute of Technology, Andhra Pradesh	Civil Engineering (4 Years, Bachelor of Technology) 	OS 	OPEN 	Gender-Neutral 	45846 	52976
National Institute of Technology, Andhra Pradesh	Civil Engineering (4 Years, Bachelor of Technology) 	OS 	OPEN 	Female-only (including Supernumerary) 	54241 	61534
National Institute of Technology, Andhra Pradesh	Computer Science and Engineering (4 Years, Bachelor of Technology) 	HS 	OPEN 	Gender-Neutral 	9610 	17349
National Institute of Technology, Andhra Pradesh	Computer Science and Engineering (4 Years, Bachelor of Technology) 	HS 	OPEN 	Female-only (including Supernumerary) 	10450 	19173
National Institute of Technology, Andhra Pradesh	Computer Science and Engineering (4 Years, Bachelor of Technology) 	OS 	OPEN 	Gender-Neutral 	11739 	18183
National Institute of Technology, Andhra Pradesh	Computer Science and Engineering (4 Years, Bachelor of Technology) 	OS 	OPEN 	Female-only (including Supernumerary) 	22446 	29374
National Institute of Technology, Andhra Pradesh	Electrical and Electronics Engineering (4 Years, Bachelor of Technology) 	HS 	OPEN 	Gender-Neutral 	29759 	39438
National Institute of Technology, Andhra Pradesh	Electrical and Electronics Engineering (4 Years, Bachelor of Technology) 	HS 	OPEN 	Female-only (including Supernumerary) 	41428 	46958
National Institute of Technology, Andhra Pradesh	Electrical and Electronics Engineering (4 Years, Bachelor of Technology) 	OS 	OPEN 	Gender-Neutral 	29248 	34448
National Institute of Technology, Andhra Pradesh	Electrical and Electronics Engineering (4 Years, Bachelor of Technology) 	OS 	OPEN 	Female-only (including Supernumerary) 	39371 	46905
National Institute of Technology, Andhra Pradesh	Electronics and Communication Engineering (4 Years, Bachelor of Technology) 	HS 	OPEN 	Gender-Neutral 	16000 	26754
National Institute of Technology, Andhra Pradesh	Electronics and Communication Engineering (4 Years, Bachelor of Technology) 	HS 	OPEN 	Female-only (including Supernumerary) 	31609 	34411
National Institute of Technology, Andhra Pradesh	Electronics and Communication Engineering (4 Years, Bachelor of Technology) 	OS 	OPEN 	Gender-Neutral 	17778 	26678
National Institute of Technology, Andhra Pradesh	Electronics and Communication Engineering (4 Years, Bachelor of Technology) 	OS 	OPEN 	Female-only (including Supernumerary) 	31925 	39100
National Institute of Technology, Andhra Pradesh	Mechanical Engineering (4 Years, Bachelor of Technology) 	HS 	OPEN 	Gender-Neutral 	30620 	44846
National Institute of Technology, Andhra Pradesh	Mechanical Engineering (4 Years, Bachelor of Technology) 	HS 	OPEN 	Female-only (including Supernumerary) 	59444 	62838
National Institute of Technology, Andhra Pradesh	Mechanical Engineering (4 Years, Bachelor of Technology) 	OS 	OPEN 	Gender-Neutral 	27287 	43912
National Institute of Technology, Andhra Pradesh	Mechanical Engineering (4 Years, Bachelor of Technology) 	OS 	OPEN 	Female-only (including Supernumerary) 	51537 	58812
National Institute of Technology, Andhra Pradesh	Metallurgical and Materials Engineering (4 Years, Bachelor of Technology) 	HS 	OPEN 	Gender-Neutral 	56816 	61466
National Institute of Technology, Andhra Pradesh	Metallurgical and Materials Engineering (4 Years, Bachelor of Technology) 	HS 	OPEN 	Female-only (including Supernumerary) 	67498 	67498
National Institute of Technology, Andhra Pradesh	Metallurgical and Materials Engineering (4 Years, Bachelor of Technology) 	OS 	OPEN 	Gender-Neutral 	38499 	52304
National Institute of Technology, Andhra Pradesh	Metallurgical and Materials Engineering (4 Years, Bachelor of Technology) 	OS 	OPEN 	Female-only (including Supernumerary) 	42788 	42788
Indian Institute of Engineering Science and Technology, Shibpur	Aerospace Engineering (4 Years, Bachelor of Technology) 	HS 	OPEN 	Gender-Neutral 	27308 	37258
Indian Institute of Engineering Science and Technology, Shibpur	Aerospace Engineering (4 Years, Bachelor of Technology) 	HS 	OPEN 	Female-only (including Supernumerary) 	39057 	48328
Indian Institute of Engineering Science and Technology, Shibpur	Aerospace Engineering (4 Years, Bachelor of Technology) 	OS 	OPEN 	Gender-Neutral 	17373 	26492
Indian Institute of Engineering Science and Technology, Shibpur	Aerospace Engineering (4 Years, Bachelor of Technology) 	OS 	OPEN 	Female-only (including Supernumerary) 	38665 	46348
Indian Institute of Engineering Science and Technology, Shibpur	Architecture (5 Years, Bachelor of Architecture) 	HS 	OPEN 	Gender-Neutral 	650 	725
Indian Institute of Engineering Science and Technology, Shibpur	Architecture (5 Years, Bachelor of Architecture) 	HS 	OPEN 	Female-only (including Supernumerary) 	494 	494
Indian Institute of Engineering Science and Technology, Shibpur	Architecture (5 Years, Bachelor of Architecture) 	OS 	OPEN 	Gender-Neutral 	769 	985
Indian Institute of Engineering Science and Technology, Shibpur	Architecture (5 Years, Bachelor of Architecture) 	OS 	OPEN 	Female-only (including Supernumerary) 	434 	434
Indian Institute of Engineering Science and Technology, Shibpur	Civil Engineering (4 Years, Bachelor of Technology) 	HS 	OPEN 	Gender-Neutral 	37727 	51589
Indian Institute of Engineering Science and Technology, Shibpur	Civil Engineering (4 Years, Bachelor of Technology) 	HS 	OPEN 	Female-only (including Supernumerary) 	47556 	59295
Indian Institute of Engineering Science and Technology, Shibpur	Civil Engineering (4 Years, Bachelor of Technology) 	OS 	OPEN 	Gender-Neutral 	46696 	53728
Indian Institute of Engineering Science and Technology, Shibpur	Civil Engineering (4 Years, Bachelor of Technology) 	OS 	OPEN 	Female-only (including Supernumerary) 	49533 	68163
Indian Institute of Engineering Science and Technology, Shibpur	Computer Science and Engineering (4 Years, Bachelor of Technology) 	HS 	OPEN 	Gender-Neutral 	6346 	16576
Indian Institute of Engineering Science and Technology, Shibpur	Computer Science and Engineering (4 Years, Bachelor of Technology) 	HS 	OPEN 	Female-only (including Supernumerary) 	9875 	22836
Indian Institute of Engineering Science and Technology, Shibpur	Computer Science and Engineering (4 Years, Bachelor of Technology) 	OS 	OPEN 	Gender-Neutral 	13917 	16765
Indian Institute of Engineering Science and Technology, Shibpur	Computer Science and Engineering (4 Years, Bachelor of Technology) 	OS 	OPEN 	Female-only (including Supernumerary) 	23672 	26020
Indian Institute of Engineering Science and Technology, Shibpur	Electrical Engineering (4 Years, Bachelor of Technology) 	HS 	OPEN 	Gender-Neutral 	22478 	25950
Indian Institute of Engineering Science and Technology, Shibpur	Electrical Engineering (4 Years, Bachelor of Technology) 	HS 	OPEN 	Female-only (including Supernumerary) 	30951 	35299
Indian Institute of Engineering Science and Technology, Shibpur	Electrical Engineering (4 Years, Bachelor of Technology) 	OS 	OPEN 	Gender-Neutral 	23081 	30994
Indian Institute of Engineering Science and Technology, Shibpur	Electrical Engineering (4 Years, Bachelor of Technology) 	OS 	OPEN 	Female-only (including Supernumerary) 	44380 	47908
Indian Institute of Engineering Science and Technology, Shibpur	Electronics and Telecommunication Engineering (4 Years, Bachelor of Technology) 	HS 	OPEN 	Gender-Neutral 	13497 	23027
Indian Institute of Engineering Science and Technology, Shibpur	Electronics and Telecommunication Engineering (4 Years, Bachelor of Technology) 	HS 	OPEN 	Female-only (including Supernumerary) 	26104 	29132
Indian Institute of Engineering Science and Technology, Shibpur	Electronics and Telecommunication Engineering (4 Years, Bachelor of Technology) 	OS 	OPEN 	Gender-Neutral 	16694 	22917
Indian Institute of Engineering Science and Technology, Shibpur	Electronics and Telecommunication Engineering (4 Years, Bachelor of Technology) 	OS 	OPEN 	Female-only (including Supernumerary) 	31580 	36253
Indian Institute of Engineering Science and Technology, Shibpur	Information Technology (4 Years, Bachelor of Technology) 	HS 	OPEN 	Gender-Neutral 	16778 	23059
Indian Institute of Engineering Science and Technology, Shibpur	Information Technology (4 Years, Bachelor of Technology) 	HS 	OPEN 	Female-only (including Supernumerary) 	23542 	30280
Indian Institute of Engineering Science and Technology, Shibpur	Information Technology (4 Years, Bachelor of Technology) 	OS 	OPEN 	Gender-Neutral 	17217 	19531
Indian Institute of Engineering Science and Technology, Shibpur	Information Technology (4 Years, Bachelor of Technology) 	OS 	OPEN 	Female-only (including Supernumerary) 	28131 	31255
Indian Institute of Engineering Science and Technology, Shibpur	Mechanical Engineering (4 Years, Bachelor of Technology) 	HS 	OPEN 	Gender-Neutral 	22893 	36581
Indian Institute of Engineering Science and Technology, Shibpur	Mechanical Engineering (4 Years, Bachelor of Technology) 	HS 	OPEN 	Female-only (including Supernumerary) 	37178 	49994
Indian Institute of Engineering Science and Technology, Shibpur	Mechanical Engineering (4 Years, Bachelor of Technology) 	OS 	OPEN 	Gender-Neutral 	27305 	39236
Indian Institute of Engineering Science and Technology, Shibpur	Mechanical Engineering (4 Years, Bachelor of Technology) 	OS 	OPEN 	Female-only (including Supernumerary) 	49936 	56788
Indian Institute of Engineering Science and Technology, Shibpur	Metallurgy and Materials Engineering (4 Years, Bachelor of Technology) 	HS 	OPEN 	Gender-Neutral 	45339 	52169
Indian Institute of Engineering Science and Technology, Shibpur	Metallurgy and Materials Engineering (4 Years, Bachelor of Technology) 	HS 	OPEN 	Female-only (including Supernumerary) 	54594 	64130
Indian Institute of Engineering Science and Technology, Shibpur	Metallurgy and Materials Engineering (4 Years, Bachelor of Technology) 	OS 	OPEN 	Gender-Neutral 	50304 	53570
Indian Institute of Engineering Science and Technology, Shibpur	Metallurgy and Materials Engineering (4 Years, Bachelor of Technology) 	OS 	OPEN 	Female-only (including Supernumerary) 	64982 	67644
Indian Institute of Engineering Science and Technology, Shibpur	Mining Engineering (4 Years, Bachelor of Technology) 	HS 	OPEN 	Gender-Neutral 	48337 	56695
Indian Institute of Engineering Science and Technology, Shibpur	Mining Engineering (4 Years, Bachelor of Technology) 	HS 	OPEN 	Female-only (including Supernumerary) 	64651 	65203
Indian Institute of Engineering Science and Technology, Shibpur	Mining Engineering (4 Years, Bachelor of Technology) 	OS 	OPEN 	Gender-Neutral 	44428 	58114
Indian Institute of Engineering Science and Technology, Shibpur	Mining Engineering (4 Years, Bachelor of Technology) 	OS 	OPEN 	Female-only (including Supernumerary) 	67628 	69633
Atal Bihari Vajpayee Indian Institute of Information Technology & Management Gwalior	Computer Science and Engineering (4 Years, Bachelor of Technology) 	AI 	OPEN 	Gender-Neutral 	6450 	9527
Atal Bihari Vajpayee Indian Institute of Information Technology & Management Gwalior	Computer Science and Engineering (4 Years, Bachelor of Technology) 	AI 	OPEN 	Female-only (including Supernumerary) 	9323 	15152
Atal Bihari Vajpayee Indian Institute of Information Technology & Management Gwalior	Electrical and Electronics Engineering (4 Years, Bachelor of Technology) 	AI 	OPEN 	Gender-Neutral 	13804 	17366
Atal Bihari Vajpayee Indian Institute of Information Technology & Management Gwalior	Electrical and Electronics Engineering (4 Years, Bachelor of Technology) 	AI 	OPEN 	Female-only (including Supernumerary) 	21192 	27081
Atal Bihari Vajpayee Indian Institute of Information Technology & Management Gwalior	Integrated B. Tech.(IT) and M. Tech (IT) (5 Years, Integrated B. Tech. and M. Tech.) 	AI 	OPEN 	Gender-Neutral 	9345 	13473
Atal Bihari Vajpayee Indian Institute of Information Technology & Management Gwalior	Integrated B. Tech.(IT) and M. Tech (IT) (5 Years, Integrated B. Tech. and M. Tech.) 	AI 	OPEN 	Female-only (including Supernumerary) 	17025 	20921
Atal Bihari Vajpayee Indian Institute of Information Technology & Management Gwalior	Integrated B. Tech.(IT) and MBA (5 Years, Integrated B. Tech. and MBA) 	AI 	OPEN 	Gender-Neutral 	13835 	15680
Atal Bihari Vajpayee Indian Institute of Information Technology & Management Gwalior	Integrated B. Tech.(IT) and MBA (5 Years, Integrated B. Tech. and MBA) 	AI 	OPEN 	Female-only (including Supernumerary) 	21367 	24539
Atal Bihari Vajpayee Indian Institute of Information Technology & Management Gwalior	Mathematics and Scientific Computing (4 Years, Bachelor of Technology) 	AI 	OPEN 	Gender-Neutral 	9229 	11710
Atal Bihari Vajpayee Indian Institute of Information Technology & Management Gwalior	Mathematics and Scientific Computing (4 Years, Bachelor of Technology) 	AI 	OPEN 	Female-only (including Supernumerary) 	16526 	19775
Indian Institute of Information Technology (IIIT)Kota, Rajasthan	Artificial Intelligence and Data Engineering (4 Years, Bachelor of Technology) 	AI 	OPEN 	Gender-Neutral 	21302 	30212
Indian Institute of Information Technology (IIIT)Kota, Rajasthan	Artificial Intelligence and Data Engineering (4 Years, Bachelor of Technology) 	AI 	OPEN 	Female-only (including Supernumerary) 	35901 	37654
Indian Institute of Information Technology (IIIT)Kota, Rajasthan	Computer Science and Engineering (4 Years, Bachelor of Technology) 	AI 	OPEN 	Gender-Neutral 	15209 	27400
Indian Institute of Information Technology (IIIT)Kota, Rajasthan	Computer Science and Engineering (4 Years, Bachelor of Technology) 	AI 	OPEN 	Female-only (including Supernumerary) 	25654 	35627
Indian Institute of Information Technology (IIIT)Kota, Rajasthan	Electronics and Communication Engineering (4 Years, Bachelor of Technology) 	AI 	OPEN 	Gender-Neutral 	22514 	36737
Indian Institute of Information Technology (IIIT)Kota, Rajasthan	Electronics and Communication Engineering (4 Years, Bachelor of Technology) 	AI 	OPEN 	Female-only (including Supernumerary) 	32376 	43142
Indian Institute of Information Technology Guwahati	Computer Science and Engineering (4 Years, Bachelor of Technology) 	AI 	OPEN 	Gender-Neutral 	9469 	22739
Indian Institute of Information Technology Guwahati	Computer Science and Engineering (4 Years, Bachelor of Technology) 	AI 	OPEN 	Female-only (including Supernumerary) 	25726 	34504
Indian Institute of Information Technology Guwahati	Electronics and Communication Engineering (4 Years, Bachelor of Technology) 	AI 	OPEN 	Gender-Neutral 	6552 	30554
Indian Institute of Information Technology Guwahati	Electronics and Communication Engineering (4 Years, Bachelor of Technology) 	AI 	OPEN 	Female-only (including Supernumerary) 	34656 	39532
Indian Institute of Information Technology(IIIT) Kalyani, West Bengal	Computer Science and Engineering ( Artificial Intelligence & Data Science) (4 Years, Bachelor of Technology) 	AI 	OPEN 	Gender-Neutral 	19527 	37118
Indian Institute of Information Technology(IIIT) Kalyani, West Bengal	Computer Science and Engineering ( Artificial Intelligence & Data Science) (4 Years, Bachelor of Technology) 	AI 	OPEN 	Female-only (including Supernumerary) 	44918 	44918
Indian Institute of Information Technology(IIIT) Kalyani, West Bengal	Computer Science and Engineering (4 Years, Bachelor of Technology) 	AI 	OPEN 	Gender-Neutral 	31756 	44154
Indian Institute of Information Technology(IIIT) Kalyani, West Bengal	Computer Science and Engineering (4 Years, Bachelor of Technology) 	AI 	OPEN 	Female-only (including Supernumerary) 	40506 	44114
Indian Institute of Information Technology(IIIT) Kalyani, West Bengal	Computer Science and Engineering (Cyber Security) (4 Years, Bachelor of Technology) 	AI 	OPEN 	Gender-Neutral 	39069 	44403
Indian Institute of Information Technology(IIIT) Kalyani, West Bengal	Computer Science and Engineering (Cyber Security) (4 Years, Bachelor of Technology) 	AI 	OPEN 	Female-only (including Supernumerary) 	49478 	49478
Indian Institute of Information Technology(IIIT) Kalyani, West Bengal	Electronics and Communication Engineering (4 Years, Bachelor of Technology) 	AI 	OPEN 	Gender-Neutral 	41350 	47163
Indian Institute of Information Technology(IIIT) Kalyani, West Bengal	Electronics and Communication Engineering (4 Years, Bachelor of Technology) 	AI 	OPEN 	Female-only (including Supernumerary) 	32015 	46985
Indian Institute of Information Technology(IIIT) Kilohrad, Sonepat, Haryana	Computer Science and Engineering (4 Years, Bachelor of Technology) 	AI 	OPEN 	Gender-Neutral 	20252 	32506
Indian Institute of Information Technology(IIIT) Kilohrad, Sonepat, Haryana	CSE ( Data Science & Analytics) (4 Years, Bachelor of Technology) 	AI 	OPEN 	Gender-Neutral 	24828 	35928
Indian Institute of Information Technology(IIIT) Kilohrad, Sonepat, Haryana	Information Technology (4 Years, Bachelor of Technology) 	AI 	OPEN 	Gender-Neutral 	30986 	37385
Indian Institute of Information Technology(IIIT) Una, Himachal Pradesh	Computer Science and Engineering (4 Years, Bachelor of Technology) 	AI 	OPEN 	Gender-Neutral 	22339 	33468
Indian Institute of Information Technology(IIIT) Una, Himachal Pradesh	Computer Science and Engineering (4 Years, Bachelor of Technology) 	AI 	OPEN 	Female-only (including Supernumerary) 	25976 	28384
Indian Institute of Information Technology(IIIT) Una, Himachal Pradesh	Computer Science and Engineering (Cyber Security) (4 Years, Bachelor of Technology) 	AI 	OPEN 	Gender-Neutral 	26263 	35166
Indian Institute of Information Technology(IIIT) Una, Himachal Pradesh	Computer Science and Engineering (Data Science) (4 Years, Bachelor of Technology) 	AI 	OPEN 	Gender-Neutral 	29996 	34479
Indian Institute of Information Technology(IIIT) Una, Himachal Pradesh	Electronics and Communication Engineering (4 Years, Bachelor of Technology) 	AI 	OPEN 	Gender-Neutral 	36643 	42197
Indian Institute of Information Technology(IIIT) Una, Himachal Pradesh	Electronics and Communication Engineering (4 Years, Bachelor of Technology) 	AI 	OPEN 	Female-only (including Supernumerary) 	41527 	41527
Indian Institute of Information Technology (IIIT), Sri City, Chittoor	Artificial Intelligence and Data Science (4 Years, Bachelor of Technology) 	AI 	OPEN 	Gender-Neutral 	18106 	27291
Indian Institute of Information Technology (IIIT), Sri City, Chittoor	Artificial Intelligence and Data Science (4 Years, Bachelor of Technology) 	AI 	OPEN 	Female-only (including Supernumerary) 	23237 	34351
Indian Institute of Information Technology (IIIT), Sri City, Chittoor	Computer Science and Engineering (4 Years, Bachelor of Technology) 	AI 	OPEN 	Gender-Neutral 	13133 	26387
Indian Institute of Information Technology (IIIT), Sri City, Chittoor	Computer Science and Engineering (4 Years, Bachelor of Technology) 	AI 	OPEN 	Female-only (including Supernumerary) 	23246 	32739
Indian Institute of Information Technology (IIIT), Sri City, Chittoor	Electronics and Communication Engineering (4 Years, Bachelor of Technology) 	AI 	OPEN 	Gender-Neutral 	20649 	33596
Indian Institute of Information Technology (IIIT), Sri City, Chittoor	Electronics and Communication Engineering (4 Years, Bachelor of Technology) 	AI 	OPEN 	Female-only (including Supernumerary) 	35295 	40662
Indian Institute of Information Technology(IIIT), Vadodara, Gujrat	Artificial Intelligence (4 Years, Bachelor of Technology) 	AI 	OPEN 	Gender-Neutral 	25240 	29856
Indian Institute of Information Technology(IIIT), Vadodara, Gujrat	Artificial Intelligence (4 Years, Bachelor of Technology) 	AI 	OPEN 	Female-only (including Supernumerary) 	33931 	38970
Indian Institute of Information Technology(IIIT), Vadodara, Gujrat	Computer Science and Engineering (4 Years, Bachelor of Technology) 	AI 	OPEN 	Gender-Neutral 	12919 	24840
Indian Institute of Information Technology(IIIT), Vadodara, Gujrat	Computer Science and Engineering (4 Years, Bachelor of Technology) 	AI 	OPEN 	Female-only (including Supernumerary) 	15174 	33057
Indian Institute of Information Technology(IIIT), Vadodara, Gujrat	Electronics and Communication Engineering (4 Years, Bachelor of Technology) 	AI 	OPEN 	Gender-Neutral 	25415 	37951
Indian Institute of Information Technology(IIIT), Vadodara, Gujrat	Electronics and Communication Engineering (4 Years, Bachelor of Technology) 	AI 	OPEN 	Female-only (including Supernumerary) 	40721 	44892
Indian Institute of Information Technology(IIIT), Vadodara, Gujrat	Information Technology (4 Years, Bachelor of Technology) 	AI 	OPEN 	Gender-Neutral 	25063 	28979
Indian Institute of Information Technology(IIIT), Vadodara, Gujrat	Information Technology (4 Years, Bachelor of Technology) 	AI 	OPEN 	Female-only (including Supernumerary) 	36435 	37482
Indian Institute of Information Technology, Allahabad	Electronics and Communication Engineering (4 Years, Bachelor of Technology) 	AI 	OPEN 	Gender-Neutral 	6224 	8050
Indian Institute of Information Technology, Allahabad	Electronics and Communication Engineering (4 Years, Bachelor of Technology) 	AI 	OPEN 	Female-only (including Supernumerary) 	12382 	15247
Indian Institute of Information Technology, Allahabad	Information Technology (4 Years, Bachelor of Technology) 	AI 	OPEN 	Gender-Neutral 	2064 	6094
Indian Institute of Information Technology, Allahabad	Information Technology (4 Years, Bachelor of Technology) 	AI 	OPEN 	Female-only (including Supernumerary) 	3100 	11465
Indian Institute of Information Technology, Allahabad	Information Technology-Business Informatics (4 Years, Bachelor of Technology) 	AI 	OPEN 	Gender-Neutral 	1783 	6150
Indian Institute of Information Technology, Allahabad	Information Technology-Business Informatics (4 Years, Bachelor of Technology) 	AI 	OPEN 	Female-only (including Supernumerary) 	6587 	11681
Indian Institute of Information Technology, Design & Manufacturing, Kancheepuram	B.Tech in Mechanical Engineering and M.Tech in AI and Robotics (5 Years, B.Tech. + M.Tech./MS (Dual Degree)) 	AI 	OPEN 	Gender-Neutral 	25764 	38708
Indian Institute of Information Technology, Design & Manufacturing, Kancheepuram	B.Tech in Mechanical Engineering and M.Tech in AI and Robotics (5 Years, B.Tech. + M.Tech./MS (Dual Degree)) 	AI 	OPEN 	Female-only (including Supernumerary) 	35987 	49575
Indian Institute of Information Technology, Design & Manufacturing, Kancheepuram	B.Tech. in Electronics and Communication Engineering and M.Tech. in Communication Systems (5 Years, Bachelor and Master of Technology (Dual Degree)) 	AI 	OPEN 	Gender-Neutral 	26579 	28850
Indian Institute of Information Technology, Design & Manufacturing, Kancheepuram	B.Tech. in Electronics and Communication Engineering and M.Tech. in Communication Systems (5 Years, Bachelor and Master of Technology (Dual Degree)) 	AI 	OPEN 	Female-only (including Supernumerary) 	36985 	41214
Indian Institute of Information Technology, Design & Manufacturing, Kancheepuram	B.Tech. in Electronics and Communication Engineering and M.Tech. in Microelectronics and VLSI Systems (5 Years, Bachelor and Master of Technology (Dual Degree)) 	AI 	OPEN 	Gender-Neutral 	14526 	24892
Indian Institute of Information Technology, Design & Manufacturing, Kancheepuram	B.Tech. in Electronics and Communication Engineering and M.Tech. in Microelectronics and VLSI Systems (5 Years, Bachelor and Master of Technology (Dual Degree)) 	AI 	OPEN 	Female-only (including Supernumerary) 	18590 	30829
Indian Institute of Information Technology, Design & Manufacturing, Kancheepuram	Computer Science and Engineering (4 Years, Bachelor of Technology) 	AI 	OPEN 	Gender-Neutral 	7634 	19069
Indian Institute of Information Technology, Design & Manufacturing, Kancheepuram	Computer Science and Engineering (4 Years, Bachelor of Technology) 	AI 	OPEN 	Female-only (including Supernumerary) 	14284 	23168
Indian Institute of Information Technology, Design & Manufacturing, Kancheepuram	Computer Science and Engineering (5 Years, Bachelor and Master of Technology (Dual Degree)) 	AI 	OPEN 	Gender-Neutral 	16282 	23187
Indian Institute of Information Technology, Design & Manufacturing, Kancheepuram	Computer Science and Engineering (5 Years, Bachelor and Master of Technology (Dual Degree)) 	AI 	OPEN 	Female-only (including Supernumerary) 	24641 	29210
Indian Institute of Information Technology, Design & Manufacturing, Kancheepuram	Computer Science and Engineering with Major in Artificial Intelligence (4 Years, Bachelor of Technology) 	AI 	OPEN 	Gender-Neutral 	13140 	19533
Indian Institute of Information Technology, Design & Manufacturing, Kancheepuram	Computer Science and Engineering with Major in Artificial Intelligence (4 Years, Bachelor of Technology) 	AI 	OPEN 	Female-only (including Supernumerary) 	16227 	24345
Indian Institute of Information Technology, Design & Manufacturing, Kancheepuram	Design Engineering (4 Years, Bachelor of Technology) 	AI 	OPEN 	Gender-Neutral 	44178 	50908
Indian Institute of Information Technology, Design & Manufacturing, Kancheepuram	Electronics and Communication Engineering (4 Years, Bachelor of Technology) 	AI 	OPEN 	Gender-Neutral 	16217 	25834
Indian Institute of Information Technology, Design & Manufacturing, Kancheepuram	Electronics and Communication Engineering (4 Years, Bachelor of Technology) 	AI 	OPEN 	Female-only (including Supernumerary) 	25556 	36083
Indian Institute of Information Technology, Design & Manufacturing, Kancheepuram	Engineering Physics (4 Years, Bachelor of Technology) 	AI 	OPEN 	Gender-Neutral 	27802 	39727
Indian Institute of Information Technology, Design & Manufacturing, Kancheepuram	Mechanical Engineering (4 Years, Bachelor of Technology) 	AI 	OPEN 	Gender-Neutral 	21187 	44137
Indian Institute of Information Technology, Design & Manufacturing, Kancheepuram	Mechanical Engineering (4 Years, Bachelor of Technology) 	AI 	OPEN 	Female-only (including Supernumerary) 	45048 	58786
Indian Institute of Information Technology, Design & Manufacturing, Kancheepuram	Smart Manufacturing (4 Years, Bachelor of Technology) 	AI 	OPEN 	Gender-Neutral 	37409 	51448
Indian Institute of Information Technology, Design & Manufacturing, Kancheepuram	Smart Manufacturing (4 Years, Bachelor of Technology) 	AI 	OPEN 	Female-only (including Supernumerary) 	42814 	61788
Pt. Dwarka Prasad Mishra Indian Institute of Information Technology, Design & Manufacture Jabalpur	Computer Science and Engineering (4 Years, Bachelor of Technology) 	AI 	OPEN 	Gender-Neutral 	10061 	14787
Pt. Dwarka Prasad Mishra Indian Institute of Information Technology, Design & Manufacture Jabalpur	Computer Science and Engineering (4 Years, Bachelor of Technology) 	AI 	OPEN 	Female-only (including Supernumerary) 	11049 	23196
Pt. Dwarka Prasad Mishra Indian Institute of Information Technology, Design & Manufacture Jabalpur	Electronics and Communication Engineering (4 Years, Bachelor of Technology) 	AI 	OPEN 	Gender-Neutral 	14660 	18809
Pt. Dwarka Prasad Mishra Indian Institute of Information Technology, Design & Manufacture Jabalpur	Electronics and Communication Engineering (4 Years, Bachelor of Technology) 	AI 	OPEN 	Female-only (including Supernumerary) 	22241 	30693
Pt. Dwarka Prasad Mishra Indian Institute of Information Technology, Design & Manufacture Jabalpur	Mechanical Engineering (4 Years, Bachelor of Technology) 	AI 	OPEN 	Gender-Neutral 	30160 	44435
Pt. Dwarka Prasad Mishra Indian Institute of Information Technology, Design & Manufacture Jabalpur	Mechanical Engineering (4 Years, Bachelor of Technology) 	AI 	OPEN 	Female-only (including Supernumerary) 	49947 	56277
Pt. Dwarka Prasad Mishra Indian Institute of Information Technology, Design & Manufacture Jabalpur	Smart Manufacturing (4 Years, Bachelor of Technology) 	AI 	OPEN 	Gender-Neutral 	40181 	52669
Pt. Dwarka Prasad Mishra Indian Institute of Information Technology, Design & Manufacture Jabalpur	Smart Manufacturing (4 Years, Bachelor of Technology) 	AI 	OPEN 	Female-only (including Supernumerary) 	54088 	60904
INDIAN INSTITUTE OF INFORMATION TECHNOLOGY SENAPATI MANIPUR	Computer Science and Engineering (4 Years, Bachelor of Technology) 	AI 	OPEN 	Gender-Neutral 	47053 	58080
INDIAN INSTITUTE OF INFORMATION TECHNOLOGY SENAPATI MANIPUR	Computer Science and Engineering (4 Years, Bachelor of Technology) 	AI 	OPEN 	Female-only (including Supernumerary) 	60931 	70983
INDIAN INSTITUTE OF INFORMATION TECHNOLOGY SENAPATI MANIPUR	Computer Science and Engineering with specialization in Artificial Intelligence and Data Science (4 Years, Bachelor of Technology) 	AI 	OPEN 	Gender-Neutral 	43498 	60321
INDIAN INSTITUTE OF INFORMATION TECHNOLOGY SENAPATI MANIPUR	Computer Science and Engineering with specialization in Artificial Intelligence and Data Science (4 Years, Bachelor of Technology) 	AI 	OPEN 	Female-only (including Supernumerary) 	65774 	74351
INDIAN INSTITUTE OF INFORMATION TECHNOLOGY SENAPATI MANIPUR	Computer Science and Engineering with specialization in Cyber Security (4 Years, Bachelor of Technology) 	AI 	OPEN 	Gender-Neutral 	53141 	62831
INDIAN INSTITUTE OF INFORMATION TECHNOLOGY SENAPATI MANIPUR	Computer Science and Engineering with specialization in Cyber Security (4 Years, Bachelor of Technology) 	AI 	OPEN 	Female-only (including Supernumerary) 	55001 	75337
INDIAN INSTITUTE OF INFORMATION TECHNOLOGY SENAPATI MANIPUR	Computer Science and Engineering with specialization in Quantum Technologies (4 Years, Bachelor of Technology) 	AI 	OPEN 	Gender-Neutral 	40516 	57736
INDIAN INSTITUTE OF INFORMATION TECHNOLOGY SENAPATI MANIPUR	Computer Science and Engineering with specialization in Quantum Technologies (4 Years, Bachelor of Technology) 	AI 	OPEN 	Female-only (including Supernumerary) 	54377 	63347
INDIAN INSTITUTE OF INFORMATION TECHNOLOGY SENAPATI MANIPUR	Electronics and Communication Engineering (4 Years, Bachelor of Technology) 	AI 	OPEN 	Gender-Neutral 	46370 	65373
INDIAN INSTITUTE OF INFORMATION TECHNOLOGY SENAPATI MANIPUR	Electronics and Communication Engineering (4 Years, Bachelor of Technology) 	AI 	OPEN 	Female-only (including Supernumerary) 	64228 	78071
INDIAN INSTITUTE OF INFORMATION TECHNOLOGY SENAPATI MANIPUR	Electronics and Communication Engineering with specialization in VLSI and Embedded Systems (4 Years, Bachelor of Technology) 	AI 	OPEN 	Gender-Neutral 	50197 	69257
INDIAN INSTITUTE OF INFORMATION TECHNOLOGY SENAPATI MANIPUR	Electronics and Communication Engineering with specialization in VLSI and Embedded Systems (4 Years, Bachelor of Technology) 	AI 	OPEN 	Female-only (including Supernumerary) 	63960 	79764
Indian Institute of Information Technology Tiruchirappalli	Computer Science and Engineering ( Artificial Intelligence & Data Science) (4 Years, Bachelor of Technology) 	AI 	OPEN 	Gender-Neutral 	7602 	27113
Indian Institute of Information Technology Tiruchirappalli	Computer Science and Engineering (4 Years, Bachelor of Technology) 	AI 	OPEN 	Gender-Neutral 	4992 	28335
Indian Institute of Information Technology Tiruchirappalli	Computer Science and Engineering (4 Years, Bachelor of Technology) 	AI 	OPEN 	Female-only (including Supernumerary) 	27960 	39134
Indian Institute of Information Technology Tiruchirappalli	Electronics and Communication Engineering (4 Years, Bachelor of Technology) 	AI 	OPEN 	Gender-Neutral 	28678 	38827
Indian Institute of Information Technology Tiruchirappalli	Electronics and Communication Engineering (4 Years, Bachelor of Technology) 	AI 	OPEN 	Female-only (including Supernumerary) 	40692 	46607
Indian Institute of Information Technology Tiruchirappalli	Electronics and Communication Engineering (VLSI Design) (4 Years, Bachelor of Technology) 	AI 	OPEN 	Gender-Neutral 	9352 	32763
Indian Institute of Information Technology Lucknow	Computer Science (4 Years, Bachelor of Technology) 	AI 	OPEN 	Gender-Neutral 	5828 	9580
Indian Institute of Information Technology Lucknow	Computer Science (4 Years, Bachelor of Technology) 	AI 	OPEN 	Female-only (including Supernumerary) 	8202 	15088
Indian Institute of Information Technology Lucknow	Computer Science and Artificial Intelligence (4 Years, Bachelor of Technology) 	AI 	OPEN 	Gender-Neutral 	6069 	9562
Indian Institute of Information Technology Lucknow	Computer Science and Artificial Intelligence (4 Years, Bachelor of Technology) 	AI 	OPEN 	Female-only (including Supernumerary) 	12630 	14837
Indian Institute of Information Technology Lucknow	Computer Science and Business (4 Years, Bachelor of Technology) 	AI 	OPEN 	Gender-Neutral 	7854 	11292
Indian Institute of Information Technology Lucknow	Computer Science and Business (4 Years, Bachelor of Technology) 	AI 	OPEN 	Female-only (including Supernumerary) 	18615 	20707
Indian Institute of Information Technology Lucknow	Information Technology (4 Years, Bachelor of Technology) 	AI 	OPEN 	Gender-Neutral 	9658 	11416
Indian Institute of Information Technology Lucknow	Information Technology (4 Years, Bachelor of Technology) 	AI 	OPEN 	Female-only (including Supernumerary) 	15421 	17138
Indian Institute of Information Technology(IIIT) Dharwad 	Computer Science and Engineering (4 Years, Bachelor of Technology) 	AI 	OPEN 	Gender-Neutral 	10788 	41121
Indian Institute of Information Technology(IIIT) Dharwad 	Computer Science and Engineering (4 Years, Bachelor of Technology) 	AI 	OPEN 	Female-only (including Supernumerary) 	17805 	46133
Indian Institute of Information Technology(IIIT) Dharwad 	Data Science and Artificial Intelligence (4 Years, Bachelor of Technology) 	AI 	OPEN 	Gender-Neutral 	27360 	43328
Indian Institute of Information Technology(IIIT) Dharwad 	Data Science and Artificial Intelligence (4 Years, Bachelor of Technology) 	AI 	OPEN 	Female-only (including Supernumerary) 	42133 	48888
Indian Institute of Information Technology(IIIT) Dharwad 	Electronics and Communication Engineering (4 Years, Bachelor of Technology) 	AI 	OPEN 	Gender-Neutral 	20015 	45440
Indian Institute of Information Technology(IIIT) Dharwad 	Electronics and Communication Engineering (4 Years, Bachelor of Technology) 	AI 	OPEN 	Female-only (including Supernumerary) 	49050 	50505
Indian Institute of Information Technology Design & Manufacturing Kurnool, Andhra Pradesh	Artificial Intelligence and Data Science (4 Years, Bachelor of Technology) 	AI 	OPEN 	Gender-Neutral 	23518 	37040
Indian Institute of Information Technology Design & Manufacturing Kurnool, Andhra Pradesh	Artificial Intelligence and Data Science (4 Years, Bachelor of Technology) 	AI 	OPEN 	Female-only (including Supernumerary) 	37880 	46086
Indian Institute of Information Technology Design & Manufacturing Kurnool, Andhra Pradesh	Computer Science and Engineering (4 Years, Bachelor of Technology) 	AI 	OPEN 	Gender-Neutral 	22765 	33147
Indian Institute of Information Technology Design & Manufacturing Kurnool, Andhra Pradesh	Computer Science and Engineering (4 Years, Bachelor of Technology) 	AI 	OPEN 	Female-only (including Supernumerary) 	34227 	37649
Indian Institute of Information Technology Design & Manufacturing Kurnool, Andhra Pradesh	Computer Science and Engineering (5 Years, Bachelor and Master of Technology (Dual Degree)) 	AI 	OPEN 	Gender-Neutral 	31069 	41188
Indian Institute of Information Technology Design & Manufacturing Kurnool, Andhra Pradesh	Computer Science and Engineering (5 Years, Bachelor and Master of Technology (Dual Degree)) 	AI 	OPEN 	Female-only (including Supernumerary) 	35296 	46231
Indian Institute of Information Technology Design & Manufacturing Kurnool, Andhra Pradesh	Electronics and Communication Engineering (5 Years, Bachelor and Master of Technology (Dual Degree)) 	AI 	OPEN 	Gender-Neutral 	43007 	47113
Indian Institute of Information Technology Design & Manufacturing Kurnool, Andhra Pradesh	Electronics and Communication Engineering (5 Years, Bachelor and Master of Technology (Dual Degree)) 	AI 	OPEN 	Female-only (including Supernumerary) 	50537 	51146
Indian Institute of Information Technology Design & Manufacturing Kurnool, Andhra Pradesh	Electronics and Communication Engineering with specialization in Design and Manufacturing (4 Years, Bachelor of Technology) 	AI 	OPEN 	Gender-Neutral 	31019 	44105
Indian Institute of Information Technology Design & Manufacturing Kurnool, Andhra Pradesh	Electronics and Communication Engineering with specialization in Design and Manufacturing (4 Years, Bachelor of Technology) 	AI 	OPEN 	Female-only (including Supernumerary) 	37089 	49973
Indian Institute of Information Technology Design & Manufacturing Kurnool, Andhra Pradesh	Mechanical Engineering (5 Years, Bachelor and Master of Technology (Dual Degree)) 	AI 	OPEN 	Gender-Neutral 	45338 	54254
Indian Institute of Information Technology Design & Manufacturing Kurnool, Andhra Pradesh	Mechanical Engineering (5 Years, Bachelor and Master of Technology (Dual Degree)) 	AI 	OPEN 	Female-only (including Supernumerary) 	58839 	64464
Indian Institute of Information Technology Design & Manufacturing Kurnool, Andhra Pradesh	Mechanical Engineering with specialization in Design and Manufacturing (4 Years, Bachelor of Technology) 	AI 	OPEN 	Gender-Neutral 	45321 	52520
Indian Institute of Information Technology Design & Manufacturing Kurnool, Andhra Pradesh	Mechanical Engineering with specialization in Design and Manufacturing (4 Years, Bachelor of Technology) 	AI 	OPEN 	Female-only (including Supernumerary) 	61121 	65720
Indian Institute of Information Technology(IIIT) Kottayam	Computer Science and Engineering (4 Years, Bachelor of Technology) 	AI 	OPEN 	Gender-Neutral 	14115 	40217
Indian Institute of Information Technology(IIIT) Kottayam	Computer Science and Engineering (4 Years, Bachelor of Technology) 	AI 	OPEN 	Female-only (including Supernumerary) 	30623 	48030
Indian Institute of Information Technology(IIIT) Kottayam	Computer Science and Engineering with specialization in Artificial Intelligence and Data Science (4 Years, Bachelor of Technology) 	AI 	OPEN 	Gender-Neutral 	16538 	32780
Indian Institute of Information Technology(IIIT) Kottayam	Computer Science and Engineering with specialization in Artificial Intelligence and Data Science (4 Years, Bachelor of Technology) 	AI 	OPEN 	Female-only (including Supernumerary) 	26287 	40254
Indian Institute of Information Technology(IIIT) Kottayam	Computer Science and Engineering with specialization in Cyber Security (4 Years, Bachelor of Technology) 	AI 	OPEN 	Gender-Neutral 	23499 	40718
Indian Institute of Information Technology(IIIT) Kottayam	Computer Science and Engineering with specialization in Cyber Security (4 Years, Bachelor of Technology) 	AI 	OPEN 	Female-only (including Supernumerary) 	43869 	46805
Indian Institute of Information Technology(IIIT) Kottayam	Electronics and Communication Engineering (4 Years, Bachelor of Technology) 	AI 	OPEN 	Gender-Neutral 	27939 	41402
Indian Institute of Information Technology(IIIT) Kottayam	Electronics and Communication Engineering (4 Years, Bachelor of Technology) 	AI 	OPEN 	Female-only (including Supernumerary) 	40206 	50151
Indian Institute of Information Technology (IIIT) Ranchi	B.Tech in Mathematics and Computing (4 Years, Bachelor of Technology) 	AI 	OPEN 	Gender-Neutral 	27853 	41831
Indian Institute of Information Technology (IIIT) Ranchi	Computer Science and Engineering (4 Years, Bachelor of Technology) 	AI 	OPEN 	Gender-Neutral 	25634 	38063
Indian Institute of Information Technology (IIIT) Ranchi	Computer Science and Engineering (with Specialization of Data Science and Artificial Intelligence) (4 Years, B. Tech / B. Tech (Hons.)) 	AI 	OPEN 	Gender-Neutral 	23715 	36988
Indian Institute of Information Technology (IIIT) Ranchi	Electronics and Communication Engineering (4 Years, Bachelor of Technology) 	AI 	OPEN 	Gender-Neutral 	31839 	45216
Indian Institute of Information Technology (IIIT) Ranchi	Electronics and Communication Engineering (with Specialization of Embedded Systems and Internet of Things) (4 Years, B. Tech / B. Tech (Hons.)) 	AI 	OPEN 	Gender-Neutral 	35989 	44503
Indian Institute of Information Technology (IIIT) Nagpur	Computer Science and Engineering (4 Years, Bachelor of Technology) 	AI 	OPEN 	Gender-Neutral 	12535 	29123
Indian Institute of Information Technology (IIIT) Nagpur	Computer Science Engineering (Artificial lntelligence and Machine Learning) (4 Years, Bachelor of Technology) 	AI 	OPEN 	Gender-Neutral 	15015 	27752
Indian Institute of Information Technology (IIIT) Nagpur	Computer Science Engineering (Data Science and Analytics) (4 Years, Bachelor of Technology) 	AI 	OPEN 	Gender-Neutral 	11635 	30477
Indian Institute of Information Technology (IIIT) Nagpur	Computer Science Engineering (Human Computer lnteraction and Gaming Technology) (4 Years, Bachelor of Technology) 	AI 	OPEN 	Gender-Neutral 	25900 	33893
Indian Institute of Information Technology (IIIT) Nagpur	Electronics and Communication Engineering (4 Years, Bachelor of Technology) 	AI 	OPEN 	Gender-Neutral 	19743 	40844
Indian Institute of Information Technology (IIIT) Nagpur	Electronics and Communication Engineering (Internet of Things) (4 Years, Bachelor of Technology) 	AI 	OPEN 	Gender-Neutral 	26013 	39245
Indian Institute of Information Technology (IIIT) Pune	Computer Science and Engineering (4 Years, Bachelor of Technology) 	AI 	OPEN 	Gender-Neutral 	11982 	21029
Indian Institute of Information Technology (IIIT) Pune	Computer Science and Engineering (4 Years, Bachelor of Technology) 	AI 	OPEN 	Female-only (including Supernumerary) 	16948 	30716
Indian Institute of Information Technology (IIIT) Pune	Electronics and Communication Engineering (4 Years, Bachelor of Technology) 	AI 	OPEN 	Gender-Neutral 	17512 	27380
Indian Institute of Information Technology (IIIT) Pune	Electronics and Communication Engineering (4 Years, Bachelor of Technology) 	AI 	OPEN 	Female-only (including Supernumerary) 	34048 	39112
Indian Institute of Information Technology Bhagalpur	Computer Science and Engineering (4 Years, Bachelor of Technology) 	AI 	OPEN 	Gender-Neutral 	31250 	44476
Indian Institute of Information Technology Bhagalpur	Computer Science and Engineering (4 Years, Bachelor of Technology) 	AI 	OPEN 	Female-only (including Supernumerary) 	29881 	45324
Indian Institute of Information Technology Bhagalpur	Electronics and Communication Engineering (4 Years, Bachelor of Technology) 	AI 	OPEN 	Gender-Neutral 	43402 	47785
Indian Institute of Information Technology Bhagalpur	Electronics and Communication Engineering (4 Years, Bachelor of Technology) 	AI 	OPEN 	Female-only (including Supernumerary) 	50897 	52923
Indian Institute of Information Technology Bhagalpur	Mathematics and Computing (4 Years, Bachelor of Technology) 	AI 	OPEN 	Gender-Neutral 	25314 	45422
Indian Institute of Information Technology Bhagalpur	Mechatronics and Automation Engineering (4 Years, Bachelor of Technology) 	AI 	OPEN 	Gender-Neutral 	44374 	53156
Indian Institute of Information Technology Bhagalpur	Mechatronics and Automation Engineering (4 Years, Bachelor of Technology) 	AI 	OPEN 	Female-only (including Supernumerary) 	52471 	53176
Indian Institute of Information Technology Bhopal	B.Tech in Mathematics and Computing (4 Years, Bachelor of Technology) 	AI 	OPEN 	Gender-Neutral 	22567 	33940
Indian Institute of Information Technology Bhopal	Computer Science and Engineering (4 Years, Bachelor of Technology) 	AI 	OPEN 	Gender-Neutral 	10586 	27095
Indian Institute of Information Technology Bhopal	Computer Science and Engineering (Artificial Intelligence) (4 Years, Bachelor of Technology) 	AI 	OPEN 	Gender-Neutral 	16175 	27359
Indian Institute of Information Technology Bhopal	Computer Science and Engineering (Cyber Physical System) (4 Years, Bachelor of Technology) 	AI 	OPEN 	Gender-Neutral 	30625 	35838
Indian Institute of Information Technology Bhopal	Computer Science and Engineering (Cyber Security) (4 Years, Bachelor of Technology) 	AI 	OPEN 	Gender-Neutral 	21825 	31569
Indian Institute of Information Technology Bhopal	Computer Science and Engineering (Data Science) (4 Years, Bachelor of Technology) 	AI 	OPEN 	Gender-Neutral 	18670 	28976
Indian Institute of Information Technology Bhopal	Electronics and Communication Engineering (4 Years, Bachelor of Technology) 	AI 	OPEN 	Gender-Neutral 	26484 	40247
Indian Institute of Information Technology Bhopal	Information Technology (4 Years, Bachelor of Technology) 	AI 	OPEN 	Gender-Neutral 	29957 	36619
Indian Institute of Information Technology Bhopal	Physics and Computational Engineering (4 Years, Bachelor of Technology) 	AI 	OPEN 	Gender-Neutral 	37840 	43349
Indian Institute of Information Technology Surat	Computer Science and Engineering (4 Years, Bachelor of Technology) 	AI 	OPEN 	Gender-Neutral 	15922 	28707
Indian Institute of Information Technology Surat	Computer Science and Engineering (4 Years, Bachelor of Technology) 	AI 	OPEN 	Female-only (including Supernumerary) 	24569 	35063
Indian Institute of Information Technology Surat	Computer Science and Engineering (Artificial Intelligence and Machine Learning) (4 Years, Bachelor of Technology) 	AI 	OPEN 	Gender-Neutral 	15801 	26485
Indian Institute of Information Technology Surat	Computer Science and Engineering (Artificial Intelligence and Machine Learning) (4 Years, Bachelor of Technology) 	AI 	OPEN 	Female-only (including Supernumerary) 	26758 	32723
Indian Institute of Information Technology Surat	Computer Science and Engineering (Cyber Security) (4 Years, Bachelor of Technology) 	AI 	OPEN 	Gender-Neutral 	14749 	29537
Indian Institute of Information Technology Surat	Computer Science and Engineering (Cyber Security) (4 Years, Bachelor of Technology) 	AI 	OPEN 	Female-only (including Supernumerary) 	37027 	37651
Indian Institute of Information Technology Surat	Electronics and Communication Engineering (4 Years, Bachelor of Technology) 	AI 	OPEN 	Gender-Neutral 	19732 	36049
Indian Institute of Information Technology Surat	Electronics and Communication Engineering (4 Years, Bachelor of Technology) 	AI 	OPEN 	Female-only (including Supernumerary) 	38217 	43793
Indian Institute of Information Technology, Agartala	Computer Science and Engineering (4 Years, Bachelor of Technology) 	AI 	OPEN 	Gender-Neutral 	15909 	44304
Indian Institute of Information Technology, Agartala	Computer Science and Engineering (4 Years, Bachelor of Technology) 	AI 	OPEN 	Female-only (including Supernumerary) 	43093 	54227
Indian institute of information technology, Raichur, Karnataka	Artificial Intelligence and Data Science (4 Years, Bachelor of Technology) 	AI 	OPEN 	Gender-Neutral 	30336 	41577
Indian institute of information technology, Raichur, Karnataka	Artificial Intelligence and Data Science (4 Years, Bachelor of Technology) 	AI 	OPEN 	Female-only (including Supernumerary) 	39590 	50993
Indian institute of information technology, Raichur, Karnataka	Computer Science and Engineering (4 Years, Bachelor of Technology) 	AI 	OPEN 	Gender-Neutral 	6868 	36760
Indian institute of information technology, Raichur, Karnataka	Computer Science and Engineering (4 Years, Bachelor of Technology) 	AI 	OPEN 	Female-only (including Supernumerary) 	36980 	47023
Indian institute of information technology, Raichur, Karnataka	Mathematics and Computing (4 Years, Bachelor of Technology) 	AI 	OPEN 	Gender-Neutral 	23426 	43476
Indian institute of information technology, Raichur, Karnataka	Mathematics and Computing (4 Years, Bachelor of Technology) 	AI 	OPEN 	Female-only (including Supernumerary) 	50199 	51561
Indian Institute of Information Technology, Vadodara International Campus Diu (IIITVICD)	Artificial Intelligence (4 Years, Bachelor of Technology) 	AI 	OPEN 	Gender-Neutral 	30222 	42565
Indian Institute of Information Technology, Vadodara International Campus Diu (IIITVICD)	Artificial Intelligence (4 Years, Bachelor of Technology) 	AI 	OPEN 	Female-only (including Supernumerary) 	41053 	46661
Indian Institute of Information Technology, Vadodara International Campus Diu (IIITVICD)	Computer Science and Engineering (4 Years, Bachelor of Technology) 	AI 	OPEN 	Gender-Neutral 	25787 	39231
Indian Institute of Information Technology, Vadodara International Campus Diu (IIITVICD)	Computer Science and Engineering (4 Years, Bachelor of Technology) 	AI 	OPEN 	Female-only (including Supernumerary) 	38403 	42836
Indian Institute of Information Technology, Vadodara International Campus Diu (IIITVICD)	Electronics and Communication Engineering (4 Years, Bachelor of Technology) 	AI 	OPEN 	Gender-Neutral 	39330 	44651
Indian Institute of Information Technology, Vadodara International Campus Diu (IIITVICD)	Electronics and Communication Engineering (4 Years, Bachelor of Technology) 	AI 	OPEN 	Female-only (including Supernumerary) 	48038 	53032
Assam University, Silchar	Agricultural Engineering (4 Years, Bachelor of Technology) 	AI 	OPEN 	Gender-Neutral 	60893 	88476
Assam University, Silchar	Agricultural Engineering (4 Years, Bachelor of Technology) 	AI 	OPEN 	Female-only (including Supernumerary) 	86651 	86651
Assam University, Silchar	Agricultural Engineering (4 Years, Bachelor of Technology) 	HS 	OPEN 	Gender-Neutral 	132071 	246536
Assam University, Silchar	Agricultural Engineering (4 Years, Bachelor of Technology) 	HS 	OPEN 	Female-only (including Supernumerary) 	129629 	129629
Assam University, Silchar	Computer Science and Engineering (4 Years, Bachelor of Technology) 	AI 	OPEN 	Gender-Neutral 	36525 	58926
Assam University, Silchar	Computer Science and Engineering (4 Years, Bachelor of Technology) 	AI 	OPEN 	Female-only (including Supernumerary) 	49476 	49476
Assam University, Silchar	Computer Science and Engineering (4 Years, Bachelor of Technology) 	HS 	OPEN 	Gender-Neutral 	81897 	98436
Assam University, Silchar	Computer Science and Engineering (4 Years, Bachelor of Technology) 	HS 	OPEN 	Female-only (including Supernumerary) 	128714 	128714
Assam University, Silchar	Electronics and Communication Engineering (4 Years, Bachelor of Technology) 	AI 	OPEN 	Gender-Neutral 	47997 	67237
Assam University, Silchar	Electronics and Communication Engineering (4 Years, Bachelor of Technology) 	AI 	OPEN 	Female-only (including Supernumerary) 	64485 	64485
Assam University, Silchar	Electronics and Communication Engineering (4 Years, Bachelor of Technology) 	HS 	OPEN 	Gender-Neutral 	79517 	128531
Assam University, Silchar	Electronics and Communication Engineering (4 Years, Bachelor of Technology) 	HS 	OPEN 	Female-only (including Supernumerary) 	110055 	110055
Birla Institute of Technology, Mesra, Ranchi	Architecture (5 Years, Bachelor of Architecture) 	AI 	OPEN 	Gender-Neutral 	586 	1016
Birla Institute of Technology, Mesra, Ranchi	Architecture (5 Years, Bachelor of Architecture) 	HS 	OPEN 	Gender-Neutral 	1527 	3690
Birla Institute of Technology, Mesra, Ranchi	Artificial Intelligence and Machine Learning (4 Years, Bachelor of Technology) 	AI 	OPEN 	Gender-Neutral 	18061 	20008
Birla Institute of Technology, Mesra, Ranchi	Artificial Intelligence and Machine Learning (4 Years, Bachelor of Technology) 	AI 	OPEN 	Female-only (including Supernumerary) 	28968 	31292
Birla Institute of Technology, Mesra, Ranchi	Artificial Intelligence and Machine Learning (4 Years, Bachelor of Technology) 	HS 	OPEN 	Gender-Neutral 	32661 	37238
Birla Institute of Technology, Mesra, Ranchi	Artificial Intelligence and Machine Learning (4 Years, Bachelor of Technology) 	HS 	OPEN 	Female-only (including Supernumerary) 	42703 	56359
Birla Institute of Technology, Mesra, Ranchi	Bio Technology (4 Years, Bachelor of Technology) 	AI 	OPEN 	Gender-Neutral 	44586 	59086
Birla Institute of Technology, Mesra, Ranchi	Bio Technology (4 Years, Bachelor of Technology) 	AI 	OPEN 	Female-only (including Supernumerary) 	64019 	64019
Birla Institute of Technology, Mesra, Ranchi	Bio Technology (4 Years, Bachelor of Technology) 	HS 	OPEN 	Gender-Neutral 	92822 	113717
Birla Institute of Technology, Mesra, Ranchi	Bio Technology (4 Years, Bachelor of Technology) 	HS 	OPEN 	Female-only (including Supernumerary) 	84318 	101650
Birla Institute of Technology, Mesra, Ranchi	Chemical Engineering (4 Years, Bachelor of Technology) 	AI 	OPEN 	Gender-Neutral 	38260 	54554
Birla Institute of Technology, Mesra, Ranchi	Chemical Engineering (4 Years, Bachelor of Technology) 	AI 	OPEN 	Female-only (including Supernumerary) 	55362 	63036
Birla Institute of Technology, Mesra, Ranchi	Chemical Engineering (4 Years, Bachelor of Technology) 	HS 	OPEN 	Gender-Neutral 	62760 	91841
Birla Institute of Technology, Mesra, Ranchi	Chemical Engineering (4 Years, Bachelor of Technology) 	HS 	OPEN 	Female-only (including Supernumerary) 	77556 	101554
Birla Institute of Technology, Mesra, Ranchi	Civil Engineering (4 Years, Bachelor of Technology) 	AI 	OPEN 	Gender-Neutral 	45518 	57616
Birla Institute of Technology, Mesra, Ranchi	Civil Engineering (4 Years, Bachelor of Technology) 	AI 	OPEN 	Female-only (including Supernumerary) 	64167 	64868
Birla Institute of Technology, Mesra, Ranchi	Civil Engineering (4 Years, Bachelor of Technology) 	HS 	OPEN 	Gender-Neutral 	70144 	92424
Birla Institute of Technology, Mesra, Ranchi	Civil Engineering (4 Years, Bachelor of Technology) 	HS 	OPEN 	Female-only (including Supernumerary) 	94825 	114510
Birla Institute of Technology, Mesra, Ranchi	Computer Science and Engineering (4 Years, Bachelor of Technology) 	AI 	OPEN 	Gender-Neutral 	11583 	18711
Birla Institute of Technology, Mesra, Ranchi	Computer Science and Engineering (4 Years, Bachelor of Technology) 	AI 	OPEN 	Female-only (including Supernumerary) 	20132 	28928
Birla Institute of Technology, Mesra, Ranchi	Computer Science and Engineering (4 Years, Bachelor of Technology) 	HS 	OPEN 	Gender-Neutral 	18869 	32592
Birla Institute of Technology, Mesra, Ranchi	Computer Science and Engineering (4 Years, Bachelor of Technology) 	HS 	OPEN 	Female-only (including Supernumerary) 	34446 	51088
Birla Institute of Technology, Mesra, Ranchi	Electrical and Electronics Engineering (4 Years, Bachelor of Technology) 	AI 	OPEN 	Gender-Neutral 	27233 	34595
Birla Institute of Technology, Mesra, Ranchi	Electrical and Electronics Engineering (4 Years, Bachelor of Technology) 	AI 	OPEN 	Female-only (including Supernumerary) 	39506 	40984
Birla Institute of Technology, Mesra, Ranchi	Electrical and Electronics Engineering (4 Years, Bachelor of Technology) 	HS 	OPEN 	Gender-Neutral 	36890 	54382
Birla Institute of Technology, Mesra, Ranchi	Electrical and Electronics Engineering (4 Years, Bachelor of Technology) 	HS 	OPEN 	Female-only (including Supernumerary) 	75467 	77030
Birla Institute of Technology, Mesra, Ranchi	Electronics and Communication Engineering (4 Years, Bachelor of Technology) 	AI 	OPEN 	Gender-Neutral 	20257 	28464
Birla Institute of Technology, Mesra, Ranchi	Electronics and Communication Engineering (4 Years, Bachelor of Technology) 	AI 	OPEN 	Female-only (including Supernumerary) 	31921 	39037
Birla Institute of Technology, Mesra, Ranchi	Electronics and Communication Engineering (4 Years, Bachelor of Technology) 	HS 	OPEN 	Gender-Neutral 	32801 	48312
Birla Institute of Technology, Mesra, Ranchi	Electronics and Communication Engineering (4 Years, Bachelor of Technology) 	HS 	OPEN 	Female-only (including Supernumerary) 	58345 	71980
Birla Institute of Technology, Mesra, Ranchi	Food Engineering and Technology (4 Years, Bachelor of Technology) 	AI 	OPEN 	Gender-Neutral 	51447 	61127
Birla Institute of Technology, Mesra, Ranchi	Food Engineering and Technology (4 Years, Bachelor of Technology) 	AI 	OPEN 	Female-only (including Supernumerary) 	74221 	74221
Birla Institute of Technology, Mesra, Ranchi	Food Engineering and Technology (4 Years, Bachelor of Technology) 	HS 	OPEN 	Gender-Neutral 	64968 	122354
Birla Institute of Technology, Mesra, Ranchi	Food Engineering and Technology (4 Years, Bachelor of Technology) 	HS 	OPEN 	Female-only (including Supernumerary) 	114689 	120995
Birla Institute of Technology, Mesra, Ranchi	Mathematics and Computing (5 Years, Integrated Master of Science) 	AI 	OPEN 	Gender-Neutral 	20452 	34512
Birla Institute of Technology, Mesra, Ranchi	Mathematics and Computing (5 Years, Integrated Master of Science) 	AI 	OPEN 	Female-only (including Supernumerary) 	34777 	40990
Birla Institute of Technology, Mesra, Ranchi	Mathematics and Computing (5 Years, Integrated Master of Science) 	HS 	OPEN 	Gender-Neutral 	38423 	73499
Birla Institute of Technology, Mesra, Ranchi	Mathematics and Computing (5 Years, Integrated Master of Science) 	HS 	OPEN 	Female-only (including Supernumerary) 	77022 	91055
Birla Institute of Technology, Mesra, Ranchi	Mechanical Engineering (4 Years, Bachelor of Technology) 	AI 	OPEN 	Gender-Neutral 	34670 	46739
Birla Institute of Technology, Mesra, Ranchi	Mechanical Engineering (4 Years, Bachelor of Technology) 	AI 	OPEN 	Female-only (including Supernumerary) 	44940 	60079
Birla Institute of Technology, Mesra, Ranchi	Mechanical Engineering (4 Years, Bachelor of Technology) 	HS 	OPEN 	Gender-Neutral 	55683 	69698
Birla Institute of Technology, Mesra, Ranchi	Mechanical Engineering (4 Years, Bachelor of Technology) 	HS 	OPEN 	Female-only (including Supernumerary) 	78487 	92645
Birla Institute of Technology, Mesra, Ranchi	Physics (5 Years, Integrated Master of Science) 	AI 	OPEN 	Gender-Neutral 	25460 	57275
Birla Institute of Technology, Mesra, Ranchi	Physics (5 Years, Integrated Master of Science) 	AI 	OPEN 	Female-only (including Supernumerary) 	44975 	44975
Birla Institute of Technology, Mesra, Ranchi	Physics (5 Years, Integrated Master of Science) 	HS 	OPEN 	Gender-Neutral 	76875 	121027
Birla Institute of Technology, Mesra, Ranchi	Physics (5 Years, Integrated Master of Science) 	HS 	OPEN 	Female-only (including Supernumerary) 	106297 	139698
Birla Institute of Technology, Mesra, Ranchi	Production and Industrial Engineering (4 Years, Bachelor of Technology) 	AI 	OPEN 	Gender-Neutral 	41216 	59936
Birla Institute of Technology, Mesra, Ranchi	Production and Industrial Engineering (4 Years, Bachelor of Technology) 	AI 	OPEN 	Female-only (including Supernumerary) 	65145 	68143
Birla Institute of Technology, Mesra, Ranchi	Production and Industrial Engineering (4 Years, Bachelor of Technology) 	HS 	OPEN 	Gender-Neutral 	78857 	121470
Birla Institute of Technology, Mesra, Ranchi	Production and Industrial Engineering (4 Years, Bachelor of Technology) 	HS 	OPEN 	Female-only (including Supernumerary) 	109918 	116244
Birla Institute of Technology, Mesra, Ranchi	Quantitative Economics & Data Science (5 Years, Integrated Master of Science) 	AI 	OPEN 	Gender-Neutral 	26814 	43651
Birla Institute of Technology, Mesra, Ranchi	Quantitative Economics & Data Science (5 Years, Integrated Master of Science) 	AI 	OPEN 	Female-only (including Supernumerary) 	48719 	48719
Birla Institute of Technology, Mesra, Ranchi	Quantitative Economics & Data Science (5 Years, Integrated Master of Science) 	HS 	OPEN 	Gender-Neutral 	79718 	98345
Birla Institute of Technology, Mesra, Ranchi	Quantitative Economics & Data Science (5 Years, Integrated Master of Science) 	HS 	OPEN 	Female-only (including Supernumerary) 	87103 	96851
Gurukula Kangri Vishwavidyalaya, Haridwar	Computer Science and Engineering (4 Years, Bachelor of Technology) 	AI 	OPEN 	Gender-Neutral 	44361 	78706
Gurukula Kangri Vishwavidyalaya, Haridwar	Electrical Engineering (4 Years, Bachelor of Technology) 	AI 	OPEN 	Gender-Neutral 	50764 	85712
Gurukula Kangri Vishwavidyalaya, Haridwar	Electronics and Communication Engineering (4 Years, Bachelor of Technology) 	AI 	OPEN 	Gender-Neutral 	50282 	92685
Gurukula Kangri Vishwavidyalaya, Haridwar	Mechanical Engineering (4 Years, Bachelor of Technology) 	AI 	OPEN 	Gender-Neutral 	63748 	106206
Indian Institute of Carpet Technology, Bhadohi	Carpet and Textile Technology (4 Years, Bachelor of Technology) 	AI 	OPEN 	Gender-Neutral 	95835 	120668
Indian Institute of Carpet Technology, Bhadohi	Carpet and Textile Technology (4 Years, Bachelor of Technology) 	AI 	OPEN 	Female-only (including Supernumerary) 	96679 	113612
Institute of Infrastructure, Technology, Research and Management-Ahmedabad	Civil Engineering (4 Years, Bachelor of Technology) 	AI 	OPEN 	Gender-Neutral 	59349 	83677
Institute of Infrastructure, Technology, Research and Management-Ahmedabad	Computer Engineering (4 Years, Bachelor of Technology) 	AI 	OPEN 	Gender-Neutral 	38910 	47706
Institute of Infrastructure, Technology, Research and Management-Ahmedabad	Electrical Engineering (4 Years, Bachelor of Technology) 	AI 	OPEN 	Gender-Neutral 	50903 	61921
Institute of Infrastructure, Technology, Research and Management-Ahmedabad	Mechanical Engineering (4 Years, Bachelor of Technology) 	AI 	OPEN 	Gender-Neutral 	45002 	67544
School of Studies of Engineering and Technology, Guru Ghasidas Vishwavidyalaya, Bilaspur	Animation and VFX (4 Years, Bachelor of Technology) 	AI 	OPEN 	Gender-Neutral 	61491 	95386
School of Studies of Engineering and Technology, Guru Ghasidas Vishwavidyalaya, Bilaspur	Artificial Intelligence and Data Science (4 Years, Bachelor of Technology) 	AI 	OPEN 	Gender-Neutral 	57717 	81910
School of Studies of Engineering and Technology, Guru Ghasidas Vishwavidyalaya, Bilaspur	Chemical Engineering (4 Years, Bachelor of Technology) 	AI 	OPEN 	Gender-Neutral 	90785 	109723
School of Studies of Engineering and Technology, Guru Ghasidas Vishwavidyalaya, Bilaspur	Civil Engineering (4 Years, Bachelor of Technology) 	AI 	OPEN 	Gender-Neutral 	85569 	110442
School of Studies of Engineering and Technology, Guru Ghasidas Vishwavidyalaya, Bilaspur	Computer Science and Engineering (4 Years, Bachelor of Technology) 	AI 	OPEN 	Gender-Neutral 	47005 	75104
School of Studies of Engineering and Technology, Guru Ghasidas Vishwavidyalaya, Bilaspur	Electrical Engineering (4 Years, Bachelor of Technology) 	AI 	OPEN 	Gender-Neutral 	75269 	97276
School of Studies of Engineering and Technology, Guru Ghasidas Vishwavidyalaya, Bilaspur	Electronics and Communication Engineering (4 Years, Bachelor of Technology) 	AI 	OPEN 	Gender-Neutral 	55619 	87787
School of Studies of Engineering and Technology, Guru Ghasidas Vishwavidyalaya, Bilaspur	Industrial and Production Engineering (4 Years, Bachelor of Technology) 	AI 	OPEN 	Gender-Neutral 	101172 	118408
School of Studies of Engineering and Technology, Guru Ghasidas Vishwavidyalaya, Bilaspur	Information Technology (4 Years, Bachelor of Technology) 	AI 	OPEN 	Gender-Neutral 	63198 	87017
School of Studies of Engineering and Technology, Guru Ghasidas Vishwavidyalaya, Bilaspur	Mechanical Engineering (4 Years, Bachelor of Technology) 	AI 	OPEN 	Gender-Neutral 	79980 	103475
J.K. Institute of Applied Physics & Technology, Department of Electronics & Communication, University of Allahabad- Allahabad	Computer Science and Engineering with Major in Artificial Intelligence (4 Years, Bachelor of Technology) 	AI 	OPEN 	Gender-Neutral 	28392 	49977
J.K. Institute of Applied Physics & Technology, Department of Electronics & Communication, University of Allahabad- Allahabad	Electronics and Communication Engineering (4 Years, Bachelor of Technology) 	AI 	OPEN 	Gender-Neutral 	53381 	64472
National Institute of Electronics and Information Technology, Aurangabad (Maharashtra)	Computer Science and Engineering (4 Years, Bachelor of Technology) 	AI 	OPEN 	Gender-Neutral 	17660 	51218
National Institute of Electronics and Information Technology, Aurangabad (Maharashtra)	Electronic Engineering (4 Years, Bachelor of Technology) 	AI 	OPEN 	Gender-Neutral 	51673 	61907
National Institute of Advanced Manufacturing Technology, Ranchi	Computer Engineering (4 Years, Bachelor of Technology) 	AI 	OPEN 	Gender-Neutral 	36255 	56268
National Institute of Advanced Manufacturing Technology, Ranchi	Computer Engineering (4 Years, Bachelor of Technology) 	AI 	OPEN 	Female-only (including Supernumerary) 	44939 	61663
National Institute of Advanced Manufacturing Technology, Ranchi	Mechanical Engineering (4 Years, Bachelor of Technology) 	AI 	OPEN 	Gender-Neutral 	52251 	68000
National Institute of Advanced Manufacturing Technology, Ranchi	Mechanical Engineering (4 Years, Bachelor of Technology) 	AI 	OPEN 	Female-only (including Supernumerary) 	64215 	79135
National Institute of Advanced Manufacturing Technology, Ranchi	Metallurgy and Materials Engineering (4 Years, Bachelor of Technology) 	AI 	OPEN 	Gender-Neutral 	58296 	79761
National Institute of Advanced Manufacturing Technology, Ranchi	Metallurgy and Materials Engineering (4 Years, Bachelor of Technology) 	AI 	OPEN 	Female-only (including Supernumerary) 	75850 	82763
National Institute of Advanced Manufacturing Technology, Ranchi	Production and Industrial Engineering (4 Years, Bachelor of Technology) 	AI 	OPEN 	Gender-Neutral 	61387 	85868
National Institute of Advanced Manufacturing Technology, Ranchi	Production and Industrial Engineering (4 Years, Bachelor of Technology) 	AI 	OPEN 	Female-only (including Supernumerary) 	73801 	86720
Sant Longowal Institute of Engineering and Technology	Artificial Intelligence and Data Science (4 Years, Bachelor of Technology) 	AI 	OPEN 	Gender-Neutral 	46325 	66031
Sant Longowal Institute of Engineering and Technology	Chemical Engineering (4 Years, Bachelor of Technology) 	AI 	OPEN 	Gender-Neutral 	68388 	102905
Sant Longowal Institute of Engineering and Technology	Chemistry (5 Years, Integrated Master of Science) 	AI 	OPEN 	Gender-Neutral 	74347 	91170
Sant Longowal Institute of Engineering and Technology	Civil Engineering (4 Years, Bachelor of Technology) 	AI 	OPEN 	Gender-Neutral 	87567 	102957
Sant Longowal Institute of Engineering and Technology	Computer Science and Engineering (4 Years, Bachelor of Technology) 	AI 	OPEN 	Gender-Neutral 	47075 	64256
Sant Longowal Institute of Engineering and Technology	Computer Science and Engineering (5 Years, Bachelor and Master of Technology (Dual Degree)) 	AI 	OPEN 	Gender-Neutral 	62917 	71482
Sant Longowal Institute of Engineering and Technology	Electrical Engineering (4 Years, Bachelor of Technology) 	AI 	OPEN 	Gender-Neutral 	71937 	81868
Sant Longowal Institute of Engineering and Technology	Electrical Engineering (5 Years, Bachelor and Master of Technology (Dual Degree)) 	AI 	OPEN 	Gender-Neutral 	74389 	90963
Sant Longowal Institute of Engineering and Technology	Electronics and Communication Engineering (4 Years, Bachelor of Technology) 	AI 	OPEN 	Gender-Neutral 	56200 	70288
Sant Longowal Institute of Engineering and Technology	Food Technology (4 Years, Bachelor of Technology) 	AI 	OPEN 	Gender-Neutral 	106472 	121270
Sant Longowal Institute of Engineering and Technology	Instrumentation and Control Engineering (4 Years, Bachelor of Technology) 	AI 	OPEN 	Gender-Neutral 	85122 	103559
Sant Longowal Institute of Engineering and Technology	Mathematics (5 Years, Integrated Master of Science) 	AI 	OPEN 	Gender-Neutral 	65727 	81072
Sant Longowal Institute of Engineering and Technology	Mechanical Engineering (4 Years, Bachelor of Technology) 	AI 	OPEN 	Gender-Neutral 	48955 	99763
Sant Longowal Institute of Engineering and Technology	Mechanical Engineering (5 Years, Bachelor and Master of Technology (Dual Degree)) 	AI 	OPEN 	Gender-Neutral 	82193 	102094
Sant Longowal Institute of Engineering and Technology	Physics (5 Years, Integrated Master of Science) 	AI 	OPEN 	Gender-Neutral 	59131 	70277
Mizoram University, Aizawl	Architecture (5 Years, Bachelor of Architecture) 	AI 	OPEN 	Gender-Neutral 	1203 	1258
Mizoram University, Aizawl	Civil Engineering (4 Years, Bachelor of Technology) 	AI 	OPEN 	Gender-Neutral 	69669 	109020
Mizoram University, Aizawl	Computer Engineering (4 Years, Bachelor of Technology) 	AI 	OPEN 	Gender-Neutral 	60285 	75540
Mizoram University, Aizawl	Electrical Engineering (4 Years, Bachelor of Technology) 	AI 	OPEN 	Gender-Neutral 	72487 	89909
Mizoram University, Aizawl	Electronics and Communication Engineering (4 Years, Bachelor of Technology) 	AI 	OPEN 	Gender-Neutral 	72564 	86262
Mizoram University, Aizawl	Information Technology (4 Years, Bachelor of Technology) 	AI 	OPEN 	Gender-Neutral 	59616 	81999
School of Engineering, Tezpur University, Napaam, Tezpur	B.Tech. (Civil Engineering) - MBA (5 Years, Bachelor of Technology and MBA (Dual Degree)) 	AI 	OPEN 	Gender-Neutral 	87184 	87713
School of Engineering, Tezpur University, Napaam, Tezpur	B.Tech. (Computer Science and Engineering) - MBA (5 Years, Bachelor of Technology and MBA (Dual Degree)) 	AI 	OPEN 	Gender-Neutral 	51373 	58363
School of Engineering, Tezpur University, Napaam, Tezpur	B.Tech. (Elctrical Engineering) - MBA (5 Years, Bachelor of Technology and MBA (Dual Degree)) 	AI 	OPEN 	Gender-Neutral 	82171 	83701
School of Engineering, Tezpur University, Napaam, Tezpur	B.Tech. (Electronics and Communication Engineering) - MBA (5 Years, Bachelor of Technology and MBA (Dual Degree)) 	AI 	OPEN 	Gender-Neutral 	72944 	72944
School of Engineering, Tezpur University, Napaam, Tezpur	B.Tech. (Food Engineering and Technology) - MBA (5 Years, Bachelor of Technology and MBA (Dual Degree)) 	AI 	OPEN 	Gender-Neutral 	69176 	72557
School of Engineering, Tezpur University, Napaam, Tezpur	B.Tech. (Mechanical Engineering) - MBA (5 Years, Bachelor of Technology and MBA (Dual Degree)) 	AI 	OPEN 	Gender-Neutral 	77828 	78838
School of Engineering, Tezpur University, Napaam, Tezpur	Bachelor of Design (4 Years, Bachelor of Design) 	AI 	OPEN 	Gender-Neutral 	92713 	92713
School of Engineering, Tezpur University, Napaam, Tezpur	Civil Engineering (4 Years, Bachelor of Technology) 	AI 	OPEN 	Gender-Neutral 	88816 	104195
School of Engineering, Tezpur University, Napaam, Tezpur	Computer Science and Engineering (4 Years, Bachelor of Technology) 	AI 	OPEN 	Gender-Neutral 	56155 	64476
School of Engineering, Tezpur University, Napaam, Tezpur	Electrical Engineering (4 Years, Bachelor of Technology) 	AI 	OPEN 	Gender-Neutral 	78326 	86122
School of Engineering, Tezpur University, Napaam, Tezpur	Electronics and Communication Engineering (4 Years, Bachelor of Technology) 	AI 	OPEN 	Gender-Neutral 	46481 	75585
School of Engineering, Tezpur University, Napaam, Tezpur	Food Engineering and Technology (4 Years, Bachelor of Technology) 	AI 	OPEN 	Gender-Neutral 	112448 	121531
School of Engineering, Tezpur University, Napaam, Tezpur	Mechanical Engineering (4 Years, Bachelor of Technology) 	AI 	OPEN 	Gender-Neutral 	74255 	91057
School of Planning & Architecture, Bhopal	Architecture (5 Years, Bachelor of Architecture) 	AI 	OPEN 	Gender-Neutral 	74 	474
School of Planning & Architecture, Bhopal	Planning (4 Years, Bachelor of Planning) 	AI 	OPEN 	Gender-Neutral 	358 	756
School of Planning & Architecture, New Delhi	Architecture (5 Years, Bachelor of Architecture) 	AI 	OPEN 	Gender-Neutral 	4 	207
School of Planning & Architecture, New Delhi	Planning (4 Years, Bachelor of Planning) 	AI 	OPEN 	Gender-Neutral 	37 	233
School of Planning & Architecture: Vijayawada	Architecture (5 Years, Bachelor of Architecture) 	AI 	OPEN 	Gender-Neutral 	37 	566
School of Planning & Architecture: Vijayawada	Planning (4 Years, Bachelor of Planning) 	AI 	OPEN 	Gender-Neutral 	322 	825
Shri Mata Vaishno Devi University, Katra, Jammu & Kashmir	Architecture (5 Years, Bachelor of Architecture) 	AI 	OPEN 	Gender-Neutral 	1233 	1287
Shri Mata Vaishno Devi University, Katra, Jammu & Kashmir	B.Tech in Mathematics and Computing (4 Years, Bachelor of Technology) 	AI 	OPEN 	Gender-Neutral 	59776 	72314
Shri Mata Vaishno Devi University, Katra, Jammu & Kashmir	Bio Technology (4 Years, Bachelor of Technology) 	AI 	OPEN 	Gender-Neutral 	71886 	83268
Shri Mata Vaishno Devi University, Katra, Jammu & Kashmir	Civil Engineering (4 Years, Bachelor of Technology) 	AI 	OPEN 	Gender-Neutral 	88343 	102500
Shri Mata Vaishno Devi University, Katra, Jammu & Kashmir	Computer Science and Engineering (4 Years, Bachelor of Technology) 	AI 	OPEN 	Gender-Neutral 	37918 	69474
Shri Mata Vaishno Devi University, Katra, Jammu & Kashmir	Electrical Engineering (4 Years, Bachelor of Technology) 	AI 	OPEN 	Gender-Neutral 	81430 	94375
Shri Mata Vaishno Devi University, Katra, Jammu & Kashmir	Electronics and Communication Engineering (4 Years, Bachelor of Technology) 	AI 	OPEN 	Gender-Neutral 	55063 	87906
Shri Mata Vaishno Devi University, Katra, Jammu & Kashmir	Mechanical Engineering (4 Years, Bachelor of Technology) 	AI 	OPEN 	Gender-Neutral 	78020 	94474
Shri Mata Vaishno Devi University, Katra, Jammu & Kashmir	Robotics and AI (4 Years, Bachelor of Technology) 	AI 	OPEN 	Gender-Neutral 	54849 	74007
International Institute of Information Technology, Naya Raipur	Computer Science and Engineering (4 Years, Bachelor of Technology) 	AI 	OPEN 	Gender-Neutral 	14537 	18851
International Institute of Information Technology, Naya Raipur	Computer Science and Engineering (4 Years, Bachelor of Technology) 	AI 	OPEN 	Female-only (including Supernumerary) 	23924 	29526
International Institute of Information Technology, Naya Raipur	Data Science and Artificial Intelligence (4 Years, Bachelor of Technology) 	AI 	OPEN 	Gender-Neutral 	19510 	22152
International Institute of Information Technology, Naya Raipur	Data Science and Artificial Intelligence (4 Years, Bachelor of Technology) 	AI 	OPEN 	Female-only (including Supernumerary) 	30109 	32709
International Institute of Information Technology, Naya Raipur	Electronics and Communication Engineering (4 Years, Bachelor of Technology) 	AI 	OPEN 	Gender-Neutral 	22396 	30902
International Institute of Information Technology, Naya Raipur	Electronics and Communication Engineering (4 Years, Bachelor of Technology) 	AI 	OPEN 	Female-only (including Supernumerary) 	37582 	39637
University of Hyderabad	Computer Science and Engineering (5 Years, Bachelor and Master of Technology (Dual Degree)) 	AI 	OPEN 	Gender-Neutral 	16128 	36294
University of Hyderabad	Materials Engineering (5 Years, Integrated Master of Technology) 	AI 	OPEN 	Gender-Neutral 	53395 	72228
Punjab Engineering College, Chandigarh	Aerospace Engineering (4 Years, Bachelor of Technology) 	HS 	OPEN 	Gender-Neutral 	33610 	55662
Punjab Engineering College, Chandigarh	Aerospace Engineering (4 Years, Bachelor of Technology) 	OS 	OPEN 	Gender-Neutral 	14167 	32732
Punjab Engineering College, Chandigarh	Civil Engineering (4 Years, Bachelor of Technology) 	HS 	OPEN 	Gender-Neutral 	57010 	106307
Punjab Engineering College, Chandigarh	Civil Engineering (4 Years, Bachelor of Technology) 	OS 	OPEN 	Gender-Neutral 	38115 	53919
Punjab Engineering College, Chandigarh	Computer Science and Engineering (4 Years, Bachelor of Technology) 	HS 	OPEN 	Gender-Neutral 	5317 	19702
Punjab Engineering College, Chandigarh	Computer Science and Engineering (4 Years, Bachelor of Technology) 	OS 	OPEN 	Gender-Neutral 	5701 	13234
Punjab Engineering College, Chandigarh	Computer Science Engineering (Artificial Intelligence) (4 Years, B. Tech / B. Tech (Hons.)) 	HS 	OPEN 	Gender-Neutral 	19861 	21260
Punjab Engineering College, Chandigarh	Computer Science Engineering (Artificial Intelligence) (4 Years, B. Tech / B. Tech (Hons.)) 	OS 	OPEN 	Gender-Neutral 	7174 	13496
Punjab Engineering College, Chandigarh	Computer Science Engineering (Data Science) (4 Years, B. Tech / B. Tech (Hons.)) 	HS 	OPEN 	Gender-Neutral 	16104 	25310
Punjab Engineering College, Chandigarh	Computer Science Engineering (Data Science) (4 Years, B. Tech / B. Tech (Hons.)) 	OS 	OPEN 	Gender-Neutral 	11371 	15295
Punjab Engineering College, Chandigarh	Electrical Engineering (4 Years, Bachelor of Technology) 	HS 	OPEN 	Gender-Neutral 	39352 	49806
Punjab Engineering College, Chandigarh	Electrical Engineering (4 Years, Bachelor of Technology) 	OS 	OPEN 	Gender-Neutral 	20299 	28432
Punjab Engineering College, Chandigarh	Electronics and Communication Engineering (4 Years, Bachelor of Technology) 	HS 	OPEN 	Gender-Neutral 	17514 	36774
Punjab Engineering College, Chandigarh	Electronics and Communication Engineering (4 Years, Bachelor of Technology) 	OS 	OPEN 	Gender-Neutral 	12819 	20155
Punjab Engineering College, Chandigarh	Electronics Engineering (VLSI Design and Technology) (4 Years, Bachelor of Technology) 	HS 	OPEN 	Gender-Neutral 	35908 	40631
Punjab Engineering College, Chandigarh	Electronics Engineering (VLSI Design and Technology) (4 Years, Bachelor of Technology) 	OS 	OPEN 	Gender-Neutral 	19106 	21056
Punjab Engineering College, Chandigarh	Mathematics and Computing (4 Years, Bachelor of Technology) 	HS 	OPEN 	Gender-Neutral 	26207 	33277
Punjab Engineering College, Chandigarh	Mathematics and Computing (4 Years, Bachelor of Technology) 	OS 	OPEN 	Gender-Neutral 	14707 	16059
Punjab Engineering College, Chandigarh	Mechanical Engineering (4 Years, Bachelor of Technology) 	HS 	OPEN 	Gender-Neutral 	49911 	67850
Punjab Engineering College, Chandigarh	Mechanical Engineering (4 Years, Bachelor of Technology) 	OS 	OPEN 	Gender-Neutral 	28929 	40009
Punjab Engineering College, Chandigarh	Metallurgical and Materials Engineering (4 Years, Bachelor of Technology) 	HS 	OPEN 	Gender-Neutral 	70189 	117242
Punjab Engineering College, Chandigarh	Metallurgical and Materials Engineering (4 Years, Bachelor of Technology) 	OS 	OPEN 	Gender-Neutral 	41942 	58431
Punjab Engineering College, Chandigarh	Production and Industrial Engineering (4 Years, Bachelor of Technology) 	HS 	OPEN 	Gender-Neutral 	69024 	93234
Punjab Engineering College, Chandigarh	Production and Industrial Engineering (4 Years, Bachelor of Technology) 	OS 	OPEN 	Gender-Neutral 	40387 	50157
Jawaharlal Nehru University, Delhi	Computer Science and Engineering (4 Years, Bachelor of Technology) 	AI 	OPEN 	Gender-Neutral 	18571 	31402
Jawaharlal Nehru University, Delhi	Electronics and Communication Engineering (4 Years, Bachelor of Technology) 	AI 	OPEN 	Gender-Neutral 	25670 	41588
International Institute of Information Technology, Bhubaneswar	Computer Engineering (4 Years, Bachelor of Technology) 	AI 	OPEN 	Gender-Neutral 	34726 	40118
International Institute of Information Technology, Bhubaneswar	Computer Science and Engineering (4 Years, Bachelor of Technology) 	AI 	OPEN 	Gender-Neutral 	21008 	33833
International Institute of Information Technology, Bhubaneswar	Electrical and Electronics Engineering (4 Years, Bachelor of Technology) 	AI 	OPEN 	Gender-Neutral 	9820 	46244
International Institute of Information Technology, Bhubaneswar	Electronics and Telecommunication Engineering (4 Years, Bachelor of Technology) 	AI 	OPEN 	Gender-Neutral 	5244 	45436
International Institute of Information Technology, Bhubaneswar	Information Technology (4 Years, Bachelor of Technology) 	AI 	OPEN 	Gender-Neutral 	26426 	39873
Central institute of Technology Kokrajar, Assam	Civil Engineering (4 Years, Bachelor of Technology) 	AI 	OPEN 	Gender-Neutral 	84550 	84979
Central institute of Technology Kokrajar, Assam	Civil Engineering (4 Years, Bachelor of Technology) 	AI 	OPEN 	Female-only (including Supernumerary) 	98125 	98125
Central institute of Technology Kokrajar, Assam	Computer Science and Engineering (4 Years, Bachelor of Technology) 	AI 	OPEN 	Gender-Neutral 	54067 	55464
Central institute of Technology Kokrajar, Assam	Computer Science and Engineering (4 Years, Bachelor of Technology) 	AI 	OPEN 	Female-only (including Supernumerary) 	54618 	54618
Central institute of Technology Kokrajar, Assam	Electronics and Communication Engineering (4 Years, Bachelor of Technology) 	AI 	OPEN 	Gender-Neutral 	60500 	70302
Central institute of Technology Kokrajar, Assam	Electronics and Communication Engineering (4 Years, Bachelor of Technology) 	AI 	OPEN 	Female-only (including Supernumerary) 	72513 	72513
Central institute of Technology Kokrajar, Assam	Food Engineering and Technology (4 Years, Bachelor of Technology) 	AI 	OPEN 	Gender-Neutral 	91799 	91799
Central institute of Technology Kokrajar, Assam	Food Engineering and Technology (4 Years, Bachelor of Technology) 	AI 	OPEN 	Female-only (including Supernumerary) 	114964 	114964
Central institute of Technology Kokrajar, Assam	Instrumentation Engineering (4 Years, Bachelor of Technology) 	AI 	OPEN 	Gender-Neutral 	78524 	78524
Puducherry Technological University, Puducherry	Chemical Engineering (4 Years, Bachelor of Technology) 	AI 	OPEN 	Gender-Neutral 	57602 	65703
Puducherry Technological University, Puducherry	Civil Engineering (4 Years, Bachelor of Technology) 	AI 	OPEN 	Gender-Neutral 	68051 	89050
Puducherry Technological University, Puducherry	Civil Engineering (4 Years, Bachelor of Technology) 	HS 	OPEN 	Gender-Neutral 	250437 	386246
Puducherry Technological University, Puducherry	Computer Science and Engineering (4 Years, Bachelor of Technology) 	AI 	OPEN 	Gender-Neutral 	46784 	56480
Puducherry Technological University, Puducherry	Computer Science and Engineering (4 Years, Bachelor of Technology) 	HS 	OPEN 	Gender-Neutral 	159882 	209016
Puducherry Technological University, Puducherry	Electrical and Electronics Engineering (4 Years, Bachelor of Technology) 	AI 	OPEN 	Gender-Neutral 	47627 	58937
Puducherry Technological University, Puducherry	Electronics and Communication Engineering (4 Years, Bachelor of Technology) 	AI 	OPEN 	Gender-Neutral 	49824 	61192
Puducherry Technological University, Puducherry	Electronics and Communication Engineering (4 Years, Bachelor of Technology) 	HS 	OPEN 	Gender-Neutral 	161520 	244172
Puducherry Technological University, Puducherry	Electronics and Instrumentation Engineering (4 Years, Bachelor of Technology) 	AI 	OPEN 	Gender-Neutral 	54289 	58814
Puducherry Technological University, Puducherry	Information Technology (4 Years, Bachelor of Technology) 	AI 	OPEN 	Gender-Neutral 	46281 	47439
Puducherry Technological University, Puducherry	Mechanical Engineering (4 Years, Bachelor of Technology) 	AI 	OPEN 	Gender-Neutral 	55415 	78585
Puducherry Technological University, Puducherry	Mechanical Engineering (4 Years, Bachelor of Technology) 	HS 	OPEN 	Gender-Neutral 	208475 	423455
Puducherry Technological University, Puducherry	Mechatronics Engineering (4 Years, Bachelor of Technology) 	AI 	OPEN 	Gender-Neutral 	50535 	64579
Puducherry Technological University, Puducherry	Mechatronics Engineering (4 Years, Bachelor of Technology) 	HS 	OPEN 	Gender-Neutral 	156592 	248412
Ghani Khan Choudhary Institute of Engineering and Technology, Malda, West Bengal	Civil and Environmental Engineering (4 Years, Bachelor of Technology) 	HS 	OPEN 	Gender-Neutral 	164509 	450734
Ghani Khan Choudhary Institute of Engineering and Technology, Malda, West Bengal	Civil and Environmental Engineering (4 Years, Bachelor of Technology) 	HS 	OPEN 	Female-only (including Supernumerary) 	395170 	418013
Ghani Khan Choudhary Institute of Engineering and Technology, Malda, West Bengal	Civil and Environmental Engineering (4 Years, Bachelor of Technology) 	OS 	OPEN 	Gender-Neutral 	82478 	102226
Ghani Khan Choudhary Institute of Engineering and Technology, Malda, West Bengal	Civil and Environmental Engineering (4 Years, Bachelor of Technology) 	OS 	OPEN 	Female-only (including Supernumerary) 	88399 	96129
Ghani Khan Choudhary Institute of Engineering and Technology, Malda, West Bengal	Computer Science Engineering (Artificial lntelligence and Machine Learning) (4 Years, Bachelor of Technology) 	HS 	OPEN 	Gender-Neutral 	117449 	147447
Ghani Khan Choudhary Institute of Engineering and Technology, Malda, West Bengal	Computer Science Engineering (Artificial lntelligence and Machine Learning) (4 Years, Bachelor of Technology) 	HS 	OPEN 	Female-only (including Supernumerary) 	152706 	152706
Ghani Khan Choudhary Institute of Engineering and Technology, Malda, West Bengal	Computer Science Engineering (Artificial lntelligence and Machine Learning) (4 Years, Bachelor of Technology) 	OS 	OPEN 	Gender-Neutral 	38289 	60012
Ghani Khan Choudhary Institute of Engineering and Technology, Malda, West Bengal	Computer Science Engineering (Artificial lntelligence and Machine Learning) (4 Years, Bachelor of Technology) 	OS 	OPEN 	Female-only (including Supernumerary) 	60182 	66782
Ghani Khan Choudhary Institute of Engineering and Technology, Malda, West Bengal	Electrical Engineering (4 Years, Bachelor of Technology) 	HS 	OPEN 	Gender-Neutral 	183635 	288733
Ghani Khan Choudhary Institute of Engineering and Technology, Malda, West Bengal	Electrical Engineering (4 Years, Bachelor of Technology) 	HS 	OPEN 	Female-only (including Supernumerary) 	180088 	180088
Ghani Khan Choudhary Institute of Engineering and Technology, Malda, West Bengal	Electrical Engineering (4 Years, Bachelor of Technology) 	OS 	OPEN 	Gender-Neutral 	60216 	74998
Ghani Khan Choudhary Institute of Engineering and Technology, Malda, West Bengal	Electrical Engineering (4 Years, Bachelor of Technology) 	OS 	OPEN 	Female-only (including Supernumerary) 	91460 	91460
Ghani Khan Choudhary Institute of Engineering and Technology, Malda, West Bengal	Food Technology (4 Years, Bachelor of Technology) 	HS 	OPEN 	Gender-Neutral 	256557 	522500
Ghani Khan Choudhary Institute of Engineering and Technology, Malda, West Bengal	Food Technology (4 Years, Bachelor of Technology) 	OS 	OPEN 	Gender-Neutral 	98021 	106525
Ghani Khan Choudhary Institute of Engineering and Technology, Malda, West Bengal	Mechanical Engineering (4 Years, Bachelor of Technology) 	HS 	OPEN 	Gender-Neutral 	217008 	294449
Ghani Khan Choudhary Institute of Engineering and Technology, Malda, West Bengal	Mechanical Engineering (4 Years, Bachelor of Technology) 	HS 	OPEN 	Female-only (including Supernumerary) 	194084 	204286
Ghani Khan Choudhary Institute of Engineering and Technology, Malda, West Bengal	Mechanical Engineering (4 Years, Bachelor of Technology) 	OS 	OPEN 	Gender-Neutral 	75728 	96006
Ghani Khan Choudhary Institute of Engineering and Technology, Malda, West Bengal	Mechanical Engineering (4 Years, Bachelor of Technology) 	OS 	OPEN 	Female-only (including Supernumerary) 	88472 	88472
Central University of Rajasthan, Rajasthan	Bio Medical Engineering (4 Years, Bachelor of Technology) 	AI 	OPEN 	Gender-Neutral 	52280 	82131
Central University of Rajasthan, Rajasthan	Computer Science and Engineering (4 Years, Bachelor of Technology) 	AI 	OPEN 	Gender-Neutral 	50476 	57546
Central University of Rajasthan, Rajasthan	Electronics and Communication Engineering (4 Years, Bachelor of Technology) 	AI 	OPEN 	Gender-Neutral 	57486 	64451
National Institute of Food Technology Entrepreneurship and Management, Kundli	Food Technology and Management (4 Years, Bachelor of Technology) 	AI 	OPEN 	Gender-Neutral 	50544 	120222
National Institute of Food Technology Entrepreneurship and Management, Thanjavur	Food Technology (4 Years, Bachelor of Technology) 	AI 	OPEN 	Gender-Neutral 	57209 	104649
North Eastern Regional Institute of Science and Technology, Nirjuli-791109 (Itanagar),Arunachal Pradesh 	Agricultural Engineering (4 Years, Bachelor of Technology) 	AI 	OPEN 	Gender-Neutral 	101780 	101780
North Eastern Regional Institute of Science and Technology, Nirjuli-791109 (Itanagar),Arunachal Pradesh 	Computer Science and Engineering (4 Years, Bachelor of Technology) 	AI 	OPEN 	Gender-Neutral 	29107 	62096
Indian Institute of Handloom Technology(IIHT), Varanasi	Handloom and Textile Technology (4 Years, Bachelor of Technology) 	AI 	OPEN 	Gender-Neutral 	87309 	115651
Chhattisgarh Swami Vivekanada Technical University, Bhilai (CSVTU Bhilai)	Civil Engineering (4 Years, Bachelor of Technology) 	AI 	OPEN 	Gender-Neutral 	60765 	106159
Chhattisgarh Swami Vivekanada Technical University, Bhilai (CSVTU Bhilai)	Computer Science Engineering (Artificial Intelligence) (4 Years, B. Tech / B. Tech (Hons.)) 	AI 	OPEN 	Gender-Neutral 	54136 	74493
Chhattisgarh Swami Vivekanada Technical University, Bhilai (CSVTU Bhilai)	Computer Science Engineering (Data Science) (4 Years, B. Tech / B. Tech (Hons.)) 	AI 	OPEN 	Gender-Neutral 	45923 	72826
Institute of Chemical Technology, Mumbai: Indian Oil Odisha Campus, Bhubaneswar	Chemical Engineering (5 Years, Integrated Masters in Technology) 	AI 	OPEN 	Gender-Neutral 	45591 	63993
Institute of Chemical Technology, Mumbai: Indian Oil Odisha Campus, Bhubaneswar	Chemical Engineering (5 Years, Integrated Masters in Technology) 	HS 	OPEN 	Gender-Neutral 	69209 	94719
North-Eastern Hill University, Shillong	Biomedical Engineering (4 Years, Bachelor of Technology) 	AI 	OPEN 	Gender-Neutral 	72281 	100180
North-Eastern Hill University, Shillong	Electronics and Communication Engineering (4 Years, Bachelor of Technology) 	AI 	OPEN 	Gender-Neutral 	78780 	89121
North-Eastern Hill University, Shillong	Energy Engineering (4 Years, Bachelor of Technology) 	AI 	OPEN 	Gender-Neutral 	65412 	92928
North-Eastern Hill University, Shillong	Information Technology (4 Years, Bachelor of Technology) 	AI 	OPEN 	Gender-Neutral 	72789 	85700
Central University of Jammu	Computer Science and Engineering (4 Years, Bachelor of Technology) 	AI 	OPEN 	Gender-Neutral 	51281 	81019
Central University of Jammu	Computer Science and Engineering with specialization in Cyber Security (4 Years, Bachelor of Technology) 	AI 	OPEN 	Gender-Neutral 	60867 	83802
Central University of Jammu	Electronics and Communication Engineering (4 Years, Bachelor of Technology) 	AI 	OPEN 	Gender-Neutral 	70363 	92490
Central University of Jammu	Electronics and Communication Engineering (Avionics) (4 Years, Bachelor of Technology) 	AI 	OPEN 	Gender-Neutral 	88998 	95952
Central University of Jammu	Mathematics and Computing (4 Years, Bachelor of Technology) 	AI 	OPEN 	Gender-Neutral 	61565 	91635
Institute of Engineering and Technology, Dr. H. S. Gour University. Sagar (A Central University)	Aeronautical Engineering (4 Years, Bachelor of Technology) 	AI 	OPEN 	Gender-Neutral 	43359 	85638
Institute of Engineering and Technology, Dr. H. S. Gour University. Sagar (A Central University)	Computer Science and Engineering (4 Years, Bachelor of Technology) 	AI 	OPEN 	Gender-Neutral 	53897 	70262
Institute of Engineering and Technology, Dr. H. S. Gour University. Sagar (A Central University)	Dairy Engineering (4 Years, Bachelor of Technology) 	AI 	OPEN 	Gender-Neutral 	112442 	125047
Institute of Engineering and Technology, Dr. H. S. Gour University. Sagar (A Central University)	Electronics and Communication Engineering (4 Years, Bachelor of Technology) 	AI 	OPEN 	Gender-Neutral 	71181 	87468
Institute of Engineering and Technology, Dr. H. S. Gour University. Sagar (A Central University)	Fashion and Apparel Engineering (4 Years, Bachelor of Technology) 	AI 	OPEN 	Gender-Neutral 	107319 	122521
Institute of Engineering and Technology, Dr. H. S. Gour University. Sagar (A Central University)	Food Engineering and Technology (4 Years, Bachelor of Technology) 	AI 	OPEN 	Gender-Neutral 	103652 	125271
Central University of Haryana	Civil Engineering (4 Years, Bachelor of Technology) 	AI 	OPEN 	Gender-Neutral 	77470 	104045
Central University of Haryana	Computer Science and Engineering (4 Years, Bachelor of Technology) 	AI 	OPEN 	Gender-Neutral 	49849 	64782
Central University of Haryana	Electrical Engineering (4 Years, Bachelor of Technology) 	AI 	OPEN 	Gender-Neutral 	65859 	84049
Central University of Haryana	Printing and Packaging Technology (4 Years, Bachelor of Technology) 	AI 	OPEN 	Gender-Neutral 	82770 	104435
Birla Institute of Technology, Deoghar Off-Campus	Computer Science and Engineering (4 Years, Bachelor of Technology) 	AI 	OPEN 	Gender-Neutral 	36395 	57517
Birla Institute of Technology, Deoghar Off-Campus	Computer Science and Engineering (4 Years, Bachelor of Technology) 	AI 	OPEN 	Female-only (including Supernumerary) 	57219 	57876
Birla Institute of Technology, Deoghar Off-Campus	Computer Science and Engineering (4 Years, Bachelor of Technology) 	HS 	OPEN 	Gender-Neutral 	73831 	113577
Birla Institute of Technology, Deoghar Off-Campus	Computer Science and Engineering (4 Years, Bachelor of Technology) 	HS 	OPEN 	Female-only (including Supernumerary) 	84965 	133232
Birla Institute of Technology, Deoghar Off-Campus	Electrical and Electronics Engineering (4 Years, Bachelor of Technology) 	AI 	OPEN 	Gender-Neutral 	56684 	68479
Birla Institute of Technology, Deoghar Off-Campus	Electrical and Electronics Engineering (4 Years, Bachelor of Technology) 	AI 	OPEN 	Female-only (including Supernumerary) 	67482 	68715
Birla Institute of Technology, Deoghar Off-Campus	Electrical and Electronics Engineering (4 Years, Bachelor of Technology) 	HS 	OPEN 	Gender-Neutral 	115356 	144484
Birla Institute of Technology, Deoghar Off-Campus	Electrical and Electronics Engineering (4 Years, Bachelor of Technology) 	HS 	OPEN 	Female-only (including Supernumerary) 	92865 	138829
Birla Institute of Technology, Deoghar Off-Campus	Electronics and Communication Engineering (4 Years, Bachelor of Technology) 	AI 	OPEN 	Gender-Neutral 	58997 	66125
Birla Institute of Technology, Deoghar Off-Campus	Electronics and Communication Engineering (4 Years, Bachelor of Technology) 	AI 	OPEN 	Female-only (including Supernumerary) 	63756 	66733
Birla Institute of Technology, Deoghar Off-Campus	Electronics and Communication Engineering (4 Years, Bachelor of Technology) 	HS 	OPEN 	Gender-Neutral 	91677 	133575
Birla Institute of Technology, Deoghar Off-Campus	Electronics and Communication Engineering (4 Years, Bachelor of Technology) 	HS 	OPEN 	Female-only (including Supernumerary) 	143194 	147287
Birla Institute of Technology, Deoghar Off-Campus	Mechanical Engineering (4 Years, Bachelor of Technology) 	AI 	OPEN 	Gender-Neutral 	60972 	73343
Birla Institute of Technology, Deoghar Off-Campus	Mechanical Engineering (4 Years, Bachelor of Technology) 	AI 	OPEN 	Female-only (including Supernumerary) 	76206 	76206
Birla Institute of Technology, Deoghar Off-Campus	Mechanical Engineering (4 Years, Bachelor of Technology) 	HS 	OPEN 	Gender-Neutral 	96295 	146293
Birla Institute of Technology, Deoghar Off-Campus	Mechanical Engineering (4 Years, Bachelor of Technology) 	HS 	OPEN 	Female-only (including Supernumerary) 	144300 	153471
Birla Institute of Technology, Patna Off-Campus	Artificial Intelligence and Machine Learning (4 Years, Bachelor of Technology) 	AI 	OPEN 	Gender-Neutral 	44930 	54588
Birla Institute of Technology, Patna Off-Campus	Artificial Intelligence and Machine Learning (4 Years, Bachelor of Technology) 	AI 	OPEN 	Female-only (including Supernumerary) 	58512 	60634
Birla Institute of Technology, Patna Off-Campus	Artificial Intelligence and Machine Learning (4 Years, Bachelor of Technology) 	HS 	OPEN 	Gender-Neutral 	61840 	82815
Birla Institute of Technology, Patna Off-Campus	Artificial Intelligence and Machine Learning (4 Years, Bachelor of Technology) 	HS 	OPEN 	Female-only (including Supernumerary) 	76776 	78636
Birla Institute of Technology, Patna Off-Campus	Civil Engineering (4 Years, Bachelor of Technology) 	AI 	OPEN 	Gender-Neutral 	64857 	78797
Birla Institute of Technology, Patna Off-Campus	Civil Engineering (4 Years, Bachelor of Technology) 	AI 	OPEN 	Female-only (including Supernumerary) 	78515 	81053
Birla Institute of Technology, Patna Off-Campus	Civil Engineering (4 Years, Bachelor of Technology) 	HS 	OPEN 	Gender-Neutral 	81846 	120505
Birla Institute of Technology, Patna Off-Campus	Civil Engineering (4 Years, Bachelor of Technology) 	HS 	OPEN 	Female-only (including Supernumerary) 	119748 	122774
Birla Institute of Technology, Patna Off-Campus	Computer Science and Engineering (4 Years, Bachelor of Technology) 	AI 	OPEN 	Gender-Neutral 	33675 	49330
Birla Institute of Technology, Patna Off-Campus	Computer Science and Engineering (4 Years, Bachelor of Technology) 	AI 	OPEN 	Female-only (including Supernumerary) 	46192 	55659
Birla Institute of Technology, Patna Off-Campus	Computer Science and Engineering (4 Years, Bachelor of Technology) 	HS 	OPEN 	Gender-Neutral 	49489 	70211
Birla Institute of Technology, Patna Off-Campus	Computer Science and Engineering (4 Years, Bachelor of Technology) 	HS 	OPEN 	Female-only (including Supernumerary) 	68627 	76824
Birla Institute of Technology, Patna Off-Campus	Electrical and Electronics Engineering (4 Years, Bachelor of Technology) 	AI 	OPEN 	Gender-Neutral 	50288 	64669
Birla Institute of Technology, Patna Off-Campus	Electrical and Electronics Engineering (4 Years, Bachelor of Technology) 	AI 	OPEN 	Female-only (including Supernumerary) 	57489 	67724
Birla Institute of Technology, Patna Off-Campus	Electrical and Electronics Engineering (4 Years, Bachelor of Technology) 	HS 	OPEN 	Gender-Neutral 	70096 	98370
Birla Institute of Technology, Patna Off-Campus	Electrical and Electronics Engineering (4 Years, Bachelor of Technology) 	HS 	OPEN 	Female-only (including Supernumerary) 	90195 	111770
Birla Institute of Technology, Patna Off-Campus	Electronics and Communication Engineering (4 Years, Bachelor of Technology) 	AI 	OPEN 	Gender-Neutral 	29262 	58571
Birla Institute of Technology, Patna Off-Campus	Electronics and Communication Engineering (4 Years, Bachelor of Technology) 	AI 	OPEN 	Female-only (including Supernumerary) 	64824 	67290
Birla Institute of Technology, Patna Off-Campus	Electronics and Communication Engineering (4 Years, Bachelor of Technology) 	HS 	OPEN 	Gender-Neutral 	59690 	87928
Birla Institute of Technology, Patna Off-Campus	Electronics and Communication Engineering (4 Years, Bachelor of Technology) 	HS 	OPEN 	Female-only (including Supernumerary) 	79671 	101807
Birla Institute of Technology, Patna Off-Campus	Mathematics and Computing (5 Years, Integrated Master of Science) 	AI 	OPEN 	Gender-Neutral 	45767 	57842
Birla Institute of Technology, Patna Off-Campus	Mathematics and Computing (5 Years, Integrated Master of Science) 	AI 	OPEN 	Female-only (including Supernumerary) 	63373 	63373
Birla Institute of Technology, Patna Off-Campus	Mathematics and Computing (5 Years, Integrated Master of Science) 	HS 	OPEN 	Gender-Neutral 	85217 	99593
Birla Institute of Technology, Patna Off-Campus	Mathematics and Computing (5 Years, Integrated Master of Science) 	HS 	OPEN 	Female-only (including Supernumerary) 	90807 	113767
Birla Institute of Technology, Patna Off-Campus	Mechanical Engineering (4 Years, Bachelor of Technology) 	AI 	OPEN 	Gender-Neutral 	59900 	74710
Birla Institute of Technology, Patna Off-Campus	Mechanical Engineering (4 Years, Bachelor of Technology) 	AI 	OPEN 	Female-only (including Supernumerary) 	68166 	72811
Birla Institute of Technology, Patna Off-Campus	Mechanical Engineering (4 Years, Bachelor of Technology) 	HS 	OPEN 	Gender-Neutral 	84882 	114860
Birla Institute of Technology, Patna Off-Campus	Mechanical Engineering (4 Years, Bachelor of Technology) 	HS 	OPEN 	Female-only (including Supernumerary) 	94898 	118915
Indian Institute of Handloom Technology, Salem	Handloom and Textile Technology (4 Years, Bachelor of Technology) 	AI 	OPEN 	Gender-Neutral 	60375 	112411
Gati Shakti Vishwavidyalaya, Vadodara	B.Tech in Artificial Intelligenece and Data Science (Transportation and Logistics) (4 Years, Bachelor of Technology) 	AI 	OPEN 	Gender-Neutral 	25353 	56763
Gati Shakti Vishwavidyalaya, Vadodara	B.Tech in Artificial Intelligenece and Data Science (Transportation and Logistics) (4 Years, Bachelor of Technology) 	AI 	OPEN 	Female-only (including Supernumerary) 	44084 	46456
Gati Shakti Vishwavidyalaya, Vadodara	B.Tech in Aviation Engineering (4 Years, Bachelor of Technology) 	AI 	OPEN 	Gender-Neutral 	44796 	67961
Gati Shakti Vishwavidyalaya, Vadodara	B.Tech in Civil Engineering (Rail Engineering) (4 Years, Bachelor of Technology) 	AI 	OPEN 	Gender-Neutral 	70507 	89062
Gati Shakti Vishwavidyalaya, Vadodara	B.Tech in Civil Engineering (Rail Engineering) (4 Years, Bachelor of Technology) 	AI 	OPEN 	Female-only (including Supernumerary) 	78873 	82576
Gati Shakti Vishwavidyalaya, Vadodara	B.Tech in Electrical Engineering ( Rail Engineering) (4 Years, Bachelor of Technology) 	AI 	OPEN 	Gender-Neutral 	64710 	76385
Gati Shakti Vishwavidyalaya, Vadodara	B.Tech in Electronics & Communication Engineering (Rail Engineering) (4 Years, Bachelor of Technology) 	AI 	OPEN 	Gender-Neutral 	42311 	65943
Gati Shakti Vishwavidyalaya, Vadodara	B.Tech in Electronics & Communication Engineering (Rail Engineering) (4 Years, Bachelor of Technology) 	AI 	OPEN 	Female-only (including Supernumerary) 	57741 	62649
Gati Shakti Vishwavidyalaya, Vadodara	B.Tech in Mechanical Engineering ( Rail Engineering) (4 Years, Bachelor of Technology) 	AI 	OPEN 	Gender-Neutral 	58796 	78762
Gati Shakti Vishwavidyalaya, Vadodara	B.Tech in Mechanical Engineering ( Rail Engineering) (4 Years, Bachelor of Technology) 	AI 	OPEN 	Female-only (including Supernumerary) 	65684 	71496
CU Jharkhand	Civil Engineering (4 Years, Bachelor of Technology) 	AI 	OPEN 	Gender-Neutral 	74203 	91069
CU Jharkhand	Computer Science and Engineering (4 Years, Bachelor of Technology) 	AI 	OPEN 	Gender-Neutral 	63687 	74114
CU Jharkhand	Electrical Engineering (4 Years, Bachelor of Technology) 	AI 	OPEN 	Gender-Neutral 	74569 	85150
CU Jharkhand	Metallurgical and Materials Engineering (4 Years, Bachelor of Technology) 	AI 	OPEN 	Gender-Neutral 	89972 	105884
National Institute of Electronics and Information Technology, Ropar (Punjab)	B.Tech in CSE (AI and ML) (4 Years, Bachelor of Technology) 	AI 	OPEN 	Gender-Neutral 	20522 	50647
National Institute of Electronics and Information Technology, Patna (Bihar)	Computer Science and Engineering (4 Years, Bachelor of Technology) 	AI 	OPEN 	Gender-Neutral 	44432 	63949
National Institute of Electronics and Information Technology, Ajmer (Rajasthan)	Computer Science and Engineering (Internet of Things, Cyber Security including Block Chain Technology ) (4 Years, Bachelor of Technology) 	AI 	OPEN 	Gender-Neutral 	34965 	60700
National Institute of Electronics and Information Technology, Gorakhpur (UP)	B. Tech in Electronics and Communication Engineering with minor in Wearable Electronics (4 Years, Bachelor of Technology) 	AI 	OPEN 	Gender-Neutral 	56876 	72993
National Institute of Electronics and Information Technology, Gorakhpur (UP)	Computer Science and Engineering with minor in AI and ML (4 Years, Bachelor of Technology) 	AI 	OPEN 	Gender-Neutral 	54967 	65778
Rajiv Gandhi National Aviation University, Fursatganj, Amethi (UP)	Aerospace Engineering (4 Years, Bachelor of Technology) 	AI 	OPEN 	Gender-Neutral 	33780 	66956
Rajiv Gandhi National Aviation University, Fursatganj, Amethi (UP)	Electronics and Communication Engineering (Avionics) (4 Years, Bachelor of Technology) 	AI 	OPEN 	Gender-Neutral 	48193 	76802
Islamic University of Science and Technology Kashmir	Architecture (5 Years, Bachelor of Architecture) 	AI 	OPEN 	Gender-Neutral 	1392 	1600
Islamic University of Science and Technology Kashmir	Architecture (5 Years, Bachelor of Architecture) 	HS 	OPEN 	Gender-Neutral 	24103 	33353
Shri G. S. Institute of Technology and Science Indore	Biomedical Engineering (4 Years, Bachelor of Technology) 	AI 	OPEN 	Gender-Neutral 	60038 	69348
Shri G. S. Institute of Technology and Science Indore	Civil Engineering (4 Years, Bachelor of Technology) 	AI 	OPEN 	Gender-Neutral 	54761 	55931
Shri G. S. Institute of Technology and Science Indore	Computer Science and Engineering (4 Years, Bachelor of Technology) 	AI 	OPEN 	Gender-Neutral 	9767 	27947
Shri G. S. Institute of Technology and Science Indore	Electrical Engineering (4 Years, Bachelor of Technology) 	AI 	OPEN 	Gender-Neutral 	45530 	50882
Shri G. S. Institute of Technology and Science Indore	Electronics and Instrumentation Engineering (4 Years, Bachelor of Technology) 	AI 	OPEN 	Gender-Neutral 	48831 	51031
Shri G. S. Institute of Technology and Science Indore	Electronics and Telecommunication Engineering (4 Years, Bachelor of Technology) 	AI 	OPEN 	Gender-Neutral 	35170 	41294
Shri G. S. Institute of Technology and Science Indore	Industrial and Production Engineering (4 Years, Bachelor of Technology) 	AI 	OPEN 	Gender-Neutral 	67155 	71193
Shri G. S. Institute of Technology and Science Indore	Information Technology (4 Years, Bachelor of Technology) 	AI 	OPEN 	Gender-Neutral 	28578 	32619
Shri G. S. Institute of Technology and Science Indore	Mechanical Engineering (4 Years, Bachelor of Technology) 	AI 	OPEN 	Gender-Neutral 	49654 	55093
