Indian Institute of Technology Bhubaneswar	Civil Engineering (4 Years, Bachelor of Technology) 	AI 	OBC-NCL 	Gender-Neutral 	4402 	5231
Indian Institute of Technology Bhubaneswar	Civil Engineering (4 Years, Bachelor of Technology) 	AI 	OBC-NCL 	Female-only (including Supernumerary) 	8189 	8599
Indian Institute of Technology Bhubaneswar	Computer Science and Engineering (4 Years, Bachelor of Technology) 	AI 	OBC-NCL 	Gender-Neutral 	984 	1470
Indian Institute of Technology Bhubaneswar	Computer Science and Engineering (4 Years, Bachelor of Technology) 	AI 	OBC-NCL 	Female-only (including Supernumerary) 	2515 	3264
Indian Institute of Technology Bhubaneswar	Electrical Engineering (4 Years, Bachelor of Technology) 	AI 	OBC-NCL 	Gender-Neutral 	2248 	3198
Indian Institute of Technology Bhubaneswar	Electrical Engineering (4 Years, Bachelor of Technology) 	AI 	OBC-NCL 	Female-only (including Supernumerary) 	5062 	5488
Indian Institute of Technology Bhubaneswar	Electronics and Communication Engineering (4 Years, Bachelor of Technology) 	AI 	OBC-NCL 	Gender-Neutral 	1763 	2238
Indian Institute of Technology Bhubaneswar	Electronics and Communication Engineering (4 Years, Bachelor of Technology) 	AI 	OBC-NCL 	Female-only (including Supernumerary) 	3747 	4785
Indian Institute of Technology Bhubaneswar	Engineering Physics (4 Years, Bachelor of Technology) 	AI 	OBC-NCL 	Gender-Neutral 	3628 	4698
Indian Institute of Technology Bhubaneswar	Engineering Physics (4 Years, Bachelor of Technology) 	AI 	OBC-NCL 	Female-only (including Supernumerary) 	6849 	6849
Indian Institute of Technology Bhubaneswar	Mathematics and Computing (4 Years, Bachelor of Technology) 	AI 	OBC-NCL 	Gender-Neutral 	1664 	2092
Indian Institute of Technology Bhubaneswar	Mathematics and Computing (4 Years, Bachelor of Technology) 	AI 	OBC-NCL 	Female-only (including Supernumerary) 	4715 	4715
Indian Institute of Technology Bhubaneswar	Mechanical Engineering (4 Years, Bachelor of Technology) 	AI 	OBC-NCL 	Gender-Neutral 	3085 	4083
Indian Institute of Technology Bhubaneswar	Mechanical Engineering (4 Years, Bachelor of Technology) 	AI 	OBC-NCL 	Female-only (including Supernumerary) 	6760 	7603
Indian Institute of Technology Bhubaneswar	Metallurgical and Materials Engineering (4 Years, Bachelor of Technology) 	AI 	OBC-NCL 	Gender-Neutral 	5336 	5581
Indian Institute of Technology Bhubaneswar	Metallurgical and Materials Engineering (4 Years, Bachelor of Technology) 	AI 	OBC-NCL 	Female-only (including Supernumerary) 	8517 	8849
Indian Institute of Technology Bombay	Aerospace Engineering (4 Years, Bachelor of Technology) 	AI 	OBC-NCL 	Gender-Neutral 	928 	1295
Indian Institute of Technology Bombay	Aerospace Engineering (4 Years, Bachelor of Technology) 	AI 	OBC-NCL 	Female-only (including Supernumerary) 	2823 	3571
Indian Institute of Technology Bombay	Applied Geophysics (4 Years, Bachelor of Science) 	AI 	OBC-NCL 	Gender-Neutral 	2786 	4014
Indian Institute of Technology Bombay	Applied Geophysics (4 Years, Bachelor of Science) 	AI 	OBC-NCL 	Female-only (including Supernumerary) 	5934 	5934
Indian Institute of Technology Bombay	BS in Mathematics (4 Years, Bachelor of Science) 	AI 	OBC-NCL 	Gender-Neutral 	742 	1018
Indian Institute of Technology Bombay	BS in Mathematics (4 Years, Bachelor of Science) 	AI 	OBC-NCL 	Female-only (including Supernumerary) 	2616 	2616
Indian Institute of Technology Bombay	Chemical Engineering (4 Years, Bachelor of Technology) 	AI 	OBC-NCL 	Gender-Neutral 	800 	1255
Indian Institute of Technology Bombay	Chemical Engineering (4 Years, Bachelor of Technology) 	AI 	OBC-NCL 	Female-only (including Supernumerary) 	2840 	3552
Indian Institute of Technology Bombay	Chemistry (4 Years, Bachelor of Science) 	AI 	OBC-NCL 	Gender-Neutral 	2801 	3611
Indian Institute of Technology Bombay	Chemistry (4 Years, Bachelor of Science) 	AI 	OBC-NCL 	Female-only (including Supernumerary) 	6467 	6573
Indian Institute of Technology Bombay	Civil Engineering (4 Years, Bachelor of Technology) 	AI 	OBC-NCL 	Gender-Neutral 	973 	1829
Indian Institute of Technology Bombay	Civil Engineering (4 Years, Bachelor of Technology) 	AI 	OBC-NCL 	Female-only (including Supernumerary) 	3469 	4597
Indian Institute of Technology Bombay	Computer Science and Engineering (4 Years, Bachelor of Technology) 	AI 	OBC-NCL 	Gender-Neutral 	6 	54
Indian Institute of Technology Bombay	Computer Science and Engineering (4 Years, Bachelor of Technology) 	AI 	OBC-NCL 	Female-only (including Supernumerary) 	70 	331
Indian Institute of Technology Bombay	Economics (4 Years, Bachelor of Science) 	AI 	OBC-NCL 	Gender-Neutral 	993 	1405
Indian Institute of Technology Bombay	Economics (4 Years, Bachelor of Science) 	AI 	OBC-NCL 	Female-only (including Supernumerary) 	2899 	3344
Indian Institute of Technology Bombay	Electrical Engineering (4 Years, Bachelor of Technology) 	AI 	OBC-NCL 	Gender-Neutral 	122 	339
Indian Institute of Technology Bombay	Electrical Engineering (4 Years, Bachelor of Technology) 	AI 	OBC-NCL 	Female-only (including Supernumerary) 	588 	1117
Indian Institute of Technology Bombay	Electrical Engineering (5 Years, Bachelor and Master of Technology (Dual Degree)) 	AI 	OBC-NCL 	Gender-Neutral 	417 	549
Indian Institute of Technology Bombay	Electrical Engineering (5 Years, Bachelor and Master of Technology (Dual Degree)) 	AI 	OBC-NCL 	Female-only (including Supernumerary) 	1211 	1542
Indian Institute of Technology Bombay	Energy Engineering (4 Years, Bachelor of Technology) 	AI 	OBC-NCL 	Gender-Neutral 	1089 	1455
Indian Institute of Technology Bombay	Energy Engineering (4 Years, Bachelor of Technology) 	AI 	OBC-NCL 	Female-only (including Supernumerary) 	3365 	3818
Indian Institute of Technology Bombay	Engineering Physics (4 Years, Bachelor of Technology) 	AI 	OBC-NCL 	Gender-Neutral 	269 	1247
Indian Institute of Technology Bombay	Engineering Physics (4 Years, Bachelor of Technology) 	AI 	OBC-NCL 	Female-only (including Supernumerary) 	1588 	3828
Indian Institute of Technology Bombay	Environmental Science and Engineering (4 Years, Bachelor of Technology) 	AI 	OBC-NCL 	Gender-Neutral 	2015 	2587
Indian Institute of Technology Bombay	Environmental Science and Engineering (4 Years, Bachelor of Technology) 	AI 	OBC-NCL 	Female-only (including Supernumerary) 	5175 	5253
Indian Institute of Technology Bombay	Industrial Engineering and Operations Research (4 Years, Bachelor of Technology) 	AI 	OBC-NCL 	Gender-Neutral 	668 	974
Indian Institute of Technology Bombay	Industrial Engineering and Operations Research (4 Years, Bachelor of Technology) 	AI 	OBC-NCL 	Female-only (including Supernumerary) 	2844 	2913
Indian Institute of Technology Bombay	Mechanical Engineering (4 Years, Bachelor of Technology) 	AI 	OBC-NCL 	Gender-Neutral 	335 	926
Indian Institute of Technology Bombay	Mechanical Engineering (4 Years, Bachelor of Technology) 	AI 	OBC-NCL 	Female-only (including Supernumerary) 	1158 	2632
Indian Institute of Technology Bombay	Metallurgical Engineering and Materials Science (4 Years, Bachelor of Technology) 	AI 	OBC-NCL 	Gender-Neutral 	1356 	2159
Indian Institute of Technology Bombay	Metallurgical Engineering and Materials Science (4 Years, Bachelor of Technology) 	AI 	OBC-NCL 	Female-only (including Supernumerary) 	3893 	4903
Indian Institute of Technology Mandi	B.Tech in General Engineering (4 Years, Bachelor of Technology) 	AI 	OBC-NCL 	Gender-Neutral 	4150 	4674
Indian Institute of Technology Mandi	B.Tech in General Engineering (4 Years, Bachelor of Technology) 	AI 	OBC-NCL 	Female-only (including Supernumerary) 	7992 	9103
Indian Institute of Technology Mandi	B.Tech in Materials Science and Engineering (4 Years, Bachelor of Technology) 	AI 	OBC-NCL 	Gender-Neutral 	4835 	5338
Indian Institute of Technology Mandi	B.Tech in Materials Science and Engineering (4 Years, Bachelor of Technology) 	AI 	OBC-NCL 	Female-only (including Supernumerary) 	9160 	9183
Indian Institute of Technology Mandi	B.Tech in Mathematics and Computing (4 Years, Bachelor of Technology) 	AI 	OBC-NCL 	Gender-Neutral 	1498 	1927
Indian Institute of Technology Mandi	B.Tech in Mathematics and Computing (4 Years, Bachelor of Technology) 	AI 	OBC-NCL 	Female-only (including Supernumerary) 	4094 	4949
Indian Institute of Technology Mandi	B.Tech in Microelectronics & VLSI (4 Years, Bachelor of Technology) 	AI 	OBC-NCL 	Gender-Neutral 	1975 	2842
Indian Institute of Technology Mandi	B.Tech in Microelectronics & VLSI (4 Years, Bachelor of Technology) 	AI 	OBC-NCL 	Female-only (including Supernumerary) 	6323 	6451
Indian Institute of Technology Mandi	Bio Engineering (4 Years, Bachelor of Technology) 	AI 	OBC-NCL 	Gender-Neutral 	5377 	5593
Indian Institute of Technology Mandi	Bio Engineering (4 Years, Bachelor of Technology) 	AI 	OBC-NCL 	Female-only (including Supernumerary) 	7905 	9009
Indian Institute of Technology Mandi	BS in Chemical Sciences (4 Years, Bachelor of Science) 	AI 	OBC-NCL 	Gender-Neutral 	5601 	5898
Indian Institute of Technology Mandi	BS in Chemical Sciences (4 Years, Bachelor of Science) 	AI 	OBC-NCL 	Female-only (including Supernumerary) 	9922 	9947
Indian Institute of Technology Mandi	Civil Engineering (4 Years, Bachelor of Technology) 	AI 	OBC-NCL 	Gender-Neutral 	4090 	4980
Indian Institute of Technology Mandi	Civil Engineering (4 Years, Bachelor of Technology) 	AI 	OBC-NCL 	Female-only (including Supernumerary) 	8286 	8750
Indian Institute of Technology Mandi	Computer Science and Engineering (4 Years, Bachelor of Technology) 	AI 	OBC-NCL 	Gender-Neutral 	904 	1427
Indian Institute of Technology Mandi	Computer Science and Engineering (4 Years, Bachelor of Technology) 	AI 	OBC-NCL 	Female-only (including Supernumerary) 	3513 	3841
Indian Institute of Technology Mandi	Data Science and Artificial Intelligence (4 Years, Bachelor of Technology) 	AI 	OBC-NCL 	Gender-Neutral 	1438 	1723
Indian Institute of Technology Mandi	Data Science and Artificial Intelligence (4 Years, Bachelor of Technology) 	AI 	OBC-NCL 	Female-only (including Supernumerary) 	4364 	4693
Indian Institute of Technology Mandi	Electrical Engineering (4 Years, Bachelor of Technology) 	AI 	OBC-NCL 	Gender-Neutral 	2504 	3200
Indian Institute of Technology Mandi	Electrical Engineering (4 Years, Bachelor of Technology) 	AI 	OBC-NCL 	Female-only (including Supernumerary) 	6397 	6648
Indian Institute of Technology Mandi	Engineering Physics (4 Years, Bachelor of Technology) 	AI 	OBC-NCL 	Gender-Neutral 	3287 	4714
Indian Institute of Technology Mandi	Engineering Physics (4 Years, Bachelor of Technology) 	AI 	OBC-NCL 	Female-only (including Supernumerary) 	7637 	8218
Indian Institute of Technology Mandi	Mechanical Engineering (4 Years, Bachelor of Technology) 	AI 	OBC-NCL 	Gender-Neutral 	3470 	4064
Indian Institute of Technology Mandi	Mechanical Engineering (4 Years, Bachelor of Technology) 	AI 	OBC-NCL 	Female-only (including Supernumerary) 	7239 	8157
Indian Institute of Technology Delhi	Abu Dhabi Campus - Chemical Engineering (4 Years, Bachelor of Technology) 	AI 	OBC-NCL 	Gender-Neutral 	2006 	2006
Indian Institute of Technology Delhi	Abu Dhabi Campus - Chemical Engineering (4 Years, Bachelor of Technology) 	AI 	OBC-NCL 	Female-only (including Supernumerary) 	5884 	5884
Indian Institute of Technology Delhi	Abu Dhabi Campus - Computer Science and Engineering (4 Years, Bachelor of Technology) 	AI 	OBC-NCL 	Gender-Neutral 	591 	591
Indian Institute of Technology Delhi	Abu Dhabi Campus - Computer Science and Engineering (4 Years, Bachelor of Technology) 	AI 	OBC-NCL 	Female-only (including Supernumerary) 	5340 	5340
Indian Institute of Technology Delhi	Abu Dhabi Campus - Energy Engineering (4 Years, Bachelor of Technology) 	AI 	OBC-NCL 	Gender-Neutral 	1710 	1870
Indian Institute of Technology Delhi	Abu Dhabi Campus - Energy Engineering (4 Years, Bachelor of Technology) 	AI 	OBC-NCL 	Female-only (including Supernumerary) 	6493 	6493
Indian Institute of Technology Delhi	Biotechnology and Biochemical Engineering (4 Years, Bachelor of Technology) 	AI 	OBC-NCL 	Gender-Neutral 	1465 	2567
Indian Institute of Technology Delhi	Biotechnology and Biochemical Engineering (4 Years, Bachelor of Technology) 	AI 	OBC-NCL 	Female-only (including Supernumerary) 	5965 	6046
Indian Institute of Technology Delhi	Chemical Engineering (4 Years, Bachelor of Technology) 	AI 	OBC-NCL 	Gender-Neutral 	840 	1257
Indian Institute of Technology Delhi	Chemical Engineering (4 Years, Bachelor of Technology) 	AI 	OBC-NCL 	Female-only (including Supernumerary) 	3352 	3795
Indian Institute of Technology Delhi	Chemical Engineering (5 Years, Bachelor and Master of Technology (Dual Degree)) 	AI 	OBC-NCL 	Gender-Neutral 	1383 	1898
Indian Institute of Technology Delhi	Chemical Engineering (5 Years, Bachelor and Master of Technology (Dual Degree)) 	AI 	OBC-NCL 	Female-only (including Supernumerary) 	3814 	5110
Indian Institute of Technology Delhi	Chemistry (4 Years, Bachelor of Science) 	AI 	OBC-NCL 	Gender-Neutral 	3547 	4458
Indian Institute of Technology Delhi	Chemistry (4 Years, Bachelor of Science) 	AI 	OBC-NCL 	Female-only (including Supernumerary) 	8247 	8744
Indian Institute of Technology Delhi	Civil Engineering (4 Years, Bachelor of Technology) 	AI 	OBC-NCL 	Gender-Neutral 	1054 	2001
Indian Institute of Technology Delhi	Civil Engineering (4 Years, Bachelor of Technology) 	AI 	OBC-NCL 	Female-only (including Supernumerary) 	3597 	4703
Indian Institute of Technology Delhi	Computer Science and Engineering (4 Years, Bachelor of Technology) 	AI 	OBC-NCL 	Gender-Neutral 	55 	91
Indian Institute of Technology Delhi	Computer Science and Engineering (4 Years, Bachelor of Technology) 	AI 	OBC-NCL 	Female-only (including Supernumerary) 	246 	551
Indian Institute of Technology Delhi	Computer Science and Engineering (5 Years, Bachelor and Master of Technology (Dual Degree)) 	AI 	OBC-NCL 	Gender-Neutral 	105 	195
Indian Institute of Technology Delhi	Computer Science and Engineering (5 Years, Bachelor and Master of Technology (Dual Degree)) 	AI 	OBC-NCL 	Female-only (including Supernumerary) 	679 	718
Indian Institute of Technology Delhi	Design (4 Years, Bachelor of Technology) 	AI 	OBC-NCL 	Gender-Neutral 	4920 	9728
Indian Institute of Technology Delhi	Design (4 Years, Bachelor of Technology) 	AI 	OBC-NCL 	Female-only (including Supernumerary) 	8592 	8592
Indian Institute of Technology Delhi	Electrical Engineering (4 Years, Bachelor of Technology) 	AI 	OBC-NCL 	Gender-Neutral 	255 	405
Indian Institute of Technology Delhi	Electrical Engineering (4 Years, Bachelor of Technology) 	AI 	OBC-NCL 	Female-only (including Supernumerary) 	1254 	1484
Indian Institute of Technology Delhi	Electrical Engineering (Power and Automation) (4 Years, Bachelor of Technology) 	AI 	OBC-NCL 	Gender-Neutral 	410 	496
Indian Institute of Technology Delhi	Electrical Engineering (Power and Automation) (4 Years, Bachelor of Technology) 	AI 	OBC-NCL 	Female-only (including Supernumerary) 	1673 	1759
Indian Institute of Technology Delhi	Energy Engineering (4 Years, Bachelor of Technology) 	AI 	OBC-NCL 	Gender-Neutral 	1345 	1643
Indian Institute of Technology Delhi	Energy Engineering (4 Years, Bachelor of Technology) 	AI 	OBC-NCL 	Female-only (including Supernumerary) 	4047 	4389
Indian Institute of Technology Delhi	Engineering and Computational Mechanics (4 Years, Bachelor of Technology) 	AI 	OBC-NCL 	Gender-Neutral 	501 	692
Indian Institute of Technology Delhi	Engineering and Computational Mechanics (4 Years, Bachelor of Technology) 	AI 	OBC-NCL 	Female-only (including Supernumerary) 	1970 	2408
Indian Institute of Technology Delhi	Engineering Physics (4 Years, Bachelor of Technology) 	AI 	OBC-NCL 	Gender-Neutral 	1252 	1569
Indian Institute of Technology Delhi	Engineering Physics (4 Years, Bachelor of Technology) 	AI 	OBC-NCL 	Female-only (including Supernumerary) 	4360 	4738
Indian Institute of Technology Delhi	Materials Engineering (4 Years, Bachelor of Technology) 	AI 	OBC-NCL 	Gender-Neutral 	1979 	2397
Indian Institute of Technology Delhi	Materials Engineering (4 Years, Bachelor of Technology) 	AI 	OBC-NCL 	Female-only (including Supernumerary) 	4908 	4991
Indian Institute of Technology Delhi	Mathematics and Computing (4 Years, Bachelor of Technology) 	AI 	OBC-NCL 	Gender-Neutral 	96 	221
Indian Institute of Technology Delhi	Mathematics and Computing (4 Years, Bachelor of Technology) 	AI 	OBC-NCL 	Female-only (including Supernumerary) 	701 	1107
Indian Institute of Technology Delhi	Mathematics and Computing (5 Years, Bachelor and Master of Technology (Dual Degree)) 	AI 	OBC-NCL 	Gender-Neutral 	241 	317
Indian Institute of Technology Delhi	Mathematics and Computing (5 Years, Bachelor and Master of Technology (Dual Degree)) 	AI 	OBC-NCL 	Female-only (including Supernumerary) 	1023 	1249
Indian Institute of Technology Delhi	Mechanical Engineering (4 Years, Bachelor of Technology) 	AI 	OBC-NCL 	Gender-Neutral 	448 	987
Indian Institute of Technology Delhi	Mechanical Engineering (4 Years, Bachelor of Technology) 	AI 	OBC-NCL 	Female-only (including Supernumerary) 	1559 	3359
Indian Institute of Technology Delhi	Production and Industrial Engineering (4 Years, Bachelor of Technology) 	AI 	OBC-NCL 	Gender-Neutral 	1340 	1974
Indian Institute of Technology Delhi	Production and Industrial Engineering (4 Years, Bachelor of Technology) 	AI 	OBC-NCL 	Female-only (including Supernumerary) 	5178 	5502
Indian Institute of Technology Delhi	Textile Technology (4 Years, Bachelor of Technology) 	AI 	OBC-NCL 	Gender-Neutral 	2409 	3079
Indian Institute of Technology Delhi	Textile Technology (4 Years, Bachelor of Technology) 	AI 	OBC-NCL 	Female-only (including Supernumerary) 	5645 	6368
Indian Institute of Technology Indore	Chemical Engineering (4 Years, Bachelor of Technology) 	AI 	OBC-NCL 	Gender-Neutral 	2811 	3453
Indian Institute of Technology Indore	Chemical Engineering (4 Years, Bachelor of Technology) 	AI 	OBC-NCL 	Female-only (including Supernumerary) 	6614 	6970
Indian Institute of Technology Indore	Civil Engineering (4 Years, Bachelor of Technology) 	AI 	OBC-NCL 	Gender-Neutral 	3189 	3863
Indian Institute of Technology Indore	Civil Engineering (4 Years, Bachelor of Technology) 	AI 	OBC-NCL 	Female-only (including Supernumerary) 	7675 	7907
Indian Institute of Technology Indore	Computer Science and Engineering (4 Years, Bachelor of Technology) 	AI 	OBC-NCL 	Gender-Neutral 	425 	581
Indian Institute of Technology Indore	Computer Science and Engineering (4 Years, Bachelor of Technology) 	AI 	OBC-NCL 	Female-only (including Supernumerary) 	1900 	2106
Indian Institute of Technology Indore	Electrical Engineering (4 Years, Bachelor of Technology) 	AI 	OBC-NCL 	Gender-Neutral 	1063 	1610
Indian Institute of Technology Indore	Electrical Engineering (4 Years, Bachelor of Technology) 	AI 	OBC-NCL 	Female-only (including Supernumerary) 	2698 	4037
Indian Institute of Technology Indore	Engineering Physics (4 Years, Bachelor of Technology) 	AI 	OBC-NCL 	Gender-Neutral 	3329 	3460
Indian Institute of Technology Indore	Engineering Physics (4 Years, Bachelor of Technology) 	AI 	OBC-NCL 	Female-only (including Supernumerary) 	7216 	7216
Indian Institute of Technology Indore	Mathematics and Computing (4 Years, Bachelor of Technology) 	AI 	OBC-NCL 	Gender-Neutral 	855 	999
Indian Institute of Technology Indore	Mathematics and Computing (4 Years, Bachelor of Technology) 	AI 	OBC-NCL 	Female-only (including Supernumerary) 	2246 	2488
Indian Institute of Technology Indore	Mechanical Engineering (4 Years, Bachelor of Technology) 	AI 	OBC-NCL 	Gender-Neutral 	2249 	2915
Indian Institute of Technology Indore	Mechanical Engineering (4 Years, Bachelor of Technology) 	AI 	OBC-NCL 	Female-only (including Supernumerary) 	5816 	7026
Indian Institute of Technology Indore	Metallurgical Engineering and Materials Science (4 Years, Bachelor of Technology) 	AI 	OBC-NCL 	Gender-Neutral 	3969 	4510
Indian Institute of Technology Indore	Metallurgical Engineering and Materials Science (4 Years, Bachelor of Technology) 	AI 	OBC-NCL 	Female-only (including Supernumerary) 	8111 	8462
Indian Institute of Technology Indore	Space Science and Engineering (4 Years, Bachelor of Technology) 	AI 	OBC-NCL 	Gender-Neutral 	2290 	2696
Indian Institute of Technology Indore	Space Science and Engineering (4 Years, Bachelor of Technology) 	AI 	OBC-NCL 	Female-only (including Supernumerary) 	6205 	6205
Indian Institute of Technology Kharagpur	Aerospace Engineering (4 Years, Bachelor of Technology) 	AI 	OBC-NCL 	Gender-Neutral 	1818 	2202
Indian Institute of Technology Kharagpur	Aerospace Engineering (4 Years, Bachelor of Technology) 	AI 	OBC-NCL 	Female-only (including Supernumerary) 	4002 	4957
Indian Institute of Technology Kharagpur	Agricultural and Food Engineering (4 Years, Bachelor of Technology) 	AI 	OBC-NCL 	Gender-Neutral 	3070 	4568
Indian Institute of Technology Kharagpur	Agricultural and Food Engineering (4 Years, Bachelor of Technology) 	AI 	OBC-NCL 	Female-only (including Supernumerary) 	7011 	8479
Indian Institute of Technology Kharagpur	Applied Geology (4 Years, Bachelor of Science) 	AI 	OBC-NCL 	Gender-Neutral 	3570 	5454
Indian Institute of Technology Kharagpur	Applied Geology (4 Years, Bachelor of Science) 	AI 	OBC-NCL 	Female-only (including Supernumerary) 	9204 	9476
Indian Institute of Technology Kharagpur	Architecture (5 Years, Bachelor of Architecture) 	AI 	OBC-NCL 	Gender-Neutral 	5668 	6757
Indian Institute of Technology Kharagpur	Artificial Intelligence (4 Years, Bachelor of Technology) 	AI 	OBC-NCL 	Gender-Neutral 	218 	352
Indian Institute of Technology Kharagpur	Artificial Intelligence (4 Years, Bachelor of Technology) 	AI 	OBC-NCL 	Female-only (including Supernumerary) 	1056 	1146
Indian Institute of Technology Kharagpur	Biotechnology and Biochemical Engineering (4 Years, Bachelor of Technology) 	AI 	OBC-NCL 	Gender-Neutral 	3286 	3666
Indian Institute of Technology Kharagpur	Biotechnology and Biochemical Engineering (4 Years, Bachelor of Technology) 	AI 	OBC-NCL 	Female-only (including Supernumerary) 	6570 	7362
Indian Institute of Technology Kharagpur	Chemical Engineering (4 Years, Bachelor of Technology) 	AI 	OBC-NCL 	Gender-Neutral 	1906 	2297
Indian Institute of Technology Kharagpur	Chemical Engineering (4 Years, Bachelor of Technology) 	AI 	OBC-NCL 	Female-only (including Supernumerary) 	4139 	5250
Indian Institute of Technology Kharagpur	Chemistry (4 Years, Bachelor of Science) 	AI 	OBC-NCL 	Gender-Neutral 	4734 	5341
Indian Institute of Technology Kharagpur	Chemistry (4 Years, Bachelor of Science) 	AI 	OBC-NCL 	Female-only (including Supernumerary) 	8928 	8982
Indian Institute of Technology Kharagpur	Civil Engineering (4 Years, Bachelor of Technology) 	AI 	OBC-NCL 	Gender-Neutral 	2456 	3034
Indian Institute of Technology Kharagpur	Civil Engineering (4 Years, Bachelor of Technology) 	AI 	OBC-NCL 	Female-only (including Supernumerary) 	4969 	6283
Indian Institute of Technology Kharagpur	Computer Science and Engineering (4 Years, Bachelor of Technology) 	AI 	OBC-NCL 	Gender-Neutral 	94 	212
Indian Institute of Technology Kharagpur	Computer Science and Engineering (4 Years, Bachelor of Technology) 	AI 	OBC-NCL 	Female-only (including Supernumerary) 	583 	792
Indian Institute of Technology Kharagpur	Economics (4 Years, Bachelor of Science) 	AI 	OBC-NCL 	Gender-Neutral 	2200 	2677
Indian Institute of Technology Kharagpur	Economics (4 Years, Bachelor of Science) 	AI 	OBC-NCL 	Female-only (including Supernumerary) 	4805 	5904
Indian Institute of Technology Kharagpur	Electrical Engineering (4 Years, Bachelor of Technology) 	AI 	OBC-NCL 	Gender-Neutral 	700 	869
Indian Institute of Technology Kharagpur	Electrical Engineering (4 Years, Bachelor of Technology) 	AI 	OBC-NCL 	Female-only (including Supernumerary) 	2267 	2600
Indian Institute of Technology Kharagpur	Electronics and Electrical Communication Engineering (4 Years, Bachelor of Technology) 	AI 	OBC-NCL 	Gender-Neutral 	415 	642
Indian Institute of Technology Kharagpur	Electronics and Electrical Communication Engineering (4 Years, Bachelor of Technology) 	AI 	OBC-NCL 	Female-only (including Supernumerary) 	1467 	1798
Indian Institute of Technology Kharagpur	Exploration Geophysics (4 Years, Bachelor of Science) 	AI 	OBC-NCL 	Gender-Neutral 	4503 	5191
Indian Institute of Technology Kharagpur	Exploration Geophysics (4 Years, Bachelor of Science) 	AI 	OBC-NCL 	Female-only (including Supernumerary) 	8690 	8732
Indian Institute of Technology Kharagpur	Industrial and Systems Engineering (4 Years, Bachelor of Technology) 	AI 	OBC-NCL 	Gender-Neutral 	1185 	2086
Indian Institute of Technology Kharagpur	Industrial and Systems Engineering (4 Years, Bachelor of Technology) 	AI 	OBC-NCL 	Female-only (including Supernumerary) 	3805 	6079
Indian Institute of Technology Kharagpur	Instrumentation Engineering (4 Years, Bachelor of Technology) 	AI 	OBC-NCL 	Gender-Neutral 	890 	1227
Indian Institute of Technology Kharagpur	Instrumentation Engineering (4 Years, Bachelor of Technology) 	AI 	OBC-NCL 	Female-only (including Supernumerary) 	3342 	3619
Indian Institute of Technology Kharagpur	Manufacturing Science and Engineering (4 Years, Bachelor of Technology) 	AI 	OBC-NCL 	Gender-Neutral 	2449 	3132
Indian Institute of Technology Kharagpur	Manufacturing Science and Engineering (4 Years, Bachelor of Technology) 	AI 	OBC-NCL 	Female-only (including Supernumerary) 	5331 	6353
Indian Institute of Technology Kharagpur	Mathematics and Computing (4 Years, Bachelor of Science) 	AI 	OBC-NCL 	Gender-Neutral 	523 	734
Indian Institute of Technology Kharagpur	Mathematics and Computing (4 Years, Bachelor of Science) 	AI 	OBC-NCL 	Female-only (including Supernumerary) 	1968 	2575
Indian Institute of Technology Kharagpur	Mechanical Engineering (4 Years, Bachelor of Technology) 	AI 	OBC-NCL 	Gender-Neutral 	1040 	1672
Indian Institute of Technology Kharagpur	Mechanical Engineering (4 Years, Bachelor of Technology) 	AI 	OBC-NCL 	Female-only (including Supernumerary) 	3627 	4820
Indian Institute of Technology Kharagpur	Metallurgical and Materials Engineering (4 Years, Bachelor of Technology) 	AI 	OBC-NCL 	Gender-Neutral 	2389 	3348
Indian Institute of Technology Kharagpur	Metallurgical and Materials Engineering (4 Years, Bachelor of Technology) 	AI 	OBC-NCL 	Female-only (including Supernumerary) 	6558 	6973
Indian Institute of Technology Kharagpur	Mining Engineering (4 Years, Bachelor of Technology) 	AI 	OBC-NCL 	Gender-Neutral 	3182 	4000
Indian Institute of Technology Kharagpur	Mining Engineering (4 Years, Bachelor of Technology) 	AI 	OBC-NCL 	Female-only (including Supernumerary) 	7623 	8146
Indian Institute of Technology Kharagpur	Ocean Engineering and Naval Architecture (4 Years, Bachelor of Technology) 	AI 	OBC-NCL 	Gender-Neutral 	2895 	4113
Indian Institute of Technology Kharagpur	Ocean Engineering and Naval Architecture (4 Years, Bachelor of Technology) 	AI 	OBC-NCL 	Female-only (including Supernumerary) 	6791 	7202
Indian Institute of Technology Kharagpur	Physics (4 Years, Bachelor of Science) 	AI 	OBC-NCL 	Gender-Neutral 	3861 	4603
Indian Institute of Technology Kharagpur	Physics (4 Years, Bachelor of Science) 	AI 	OBC-NCL 	Female-only (including Supernumerary) 	8620 	8640
Indian Institute of Technology Hyderabad	Artificial Intelligence (4 Years, Bachelor of Technology) 	AI 	OBC-NCL 	Gender-Neutral 	309 	380
Indian Institute of Technology Hyderabad	Artificial Intelligence (4 Years, Bachelor of Technology) 	AI 	OBC-NCL 	Female-only (including Supernumerary) 	1039 	1039
Indian Institute of Technology Hyderabad	Biomedical Engineering (4 Years, Bachelor of Technology) 	AI 	OBC-NCL 	Gender-Neutral 	3670 	4085
Indian Institute of Technology Hyderabad	Biomedical Engineering (4 Years, Bachelor of Technology) 	AI 	OBC-NCL 	Female-only (including Supernumerary) 	5321 	6414
Indian Institute of Technology Hyderabad	Biotechnology and Bioinformatics (4 Years, Bachelor of Technology) 	AI 	OBC-NCL 	Gender-Neutral 	3378 	3959
Indian Institute of Technology Hyderabad	Biotechnology and Bioinformatics (4 Years, Bachelor of Technology) 	AI 	OBC-NCL 	Female-only (including Supernumerary) 	6457 	6479
Indian Institute of Technology Hyderabad	Chemical Engineering (4 Years, Bachelor of Technology) 	AI 	OBC-NCL 	Gender-Neutral 	2158 	2453
Indian Institute of Technology Hyderabad	Chemical Engineering (4 Years, Bachelor of Technology) 	AI 	OBC-NCL 	Female-only (including Supernumerary) 	4379 	4864
Indian Institute of Technology Hyderabad	Civil Engineering (4 Years, Bachelor of Technology) 	AI 	OBC-NCL 	Gender-Neutral 	2749 	3230
Indian Institute of Technology Hyderabad	Civil Engineering (4 Years, Bachelor of Technology) 	AI 	OBC-NCL 	Female-only (including Supernumerary) 	5461 	6304
Indian Institute of Technology Hyderabad	Computational Engineering (4 Years, Bachelor of Technology) 	AI 	OBC-NCL 	Gender-Neutral 	744 	900
Indian Institute of Technology Hyderabad	Computational Engineering (4 Years, Bachelor of Technology) 	AI 	OBC-NCL 	Female-only (including Supernumerary) 	1806 	2257
Indian Institute of Technology Hyderabad	Computer Science and Engineering (4 Years, Bachelor of Technology) 	AI 	OBC-NCL 	Gender-Neutral 	133 	291
Indian Institute of Technology Hyderabad	Computer Science and Engineering (4 Years, Bachelor of Technology) 	AI 	OBC-NCL 	Female-only (including Supernumerary) 	647 	887
Indian Institute of Technology Hyderabad	Electrical Engineering (4 Years, Bachelor of Technology) 	AI 	OBC-NCL 	Gender-Neutral 	671 	996
Indian Institute of Technology Hyderabad	Electrical Engineering (4 Years, Bachelor of Technology) 	AI 	OBC-NCL 	Female-only (including Supernumerary) 	1519 	2388
Indian Institute of Technology Hyderabad	Electrical Engineering (IC Design and Technology) (4 Years, Bachelor of Technology) 	AI 	OBC-NCL 	Gender-Neutral 	657 	860
Indian Institute of Technology Hyderabad	Electrical Engineering (IC Design and Technology) (4 Years, Bachelor of Technology) 	AI 	OBC-NCL 	Female-only (including Supernumerary) 	2363 	2498
Indian Institute of Technology Hyderabad	Engineering Physics (4 Years, Bachelor of Technology) 	AI 	OBC-NCL 	Gender-Neutral 	1896 	2571
Indian Institute of Technology Hyderabad	Engineering Physics (4 Years, Bachelor of Technology) 	AI 	OBC-NCL 	Female-only (including Supernumerary) 	4418 	5436
Indian Institute of Technology Hyderabad	Engineering Science (4 Years, Bachelor of Technology) 	AI 	OBC-NCL 	Gender-Neutral 	1014 	1843
Indian Institute of Technology Hyderabad	Engineering Science (4 Years, Bachelor of Technology) 	AI 	OBC-NCL 	Female-only (including Supernumerary) 	3281 	3364
Indian Institute of Technology Hyderabad	Industrial Chemistry (4 Years, Bachelor of Technology) 	AI 	OBC-NCL 	Gender-Neutral 	2965 	3992
Indian Institute of Technology Hyderabad	Industrial Chemistry (4 Years, Bachelor of Technology) 	AI 	OBC-NCL 	Female-only (including Supernumerary) 	6337 	6401
Indian Institute of Technology Hyderabad	Materials Science and Metallurgical Engineering (4 Years, Bachelor of Technology) 	AI 	OBC-NCL 	Gender-Neutral 	2630 	3429
Indian Institute of Technology Hyderabad	Materials Science and Metallurgical Engineering (4 Years, Bachelor of Technology) 	AI 	OBC-NCL 	Female-only (including Supernumerary) 	6227 	6349
Indian Institute of Technology Hyderabad	Mathematics and Computing (4 Years, Bachelor of Technology) 	AI 	OBC-NCL 	Gender-Neutral 	387 	440
Indian Institute of Technology Hyderabad	Mathematics and Computing (4 Years, Bachelor of Technology) 	AI 	OBC-NCL 	Female-only (including Supernumerary) 	1397 	1451
Indian Institute of Technology Hyderabad	Mechanical Engineering (4 Years, Bachelor of Technology) 	AI 	OBC-NCL 	Gender-Neutral 	1572 	2005
Indian Institute of Technology Hyderabad	Mechanical Engineering (4 Years, Bachelor of Technology) 	AI 	OBC-NCL 	Female-only (including Supernumerary) 	2483 	4253
Indian Institute of Technology Jodhpur	Artificial Intelligence and Data Science (4 Years, Bachelor of Technology) 	AI 	OBC-NCL 	Gender-Neutral 	1597 	1828
Indian Institute of Technology Jodhpur	Artificial Intelligence and Data Science (4 Years, Bachelor of Technology) 	AI 	OBC-NCL 	Female-only (including Supernumerary) 	4156 	4556
Indian Institute of Technology Jodhpur	Bio Engineering (4 Years, Bachelor of Technology) 	AI 	OBC-NCL 	Gender-Neutral 	5116 	5533
Indian Institute of Technology Jodhpur	Bio Engineering (4 Years, Bachelor of Technology) 	AI 	OBC-NCL 	Female-only (including Supernumerary) 	9342 	9578
Indian Institute of Technology Jodhpur	Chemical Engineering (4 Years, Bachelor of Technology) 	AI 	OBC-NCL 	Gender-Neutral 	4077 	4463
Indian Institute of Technology Jodhpur	Chemical Engineering (4 Years, Bachelor of Technology) 	AI 	OBC-NCL 	Female-only (including Supernumerary) 	7281 	8275
Indian Institute of Technology Jodhpur	Chemistry with Specialization (4 Years, Bachelor of Science) 	AI 	OBC-NCL 	Gender-Neutral 	5230 	5857
Indian Institute of Technology Jodhpur	Chemistry with Specialization (4 Years, Bachelor of Science) 	AI 	OBC-NCL 	Female-only (including Supernumerary) 	9061 	9061
Indian Institute of Technology Jodhpur	Civil and Infrastructure Engineering (4 Years, Bachelor of Technology) 	AI 	OBC-NCL 	Gender-Neutral 	3793 	4890
Indian Institute of Technology Jodhpur	Civil and Infrastructure Engineering (4 Years, Bachelor of Technology) 	AI 	OBC-NCL 	Female-only (including Supernumerary) 	8221 	8693
Indian Institute of Technology Jodhpur	Computer Science and Engineering (4 Years, Bachelor of Technology) 	AI 	OBC-NCL 	Gender-Neutral 	809 	1382
Indian Institute of Technology Jodhpur	Computer Science and Engineering (4 Years, Bachelor of Technology) 	AI 	OBC-NCL 	Female-only (including Supernumerary) 	3290 	3668
Indian Institute of Technology Jodhpur	Electrical Engineering (4 Years, Bachelor of Technology) 	AI 	OBC-NCL 	Gender-Neutral 	2328 	2996
Indian Institute of Technology Jodhpur	Electrical Engineering (4 Years, Bachelor of Technology) 	AI 	OBC-NCL 	Female-only (including Supernumerary) 	4853 	6186
Indian Institute of Technology Jodhpur	Electronics Engineering (4 Years, Bachelor of Technology) 	AI 	OBC-NCL 	Gender-Neutral 	1963 	2757
Indian Institute of Technology Jodhpur	Electronics Engineering (4 Years, Bachelor of Technology) 	AI 	OBC-NCL 	Female-only (including Supernumerary) 	6029 	6356
Indian Institute of Technology Jodhpur	Materials Engineering (4 Years, Bachelor of Technology) 	AI 	OBC-NCL 	Gender-Neutral 	4926 	5458
Indian Institute of Technology Jodhpur	Materials Engineering (4 Years, Bachelor of Technology) 	AI 	OBC-NCL 	Female-only (including Supernumerary) 	9308 	9511
Indian Institute of Technology Jodhpur	Mechanical Engineering (4 Years, Bachelor of Technology) 	AI 	OBC-NCL 	Gender-Neutral 	3065 	3913
Indian Institute of Technology Jodhpur	Mechanical Engineering (4 Years, Bachelor of Technology) 	AI 	OBC-NCL 	Female-only (including Supernumerary) 	6306 	7890
Indian Institute of Technology Jodhpur	Physics with Specialization (4 Years, Bachelor of Science) 	AI 	OBC-NCL 	Gender-Neutral 	4889 	5699
Indian Institute of Technology Jodhpur	Physics with Specialization (4 Years, Bachelor of Science) 	AI 	OBC-NCL 	Female-only (including Supernumerary) 	9285 	9285
Indian Institute of Technology Kanpur	Aerospace Engineering (4 Years, Bachelor of Technology) 	AI 	OBC-NCL 	Gender-Neutral 	1346 	1868
Indian Institute of Technology Kanpur	Aerospace Engineering (4 Years, Bachelor of Technology) 	AI 	OBC-NCL 	Female-only (including Supernumerary) 	3642 	4309
Indian Institute of Technology Kanpur	Biological Sciences and Bioengineering (4 Years, Bachelor of Technology) 	AI 	OBC-NCL 	Gender-Neutral 	1969 	3428
Indian Institute of Technology Kanpur	Biological Sciences and Bioengineering (4 Years, Bachelor of Technology) 	AI 	OBC-NCL 	Female-only (including Supernumerary) 	5899 	7359
Indian Institute of Technology Kanpur	Chemical Engineering (4 Years, Bachelor of Technology) 	AI 	OBC-NCL 	Gender-Neutral 	1300 	1943
Indian Institute of Technology Kanpur	Chemical Engineering (4 Years, Bachelor of Technology) 	AI 	OBC-NCL 	Female-only (including Supernumerary) 	4038 	4961
Indian Institute of Technology Kanpur	Chemistry (4 Years, Bachelor of Science) 	AI 	OBC-NCL 	Gender-Neutral 	3621 	4357
Indian Institute of Technology Kanpur	Chemistry (4 Years, Bachelor of Science) 	AI 	OBC-NCL 	Female-only (including Supernumerary) 	6920 	8526
Indian Institute of Technology Kanpur	Civil Engineering (4 Years, Bachelor of Technology) 	AI 	OBC-NCL 	Gender-Neutral 	1966 	2643
Indian Institute of Technology Kanpur	Civil Engineering (4 Years, Bachelor of Technology) 	AI 	OBC-NCL 	Female-only (including Supernumerary) 	4877 	5823
Indian Institute of Technology Kanpur	Computer Science and Engineering (4 Years, Bachelor of Technology) 	AI 	OBC-NCL 	Gender-Neutral 	88 	142
Indian Institute of Technology Kanpur	Computer Science and Engineering (4 Years, Bachelor of Technology) 	AI 	OBC-NCL 	Female-only (including Supernumerary) 	561 	661
Indian Institute of Technology Kanpur	Earth Sciences (4 Years, Bachelor of Science) 	AI 	OBC-NCL 	Gender-Neutral 	3854 	4609
Indian Institute of Technology Kanpur	Earth Sciences (4 Years, Bachelor of Science) 	AI 	OBC-NCL 	Female-only (including Supernumerary) 	8106 	8187
Indian Institute of Technology Kanpur	Economics (4 Years, Bachelor of Science) 	AI 	OBC-NCL 	Gender-Neutral 	1325 	1928
Indian Institute of Technology Kanpur	Economics (4 Years, Bachelor of Science) 	AI 	OBC-NCL 	Female-only (including Supernumerary) 	3843 	4453
Indian Institute of Technology Kanpur	Electrical Engineering (4 Years, Bachelor of Technology) 	AI 	OBC-NCL 	Gender-Neutral 	280 	720
Indian Institute of Technology Kanpur	Electrical Engineering (4 Years, Bachelor of Technology) 	AI 	OBC-NCL 	Female-only (including Supernumerary) 	1545 	2332
Indian Institute of Technology Kanpur	Materials Science and Engineering (4 Years, Bachelor of Technology) 	AI 	OBC-NCL 	Gender-Neutral 	2539 	3047
Indian Institute of Technology Kanpur	Materials Science and Engineering (4 Years, Bachelor of Technology) 	AI 	OBC-NCL 	Female-only (including Supernumerary) 	5978 	6716
Indian Institute of Technology Kanpur	Mathematics and Scientific Computing (4 Years, Bachelor of Science) 	AI 	OBC-NCL 	Gender-Neutral 	359 	656
Indian Institute of Technology Kanpur	Mathematics and Scientific Computing (4 Years, Bachelor of Science) 	AI 	OBC-NCL 	Female-only (including Supernumerary) 	1947 	2415
Indian Institute of Technology Kanpur	Mechanical Engineering (4 Years, Bachelor of Technology) 	AI 	OBC-NCL 	Gender-Neutral 	988 	1348
Indian Institute of Technology Kanpur	Mechanical Engineering (4 Years, Bachelor of Technology) 	AI 	OBC-NCL 	Female-only (including Supernumerary) 	3484 	4172
Indian Institute of Technology Kanpur	Physics (4 Years, Bachelor of Science) 	AI 	OBC-NCL 	Gender-Neutral 	3012 	3790
Indian Institute of Technology Kanpur	Physics (4 Years, Bachelor of Science) 	AI 	OBC-NCL 	Female-only (including Supernumerary) 	7155 	8002
Indian Institute of Technology Kanpur	Statistics and Data Science (4 Years, Bachelor of Science) 	AI 	OBC-NCL 	Gender-Neutral 	638 	704
Indian Institute of Technology Kanpur	Statistics and Data Science (4 Years, Bachelor of Science) 	AI 	OBC-NCL 	Female-only (including Supernumerary) 	1714 	1871
Indian Institute of Technology Madras	Aerospace Engineering (4 Years, Bachelor of Technology) 	AI 	OBC-NCL 	Gender-Neutral 	968 	1508
Indian Institute of Technology Madras	Aerospace Engineering (4 Years, Bachelor of Technology) 	AI 	OBC-NCL 	Female-only (including Supernumerary) 	1543 	2517
Indian Institute of Technology Madras	Aerospace Engineering (5 Years, Bachelor and Master of Technology (Dual Degree)) 	AI 	OBC-NCL 	Gender-Neutral 	785 	1472
Indian Institute of Technology Madras	Aerospace Engineering (5 Years, Bachelor and Master of Technology (Dual Degree)) 	AI 	OBC-NCL 	Female-only (including Supernumerary) 	3023 	3023
Indian Institute of Technology Madras	Artificial Intelligence and Data Analytics (4 Years, Bachelor of Technology) 	AI 	OBC-NCL 	Gender-Neutral 	98 	165
Indian Institute of Technology Madras	Artificial Intelligence and Data Analytics (4 Years, Bachelor of Technology) 	AI 	OBC-NCL 	Female-only (including Supernumerary) 	500 	611
Indian Institute of Technology Madras	Biological Engineering (4 Years, Bachelor of Technology) 	AI 	OBC-NCL 	Gender-Neutral 	2709 	3160
Indian Institute of Technology Madras	Biological Engineering (4 Years, Bachelor of Technology) 	AI 	OBC-NCL 	Female-only (including Supernumerary) 	5286 	5286
Indian Institute of Technology Madras	Biological Science (4 Years, Bachelor of Science) 	AI 	OBC-NCL 	Gender-Neutral 	3669 	4374
Indian Institute of Technology Madras	Biological Science (4 Years, Bachelor of Science) 	AI 	OBC-NCL 	Female-only (including Supernumerary) 	6299 	6299
Indian Institute of Technology Madras	Chemical Engineering (4 Years, Bachelor of Technology) 	AI 	OBC-NCL 	Gender-Neutral 	1341 	1869
Indian Institute of Technology Madras	Chemical Engineering (4 Years, Bachelor of Technology) 	AI 	OBC-NCL 	Female-only (including Supernumerary) 	2717 	3820
Indian Institute of Technology Madras	Civil Engineering (4 Years, Bachelor of Technology) 	AI 	OBC-NCL 	Gender-Neutral 	1765 	2394
Indian Institute of Technology Madras	Civil Engineering (4 Years, Bachelor of Technology) 	AI 	OBC-NCL 	Female-only (including Supernumerary) 	3594 	4270
Indian Institute of Technology Madras	Computational Engineering and Mechanics (4 Years, Bachelor of Technology) 	AI 	OBC-NCL 	Gender-Neutral 	397 	741
Indian Institute of Technology Madras	Computational Engineering and Mechanics (4 Years, Bachelor of Technology) 	AI 	OBC-NCL 	Female-only (including Supernumerary) 	1749 	1874
Indian Institute of Technology Madras	Computer Science and Engineering (4 Years, Bachelor of Technology) 	AI 	OBC-NCL 	Gender-Neutral 	26 	87
Indian Institute of Technology Madras	Computer Science and Engineering (4 Years, Bachelor of Technology) 	AI 	OBC-NCL 	Female-only (including Supernumerary) 	176 	545
Indian Institute of Technology Madras	Electrical Engineering (4 Years, Bachelor of Technology) 	AI 	OBC-NCL 	Gender-Neutral 	132 	393
Indian Institute of Technology Madras	Electrical Engineering (4 Years, Bachelor of Technology) 	AI 	OBC-NCL 	Female-only (including Supernumerary) 	566 	1392
Indian Institute of Technology Madras	Engineering Design (5 Years, Bachelor and Master of Technology (Dual Degree)) 	AI 	OBC-NCL 	Gender-Neutral 	1070 	1439
Indian Institute of Technology Madras	Engineering Design (5 Years, Bachelor and Master of Technology (Dual Degree)) 	AI 	OBC-NCL 	Female-only (including Supernumerary) 	2276 	3216
Indian Institute of Technology Madras	Engineering Physics (4 Years, Bachelor of Technology) 	AI 	OBC-NCL 	Gender-Neutral 	464 	1011
Indian Institute of Technology Madras	Engineering Physics (4 Years, Bachelor of Technology) 	AI 	OBC-NCL 	Female-only (including Supernumerary) 	1386 	2841
Indian Institute of Technology Madras	Instrumentation and Biomedical Engineering (4 Years, Bachelor of Technology) 	AI 	OBC-NCL 	Gender-Neutral 	1548 	2163
Indian Institute of Technology Madras	Instrumentation and Biomedical Engineering (4 Years, Bachelor of Technology) 	AI 	OBC-NCL 	Female-only (including Supernumerary) 	2911 	3943
Indian Institute of Technology Madras	Mechanical Engineering (4 Years, Bachelor of Technology) 	AI 	OBC-NCL 	Gender-Neutral 	453 	1058
Indian Institute of Technology Madras	Mechanical Engineering (4 Years, Bachelor of Technology) 	AI 	OBC-NCL 	Female-only (including Supernumerary) 	1555 	3309
Indian Institute of Technology Madras	Metallurgical and Materials Engineering (4 Years, Bachelor of Technology) 	AI 	OBC-NCL 	Gender-Neutral 	1815 	2343
Indian Institute of Technology Madras	Metallurgical and Materials Engineering (4 Years, Bachelor of Technology) 	AI 	OBC-NCL 	Female-only (including Supernumerary) 	3910 	4822
Indian Institute of Technology Madras	Naval Architecture and Ocean Engineering (4 Years, Bachelor of Technology) 	AI 	OBC-NCL 	Gender-Neutral 	1483 	3128
Indian Institute of Technology Madras	Naval Architecture and Ocean Engineering (4 Years, Bachelor of Technology) 	AI 	OBC-NCL 	Female-only (including Supernumerary) 	4075 	6399
Indian Institute of Technology Madras	Physics (4 Years, Bachelor of Science) 	AI 	OBC-NCL 	Gender-Neutral 	1534 	2242
Indian Institute of Technology Madras	Physics (4 Years, Bachelor of Science) 	AI 	OBC-NCL 	Female-only (including Supernumerary) 	5549 	5549
Indian Institute of Technology Gandhinagar	Artificial Intelligence (4 Years, Bachelor of Technology) 	AI 	OBC-NCL 	Gender-Neutral 	805 	1131
Indian Institute of Technology Gandhinagar	Artificial Intelligence (4 Years, Bachelor of Technology) 	AI 	OBC-NCL 	Female-only (including Supernumerary) 	2686 	2821
Indian Institute of Technology Gandhinagar	Chemical Engineering (4 Years, Bachelor of Technology) 	AI 	OBC-NCL 	Gender-Neutral 	3229 	3648
Indian Institute of Technology Gandhinagar	Chemical Engineering (4 Years, Bachelor of Technology) 	AI 	OBC-NCL 	Female-only (including Supernumerary) 	5327 	6911
Indian Institute of Technology Gandhinagar	Civil Engineering (4 Years, Bachelor of Technology) 	AI 	OBC-NCL 	Gender-Neutral 	3937 	4237
Indian Institute of Technology Gandhinagar	Civil Engineering (4 Years, Bachelor of Technology) 	AI 	OBC-NCL 	Female-only (including Supernumerary) 	7261 	7922
Indian Institute of Technology Gandhinagar	Computer Science and Engineering (4 Years, Bachelor of Technology) 	AI 	OBC-NCL 	Gender-Neutral 	589 	794
Indian Institute of Technology Gandhinagar	Computer Science and Engineering (4 Years, Bachelor of Technology) 	AI 	OBC-NCL 	Female-only (including Supernumerary) 	1696 	2512
Indian Institute of Technology Gandhinagar	Electrical Engineering (4 Years, Bachelor of Technology) 	AI 	OBC-NCL 	Gender-Neutral 	1639 	1905
Indian Institute of Technology Gandhinagar	Electrical Engineering (4 Years, Bachelor of Technology) 	AI 	OBC-NCL 	Female-only (including Supernumerary) 	4441 	4655
Indian Institute of Technology Gandhinagar	Integrated Circuit Design & Technology (4 Years, Bachelor of Technology) 	AI 	OBC-NCL 	Gender-Neutral 	1391 	2236
Indian Institute of Technology Gandhinagar	Integrated Circuit Design & Technology (4 Years, Bachelor of Technology) 	AI 	OBC-NCL 	Female-only (including Supernumerary) 	4946 	4946
Indian Institute of Technology Gandhinagar	Materials Engineering (4 Years, Bachelor of Technology) 	AI 	OBC-NCL 	Gender-Neutral 	4127 	4786
Indian Institute of Technology Gandhinagar	Materials Engineering (4 Years, Bachelor of Technology) 	AI 	OBC-NCL 	Female-only (including Supernumerary) 	8438 	8528
Indian Institute of Technology Gandhinagar	Mechanical Engineering (4 Years, Bachelor of Technology) 	AI 	OBC-NCL 	Gender-Neutral 	2376 	3060
Indian Institute of Technology Gandhinagar	Mechanical Engineering (4 Years, Bachelor of Technology) 	AI 	OBC-NCL 	Female-only (including Supernumerary) 	6297 	7187
Indian Institute of Technology Patna	Artificial Intelligence and Data Science (4 Years, Bachelor of Technology) 	AI 	OBC-NCL 	Gender-Neutral 	1494 	1830
Indian Institute of Technology Patna	Artificial Intelligence and Data Science (4 Years, Bachelor of Technology) 	AI 	OBC-NCL 	Female-only (including Supernumerary) 	3742 	3917
Indian Institute of Technology Patna	B. Tech in CE. - M. Tech. in Geotechnical Engineering (5 Years, B.Tech. + M.Tech./MS (Dual Degree)) 	AI 	OBC-NCL 	Gender-Neutral 	5413 	5483
Indian Institute of Technology Patna	B. Tech in CE. - M. Tech. in Geotechnical Engineering (5 Years, B.Tech. + M.Tech./MS (Dual Degree)) 	AI 	OBC-NCL 	Female-only (including Supernumerary) 	9844 	9844
Indian Institute of Technology Patna	B. Tech in CE. - M. Tech. in Structural Engineering (5 Years, B.Tech. + M.Tech./MS (Dual Degree)) 	AI 	OBC-NCL 	Gender-Neutral 	5138 	5243
Indian Institute of Technology Patna	B. Tech in CE. - M. Tech. in Structural Engineering (5 Years, B.Tech. + M.Tech./MS (Dual Degree)) 	AI 	OBC-NCL 	Female-only (including Supernumerary) 	9278 	9278
Indian Institute of Technology Patna	B. Tech. (CSE) and M.Tech in CSE (5 Years, B.Tech. + M.Tech./MS (Dual Degree)) 	AI 	OBC-NCL 	Gender-Neutral 	1606 	1657
Indian Institute of Technology Patna	B. Tech. (ECE) -M. Tech. in VLSI (5 Years, B.Tech. + M.Tech./MS (Dual Degree)) 	AI 	OBC-NCL 	Gender-Neutral 	2469 	2673
Indian Institute of Technology Patna	B. Tech. (ECE) -M. Tech. in VLSI (5 Years, B.Tech. + M.Tech./MS (Dual Degree)) 	AI 	OBC-NCL 	Female-only (including Supernumerary) 	6345 	6345
Indian Institute of Technology Patna	B. Tech. (EEE)-M. Tech. in (Power &. Control) (5 Years, B.Tech. + M.Tech./MS (Dual Degree)) 	AI 	OBC-NCL 	Gender-Neutral 	3208 	3319
Indian Institute of Technology Patna	B. Tech. (EEE)-M. Tech. in (Power &. Control) (5 Years, B.Tech. + M.Tech./MS (Dual Degree)) 	AI 	OBC-NCL 	Female-only (including Supernumerary) 	6627 	6627
Indian Institute of Technology Patna	B. Tech. (Mathematics & Computing) M. Tech. in (Mathematics & Computing) (5 Years, B.Tech. + M.Tech./MS (Dual Degree)) 	AI 	OBC-NCL 	Gender-Neutral 	2029 	2074
Indian Institute of Technology Patna	B. Tech. (Mathematics & Computing) M. Tech. in (Mathematics & Computing) (5 Years, B.Tech. + M.Tech./MS (Dual Degree)) 	AI 	OBC-NCL 	Female-only (including Supernumerary) 	5873 	5873
Indian Institute of Technology Patna	B. Tech. (ME) - M. Tech. in Mechatronics (5 Years, B.Tech. + M.Tech./MS (Dual Degree)) 	AI 	OBC-NCL 	Gender-Neutral 	3985 	4212
Indian Institute of Technology Patna	B. Tech. (ME) - M. Tech. in Mechatronics (5 Years, B.Tech. + M.Tech./MS (Dual Degree)) 	AI 	OBC-NCL 	Female-only (including Supernumerary) 	8205 	8205
Indian Institute of Technology Patna	B.Tech (Artificial Intelligence and Data Science) - MBA in Digital Business Management (IIM Bodh Gaya) (5 Years, Bachelor of Technology and MBA (Dual Degree)) 	AI 	OBC-NCL 	Gender-Neutral 	2201 	2201
Indian Institute of Technology Patna	B.Tech (Artificial Intelligence and Data Science) - MBA in Digital Business Management (IIM Bodh Gaya) (5 Years, Bachelor of Technology and MBA (Dual Degree)) 	AI 	OBC-NCL 	Female-only (including Supernumerary) 	4773 	4773
Indian Institute of Technology Patna	B.Tech (Chemical Engineering) - MBA in Hospital and Health Care Management (IIM Bodh Gaya) (5 Years, Bachelor of Technology and MBA (Dual Degree)) 	AI 	OBC-NCL 	Gender-Neutral 	4636 	4636
Indian Institute of Technology Patna	B.Tech (Chemical Engineering) - MBA in Hospital and Health Care Management (IIM Bodh Gaya) (5 Years, Bachelor of Technology and MBA (Dual Degree)) 	AI 	OBC-NCL 	Female-only (including Supernumerary) 	9451 	9451
Indian Institute of Technology Patna	B.Tech (Chemical Science and Technology) - MBA in Hospital and Health Care Management (IIM Bodh Gaya) (5 Years, Bachelor of Technology and MBA (Dual Degree)) 	AI 	OBC-NCL 	Gender-Neutral 	4725 	4725
Indian Institute of Technology Patna	B.Tech (Civil Engineering) - MBA (IIM Bodh Gaya) (5 Years, Bachelor of Technology and MBA (Dual Degree)) 	AI 	OBC-NCL 	Gender-Neutral 	5135 	5135
Indian Institute of Technology Patna	B.Tech (Civil Engineering) - MBA (IIM Bodh Gaya) (5 Years, Bachelor of Technology and MBA (Dual Degree)) 	AI 	OBC-NCL 	Female-only (including Supernumerary) 	9725 	9725
Indian Institute of Technology Patna	B.Tech (Computer Science and Engineering) - MBA in Digital Business Management (IIM Bodh Gaya) (5 Years, Bachelor of Technology and MBA (Dual Degree)) 	AI 	OBC-NCL 	Gender-Neutral 	1885 	1885
Indian Institute of Technology Patna	B.Tech (Electrical and Electronics Engineering) - MBA (IIM Bodh Gaya) (5 Years, Bachelor of Technology and MBA (Dual Degree)) 	AI 	OBC-NCL 	Gender-Neutral 	3257 	3257
Indian Institute of Technology Patna	B.Tech (Electronics and Communication Engineering) - MBA in Hospital and Healthcare Management (IIM Bodh Gaya) (5 Years, Bachelor of Technology and MBA (Dual Degree)) 	AI 	OBC-NCL 	Gender-Neutral 	2877 	2877
Indian Institute of Technology Patna	B.Tech (Engineering Physics) - MBA (IIM Bodh Gaya) (5 Years, Bachelor of Technology and MBA (Dual Degree)) 	AI 	OBC-NCL 	Gender-Neutral 	5044 	5044
Indian Institute of Technology Patna	B.Tech (Engineering Physics) - MBA (IIM Bodh Gaya) (5 Years, Bachelor of Technology and MBA (Dual Degree)) 	AI 	OBC-NCL 	Female-only (including Supernumerary) 	9054 	9054
Indian Institute of Technology Patna	B.Tech (Mathematics and Computing) - MBA in Digital Business Management (IIM Bodh Gaya) (5 Years, Bachelor of Technology and MBA (Dual Degree)) 	AI 	OBC-NCL 	Gender-Neutral 	2212 	2212
Indian Institute of Technology Patna	B.Tech (Mathematics and Computing) - MBA in Digital Business Management (IIM Bodh Gaya) (5 Years, Bachelor of Technology and MBA (Dual Degree)) 	AI 	OBC-NCL 	Female-only (including Supernumerary) 	5361 	5361
Indian Institute of Technology Patna	B.Tech (Mechanical Engineering) - MBA (IIM Mumbai) (5 Years, Bachelor of Technology and MBA (Dual Degree)) 	AI 	OBC-NCL 	Gender-Neutral 	3720 	4001
Indian Institute of Technology Patna	B.Tech (Mechanical Engineering) - MBA (IIM Mumbai) (5 Years, Bachelor of Technology and MBA (Dual Degree)) 	AI 	OBC-NCL 	Female-only (including Supernumerary) 	8449 	8449
Indian Institute of Technology Patna	B.Tech (Metallurgical and Materials Engineering) - MBA (IIM Bodh Gaya) (5 Years, Bachelor of Technology and MBA (Dual Degree)) 	AI 	OBC-NCL 	Gender-Neutral 	5085 	5085
Indian Institute of Technology Patna	B.Tech. in Electronics and Communication Engineering and M.Tech. in Communication Systems (5 Years, Bachelor and Master of Technology (Dual Degree)) 	AI 	OBC-NCL 	Gender-Neutral 	2459 	2712
Indian Institute of Technology Patna	BS in Economics with MBA (IIM Bodh Gaya) (5 Years, Bachelor of Science and MBA (Dual Degree)) 	AI 	OBC-NCL 	Gender-Neutral 	4287 	4287
Indian Institute of Technology Patna	Chemical Engineering (4 Years, Bachelor of Technology) 	AI 	OBC-NCL 	Gender-Neutral 	4303 	4782
Indian Institute of Technology Patna	Chemical Engineering (4 Years, Bachelor of Technology) 	AI 	OBC-NCL 	Female-only (including Supernumerary) 	7942 	8655
Indian Institute of Technology Patna	Chemical Science and Technology (4 Years, Bachelor of Technology) 	AI 	OBC-NCL 	Gender-Neutral 	4899 	5349
Indian Institute of Technology Patna	Chemical Science and Technology (4 Years, Bachelor of Technology) 	AI 	OBC-NCL 	Female-only (including Supernumerary) 	8942 	9027
Indian Institute of Technology Patna	Civil Engineering (4 Years, Bachelor of Technology) 	AI 	OBC-NCL 	Gender-Neutral 	4246 	5092
Indian Institute of Technology Patna	Civil Engineering (4 Years, Bachelor of Technology) 	AI 	OBC-NCL 	Female-only (including Supernumerary) 	8805 	9256
Indian Institute of Technology Patna	Computer Science and Engineering (4 Years, Bachelor of Technology) 	AI 	OBC-NCL 	Gender-Neutral 	689 	1312
Indian Institute of Technology Patna	Computer Science and Engineering (4 Years, Bachelor of Technology) 	AI 	OBC-NCL 	Female-only (including Supernumerary) 	2944 	3306
Indian Institute of Technology Patna	Economics (4 Years, Bachelor of Science) 	AI 	OBC-NCL 	Gender-Neutral 	4239 	4707
Indian Institute of Technology Patna	Economics (4 Years, Bachelor of Science) 	AI 	OBC-NCL 	Female-only (including Supernumerary) 	7282 	7282
Indian Institute of Technology Patna	Electrical and Electronics Engineering (4 Years, Bachelor of Technology) 	AI 	OBC-NCL 	Gender-Neutral 	2316 	2827
Indian Institute of Technology Patna	Electrical and Electronics Engineering (4 Years, Bachelor of Technology) 	AI 	OBC-NCL 	Female-only (including Supernumerary) 	4967 	5440
Indian Institute of Technology Patna	Electronics and Communication Engineering (4 Years, Bachelor of Technology) 	AI 	OBC-NCL 	Gender-Neutral 	1651 	2283
Indian Institute of Technology Patna	Electronics and Communication Engineering (4 Years, Bachelor of Technology) 	AI 	OBC-NCL 	Female-only (including Supernumerary) 	4634 	4959
Indian Institute of Technology Patna	Engineering Physics (4 Years, Bachelor of Technology) 	AI 	OBC-NCL 	Gender-Neutral 	4553 	5158
Indian Institute of Technology Patna	Engineering Physics (4 Years, Bachelor of Technology) 	AI 	OBC-NCL 	Female-only (including Supernumerary) 	8601 	9005
Indian Institute of Technology Patna	Mathematics and Computing (4 Years, Bachelor of Technology) 	AI 	OBC-NCL 	Gender-Neutral 	1353 	2002
Indian Institute of Technology Patna	Mathematics and Computing (4 Years, Bachelor of Technology) 	AI 	OBC-NCL 	Female-only (including Supernumerary) 	4233 	4606
Indian Institute of Technology Patna	Mechanical Engineering (4 Years, Bachelor of Technology) 	AI 	OBC-NCL 	Gender-Neutral 	3396 	4209
Indian Institute of Technology Patna	Mechanical Engineering (4 Years, Bachelor of Technology) 	AI 	OBC-NCL 	Female-only (including Supernumerary) 	6895 	8475
Indian Institute of Technology Patna	Metallurgical and Materials Engineering (4 Years, Bachelor of Technology) 	AI 	OBC-NCL 	Gender-Neutral 	5177 	5599
Indian Institute of Technology Patna	Metallurgical and Materials Engineering (4 Years, Bachelor of Technology) 	AI 	OBC-NCL 	Female-only (including Supernumerary) 	9442 	9522
Indian Institute of Technology Roorkee	Architecture (5 Years, Bachelor of Architecture) 	AI 	OBC-NCL 	Gender-Neutral 	5425 	6497
Indian Institute of Technology Roorkee	Architecture (5 Years, Bachelor of Architecture) 	AI 	OBC-NCL 	Female-only (including Supernumerary) 	10955 	12609
Indian Institute of Technology Roorkee	Biosciences and Bioengineering (4 Years, Bachelor of Technology) 	AI 	OBC-NCL 	Gender-Neutral 	3449 	3520
Indian Institute of Technology Roorkee	Biosciences and Bioengineering (4 Years, Bachelor of Technology) 	AI 	OBC-NCL 	Female-only (including Supernumerary) 	6261 	7210
Indian Institute of Technology Roorkee	Chemical Engineering (4 Years, Bachelor of Technology) 	AI 	OBC-NCL 	Gender-Neutral 	1847 	2235
Indian Institute of Technology Roorkee	Chemical Engineering (4 Years, Bachelor of Technology) 	AI 	OBC-NCL 	Female-only (including Supernumerary) 	4055 	5240
Indian Institute of Technology Roorkee	Chemical Sciences (5 Years, Bachelor of Science and Master of Science (Dual Degree)) 	AI 	OBC-NCL 	Gender-Neutral 	4356 	4918
Indian Institute of Technology Roorkee	Chemical Sciences (5 Years, Bachelor of Science and Master of Science (Dual Degree)) 	AI 	OBC-NCL 	Female-only (including Supernumerary) 	8773 	8806
Indian Institute of Technology Roorkee	Civil Engineering (4 Years, Bachelor of Technology) 	AI 	OBC-NCL 	Gender-Neutral 	2300 	2967
Indian Institute of Technology Roorkee	Civil Engineering (4 Years, Bachelor of Technology) 	AI 	OBC-NCL 	Female-only (including Supernumerary) 	3485 	6229
Indian Institute of Technology Roorkee	Computer Science and Engineering (4 Years, Bachelor of Technology) 	AI 	OBC-NCL 	Gender-Neutral 	157 	251
Indian Institute of Technology Roorkee	Computer Science and Engineering (4 Years, Bachelor of Technology) 	AI 	OBC-NCL 	Female-only (including Supernumerary) 	842 	1031
Indian Institute of Technology Roorkee	Data Science and Artificial Intelligence (4 Years, Bachelor of Technology) 	AI 	OBC-NCL 	Gender-Neutral 	268 	377
Indian Institute of Technology Roorkee	Data Science and Artificial Intelligence (4 Years, Bachelor of Technology) 	AI 	OBC-NCL 	Female-only (including Supernumerary) 	1302 	1319
Indian Institute of Technology Roorkee	Economics (5 Years, Bachelor of Science and Master of Science (Dual Degree)) 	AI 	OBC-NCL 	Gender-Neutral 	2000 	2745
Indian Institute of Technology Roorkee	Economics (5 Years, Bachelor of Science and Master of Science (Dual Degree)) 	AI 	OBC-NCL 	Female-only (including Supernumerary) 	5298 	5911
Indian Institute of Technology Roorkee	Electrical Engineering (4 Years, Bachelor of Technology) 	AI 	OBC-NCL 	Gender-Neutral 	740 	972
Indian Institute of Technology Roorkee	Electrical Engineering (4 Years, Bachelor of Technology) 	AI 	OBC-NCL 	Female-only (including Supernumerary) 	2496 	2912
Indian Institute of Technology Roorkee	Electronics and Communication Engineering (4 Years, Bachelor of Technology) 	AI 	OBC-NCL 	Gender-Neutral 	366 	712
Indian Institute of Technology Roorkee	Electronics and Communication Engineering (4 Years, Bachelor of Technology) 	AI 	OBC-NCL 	Female-only (including Supernumerary) 	1808 	2161
Indian Institute of Technology Roorkee	Energy Engineering (4 Years, Bachelor of Technology) 	AI 	OBC-NCL 	Gender-Neutral 	1768 	2446
Indian Institute of Technology Roorkee	Energy Engineering (4 Years, Bachelor of Technology) 	AI 	OBC-NCL 	Female-only (including Supernumerary) 	5506 	5506
Indian Institute of Technology Roorkee	Engineering Physics (4 Years, Bachelor of Technology) 	AI 	OBC-NCL 	Gender-Neutral 	1872 	2365
Indian Institute of Technology Roorkee	Engineering Physics (4 Years, Bachelor of Technology) 	AI 	OBC-NCL 	Female-only (including Supernumerary) 	5296 	6251
Indian Institute of Technology Roorkee	Geological Technology (5 Years, Integrated Master of Technology) 	AI 	OBC-NCL 	Gender-Neutral 	4089 	4283
Indian Institute of Technology Roorkee	Geological Technology (5 Years, Integrated Master of Technology) 	AI 	OBC-NCL 	Female-only (including Supernumerary) 	8207 	8510
Indian Institute of Technology Roorkee	Geophysical Technology (5 Years, Integrated Master of Technology) 	AI 	OBC-NCL 	Gender-Neutral 	3482 	4074
Indian Institute of Technology Roorkee	Geophysical Technology (5 Years, Integrated Master of Technology) 	AI 	OBC-NCL 	Female-only (including Supernumerary) 	7127 	7221
Indian Institute of Technology Roorkee	Mathematics & Computing (5 Years, Bachelor of Science and Master of Science (Dual Degree)) 	AI 	OBC-NCL 	Gender-Neutral 	683 	846
Indian Institute of Technology Roorkee	Mathematics & Computing (5 Years, Bachelor of Science and Master of Science (Dual Degree)) 	AI 	OBC-NCL 	Female-only (including Supernumerary) 	2115 	2707
Indian Institute of Technology Roorkee	Mechanical Engineering (4 Years, Bachelor of Technology) 	AI 	OBC-NCL 	Gender-Neutral 	1180 	1795
Indian Institute of Technology Roorkee	Mechanical Engineering (4 Years, Bachelor of Technology) 	AI 	OBC-NCL 	Female-only (including Supernumerary) 	4178 	5088
Indian Institute of Technology Roorkee	Metallurgical and Materials Engineering (4 Years, Bachelor of Technology) 	AI 	OBC-NCL 	Gender-Neutral 	3088 	3424
Indian Institute of Technology Roorkee	Metallurgical and Materials Engineering (4 Years, Bachelor of Technology) 	AI 	OBC-NCL 	Female-only (including Supernumerary) 	5692 	7087
Indian Institute of Technology Roorkee	Physics (5 Years, Bachelor of Science and Master of Science (Dual Degree)) 	AI 	OBC-NCL 	Gender-Neutral 	4195 	4564
Indian Institute of Technology Roorkee	Physics (5 Years, Bachelor of Science and Master of Science (Dual Degree)) 	AI 	OBC-NCL 	Female-only (including Supernumerary) 	6839 	8214
Indian Institute of Technology Roorkee	Production and Industrial Engineering (4 Years, Bachelor of Technology) 	AI 	OBC-NCL 	Gender-Neutral 	2416 	2826
Indian Institute of Technology Roorkee	Production and Industrial Engineering (4 Years, Bachelor of Technology) 	AI 	OBC-NCL 	Female-only (including Supernumerary) 	5548 	5849
Indian Institute of Technology (ISM) Dhanbad	Applied Geology (5 Years, Integrated Master of Technology) 	AI 	OBC-NCL 	Gender-Neutral 	5400 	5684
Indian Institute of Technology (ISM) Dhanbad	Applied Geology (5 Years, Integrated Master of Technology) 	AI 	OBC-NCL 	Female-only (including Supernumerary) 	10160 	10160
Indian Institute of Technology (ISM) Dhanbad	Applied Geophysics (5 Years, Integrated Master of Technology) 	AI 	OBC-NCL 	Gender-Neutral 	5455 	5781
Indian Institute of Technology (ISM) Dhanbad	Applied Geophysics (5 Years, Integrated Master of Technology) 	AI 	OBC-NCL 	Female-only (including Supernumerary) 	10063 	10063
Indian Institute of Technology (ISM) Dhanbad	B.Tech Mining Engineering and MBA in Logistic and Supply Chain Management (IIM Mumbai) (5 Years, Integrated B. Tech. and MBA) 	AI 	OBC-NCL 	Gender-Neutral 	5410 	5753
Indian Institute of Technology (ISM) Dhanbad	B.Tech Mining Engineering and MBA in Logistic and Supply Chain Management (IIM Mumbai) (5 Years, Integrated B. Tech. and MBA) 	AI 	OBC-NCL 	Female-only (including Supernumerary) 	9644 	9877
Indian Institute of Technology (ISM) Dhanbad	Chemical Science (5 Years, Integrated Bachelor of Science-Master of Science) 	AI 	OBC-NCL 	Gender-Neutral 	5626 	6062
Indian Institute of Technology (ISM) Dhanbad	Chemical Science (5 Years, Integrated Bachelor of Science-Master of Science) 	AI 	OBC-NCL 	Female-only (including Supernumerary) 	9547 	9547
Indian Institute of Technology (ISM) Dhanbad	Chemical Engineering (4 Years, Bachelor of Technology) 	AI 	OBC-NCL 	Gender-Neutral 	3207 	4167
Indian Institute of Technology (ISM) Dhanbad	Chemical Engineering (4 Years, Bachelor of Technology) 	AI 	OBC-NCL 	Female-only (including Supernumerary) 	7152 	7304
Indian Institute of Technology (ISM) Dhanbad	Civil Engineering (4 Years, Bachelor of Technology) 	AI 	OBC-NCL 	Gender-Neutral 	4054 	4467
Indian Institute of Technology (ISM) Dhanbad	Civil Engineering (4 Years, Bachelor of Technology) 	AI 	OBC-NCL 	Female-only (including Supernumerary) 	7613 	8238
Indian Institute of Technology (ISM) Dhanbad	Computer Science and Engineering (4 Years, Bachelor of Technology) 	AI 	OBC-NCL 	Gender-Neutral 	733 	1240
Indian Institute of Technology (ISM) Dhanbad	Computer Science and Engineering (4 Years, Bachelor of Technology) 	AI 	OBC-NCL 	Female-only (including Supernumerary) 	2032 	2992
Indian Institute of Technology (ISM) Dhanbad	Electrical Engineering (4 Years, Bachelor of Technology) 	AI 	OBC-NCL 	Gender-Neutral 	1995 	2651
Indian Institute of Technology (ISM) Dhanbad	Electrical Engineering (4 Years, Bachelor of Technology) 	AI 	OBC-NCL 	Female-only (including Supernumerary) 	5328 	6343
Indian Institute of Technology (ISM) Dhanbad	Electronics and Communication Engineering (4 Years, Bachelor of Technology) 	AI 	OBC-NCL 	Gender-Neutral 	1501 	2072
Indian Institute of Technology (ISM) Dhanbad	Electronics and Communication Engineering (4 Years, Bachelor of Technology) 	AI 	OBC-NCL 	Female-only (including Supernumerary) 	3554 	4582
Indian Institute of Technology (ISM) Dhanbad	Engineering Physics (4 Years, Bachelor of Technology) 	AI 	OBC-NCL 	Gender-Neutral 	4107 	4205
Indian Institute of Technology (ISM) Dhanbad	Engineering Physics (4 Years, Bachelor of Technology) 	AI 	OBC-NCL 	Female-only (including Supernumerary) 	7945 	8279
Indian Institute of Technology (ISM) Dhanbad	Environmental Engineering (4 Years, Bachelor of Technology) 	AI 	OBC-NCL 	Gender-Neutral 	4705 	5588
Indian Institute of Technology (ISM) Dhanbad	Environmental Engineering (4 Years, Bachelor of Technology) 	AI 	OBC-NCL 	Female-only (including Supernumerary) 	9024 	9749
Indian Institute of Technology (ISM) Dhanbad	Mathematics and Computing (4 Years, Bachelor of Technology) 	AI 	OBC-NCL 	Gender-Neutral 	1292 	1627
Indian Institute of Technology (ISM) Dhanbad	Mathematics and Computing (4 Years, Bachelor of Technology) 	AI 	OBC-NCL 	Female-only (including Supernumerary) 	3445 	3964
Indian Institute of Technology (ISM) Dhanbad	Mechanical Engineering (4 Years, Bachelor of Technology) 	AI 	OBC-NCL 	Gender-Neutral 	2839 	3660
Indian Institute of Technology (ISM) Dhanbad	Mechanical Engineering (4 Years, Bachelor of Technology) 	AI 	OBC-NCL 	Female-only (including Supernumerary) 	6941 	7644
Indian Institute of Technology (ISM) Dhanbad	Mineral and Metallurgical Engineering (4 Years, Bachelor of Technology) 	AI 	OBC-NCL 	Gender-Neutral 	4755 	5197
Indian Institute of Technology (ISM) Dhanbad	Mineral and Metallurgical Engineering (4 Years, Bachelor of Technology) 	AI 	OBC-NCL 	Female-only (including Supernumerary) 	7501 	8428
Indian Institute of Technology (ISM) Dhanbad	Mining Engineering (4 Years, Bachelor of Technology) 	AI 	OBC-NCL 	Gender-Neutral 	3679 	5180
Indian Institute of Technology (ISM) Dhanbad	Mining Engineering (4 Years, Bachelor of Technology) 	AI 	OBC-NCL 	Female-only (including Supernumerary) 	8249 	9620
Indian Institute of Technology (ISM) Dhanbad	Mining Machinery Engineering (4 Years, Bachelor of Technology) 	AI 	OBC-NCL 	Gender-Neutral 	4865 	5598
Indian Institute of Technology (ISM) Dhanbad	Mining Machinery Engineering (4 Years, Bachelor of Technology) 	AI 	OBC-NCL 	Female-only (including Supernumerary) 	9593 	9767
Indian Institute of Technology (ISM) Dhanbad	Petroleum Engineering (4 Years, Bachelor of Technology) 	AI 	OBC-NCL 	Gender-Neutral 	3377 	4592
Indian Institute of Technology (ISM) Dhanbad	Petroleum Engineering (4 Years, Bachelor of Technology) 	AI 	OBC-NCL 	Female-only (including Supernumerary) 	6991 	9036
Indian Institute of Technology (ISM) Dhanbad	Physical Science (5 Years, Integrated Bachelor of Science-Master of Science) 	AI 	OBC-NCL 	Gender-Neutral 	5723 	6194
Indian Institute of Technology (ISM) Dhanbad	Physical Science (5 Years, Integrated Bachelor of Science-Master of Science) 	AI 	OBC-NCL 	Female-only (including Supernumerary) 	9750 	9750
Indian Institute of Technology Ropar	Artificial Intelligence and Data Engineering (4 Years, Bachelor of Technology) 	AI 	OBC-NCL 	Gender-Neutral 	1120 	1541
Indian Institute of Technology Ropar	Artificial Intelligence and Data Engineering (4 Years, Bachelor of Technology) 	AI 	OBC-NCL 	Female-only (including Supernumerary) 	3557 	4293
Indian Institute of Technology Ropar	Chemical Engineering (4 Years, Bachelor of Technology) 	AI 	OBC-NCL 	Gender-Neutral 	3095 	3836
Indian Institute of Technology Ropar	Chemical Engineering (4 Years, Bachelor of Technology) 	AI 	OBC-NCL 	Female-only (including Supernumerary) 	7167 	7927
Indian Institute of Technology Ropar	Civil Engineering (4 Years, Bachelor of Technology) 	AI 	OBC-NCL 	Gender-Neutral 	4229 	4296
Indian Institute of Technology Ropar	Civil Engineering (4 Years, Bachelor of Technology) 	AI 	OBC-NCL 	Female-only (including Supernumerary) 	8246 	8254
Indian Institute of Technology Ropar	Computer Science and Engineering (4 Years, Bachelor of Technology) 	AI 	OBC-NCL 	Gender-Neutral 	696 	1233
Indian Institute of Technology Ropar	Computer Science and Engineering (4 Years, Bachelor of Technology) 	AI 	OBC-NCL 	Female-only (including Supernumerary) 	2668 	3550
Indian Institute of Technology Ropar	Digital Agriculture (4 Years, Bachelor of Technology) 	AI 	OBC-NCL 	Gender-Neutral 	4401 	5523
Indian Institute of Technology Ropar	Digital Agriculture (4 Years, Bachelor of Technology) 	AI 	OBC-NCL 	Female-only (including Supernumerary) 	9118 	9118
Indian Institute of Technology Ropar	Electrical Engineering (4 Years, Bachelor of Technology) 	AI 	OBC-NCL 	Gender-Neutral 	1552 	2853
Indian Institute of Technology Ropar	Electrical Engineering (4 Years, Bachelor of Technology) 	AI 	OBC-NCL 	Female-only (including Supernumerary) 	5137 	6381
Indian Institute of Technology Ropar	Electrical Engineering (Integrated Circuit Design and Technology) (4 Years, Bachelor of Technology) 	AI 	OBC-NCL 	Gender-Neutral 	2168 	2487
Indian Institute of Technology Ropar	Electrical Engineering (Integrated Circuit Design and Technology) (4 Years, Bachelor of Technology) 	AI 	OBC-NCL 	Female-only (including Supernumerary) 	6307 	6307
Indian Institute of Technology Ropar	Engineering Physics (4 Years, Bachelor of Technology) 	AI 	OBC-NCL 	Gender-Neutral 	4132 	4306
Indian Institute of Technology Ropar	Engineering Physics (4 Years, Bachelor of Technology) 	AI 	OBC-NCL 	Female-only (including Supernumerary) 	8224 	8224
Indian Institute of Technology Ropar	Mathematics and Computing (4 Years, Bachelor of Technology) 	AI 	OBC-NCL 	Gender-Neutral 	1253 	1933
Indian Institute of Technology Ropar	Mathematics and Computing (4 Years, Bachelor of Technology) 	AI 	OBC-NCL 	Female-only (including Supernumerary) 	3766 	4915
Indian Institute of Technology Ropar	Mechanical Engineering (4 Years, Bachelor of Technology) 	AI 	OBC-NCL 	Gender-Neutral 	3168 	3703
Indian Institute of Technology Ropar	Mechanical Engineering (4 Years, Bachelor of Technology) 	AI 	OBC-NCL 	Female-only (including Supernumerary) 	7807 	8380
Indian Institute of Technology Ropar	Metallurgical and Materials Engineering (4 Years, Bachelor of Technology) 	AI 	OBC-NCL 	Gender-Neutral 	4386 	5095
Indian Institute of Technology Ropar	Metallurgical and Materials Engineering (4 Years, Bachelor of Technology) 	AI 	OBC-NCL 	Female-only (including Supernumerary) 	8709 	9123
Indian Institute of Technology (BHU) Varanasi	Architecture (5 Years, Bachelor of Architecture) 	AI 	OBC-NCL 	Gender-Neutral 	6770 	6886
Indian Institute of Technology (BHU) Varanasi	Biochemical Engineering (4 Years, Bachelor of Technology) 	AI 	OBC-NCL 	Gender-Neutral 	3827 	5120
Indian Institute of Technology (BHU) Varanasi	Biochemical Engineering (4 Years, Bachelor of Technology) 	AI 	OBC-NCL 	Female-only (including Supernumerary) 	8973 	8973
Indian Institute of Technology (BHU) Varanasi	Bioengineering (4 Years, Bachelor of Technology) 	AI 	OBC-NCL 	Gender-Neutral 	4128 	4677
Indian Institute of Technology (BHU) Varanasi	Bioengineering (4 Years, Bachelor of Technology) 	AI 	OBC-NCL 	Female-only (including Supernumerary) 	8108 	8108
Indian Institute of Technology (BHU) Varanasi	Ceramic Engineering (4 Years, Bachelor of Technology) 	AI 	OBC-NCL 	Gender-Neutral 	4044 	4982
Indian Institute of Technology (BHU) Varanasi	Ceramic Engineering (4 Years, Bachelor of Technology) 	AI 	OBC-NCL 	Female-only (including Supernumerary) 	9063 	9454
Indian Institute of Technology (BHU) Varanasi	Chemical Engineering (4 Years, Bachelor of Technology) 	AI 	OBC-NCL 	Gender-Neutral 	2230 	3355
Indian Institute of Technology (BHU) Varanasi	Chemical Engineering (4 Years, Bachelor of Technology) 	AI 	OBC-NCL 	Female-only (including Supernumerary) 	4271 	7143
Indian Institute of Technology (BHU) Varanasi	Civil Engineering (4 Years, Bachelor of Technology) 	AI 	OBC-NCL 	Gender-Neutral 	3330 	3840
Indian Institute of Technology (BHU) Varanasi	Civil Engineering (4 Years, Bachelor of Technology) 	AI 	OBC-NCL 	Female-only (including Supernumerary) 	6609 	7788
Indian Institute of Technology (BHU) Varanasi	Computer Science and Engineering (4 Years, Bachelor of Technology) 	AI 	OBC-NCL 	Gender-Neutral 	334 	516
Indian Institute of Technology (BHU) Varanasi	Computer Science and Engineering (4 Years, Bachelor of Technology) 	AI 	OBC-NCL 	Female-only (including Supernumerary) 	1097 	1832
Indian Institute of Technology (BHU) Varanasi	Electrical Engineering (4 Years, Bachelor of Technology) 	AI 	OBC-NCL 	Gender-Neutral 	1061 	1469
Indian Institute of Technology (BHU) Varanasi	Electrical Engineering (4 Years, Bachelor of Technology) 	AI 	OBC-NCL 	Female-only (including Supernumerary) 	2528 	4023
Indian Institute of Technology (BHU) Varanasi	Electronics Engineering (4 Years, Bachelor of Technology) 	AI 	OBC-NCL 	Gender-Neutral 	816 	1209
Indian Institute of Technology (BHU) Varanasi	Electronics Engineering (4 Years, Bachelor of Technology) 	AI 	OBC-NCL 	Female-only (including Supernumerary) 	2555 	3392
Indian Institute of Technology (BHU) Varanasi	Engineering Physics (4 Years, Bachelor of Technology) 	AI 	OBC-NCL 	Gender-Neutral 	2954 	3920
Indian Institute of Technology (BHU) Varanasi	Engineering Physics (4 Years, Bachelor of Technology) 	AI 	OBC-NCL 	Female-only (including Supernumerary) 	7062 	7709
Indian Institute of Technology (BHU) Varanasi	Industrial Chemistry (4 Years, Bachelor of Technology) 	AI 	OBC-NCL 	Gender-Neutral 	4438 	4859
Indian Institute of Technology (BHU) Varanasi	Industrial Chemistry (4 Years, Bachelor of Technology) 	AI 	OBC-NCL 	Female-only (including Supernumerary) 	7816 	8751
Indian Institute of Technology (BHU) Varanasi	Materials Science and Technology (4 Years, Bachelor of Technology) 	AI 	OBC-NCL 	Gender-Neutral 	3759 	4477
Indian Institute of Technology (BHU) Varanasi	Materials Science and Technology (4 Years, Bachelor of Technology) 	AI 	OBC-NCL 	Female-only (including Supernumerary) 	7513 	7657
Indian Institute of Technology (BHU) Varanasi	Mathematics and Computing (4 Years, Bachelor of Technology) 	AI 	OBC-NCL 	Gender-Neutral 	576 	883
Indian Institute of Technology (BHU) Varanasi	Mathematics and Computing (4 Years, Bachelor of Technology) 	AI 	OBC-NCL 	Female-only (including Supernumerary) 	2137 	2664
Indian Institute of Technology (BHU) Varanasi	Mechanical Engineering (4 Years, Bachelor of Technology) 	AI 	OBC-NCL 	Gender-Neutral 	2045 	2783
Indian Institute of Technology (BHU) Varanasi	Mechanical Engineering (4 Years, Bachelor of Technology) 	AI 	OBC-NCL 	Female-only (including Supernumerary) 	4396 	7068
Indian Institute of Technology (BHU) Varanasi	Metallurgical Engineering (4 Years, Bachelor of Technology) 	AI 	OBC-NCL 	Gender-Neutral 	3410 	4465
Indian Institute of Technology (BHU) Varanasi	Metallurgical Engineering (4 Years, Bachelor of Technology) 	AI 	OBC-NCL 	Female-only (including Supernumerary) 	7240 	8284
Indian Institute of Technology (BHU) Varanasi	Mining Engineering (4 Years, Bachelor of Technology) 	AI 	OBC-NCL 	Gender-Neutral 	4476 	5173
Indian Institute of Technology (BHU) Varanasi	Mining Engineering (4 Years, Bachelor of Technology) 	AI 	OBC-NCL 	Female-only (including Supernumerary) 	8188 	9633
Indian Institute of Technology (BHU) Varanasi	Pharmaceutical Engineering & Technology (4 Years, Bachelor of Technology) 	AI 	OBC-NCL 	Gender-Neutral 	4686 	5429
Indian Institute of Technology (BHU) Varanasi	Pharmaceutical Engineering & Technology (4 Years, Bachelor of Technology) 	AI 	OBC-NCL 	Female-only (including Supernumerary) 	9112 	9686
Indian Institute of Technology Guwahati	Biosciences and Bioengineering (4 Years, Bachelor of Technology) 	AI 	OBC-NCL 	Gender-Neutral 	3465 	4290
Indian Institute of Technology Guwahati	Biosciences and Bioengineering (4 Years, Bachelor of Technology) 	AI 	OBC-NCL 	Female-only (including Supernumerary) 	7510 	7996
Indian Institute of Technology Guwahati	Chemical Engineering (4 Years, Bachelor of Technology) 	AI 	OBC-NCL 	Gender-Neutral 	2253 	2443
Indian Institute of Technology Guwahati	Chemical Engineering (4 Years, Bachelor of Technology) 	AI 	OBC-NCL 	Female-only (including Supernumerary) 	5343 	6012
Indian Institute of Technology Guwahati	Chemical Science and Technology (4 Years, Bachelor of Technology) 	AI 	OBC-NCL 	Gender-Neutral 	2355 	3154
Indian Institute of Technology Guwahati	Chemical Science and Technology (4 Years, Bachelor of Technology) 	AI 	OBC-NCL 	Female-only (including Supernumerary) 	6462 	6793
Indian Institute of Technology Guwahati	Civil Engineering (4 Years, Bachelor of Technology) 	AI 	OBC-NCL 	Gender-Neutral 	2689 	3379
Indian Institute of Technology Guwahati	Civil Engineering (4 Years, Bachelor of Technology) 	AI 	OBC-NCL 	Female-only (including Supernumerary) 	6238 	6481
Indian Institute of Technology Guwahati	Computer Science and Engineering (4 Years, Bachelor of Technology) 	AI 	OBC-NCL 	Gender-Neutral 	253 	328
Indian Institute of Technology Guwahati	Computer Science and Engineering (4 Years, Bachelor of Technology) 	AI 	OBC-NCL 	Female-only (including Supernumerary) 	918 	1217
Indian Institute of Technology Guwahati	Data Science and Artificial Intelligence (4 Years, Bachelor of Technology) 	AI 	OBC-NCL 	Gender-Neutral 	386 	441
Indian Institute of Technology Guwahati	Data Science and Artificial Intelligence (4 Years, Bachelor of Technology) 	AI 	OBC-NCL 	Female-only (including Supernumerary) 	1490 	1604
Indian Institute of Technology Guwahati	Electronics and Communication Engineering (4 Years, Bachelor of Technology) 	AI 	OBC-NCL 	Gender-Neutral 	686 	784
Indian Institute of Technology Guwahati	Electronics and Communication Engineering (4 Years, Bachelor of Technology) 	AI 	OBC-NCL 	Female-only (including Supernumerary) 	2099 	2460
Indian Institute of Technology Guwahati	Electronics and Electrical Engineering (4 Years, Bachelor of Technology) 	AI 	OBC-NCL 	Gender-Neutral 	807 	976
Indian Institute of Technology Guwahati	Electronics and Electrical Engineering (4 Years, Bachelor of Technology) 	AI 	OBC-NCL 	Female-only (including Supernumerary) 	2663 	3152
Indian Institute of Technology Guwahati	Energy Engineering (4 Years, Bachelor of Technology) 	AI 	OBC-NCL 	Gender-Neutral 	2466 	2710
Indian Institute of Technology Guwahati	Energy Engineering (4 Years, Bachelor of Technology) 	AI 	OBC-NCL 	Female-only (including Supernumerary) 	6346 	6346
Indian Institute of Technology Guwahati	Engineering Physics (4 Years, Bachelor of Technology) 	AI 	OBC-NCL 	Gender-Neutral 	2572 	3324
Indian Institute of Technology Guwahati	Engineering Physics (4 Years, Bachelor of Technology) 	AI 	OBC-NCL 	Female-only (including Supernumerary) 	6468 	6923
Indian Institute of Technology Guwahati	Mathematics and Computing (4 Years, Bachelor of Technology) 	AI 	OBC-NCL 	Gender-Neutral 	452 	556
Indian Institute of Technology Guwahati	Mathematics and Computing (4 Years, Bachelor of Technology) 	AI 	OBC-NCL 	Female-only (including Supernumerary) 	1858 	2250
Indian Institute of Technology Guwahati	Mechanical Engineering (4 Years, Bachelor of Technology) 	AI 	OBC-NCL 	Gender-Neutral 	1820 	2125
Indian Institute of Technology Guwahati	Mechanical Engineering (4 Years, Bachelor of Technology) 	AI 	OBC-NCL 	Female-only (including Supernumerary) 	5215 	5800
Indian Institute of Technology Bhilai	Computer Science and Engineering (4 Years, Bachelor of Technology) 	AI 	OBC-NCL 	Gender-Neutral 	1937 	2737
Indian Institute of Technology Bhilai	Computer Science and Engineering (4 Years, Bachelor of Technology) 	AI 	OBC-NCL 	Female-only (including Supernumerary) 	3819 	4045
Indian Institute of Technology Bhilai	Data Science and Artificial Intelligence (4 Years, Bachelor of Technology) 	AI 	OBC-NCL 	Gender-Neutral 	2301 	3064
Indian Institute of Technology Bhilai	Data Science and Artificial Intelligence (4 Years, Bachelor of Technology) 	AI 	OBC-NCL 	Female-only (including Supernumerary) 	4962 	5099
Indian Institute of Technology Bhilai	Electrical Engineering (4 Years, Bachelor of Technology) 	AI 	OBC-NCL 	Gender-Neutral 	3566 	3940
Indian Institute of Technology Bhilai	Electrical Engineering (4 Years, Bachelor of Technology) 	AI 	OBC-NCL 	Female-only (including Supernumerary) 	6658 	7036
Indian Institute of Technology Bhilai	Electronics and Communication Engineering (4 Years, Bachelor of Technology) 	AI 	OBC-NCL 	Gender-Neutral 	2878 	3466
Indian Institute of Technology Bhilai	Electronics and Communication Engineering (4 Years, Bachelor of Technology) 	AI 	OBC-NCL 	Female-only (including Supernumerary) 	4668 	6563
Indian Institute of Technology Bhilai	Materials Science and Metallurgical Engineering (4 Years, Bachelor of Technology) 	AI 	OBC-NCL 	Gender-Neutral 	5617 	5772
Indian Institute of Technology Bhilai	Materials Science and Metallurgical Engineering (4 Years, Bachelor of Technology) 	AI 	OBC-NCL 	Female-only (including Supernumerary) 	9349 	9349
Indian Institute of Technology Bhilai	Mechanical Engineering (4 Years, Bachelor of Technology) 	AI 	OBC-NCL 	Gender-Neutral 	4272 	4857
Indian Institute of Technology Bhilai	Mechanical Engineering (4 Years, Bachelor of Technology) 	AI 	OBC-NCL 	Female-only (including Supernumerary) 	8600 	8890
Indian Institute of Technology Bhilai	Mechatronics Engineering (4 Years, Bachelor of Technology) 	AI 	OBC-NCL 	Gender-Neutral 	3062 	4520
Indian Institute of Technology Bhilai	Mechatronics Engineering (4 Years, Bachelor of Technology) 	AI 	OBC-NCL 	Female-only (including Supernumerary) 	8471 	8909
Indian Institute of Technology Goa	Computer Science and Engineering (4 Years, Bachelor of Technology) 	AI 	OBC-NCL 	Gender-Neutral 	1497 	2176
Indian Institute of Technology Goa	Computer Science and Engineering (4 Years, Bachelor of Technology) 	AI 	OBC-NCL 	Female-only (including Supernumerary) 	4193 	4459
Indian Institute of Technology Goa	Electrical Engineering (4 Years, Bachelor of Technology) 	AI 	OBC-NCL 	Gender-Neutral 	3371 	3624
Indian Institute of Technology Goa	Electrical Engineering (4 Years, Bachelor of Technology) 	AI 	OBC-NCL 	Female-only (including Supernumerary) 	6634 	6763
Indian Institute of Technology Goa	Mathematics and Computing (4 Years, Bachelor of Technology) 	AI 	OBC-NCL 	Gender-Neutral 	2373 	3005
Indian Institute of Technology Goa	Mathematics and Computing (4 Years, Bachelor of Technology) 	AI 	OBC-NCL 	Female-only (including Supernumerary) 	4604 	5097
Indian Institute of Technology Goa	Mechanical Engineering (4 Years, Bachelor of Technology) 	AI 	OBC-NCL 	Gender-Neutral 	4262 	4627
Indian Institute of Technology Goa	Mechanical Engineering (4 Years, Bachelor of Technology) 	AI 	OBC-NCL 	Female-only (including Supernumerary) 	8071 	8445
Indian Institute of Technology Palakkad	Civil Engineering (4 Years, Bachelor of Technology) 	AI 	OBC-NCL 	Gender-Neutral 	5021 	5480
Indian Institute of Technology Palakkad	Civil Engineering (4 Years, Bachelor of Technology) 	AI 	OBC-NCL 	Female-only (including Supernumerary) 	8916 	9084
Indian Institute of Technology Palakkad	Computer Science and Engineering (4 Years, Bachelor of Technology) 	AI 	OBC-NCL 	Gender-Neutral 	1942 	2293
Indian Institute of Technology Palakkad	Computer Science and Engineering (4 Years, Bachelor of Technology) 	AI 	OBC-NCL 	Female-only (including Supernumerary) 	3301 	3301
Indian Institute of Technology Palakkad	Data Science and Engineering (4 Years, Bachelor of Technology) 	AI 	OBC-NCL 	Gender-Neutral 	2369 	2963
Indian Institute of Technology Palakkad	Data Science and Engineering (4 Years, Bachelor of Technology) 	AI 	OBC-NCL 	Female-only (including Supernumerary) 	4673 	4821
Indian Institute of Technology Palakkad	Electrical Engineering (4 Years, Bachelor of Technology) 	AI 	OBC-NCL 	Gender-Neutral 	2764 	3631
Indian Institute of Technology Palakkad	Electrical Engineering (4 Years, Bachelor of Technology) 	AI 	OBC-NCL 	Female-only (including Supernumerary) 	6407 	6637
Indian Institute of Technology Palakkad	Mechanical Engineering (4 Years, Bachelor of Technology) 	AI 	OBC-NCL 	Gender-Neutral 	3145 	4349
Indian Institute of Technology Palakkad	Mechanical Engineering (4 Years, Bachelor of Technology) 	AI 	OBC-NCL 	Female-only (including Supernumerary) 	8018 	8309
Indian Institute of Technology Tirupati	Chemical Engineering (4 Years, Bachelor of Technology) 	AI 	OBC-NCL 	Gender-Neutral 	4554 	5188
Indian Institute of Technology Tirupati	Chemical Engineering (4 Years, Bachelor of Technology) 	AI 	OBC-NCL 	Female-only (including Supernumerary) 	7450 	7705
Indian Institute of Technology Tirupati	Civil Engineering (4 Years, Bachelor of Technology) 	AI 	OBC-NCL 	Gender-Neutral 	4842 	5261
Indian Institute of Technology Tirupati	Civil Engineering (4 Years, Bachelor of Technology) 	AI 	OBC-NCL 	Female-only (including Supernumerary) 	7860 	8013
Indian Institute of Technology Tirupati	Computer Science and Engineering (4 Years, Bachelor of Technology) 	AI 	OBC-NCL 	Gender-Neutral 	1579 	1921
Indian Institute of Technology Tirupati	Computer Science and Engineering (4 Years, Bachelor of Technology) 	AI 	OBC-NCL 	Female-only (including Supernumerary) 	2134 	2675
Indian Institute of Technology Tirupati	Electrical Engineering (4 Years, Bachelor of Technology) 	AI 	OBC-NCL 	Gender-Neutral 	2420 	3440
Indian Institute of Technology Tirupati	Electrical Engineering (4 Years, Bachelor of Technology) 	AI 	OBC-NCL 	Female-only (including Supernumerary) 	5141 	6080
Indian Institute of Technology Tirupati	Engineering Physics (4 Years, Bachelor of Technology) 	AI 	OBC-NCL 	Gender-Neutral 	4689 	4815
Indian Institute of Technology Tirupati	Mechanical Engineering (4 Years, Bachelor of Technology) 	AI 	OBC-NCL 	Gender-Neutral 	3736 	4255
Indian Institute of Technology Tirupati	Mechanical Engineering (4 Years, Bachelor of Technology) 	AI 	OBC-NCL 	Female-only (including Supernumerary) 	7461 	7998
Indian Institute of Technology Jammu	Chemical Engineering (4 Years, Bachelor of Technology) 	AI 	OBC-NCL 	Gender-Neutral 	4515 	5768
Indian Institute of Technology Jammu	Chemical Engineering (4 Years, Bachelor of Technology) 	AI 	OBC-NCL 	Female-only (including Supernumerary) 	9381 	9664
Indian Institute of Technology Jammu	Civil Engineering (4 Years, Bachelor of Technology) 	AI 	OBC-NCL 	Gender-Neutral 	5149 	5620
Indian Institute of Technology Jammu	Civil Engineering (4 Years, Bachelor of Technology) 	AI 	OBC-NCL 	Female-only (including Supernumerary) 	9830 	9831
Indian Institute of Technology Jammu	Computer Science and Engineering (4 Years, Bachelor of Technology) 	AI 	OBC-NCL 	Gender-Neutral 	2057 	2736
Indian Institute of Technology Jammu	Computer Science and Engineering (4 Years, Bachelor of Technology) 	AI 	OBC-NCL 	Female-only (including Supernumerary) 	5067 	5225
Indian Institute of Technology Jammu	Electrical Engineering (4 Years, Bachelor of Technology) 	AI 	OBC-NCL 	Gender-Neutral 	3435 	4111
Indian Institute of Technology Jammu	Electrical Engineering (4 Years, Bachelor of Technology) 	AI 	OBC-NCL 	Female-only (including Supernumerary) 	6925 	7892
Indian Institute of Technology Jammu	Engineering Physics (4 Years, Bachelor of Technology) 	AI 	OBC-NCL 	Gender-Neutral 	5475 	5788
Indian Institute of Technology Jammu	Engineering Physics (4 Years, Bachelor of Technology) 	AI 	OBC-NCL 	Female-only (including Supernumerary) 	9469 	9469
Indian Institute of Technology Jammu	Materials Engineering (4 Years, Bachelor of Technology) 	AI 	OBC-NCL 	Gender-Neutral 	5701 	5939
Indian Institute of Technology Jammu	Materials Engineering (4 Years, Bachelor of Technology) 	AI 	OBC-NCL 	Female-only (including Supernumerary) 	9804 	10092
Indian Institute of Technology Jammu	Mathematics and Computing (4 Years, Bachelor of Technology) 	AI 	OBC-NCL 	Gender-Neutral 	2987 	3278
Indian Institute of Technology Jammu	Mathematics and Computing (4 Years, Bachelor of Technology) 	AI 	OBC-NCL 	Female-only (including Supernumerary) 	6284 	6915
Indian Institute of Technology Jammu	Mechanical Engineering (4 Years, Bachelor of Technology) 	AI 	OBC-NCL 	Gender-Neutral 	4475 	5123
Indian Institute of Technology Jammu	Mechanical Engineering (4 Years, Bachelor of Technology) 	AI 	OBC-NCL 	Female-only (including Supernumerary) 	8757 	9537
Indian Institute of Technology Dharwad	Chemical and Biochemical Engineering (4 Years, Bachelor of Technology) 	AI 	OBC-NCL 	Gender-Neutral 	5564 	5636
Indian Institute of Technology Dharwad	Chemical and Biochemical Engineering (4 Years, Bachelor of Technology) 	AI 	OBC-NCL 	Female-only (including Supernumerary) 	9345 	9519
Indian Institute of Technology Dharwad	Civil and Infrastructure Engineering (4 Years, Bachelor of Technology) 	AI 	OBC-NCL 	Gender-Neutral 	5288 	5527
Indian Institute of Technology Dharwad	Civil and Infrastructure Engineering (4 Years, Bachelor of Technology) 	AI 	OBC-NCL 	Female-only (including Supernumerary) 	8085 	8910
Indian Institute of Technology Dharwad	Computer Science and Engineering (4 Years, Bachelor of Technology) 	AI 	OBC-NCL 	Gender-Neutral 	2273 	2556
Indian Institute of Technology Dharwad	Computer Science and Engineering (4 Years, Bachelor of Technology) 	AI 	OBC-NCL 	Female-only (including Supernumerary) 	4021 	4431
Indian Institute of Technology Dharwad	Electrical and Electronics Engineering (4 Years, Bachelor of Technology) 	AI 	OBC-NCL 	Gender-Neutral 	3509 	3680
Indian Institute of Technology Dharwad	Electrical and Electronics Engineering (4 Years, Bachelor of Technology) 	AI 	OBC-NCL 	Female-only (including Supernumerary) 	6540 	6665
Indian Institute of Technology Dharwad	Electronics and Communication Engineering (4 Years, Bachelor of Technology) 	AI 	OBC-NCL 	Gender-Neutral 	2986 	3288
Indian Institute of Technology Dharwad	Electronics and Communication Engineering (4 Years, Bachelor of Technology) 	AI 	OBC-NCL 	Female-only (including Supernumerary) 	5384 	5960
Indian Institute of Technology Dharwad	Engineering Physics (4 Years, Bachelor of Technology) 	AI 	OBC-NCL 	Gender-Neutral 	4861 	5332
Indian Institute of Technology Dharwad	Engineering Physics (4 Years, Bachelor of Technology) 	AI 	OBC-NCL 	Female-only (including Supernumerary) 	8844 	9151
Indian Institute of Technology Dharwad	Interdisciplinary Sciences (5 Years, Bachelor of Science and Master of Science (Dual Degree)) 	AI 	OBC-NCL 	Gender-Neutral 	5988 	6259
Indian Institute of Technology Dharwad	Interdisciplinary Sciences (5 Years, Bachelor of Science and Master of Science (Dual Degree)) 	AI 	OBC-NCL 	Female-only (including Supernumerary) 	9938 	10220
Indian Institute of Technology Dharwad	Mathematics and Computing (4 Years, Bachelor of Technology) 	AI 	OBC-NCL 	Gender-Neutral 	2362 	3178
Indian Institute of Technology Dharwad	Mathematics and Computing (4 Years, Bachelor of Technology) 	AI 	OBC-NCL 	Female-only (including Supernumerary) 	5463 	5470
Indian Institute of Technology Dharwad	Mechanical Engineering (4 Years, Bachelor of Technology) 	AI 	OBC-NCL 	Gender-Neutral 	3610 	5036
Indian Institute of Technology Dharwad	Mechanical Engineering (4 Years, Bachelor of Technology) 	AI 	OBC-NCL 	Female-only (including Supernumerary) 	8099 	8761
Dr. B R Ambedkar National Institute of Technology, Jalandhar	Bio Technology (4 Years, Bachelor of Technology) 	HS 	OBC-NCL 	Gender-Neutral 	33291 	60996
Dr. B R Ambedkar National Institute of Technology, Jalandhar	Bio Technology (4 Years, Bachelor of Technology) 	HS 	OBC-NCL 	Female-only (including Supernumerary) 	52894 	72072
Dr. B R Ambedkar National Institute of Technology, Jalandhar	Bio Technology (4 Years, Bachelor of Technology) 	OS 	OBC-NCL 	Gender-Neutral 	13898 	15164
Dr. B R Ambedkar National Institute of Technology, Jalandhar	Bio Technology (4 Years, Bachelor of Technology) 	OS 	OBC-NCL 	Female-only (including Supernumerary) 	20557 	20859
Dr. B R Ambedkar National Institute of Technology, Jalandhar	Chemical Engineering (4 Years, Bachelor of Technology) 	HS 	OBC-NCL 	Gender-Neutral 	41120 	49321
Dr. B R Ambedkar National Institute of Technology, Jalandhar	Chemical Engineering (4 Years, Bachelor of Technology) 	HS 	OBC-NCL 	Female-only (including Supernumerary) 	37359 	44470
Dr. B R Ambedkar National Institute of Technology, Jalandhar	Chemical Engineering (4 Years, Bachelor of Technology) 	OS 	OBC-NCL 	Gender-Neutral 	10827 	11874
Dr. B R Ambedkar National Institute of Technology, Jalandhar	Chemical Engineering (4 Years, Bachelor of Technology) 	OS 	OBC-NCL 	Female-only (including Supernumerary) 	18859 	19143
Dr. B R Ambedkar National Institute of Technology, Jalandhar	Civil Engineering (4 Years, Bachelor of Technology) 	HS 	OBC-NCL 	Gender-Neutral 	34344 	50919
Dr. B R Ambedkar National Institute of Technology, Jalandhar	Civil Engineering (4 Years, Bachelor of Technology) 	HS 	OBC-NCL 	Female-only (including Supernumerary) 	43683 	63114
Dr. B R Ambedkar National Institute of Technology, Jalandhar	Civil Engineering (4 Years, Bachelor of Technology) 	OS 	OBC-NCL 	Gender-Neutral 	11856 	13067
Dr. B R Ambedkar National Institute of Technology, Jalandhar	Civil Engineering (4 Years, Bachelor of Technology) 	OS 	OBC-NCL 	Female-only (including Supernumerary) 	20034 	20097
Dr. B R Ambedkar National Institute of Technology, Jalandhar	Computer Science and Engineering (4 Years, Bachelor of Technology) 	HS 	OBC-NCL 	Gender-Neutral 	3960 	8793
Dr. B R Ambedkar National Institute of Technology, Jalandhar	Computer Science and Engineering (4 Years, Bachelor of Technology) 	HS 	OBC-NCL 	Female-only (including Supernumerary) 	4979 	10562
Dr. B R Ambedkar National Institute of Technology, Jalandhar	Computer Science and Engineering (4 Years, Bachelor of Technology) 	OS 	OBC-NCL 	Gender-Neutral 	2600 	3759
Dr. B R Ambedkar National Institute of Technology, Jalandhar	Computer Science and Engineering (4 Years, Bachelor of Technology) 	OS 	OBC-NCL 	Female-only (including Supernumerary) 	6820 	7634
Dr. B R Ambedkar National Institute of Technology, Jalandhar	Data Science and Engineering (4 Years, Bachelor of Technology) 	HS 	OBC-NCL 	Gender-Neutral 	8919 	18525
Dr. B R Ambedkar National Institute of Technology, Jalandhar	Data Science and Engineering (4 Years, Bachelor of Technology) 	HS 	OBC-NCL 	Female-only (including Supernumerary) 	23221 	23221
Dr. B R Ambedkar National Institute of Technology, Jalandhar	Data Science and Engineering (4 Years, Bachelor of Technology) 	OS 	OBC-NCL 	Gender-Neutral 	4917 	5385
Dr. B R Ambedkar National Institute of Technology, Jalandhar	Data Science and Engineering (4 Years, Bachelor of Technology) 	OS 	OBC-NCL 	Female-only (including Supernumerary) 	9265 	9265
Dr. B R Ambedkar National Institute of Technology, Jalandhar	Electrical Engineering (4 Years, Bachelor of Technology) 	HS 	OBC-NCL 	Gender-Neutral 	22454 	27518
Dr. B R Ambedkar National Institute of Technology, Jalandhar	Electrical Engineering (4 Years, Bachelor of Technology) 	HS 	OBC-NCL 	Female-only (including Supernumerary) 	30017 	30017
Dr. B R Ambedkar National Institute of Technology, Jalandhar	Electrical Engineering (4 Years, Bachelor of Technology) 	OS 	OBC-NCL 	Gender-Neutral 	5877 	6659
Dr. B R Ambedkar National Institute of Technology, Jalandhar	Electrical Engineering (4 Years, Bachelor of Technology) 	OS 	OBC-NCL 	Female-only (including Supernumerary) 	12913 	12913
Dr. B R Ambedkar National Institute of Technology, Jalandhar	Electronics and Communication Engineering (4 Years, Bachelor of Technology) 	HS 	OBC-NCL 	Gender-Neutral 	9081 	23392
Dr. B R Ambedkar National Institute of Technology, Jalandhar	Electronics and Communication Engineering (4 Years, Bachelor of Technology) 	HS 	OBC-NCL 	Female-only (including Supernumerary) 	22397 	24627
Dr. B R Ambedkar National Institute of Technology, Jalandhar	Electronics and Communication Engineering (4 Years, Bachelor of Technology) 	OS 	OBC-NCL 	Gender-Neutral 	4886 	5712
Dr. B R Ambedkar National Institute of Technology, Jalandhar	Electronics and Communication Engineering (4 Years, Bachelor of Technology) 	OS 	OBC-NCL 	Female-only (including Supernumerary) 	11351 	11408
Dr. B R Ambedkar National Institute of Technology, Jalandhar	Electronics and VLSI Engineering (4 Years, Bachelor of Technology) 	HS 	OBC-NCL 	Gender-Neutral 	23520 	24307
Dr. B R Ambedkar National Institute of Technology, Jalandhar	Electronics and VLSI Engineering (4 Years, Bachelor of Technology) 	HS 	OBC-NCL 	Female-only (including Supernumerary) 	25671 	25671
Dr. B R Ambedkar National Institute of Technology, Jalandhar	Electronics and VLSI Engineering (4 Years, Bachelor of Technology) 	OS 	OBC-NCL 	Gender-Neutral 	5832 	5976
Dr. B R Ambedkar National Institute of Technology, Jalandhar	Electronics and VLSI Engineering (4 Years, Bachelor of Technology) 	OS 	OBC-NCL 	Female-only (including Supernumerary) 	12282 	12282
Dr. B R Ambedkar National Institute of Technology, Jalandhar	Industrial and Production Engineering (4 Years, Bachelor of Technology) 	HS 	OBC-NCL 	Gender-Neutral 	46217 	56244
Dr. B R Ambedkar National Institute of Technology, Jalandhar	Industrial and Production Engineering (4 Years, Bachelor of Technology) 	HS 	OBC-NCL 	Female-only (including Supernumerary) 	70716 	74351
Dr. B R Ambedkar National Institute of Technology, Jalandhar	Industrial and Production Engineering (4 Years, Bachelor of Technology) 	OS 	OBC-NCL 	Gender-Neutral 	12625 	14035
Dr. B R Ambedkar National Institute of Technology, Jalandhar	Industrial and Production Engineering (4 Years, Bachelor of Technology) 	OS 	OBC-NCL 	Female-only (including Supernumerary) 	20537 	21413
Dr. B R Ambedkar National Institute of Technology, Jalandhar	Information Technology (4 Years, Bachelor of Technology) 	HS 	OBC-NCL 	Gender-Neutral 	9123 	16759
Dr. B R Ambedkar National Institute of Technology, Jalandhar	Information Technology (4 Years, Bachelor of Technology) 	HS 	OBC-NCL 	Female-only (including Supernumerary) 	11219 	20479
Dr. B R Ambedkar National Institute of Technology, Jalandhar	Information Technology (4 Years, Bachelor of Technology) 	OS 	OBC-NCL 	Gender-Neutral 	4042 	5165
Dr. B R Ambedkar National Institute of Technology, Jalandhar	Information Technology (4 Years, Bachelor of Technology) 	OS 	OBC-NCL 	Female-only (including Supernumerary) 	8458 	8853
Dr. B R Ambedkar National Institute of Technology, Jalandhar	Instrumentation and Control Engineering (4 Years, Bachelor of Technology) 	HS 	OBC-NCL 	Gender-Neutral 	25114 	38992
Dr. B R Ambedkar National Institute of Technology, Jalandhar	Instrumentation and Control Engineering (4 Years, Bachelor of Technology) 	HS 	OBC-NCL 	Female-only (including Supernumerary) 	45649 	60462
Dr. B R Ambedkar National Institute of Technology, Jalandhar	Instrumentation and Control Engineering (4 Years, Bachelor of Technology) 	OS 	OBC-NCL 	Gender-Neutral 	7319 	8903
Dr. B R Ambedkar National Institute of Technology, Jalandhar	Instrumentation and Control Engineering (4 Years, Bachelor of Technology) 	OS 	OBC-NCL 	Female-only (including Supernumerary) 	16580 	16580
Dr. B R Ambedkar National Institute of Technology, Jalandhar	Mathematics and Computing (4 Years, Bachelor of Technology) 	HS 	OBC-NCL 	Gender-Neutral 	12994 	23138
Dr. B R Ambedkar National Institute of Technology, Jalandhar	Mathematics and Computing (4 Years, Bachelor of Technology) 	HS 	OBC-NCL 	Female-only (including Supernumerary) 	23380 	23380
Dr. B R Ambedkar National Institute of Technology, Jalandhar	Mathematics and Computing (4 Years, Bachelor of Technology) 	OS 	OBC-NCL 	Gender-Neutral 	4955 	5608
Dr. B R Ambedkar National Institute of Technology, Jalandhar	Mathematics and Computing (4 Years, Bachelor of Technology) 	OS 	OBC-NCL 	Female-only (including Supernumerary) 	9610 	9610
Dr. B R Ambedkar National Institute of Technology, Jalandhar	Mechanical Engineering (4 Years, Bachelor of Technology) 	HS 	OBC-NCL 	Gender-Neutral 	27625 	40042
Dr. B R Ambedkar National Institute of Technology, Jalandhar	Mechanical Engineering (4 Years, Bachelor of Technology) 	HS 	OBC-NCL 	Female-only (including Supernumerary) 	30929 	52625
Dr. B R Ambedkar National Institute of Technology, Jalandhar	Mechanical Engineering (4 Years, Bachelor of Technology) 	OS 	OBC-NCL 	Gender-Neutral 	8453 	9771
Dr. B R Ambedkar National Institute of Technology, Jalandhar	Mechanical Engineering (4 Years, Bachelor of Technology) 	OS 	OBC-NCL 	Female-only (including Supernumerary) 	18156 	18267
Dr. B R Ambedkar National Institute of Technology, Jalandhar	Textile Technology (4 Years, Bachelor of Technology) 	HS 	OBC-NCL 	Gender-Neutral 	51132 	68050
Dr. B R Ambedkar National Institute of Technology, Jalandhar	Textile Technology (4 Years, Bachelor of Technology) 	HS 	OBC-NCL 	Female-only (including Supernumerary) 	41751 	80022
Dr. B R Ambedkar National Institute of Technology, Jalandhar	Textile Technology (4 Years, Bachelor of Technology) 	OS 	OBC-NCL 	Gender-Neutral 	15119 	16183
Dr. B R Ambedkar National Institute of Technology, Jalandhar	Textile Technology (4 Years, Bachelor of Technology) 	OS 	OBC-NCL 	Female-only (including Supernumerary) 	22335 	22335
Malaviya National Institute of Technology Jaipur	Architecture (5 Years, Bachelor of Architecture) 	HS 	OBC-NCL 	Gender-Neutral 	670 	1569
Malaviya National Institute of Technology Jaipur	Architecture (5 Years, Bachelor of Architecture) 	HS 	OBC-NCL 	Female-only (including Supernumerary) 	648 	772
Malaviya National Institute of Technology Jaipur	Architecture (5 Years, Bachelor of Architecture) 	OS 	OBC-NCL 	Gender-Neutral 	168 	415
Malaviya National Institute of Technology Jaipur	Architecture (5 Years, Bachelor of Architecture) 	OS 	OBC-NCL 	Female-only (including Supernumerary) 	260 	298
Malaviya National Institute of Technology Jaipur	Artificial Intelligence and Data Engineering (4 Years, Bachelor of Technology) 	HS 	OBC-NCL 	Gender-Neutral 	1512 	2359
Malaviya National Institute of Technology Jaipur	Artificial Intelligence and Data Engineering (4 Years, Bachelor of Technology) 	HS 	OBC-NCL 	Female-only (including Supernumerary) 	5444 	5444
Malaviya National Institute of Technology Jaipur	Artificial Intelligence and Data Engineering (4 Years, Bachelor of Technology) 	OS 	OBC-NCL 	Gender-Neutral 	1531 	2508
Malaviya National Institute of Technology Jaipur	Artificial Intelligence and Data Engineering (4 Years, Bachelor of Technology) 	OS 	OBC-NCL 	Female-only (including Supernumerary) 	3526 	3526
Malaviya National Institute of Technology Jaipur	Chemical Engineering (4 Years, Bachelor of Technology) 	HS 	OBC-NCL 	Gender-Neutral 	7279 	9233
Malaviya National Institute of Technology Jaipur	Chemical Engineering (4 Years, Bachelor of Technology) 	HS 	OBC-NCL 	Female-only (including Supernumerary) 	11820 	13276
Malaviya National Institute of Technology Jaipur	Chemical Engineering (4 Years, Bachelor of Technology) 	OS 	OBC-NCL 	Gender-Neutral 	6661 	8298
Malaviya National Institute of Technology Jaipur	Chemical Engineering (4 Years, Bachelor of Technology) 	OS 	OBC-NCL 	Female-only (including Supernumerary) 	13055 	16189
Malaviya National Institute of Technology Jaipur	Civil Engineering (4 Years, Bachelor of Technology) 	HS 	OBC-NCL 	Gender-Neutral 	7746 	9829
Malaviya National Institute of Technology Jaipur	Civil Engineering (4 Years, Bachelor of Technology) 	HS 	OBC-NCL 	Female-only (including Supernumerary) 	11840 	14747
Malaviya National Institute of Technology Jaipur	Civil Engineering (4 Years, Bachelor of Technology) 	OS 	OBC-NCL 	Gender-Neutral 	9788 	10441
Malaviya National Institute of Technology Jaipur	Civil Engineering (4 Years, Bachelor of Technology) 	OS 	OBC-NCL 	Female-only (including Supernumerary) 	15364 	16562
Malaviya National Institute of Technology Jaipur	Computer Science and Engineering (4 Years, Bachelor of Technology) 	HS 	OBC-NCL 	Gender-Neutral 	1337 	1922
Malaviya National Institute of Technology Jaipur	Computer Science and Engineering (4 Years, Bachelor of Technology) 	HS 	OBC-NCL 	Female-only (including Supernumerary) 	3361 	3752
Malaviya National Institute of Technology Jaipur	Computer Science and Engineering (4 Years, Bachelor of Technology) 	OS 	OBC-NCL 	Gender-Neutral 	1268 	2008
Malaviya National Institute of Technology Jaipur	Computer Science and Engineering (4 Years, Bachelor of Technology) 	OS 	OBC-NCL 	Female-only (including Supernumerary) 	2068 	3427
Malaviya National Institute of Technology Jaipur	Electrical Engineering (4 Years, Bachelor of Technology) 	HS 	OBC-NCL 	Gender-Neutral 	3566 	5056
Malaviya National Institute of Technology Jaipur	Electrical Engineering (4 Years, Bachelor of Technology) 	HS 	OBC-NCL 	Female-only (including Supernumerary) 	8761 	9442
Malaviya National Institute of Technology Jaipur	Electrical Engineering (4 Years, Bachelor of Technology) 	OS 	OBC-NCL 	Gender-Neutral 	4344 	5097
Malaviya National Institute of Technology Jaipur	Electrical Engineering (4 Years, Bachelor of Technology) 	OS 	OBC-NCL 	Female-only (including Supernumerary) 	8119 	9891
Malaviya National Institute of Technology Jaipur	Electronics and Communication Engineering (4 Years, Bachelor of Technology) 	HS 	OBC-NCL 	Gender-Neutral 	2648 	3493
Malaviya National Institute of Technology Jaipur	Electronics and Communication Engineering (4 Years, Bachelor of Technology) 	HS 	OBC-NCL 	Female-only (including Supernumerary) 	5722 	7288
Malaviya National Institute of Technology Jaipur	Electronics and Communication Engineering (4 Years, Bachelor of Technology) 	OS 	OBC-NCL 	Gender-Neutral 	2769 	3712
Malaviya National Institute of Technology Jaipur	Electronics and Communication Engineering (4 Years, Bachelor of Technology) 	OS 	OBC-NCL 	Female-only (including Supernumerary) 	5033 	6233
Malaviya National Institute of Technology Jaipur	Mechanical Engineering (4 Years, Bachelor of Technology) 	HS 	OBC-NCL 	Gender-Neutral 	5156 	7253
Malaviya National Institute of Technology Jaipur	Mechanical Engineering (4 Years, Bachelor of Technology) 	HS 	OBC-NCL 	Female-only (including Supernumerary) 	9455 	12497
Malaviya National Institute of Technology Jaipur	Mechanical Engineering (4 Years, Bachelor of Technology) 	OS 	OBC-NCL 	Gender-Neutral 	5457 	7244
Malaviya National Institute of Technology Jaipur	Mechanical Engineering (4 Years, Bachelor of Technology) 	OS 	OBC-NCL 	Female-only (including Supernumerary) 	11514 	16086
Malaviya National Institute of Technology Jaipur	Metallurgical and Materials Engineering (4 Years, Bachelor of Technology) 	HS 	OBC-NCL 	Gender-Neutral 	9488 	11169
Malaviya National Institute of Technology Jaipur	Metallurgical and Materials Engineering (4 Years, Bachelor of Technology) 	HS 	OBC-NCL 	Female-only (including Supernumerary) 	13575 	18919
Malaviya National Institute of Technology Jaipur	Metallurgical and Materials Engineering (4 Years, Bachelor of Technology) 	OS 	OBC-NCL 	Gender-Neutral 	11090 	12782
Malaviya National Institute of Technology Jaipur	Metallurgical and Materials Engineering (4 Years, Bachelor of Technology) 	OS 	OBC-NCL 	Female-only (including Supernumerary) 	18254 	18469
Maulana Azad National Institute of Technology Bhopal	Architecture (5 Years, Bachelor of Architecture) 	HS 	OBC-NCL 	Gender-Neutral 	1571 	3873
Maulana Azad National Institute of Technology Bhopal	Architecture (5 Years, Bachelor of Architecture) 	HS 	OBC-NCL 	Female-only (including Supernumerary) 	1037 	1283
Maulana Azad National Institute of Technology Bhopal	Architecture (5 Years, Bachelor of Architecture) 	OS 	OBC-NCL 	Gender-Neutral 	284 	523
Maulana Azad National Institute of Technology Bhopal	Architecture (5 Years, Bachelor of Architecture) 	OS 	OBC-NCL 	Female-only (including Supernumerary) 	390 	417
Maulana Azad National Institute of Technology Bhopal	B. Tech. and M. Tech. in Engineering and Computational Mechanics (Dual Degree) (5 Years, Bachelor and Master of Technology (Dual Degree)) 	HS 	OBC-NCL 	Gender-Neutral 	10498 	12706
Maulana Azad National Institute of Technology Bhopal	B. Tech. and M. Tech. in Engineering and Computational Mechanics (Dual Degree) (5 Years, Bachelor and Master of Technology (Dual Degree)) 	HS 	OBC-NCL 	Female-only (including Supernumerary) 	21142 	21142
Maulana Azad National Institute of Technology Bhopal	B. Tech. and M. Tech. in Engineering and Computational Mechanics (Dual Degree) (5 Years, Bachelor and Master of Technology (Dual Degree)) 	OS 	OBC-NCL 	Gender-Neutral 	6052 	7810
Maulana Azad National Institute of Technology Bhopal	B. Tech. and M. Tech. in Engineering and Computational Mechanics (Dual Degree) (5 Years, Bachelor and Master of Technology (Dual Degree)) 	OS 	OBC-NCL 	Female-only (including Supernumerary) 	14657 	14657
Maulana Azad National Institute of Technology Bhopal	Chemical Engineering (4 Years, Bachelor of Technology) 	HS 	OBC-NCL 	Gender-Neutral 	12727 	13558
Maulana Azad National Institute of Technology Bhopal	Chemical Engineering (4 Years, Bachelor of Technology) 	HS 	OBC-NCL 	Female-only (including Supernumerary) 	17222 	18713
Maulana Azad National Institute of Technology Bhopal	Chemical Engineering (4 Years, Bachelor of Technology) 	OS 	OBC-NCL 	Gender-Neutral 	9496 	11319
Maulana Azad National Institute of Technology Bhopal	Chemical Engineering (4 Years, Bachelor of Technology) 	OS 	OBC-NCL 	Female-only (including Supernumerary) 	16014 	18707
Maulana Azad National Institute of Technology Bhopal	Civil Engineering (4 Years, Bachelor of Technology) 	HS 	OBC-NCL 	Gender-Neutral 	13785 	15893
Maulana Azad National Institute of Technology Bhopal	Civil Engineering (4 Years, Bachelor of Technology) 	HS 	OBC-NCL 	Female-only (including Supernumerary) 	23137 	23264
Maulana Azad National Institute of Technology Bhopal	Civil Engineering (4 Years, Bachelor of Technology) 	OS 	OBC-NCL 	Gender-Neutral 	11431 	13054
Maulana Azad National Institute of Technology Bhopal	Civil Engineering (4 Years, Bachelor of Technology) 	OS 	OBC-NCL 	Female-only (including Supernumerary) 	19581 	19920
Maulana Azad National Institute of Technology Bhopal	Computer Science and Engineering (4 Years, Bachelor of Technology) 	HS 	OBC-NCL 	Gender-Neutral 	2629 	4437
Maulana Azad National Institute of Technology Bhopal	Computer Science and Engineering (4 Years, Bachelor of Technology) 	HS 	OBC-NCL 	Female-only (including Supernumerary) 	5431 	9029
Maulana Azad National Institute of Technology Bhopal	Computer Science and Engineering (4 Years, Bachelor of Technology) 	OS 	OBC-NCL 	Gender-Neutral 	2582 	3243
Maulana Azad National Institute of Technology Bhopal	Computer Science and Engineering (4 Years, Bachelor of Technology) 	OS 	OBC-NCL 	Female-only (including Supernumerary) 	4644 	6427
Maulana Azad National Institute of Technology Bhopal	Electrical Engineering (4 Years, Bachelor of Technology) 	HS 	OBC-NCL 	Gender-Neutral 	6138 	7696
Maulana Azad National Institute of Technology Bhopal	Electrical Engineering (4 Years, Bachelor of Technology) 	HS 	OBC-NCL 	Female-only (including Supernumerary) 	13340 	17171
Maulana Azad National Institute of Technology Bhopal	Electrical Engineering (4 Years, Bachelor of Technology) 	OS 	OBC-NCL 	Gender-Neutral 	5982 	6642
Maulana Azad National Institute of Technology Bhopal	Electrical Engineering (4 Years, Bachelor of Technology) 	OS 	OBC-NCL 	Female-only (including Supernumerary) 	12023 	12451
Maulana Azad National Institute of Technology Bhopal	Electronics and Communication Engineering (4 Years, Bachelor of Technology) 	HS 	OBC-NCL 	Gender-Neutral 	4498 	6093
Maulana Azad National Institute of Technology Bhopal	Electronics and Communication Engineering (4 Years, Bachelor of Technology) 	HS 	OBC-NCL 	Female-only (including Supernumerary) 	10185 	12127
Maulana Azad National Institute of Technology Bhopal	Electronics and Communication Engineering (4 Years, Bachelor of Technology) 	OS 	OBC-NCL 	Gender-Neutral 	3796 	5233
Maulana Azad National Institute of Technology Bhopal	Electronics and Communication Engineering (4 Years, Bachelor of Technology) 	OS 	OBC-NCL 	Female-only (including Supernumerary) 	6991 	8844
Maulana Azad National Institute of Technology Bhopal	Energy and Electrical Vehicle Engineering (4 Years, Bachelor of Technology) 	HS 	OBC-NCL 	Gender-Neutral 	13406 	14133
Maulana Azad National Institute of Technology Bhopal	Energy and Electrical Vehicle Engineering (4 Years, Bachelor of Technology) 	HS 	OBC-NCL 	Female-only (including Supernumerary) 	20798 	20798
Maulana Azad National Institute of Technology Bhopal	Energy and Electrical Vehicle Engineering (4 Years, Bachelor of Technology) 	OS 	OBC-NCL 	Gender-Neutral 	7225 	8270
Maulana Azad National Institute of Technology Bhopal	Energy and Electrical Vehicle Engineering (4 Years, Bachelor of Technology) 	OS 	OBC-NCL 	Female-only (including Supernumerary) 	14650 	14650
Maulana Azad National Institute of Technology Bhopal	Materials Science and Metallurgical Engineering (4 Years, Bachelor of Technology) 	HS 	OBC-NCL 	Gender-Neutral 	14850 	17123
Maulana Azad National Institute of Technology Bhopal	Materials Science and Metallurgical Engineering (4 Years, Bachelor of Technology) 	HS 	OBC-NCL 	Female-only (including Supernumerary) 	21779 	24368
Maulana Azad National Institute of Technology Bhopal	Materials Science and Metallurgical Engineering (4 Years, Bachelor of Technology) 	OS 	OBC-NCL 	Gender-Neutral 	13368 	14652
Maulana Azad National Institute of Technology Bhopal	Materials Science and Metallurgical Engineering (4 Years, Bachelor of Technology) 	OS 	OBC-NCL 	Female-only (including Supernumerary) 	20799 	20814
Maulana Azad National Institute of Technology Bhopal	Mathematics and Data Science (5 Years, Bachelor and Master of Technology (Dual Degree)) 	HS 	OBC-NCL 	Gender-Neutral 	4493 	5791
Maulana Azad National Institute of Technology Bhopal	Mathematics and Data Science (5 Years, Bachelor and Master of Technology (Dual Degree)) 	HS 	OBC-NCL 	Female-only (including Supernumerary) 	9804 	9804
Maulana Azad National Institute of Technology Bhopal	Mathematics and Data Science (5 Years, Bachelor and Master of Technology (Dual Degree)) 	OS 	OBC-NCL 	Gender-Neutral 	4948 	5322
Maulana Azad National Institute of Technology Bhopal	Mathematics and Data Science (5 Years, Bachelor and Master of Technology (Dual Degree)) 	OS 	OBC-NCL 	Female-only (including Supernumerary) 	5532 	5532
Maulana Azad National Institute of Technology Bhopal	Mechanical Engineering (4 Years, Bachelor of Technology) 	HS 	OBC-NCL 	Gender-Neutral 	9317 	12186
Maulana Azad National Institute of Technology Bhopal	Mechanical Engineering (4 Years, Bachelor of Technology) 	HS 	OBC-NCL 	Female-only (including Supernumerary) 	17404 	22328
Maulana Azad National Institute of Technology Bhopal	Mechanical Engineering (4 Years, Bachelor of Technology) 	OS 	OBC-NCL 	Gender-Neutral 	7449 	9249
Maulana Azad National Institute of Technology Bhopal	Mechanical Engineering (4 Years, Bachelor of Technology) 	OS 	OBC-NCL 	Female-only (including Supernumerary) 	16064 	18868
Maulana Azad National Institute of Technology Bhopal	Planning (4 Years, Bachelor of Planning) 	HS 	OBC-NCL 	Gender-Neutral 	1118 	2436
Maulana Azad National Institute of Technology Bhopal	Planning (4 Years, Bachelor of Planning) 	HS 	OBC-NCL 	Female-only (including Supernumerary) 	1364 	1364
Maulana Azad National Institute of Technology Bhopal	Planning (4 Years, Bachelor of Planning) 	OS 	OBC-NCL 	Gender-Neutral 	253 	343
Maulana Azad National Institute of Technology Bhopal	Planning (4 Years, Bachelor of Planning) 	OS 	OBC-NCL 	Female-only (including Supernumerary) 	174 	413
Motilal Nehru National Institute of Technology Allahabad	Bio Technology (4 Years, Bachelor of Technology) 	HS 	OBC-NCL 	Gender-Neutral 	11200 	13765
Motilal Nehru National Institute of Technology Allahabad	Bio Technology (4 Years, Bachelor of Technology) 	OS 	OBC-NCL 	Gender-Neutral 	11339 	13300
Motilal Nehru National Institute of Technology Allahabad	Bio Technology (4 Years, Bachelor of Technology) 	OS 	OBC-NCL 	Female-only (including Supernumerary) 	18439 	18439
Motilal Nehru National Institute of Technology Allahabad	Chemical Engineering (4 Years, Bachelor of Technology) 	HS 	OBC-NCL 	Gender-Neutral 	6558 	7688
Motilal Nehru National Institute of Technology Allahabad	Chemical Engineering (4 Years, Bachelor of Technology) 	HS 	OBC-NCL 	Female-only (including Supernumerary) 	12503 	12503
Motilal Nehru National Institute of Technology Allahabad	Chemical Engineering (4 Years, Bachelor of Technology) 	OS 	OBC-NCL 	Gender-Neutral 	6879 	8089
Motilal Nehru National Institute of Technology Allahabad	Chemical Engineering (4 Years, Bachelor of Technology) 	OS 	OBC-NCL 	Female-only (including Supernumerary) 	12974 	12974
Motilal Nehru National Institute of Technology Allahabad	Civil Engineering (4 Years, Bachelor of Technology) 	HS 	OBC-NCL 	Gender-Neutral 	7754 	9758
Motilal Nehru National Institute of Technology Allahabad	Civil Engineering (4 Years, Bachelor of Technology) 	HS 	OBC-NCL 	Female-only (including Supernumerary) 	14292 	16920
Motilal Nehru National Institute of Technology Allahabad	Civil Engineering (4 Years, Bachelor of Technology) 	OS 	OBC-NCL 	Gender-Neutral 	8314 	9545
Motilal Nehru National Institute of Technology Allahabad	Civil Engineering (4 Years, Bachelor of Technology) 	OS 	OBC-NCL 	Female-only (including Supernumerary) 	15276 	18044
Motilal Nehru National Institute of Technology Allahabad	Computer Science and Engineering (4 Years, Bachelor of Technology) 	HS 	OBC-NCL 	Gender-Neutral 	1364 	2544
Motilal Nehru National Institute of Technology Allahabad	Computer Science and Engineering (4 Years, Bachelor of Technology) 	HS 	OBC-NCL 	Female-only (including Supernumerary) 	3013 	5629
Motilal Nehru National Institute of Technology Allahabad	Computer Science and Engineering (4 Years, Bachelor of Technology) 	OS 	OBC-NCL 	Gender-Neutral 	913 	1635
Motilal Nehru National Institute of Technology Allahabad	Computer Science and Engineering (4 Years, Bachelor of Technology) 	OS 	OBC-NCL 	Female-only (including Supernumerary) 	2200 	3666
Motilal Nehru National Institute of Technology Allahabad	Electrical Engineering (4 Years, Bachelor of Technology) 	HS 	OBC-NCL 	Gender-Neutral 	3676 	4601
Motilal Nehru National Institute of Technology Allahabad	Electrical Engineering (4 Years, Bachelor of Technology) 	HS 	OBC-NCL 	Female-only (including Supernumerary) 	8153 	9960
Motilal Nehru National Institute of Technology Allahabad	Electrical Engineering (4 Years, Bachelor of Technology) 	OS 	OBC-NCL 	Gender-Neutral 	2979 	4565
Motilal Nehru National Institute of Technology Allahabad	Electrical Engineering (4 Years, Bachelor of Technology) 	OS 	OBC-NCL 	Female-only (including Supernumerary) 	8505 	9117
Motilal Nehru National Institute of Technology Allahabad	Electronics and Communication Engineering (4 Years, Bachelor of Technology) 	HS 	OBC-NCL 	Gender-Neutral 	2567 	3655
Motilal Nehru National Institute of Technology Allahabad	Electronics and Communication Engineering (4 Years, Bachelor of Technology) 	HS 	OBC-NCL 	Female-only (including Supernumerary) 	6315 	6959
Motilal Nehru National Institute of Technology Allahabad	Electronics and Communication Engineering (4 Years, Bachelor of Technology) 	OS 	OBC-NCL 	Gender-Neutral 	1677 	2939
Motilal Nehru National Institute of Technology Allahabad	Electronics and Communication Engineering (4 Years, Bachelor of Technology) 	OS 	OBC-NCL 	Female-only (including Supernumerary) 	4930 	7166
Motilal Nehru National Institute of Technology Allahabad	Engineering and Computational Mechanics (4 Years, Bachelor of Technology) 	HS 	OBC-NCL 	Gender-Neutral 	4821 	5090
Motilal Nehru National Institute of Technology Allahabad	Engineering and Computational Mechanics (4 Years, Bachelor of Technology) 	HS 	OBC-NCL 	Female-only (including Supernumerary) 	10837 	10837
Motilal Nehru National Institute of Technology Allahabad	Engineering and Computational Mechanics (4 Years, Bachelor of Technology) 	OS 	OBC-NCL 	Gender-Neutral 	4626 	5065
Motilal Nehru National Institute of Technology Allahabad	Engineering and Computational Mechanics (4 Years, Bachelor of Technology) 	OS 	OBC-NCL 	Female-only (including Supernumerary) 	7920 	7920
Motilal Nehru National Institute of Technology Allahabad	Materials Engineering (4 Years, Bachelor of Technology) 	HS 	OBC-NCL 	Gender-Neutral 	10560 	11892
Motilal Nehru National Institute of Technology Allahabad	Materials Engineering (4 Years, Bachelor of Technology) 	HS 	OBC-NCL 	Female-only (including Supernumerary) 	17414 	17414
Motilal Nehru National Institute of Technology Allahabad	Materials Engineering (4 Years, Bachelor of Technology) 	OS 	OBC-NCL 	Gender-Neutral 	10223 	11879
Motilal Nehru National Institute of Technology Allahabad	Materials Engineering (4 Years, Bachelor of Technology) 	OS 	OBC-NCL 	Female-only (including Supernumerary) 	17884 	17884
Motilal Nehru National Institute of Technology Allahabad	Mechanical Engineering (4 Years, Bachelor of Technology) 	HS 	OBC-NCL 	Gender-Neutral 	5727 	6946
Motilal Nehru National Institute of Technology Allahabad	Mechanical Engineering (4 Years, Bachelor of Technology) 	HS 	OBC-NCL 	Female-only (including Supernumerary) 	10211 	14784
Motilal Nehru National Institute of Technology Allahabad	Mechanical Engineering (4 Years, Bachelor of Technology) 	OS 	OBC-NCL 	Gender-Neutral 	5357 	7404
Motilal Nehru National Institute of Technology Allahabad	Mechanical Engineering (4 Years, Bachelor of Technology) 	OS 	OBC-NCL 	Female-only (including Supernumerary) 	12682 	14627
Motilal Nehru National Institute of Technology Allahabad	Production and Industrial Engineering (4 Years, Bachelor of Technology) 	HS 	OBC-NCL 	Gender-Neutral 	10871 	13250
Motilal Nehru National Institute of Technology Allahabad	Production and Industrial Engineering (4 Years, Bachelor of Technology) 	OS 	OBC-NCL 	Gender-Neutral 	9313 	12175
Motilal Nehru National Institute of Technology Allahabad	Production and Industrial Engineering (4 Years, Bachelor of Technology) 	OS 	OBC-NCL 	Female-only (including Supernumerary) 	18444 	18444
National Institute of Technology Agartala	Biotechnology and Biochemical Engineering (4 Years, Bachelor of Technology) 	OS 	OBC-NCL 	Gender-Neutral 	17330 	18319
National Institute of Technology Agartala	Biotechnology and Biochemical Engineering (4 Years, Bachelor of Technology) 	OS 	OBC-NCL 	Female-only (including Supernumerary) 	25531 	26498
National Institute of Technology Agartala	Chemical Engineering (4 Years, Bachelor of Technology) 	OS 	OBC-NCL 	Gender-Neutral 	14921 	16313
National Institute of Technology Agartala	Chemical Engineering (4 Years, Bachelor of Technology) 	OS 	OBC-NCL 	Female-only (including Supernumerary) 	22336 	23376
National Institute of Technology Agartala	Chemistry (5 Years, Bachelor of Science and Master of Science (Dual Degree)) 	OS 	OBC-NCL 	Gender-Neutral 	18201 	19261
National Institute of Technology Agartala	Civil Engineering (4 Years, Bachelor of Technology) 	OS 	OBC-NCL 	Gender-Neutral 	15878 	17161
National Institute of Technology Agartala	Civil Engineering (4 Years, Bachelor of Technology) 	OS 	OBC-NCL 	Female-only (including Supernumerary) 	23243 	24431
National Institute of Technology Agartala	Computational Mathematics (5 Years, Bachelor and Master of Technology (Dual Degree)) 	OS 	OBC-NCL 	Gender-Neutral 	10214 	12558
National Institute of Technology Agartala	Computer Science and Engineering (4 Years, Bachelor of Technology) 	OS 	OBC-NCL 	Gender-Neutral 	5964 	6923
National Institute of Technology Agartala	Computer Science and Engineering (4 Years, Bachelor of Technology) 	OS 	OBC-NCL 	Female-only (including Supernumerary) 	12008 	13710
National Institute of Technology Agartala	Electrical Engineering (4 Years, Bachelor of Technology) 	OS 	OBC-NCL 	Gender-Neutral 	9609 	11497
National Institute of Technology Agartala	Electrical Engineering (4 Years, Bachelor of Technology) 	OS 	OBC-NCL 	Female-only (including Supernumerary) 	17540 	19146
National Institute of Technology Agartala	Electronics and Communication Engineering (4 Years, Bachelor of Technology) 	OS 	OBC-NCL 	Gender-Neutral 	7313 	8798
National Institute of Technology Agartala	Electronics and Communication Engineering (4 Years, Bachelor of Technology) 	OS 	OBC-NCL 	Female-only (including Supernumerary) 	14489 	15077
National Institute of Technology Agartala	Electronics and Instrumentation Engineering (4 Years, Bachelor of Technology) 	OS 	OBC-NCL 	Gender-Neutral 	10565 	12464
National Institute of Technology Agartala	Electronics and Instrumentation Engineering (4 Years, Bachelor of Technology) 	OS 	OBC-NCL 	Female-only (including Supernumerary) 	17229 	19532
National Institute of Technology Agartala	Engineering Physics (5 Years, Bachelor and Master of Technology (Dual Degree)) 	OS 	OBC-NCL 	Gender-Neutral 	16426 	17234
National Institute of Technology Agartala	Mathematics & Computing (5 Years, Bachelor of Science and Master of Science (Dual Degree)) 	OS 	OBC-NCL 	Gender-Neutral 	12122 	14749
National Institute of Technology Agartala	Mechanical Engineering (4 Years, Bachelor of Technology) 	OS 	OBC-NCL 	Gender-Neutral 	13326 	14961
National Institute of Technology Agartala	Mechanical Engineering (4 Years, Bachelor of Technology) 	OS 	OBC-NCL 	Female-only (including Supernumerary) 	22224 	22970
National Institute of Technology Agartala	Physics (5 Years, Bachelor of Science and Master of Science (Dual Degree)) 	OS 	OBC-NCL 	Gender-Neutral 	17360 	18601
National Institute of Technology Agartala	Production Engineering (4 Years, Bachelor of Technology) 	OS 	OBC-NCL 	Gender-Neutral 	16768 	18270
National Institute of Technology Agartala	Production Engineering (4 Years, Bachelor of Technology) 	OS 	OBC-NCL 	Female-only (including Supernumerary) 	23516 	26685
National Institute of Technology Calicut	Architecture (5 Years, Bachelor of Architecture) 	HS 	OBC-NCL 	Gender-Neutral 	53 	85
National Institute of Technology Calicut	Architecture (5 Years, Bachelor of Architecture) 	HS 	OBC-NCL 	Female-only (including Supernumerary) 	58 	58
National Institute of Technology Calicut	Architecture (5 Years, Bachelor of Architecture) 	OS 	OBC-NCL 	Gender-Neutral 	145 	254
National Institute of Technology Calicut	Architecture (5 Years, Bachelor of Architecture) 	OS 	OBC-NCL 	Female-only (including Supernumerary) 	157 	188
National Institute of Technology Calicut	Bio Technology (4 Years, Bachelor of Technology) 	HS 	OBC-NCL 	Gender-Neutral 	10819 	12387
National Institute of Technology Calicut	Bio Technology (4 Years, Bachelor of Technology) 	HS 	OBC-NCL 	Female-only (including Supernumerary) 	13133 	13133
National Institute of Technology Calicut	Bio Technology (4 Years, Bachelor of Technology) 	OS 	OBC-NCL 	Gender-Neutral 	9918 	10924
National Institute of Technology Calicut	Bio Technology (4 Years, Bachelor of Technology) 	OS 	OBC-NCL 	Female-only (including Supernumerary) 	14700 	14700
National Institute of Technology Calicut	Chemical Engineering (4 Years, Bachelor of Technology) 	HS 	OBC-NCL 	Gender-Neutral 	6843 	8355
National Institute of Technology Calicut	Chemical Engineering (4 Years, Bachelor of Technology) 	HS 	OBC-NCL 	Female-only (including Supernumerary) 	10315 	11001
National Institute of Technology Calicut	Chemical Engineering (4 Years, Bachelor of Technology) 	OS 	OBC-NCL 	Gender-Neutral 	6434 	8005
National Institute of Technology Calicut	Chemical Engineering (4 Years, Bachelor of Technology) 	OS 	OBC-NCL 	Female-only (including Supernumerary) 	14040 	14339
National Institute of Technology Calicut	Civil Engineering (4 Years, Bachelor of Technology) 	HS 	OBC-NCL 	Gender-Neutral 	10927 	13686
National Institute of Technology Calicut	Civil Engineering (4 Years, Bachelor of Technology) 	HS 	OBC-NCL 	Female-only (including Supernumerary) 	11801 	13486
National Institute of Technology Calicut	Civil Engineering (4 Years, Bachelor of Technology) 	OS 	OBC-NCL 	Gender-Neutral 	8323 	9965
National Institute of Technology Calicut	Civil Engineering (4 Years, Bachelor of Technology) 	OS 	OBC-NCL 	Female-only (including Supernumerary) 	13234 	15265
National Institute of Technology Calicut	Computer Science and Engineering (4 Years, Bachelor of Technology) 	HS 	OBC-NCL 	Gender-Neutral 	1843 	2881
National Institute of Technology Calicut	Computer Science and Engineering (4 Years, Bachelor of Technology) 	HS 	OBC-NCL 	Female-only (including Supernumerary) 	4023 	4572
National Institute of Technology Calicut	Computer Science and Engineering (4 Years, Bachelor of Technology) 	OS 	OBC-NCL 	Gender-Neutral 	1147 	1757
National Institute of Technology Calicut	Computer Science and Engineering (4 Years, Bachelor of Technology) 	OS 	OBC-NCL 	Female-only (including Supernumerary) 	3326 	4008
National Institute of Technology Calicut	Electrical and Electronics Engineering (4 Years, Bachelor of Technology) 	HS 	OBC-NCL 	Gender-Neutral 	4273 	5019
National Institute of Technology Calicut	Electrical and Electronics Engineering (4 Years, Bachelor of Technology) 	HS 	OBC-NCL 	Female-only (including Supernumerary) 	7155 	7870
National Institute of Technology Calicut	Electrical and Electronics Engineering (4 Years, Bachelor of Technology) 	OS 	OBC-NCL 	Gender-Neutral 	3093 	4300
National Institute of Technology Calicut	Electrical and Electronics Engineering (4 Years, Bachelor of Technology) 	OS 	OBC-NCL 	Female-only (including Supernumerary) 	6309 	7725
National Institute of Technology Calicut	Electronics and Communication Engineering (4 Years, Bachelor of Technology) 	HS 	OBC-NCL 	Gender-Neutral 	3107 	4262
National Institute of Technology Calicut	Electronics and Communication Engineering (4 Years, Bachelor of Technology) 	HS 	OBC-NCL 	Female-only (including Supernumerary) 	5849 	6356
National Institute of Technology Calicut	Electronics and Communication Engineering (4 Years, Bachelor of Technology) 	OS 	OBC-NCL 	Gender-Neutral 	2131 	2868
National Institute of Technology Calicut	Electronics and Communication Engineering (4 Years, Bachelor of Technology) 	OS 	OBC-NCL 	Female-only (including Supernumerary) 	4482 	6070
National Institute of Technology Calicut	Energy Engineering (4 Years, Bachelor of Technology) 	HS 	OBC-NCL 	Gender-Neutral 	8711 	10531
National Institute of Technology Calicut	Energy Engineering (4 Years, Bachelor of Technology) 	HS 	OBC-NCL 	Female-only (including Supernumerary) 	12831 	12831
National Institute of Technology Calicut	Energy Engineering (4 Years, Bachelor of Technology) 	OS 	OBC-NCL 	Gender-Neutral 	6591 	8451
National Institute of Technology Calicut	Energy Engineering (4 Years, Bachelor of Technology) 	OS 	OBC-NCL 	Female-only (including Supernumerary) 	13691 	13691
National Institute of Technology Calicut	Engineering Physics (4 Years, Bachelor of Technology) 	HS 	OBC-NCL 	Gender-Neutral 	7751 	9160
National Institute of Technology Calicut	Engineering Physics (4 Years, Bachelor of Technology) 	HS 	OBC-NCL 	Female-only (including Supernumerary) 	8599 	8599
National Institute of Technology Calicut	Engineering Physics (4 Years, Bachelor of Technology) 	OS 	OBC-NCL 	Gender-Neutral 	5113 	6482
National Institute of Technology Calicut	Engineering Physics (4 Years, Bachelor of Technology) 	OS 	OBC-NCL 	Female-only (including Supernumerary) 	13244 	13244
National Institute of Technology Calicut	Materials Science and Engineering (4 Years, Bachelor of Technology) 	HS 	OBC-NCL 	Gender-Neutral 	11151 	12024
National Institute of Technology Calicut	Materials Science and Engineering (4 Years, Bachelor of Technology) 	HS 	OBC-NCL 	Female-only (including Supernumerary) 	14338 	14338
National Institute of Technology Calicut	Materials Science and Engineering (4 Years, Bachelor of Technology) 	OS 	OBC-NCL 	Gender-Neutral 	10077 	10182
National Institute of Technology Calicut	Materials Science and Engineering (4 Years, Bachelor of Technology) 	OS 	OBC-NCL 	Female-only (including Supernumerary) 	16975 	16975
National Institute of Technology Calicut	Mechanical Engineering (4 Years, Bachelor of Technology) 	HS 	OBC-NCL 	Gender-Neutral 	5141 	6481
National Institute of Technology Calicut	Mechanical Engineering (4 Years, Bachelor of Technology) 	HS 	OBC-NCL 	Female-only (including Supernumerary) 	10583 	11658
National Institute of Technology Calicut	Mechanical Engineering (4 Years, Bachelor of Technology) 	OS 	OBC-NCL 	Gender-Neutral 	4468 	6381
National Institute of Technology Calicut	Mechanical Engineering (4 Years, Bachelor of Technology) 	OS 	OBC-NCL 	Female-only (including Supernumerary) 	9673 	12065
National Institute of Technology Calicut	Production Engineering (4 Years, Bachelor of Technology) 	HS 	OBC-NCL 	Gender-Neutral 	10400 	12248
National Institute of Technology Calicut	Production Engineering (4 Years, Bachelor of Technology) 	HS 	OBC-NCL 	Female-only (including Supernumerary) 	12586 	12586
National Institute of Technology Calicut	Production Engineering (4 Years, Bachelor of Technology) 	OS 	OBC-NCL 	Gender-Neutral 	9630 	10440
National Institute of Technology Calicut	Production Engineering (4 Years, Bachelor of Technology) 	OS 	OBC-NCL 	Female-only (including Supernumerary) 	16212 	16243
National Institute of Technology Delhi	Aerospace Engineering (4 Years, Bachelor of Technology) 	HS 	OBC-NCL 	Gender-Neutral 	11224 	14193
National Institute of Technology Delhi	Aerospace Engineering (4 Years, Bachelor of Technology) 	OS 	OBC-NCL 	Gender-Neutral 	3955 	4388
National Institute of Technology Delhi	Artificial Intelligence and Data Science (4 Years, Bachelor of Technology) 	HS 	OBC-NCL 	Gender-Neutral 	5998 	7180
National Institute of Technology Delhi	Artificial Intelligence and Data Science (4 Years, Bachelor of Technology) 	HS 	OBC-NCL 	Female-only (including Supernumerary) 	14443 	14443
National Institute of Technology Delhi	Artificial Intelligence and Data Science (4 Years, Bachelor of Technology) 	OS 	OBC-NCL 	Gender-Neutral 	2220 	2371
National Institute of Technology Delhi	Artificial Intelligence and Data Science (4 Years, Bachelor of Technology) 	OS 	OBC-NCL 	Female-only (including Supernumerary) 	5997 	5997
National Institute of Technology Delhi	Civil Engineering (4 Years, Bachelor of Technology) 	HS 	OBC-NCL 	Gender-Neutral 	14175 	15663
National Institute of Technology Delhi	Civil Engineering (4 Years, Bachelor of Technology) 	HS 	OBC-NCL 	Female-only (including Supernumerary) 	26866 	26866
National Institute of Technology Delhi	Civil Engineering (4 Years, Bachelor of Technology) 	OS 	OBC-NCL 	Gender-Neutral 	7402 	8056
National Institute of Technology Delhi	Computer Science and Engineering (4 Years, Bachelor of Technology) 	HS 	OBC-NCL 	Gender-Neutral 	2272 	5553
National Institute of Technology Delhi	Computer Science and Engineering (4 Years, Bachelor of Technology) 	HS 	OBC-NCL 	Female-only (including Supernumerary) 	6699 	9726
National Institute of Technology Delhi	Computer Science and Engineering (4 Years, Bachelor of Technology) 	OS 	OBC-NCL 	Gender-Neutral 	2594 	2958
National Institute of Technology Delhi	Computer Science and Engineering (4 Years, Bachelor of Technology) 	OS 	OBC-NCL 	Female-only (including Supernumerary) 	3739 	4822
National Institute of Technology Delhi	Electrical Engineering (4 Years, Bachelor of Technology) 	HS 	OBC-NCL 	Gender-Neutral 	8898 	10988
National Institute of Technology Delhi	Electrical Engineering (4 Years, Bachelor of Technology) 	HS 	OBC-NCL 	Female-only (including Supernumerary) 	21447 	22499
National Institute of Technology Delhi	Electrical Engineering (4 Years, Bachelor of Technology) 	OS 	OBC-NCL 	Gender-Neutral 	4674 	5314
National Institute of Technology Delhi	Electrical Engineering (4 Years, Bachelor of Technology) 	OS 	OBC-NCL 	Female-only (including Supernumerary) 	11230 	11230
National Institute of Technology Delhi	Electronics and Communication Engineering (4 Years, Bachelor of Technology) 	HS 	OBC-NCL 	Gender-Neutral 	5795 	7912
National Institute of Technology Delhi	Electronics and Communication Engineering (4 Years, Bachelor of Technology) 	HS 	OBC-NCL 	Female-only (including Supernumerary) 	10637 	19260
National Institute of Technology Delhi	Electronics and Communication Engineering (4 Years, Bachelor of Technology) 	OS 	OBC-NCL 	Gender-Neutral 	3668 	4020
National Institute of Technology Delhi	Mechanical Engineering (4 Years, Bachelor of Technology) 	HS 	OBC-NCL 	Gender-Neutral 	13075 	13899
National Institute of Technology Delhi	Mechanical Engineering (4 Years, Bachelor of Technology) 	HS 	OBC-NCL 	Female-only (including Supernumerary) 	25036 	25036
National Institute of Technology Delhi	Mechanical Engineering (4 Years, Bachelor of Technology) 	OS 	OBC-NCL 	Gender-Neutral 	6095 	6857
National Institute of Technology Delhi	Mechanical Engineering (4 Years, Bachelor of Technology) 	OS 	OBC-NCL 	Female-only (including Supernumerary) 	11918 	13994
National Institute of Technology Delhi	VLSI Design and Technology (4 Years, Bachelor of Technology) 	HS 	OBC-NCL 	Gender-Neutral 	8655 	8712
National Institute of Technology Delhi	VLSI Design and Technology (4 Years, Bachelor of Technology) 	HS 	OBC-NCL 	Female-only (including Supernumerary) 	19609 	19609
National Institute of Technology Delhi	VLSI Design and Technology (4 Years, Bachelor of Technology) 	OS 	OBC-NCL 	Gender-Neutral 	5082 	5189
National Institute of Technology Durgapur	B.Tech in Mathematics and Computing (4 Years, Bachelor of Technology) 	HS 	OBC-NCL 	Gender-Neutral 	7745 	14137
National Institute of Technology Durgapur	B.Tech in Mathematics and Computing (4 Years, Bachelor of Technology) 	HS 	OBC-NCL 	Female-only (including Supernumerary) 	12922 	19337
National Institute of Technology Durgapur	B.Tech in Mathematics and Computing (4 Years, Bachelor of Technology) 	OS 	OBC-NCL 	Gender-Neutral 	2976 	4052
National Institute of Technology Durgapur	B.Tech in Mathematics and Computing (4 Years, Bachelor of Technology) 	OS 	OBC-NCL 	Female-only (including Supernumerary) 	8962 	9593
National Institute of Technology Durgapur	Bio Technology (4 Years, Bachelor of Technology) 	HS 	OBC-NCL 	Gender-Neutral 	29666 	33516
National Institute of Technology Durgapur	Bio Technology (4 Years, Bachelor of Technology) 	HS 	OBC-NCL 	Female-only (including Supernumerary) 	34937 	36636
National Institute of Technology Durgapur	Bio Technology (4 Years, Bachelor of Technology) 	OS 	OBC-NCL 	Gender-Neutral 	13439 	15284
National Institute of Technology Durgapur	Bio Technology (4 Years, Bachelor of Technology) 	OS 	OBC-NCL 	Female-only (including Supernumerary) 	18619 	20903
National Institute of Technology Durgapur	Biotechnology (5 Years, Bachelor and Master of Technology (Dual Degree)) 	HS 	OBC-NCL 	Gender-Neutral 	34895 	34895
National Institute of Technology Durgapur	Chemical Engineering (4 Years, Bachelor of Technology) 	HS 	OBC-NCL 	Gender-Neutral 	22289 	25118
National Institute of Technology Durgapur	Chemical Engineering (4 Years, Bachelor of Technology) 	HS 	OBC-NCL 	Female-only (including Supernumerary) 	24204 	30708
National Institute of Technology Durgapur	Chemical Engineering (4 Years, Bachelor of Technology) 	OS 	OBC-NCL 	Gender-Neutral 	9386 	11221
National Institute of Technology Durgapur	Chemical Engineering (4 Years, Bachelor of Technology) 	OS 	OBC-NCL 	Female-only (including Supernumerary) 	15392 	16182
National Institute of Technology Durgapur	Chemical Engineering (5 Years, Bachelor and Master of Technology (Dual Degree)) 	HS 	OBC-NCL 	Gender-Neutral 	25607 	25607
National Institute of Technology Durgapur	Chemical Engineering (5 Years, Bachelor and Master of Technology (Dual Degree)) 	OS 	OBC-NCL 	Gender-Neutral 	11558 	11558
National Institute of Technology Durgapur	Chemistry (5 Years, Integrated Master of Science) 	HS 	OBC-NCL 	Gender-Neutral 	34653 	35559
National Institute of Technology Durgapur	Chemistry (5 Years, Integrated Master of Science) 	OS 	OBC-NCL 	Gender-Neutral 	16294 	17644
National Institute of Technology Durgapur	Chemistry (5 Years, Integrated Master of Science) 	OS 	OBC-NCL 	Female-only (including Supernumerary) 	20927 	20927
National Institute of Technology Durgapur	Civil Engineering (4 Years, Bachelor of Technology) 	HS 	OBC-NCL 	Gender-Neutral 	22230 	29144
National Institute of Technology Durgapur	Civil Engineering (4 Years, Bachelor of Technology) 	HS 	OBC-NCL 	Female-only (including Supernumerary) 	28096 	40463
National Institute of Technology Durgapur	Civil Engineering (4 Years, Bachelor of Technology) 	OS 	OBC-NCL 	Gender-Neutral 	11512 	12238
National Institute of Technology Durgapur	Civil Engineering (4 Years, Bachelor of Technology) 	OS 	OBC-NCL 	Female-only (including Supernumerary) 	19121 	20293
National Institute of Technology Durgapur	Computer Science and Engineering (4 Years, Bachelor of Technology) 	HS 	OBC-NCL 	Gender-Neutral 	2922 	6671
National Institute of Technology Durgapur	Computer Science and Engineering (4 Years, Bachelor of Technology) 	HS 	OBC-NCL 	Female-only (including Supernumerary) 	10551 	14371
National Institute of Technology Durgapur	Computer Science and Engineering (4 Years, Bachelor of Technology) 	OS 	OBC-NCL 	Gender-Neutral 	1970 	3042
National Institute of Technology Durgapur	Computer Science and Engineering (4 Years, Bachelor of Technology) 	OS 	OBC-NCL 	Female-only (including Supernumerary) 	5494 	6855
National Institute of Technology Durgapur	Electrical Engineering (4 Years, Bachelor of Technology) 	HS 	OBC-NCL 	Gender-Neutral 	12768 	15258
National Institute of Technology Durgapur	Electrical Engineering (4 Years, Bachelor of Technology) 	HS 	OBC-NCL 	Female-only (including Supernumerary) 	20961 	26056
National Institute of Technology Durgapur	Electrical Engineering (4 Years, Bachelor of Technology) 	OS 	OBC-NCL 	Gender-Neutral 	4836 	5893
National Institute of Technology Durgapur	Electrical Engineering (4 Years, Bachelor of Technology) 	OS 	OBC-NCL 	Female-only (including Supernumerary) 	9803 	10294
National Institute of Technology Durgapur	Electronics and Communication Engineering (4 Years, Bachelor of Technology) 	HS 	OBC-NCL 	Gender-Neutral 	7624 	12452
National Institute of Technology Durgapur	Electronics and Communication Engineering (4 Years, Bachelor of Technology) 	HS 	OBC-NCL 	Female-only (including Supernumerary) 	15002 	19153
National Institute of Technology Durgapur	Electronics and Communication Engineering (4 Years, Bachelor of Technology) 	OS 	OBC-NCL 	Gender-Neutral 	3156 	4589
National Institute of Technology Durgapur	Electronics and Communication Engineering (4 Years, Bachelor of Technology) 	OS 	OBC-NCL 	Female-only (including Supernumerary) 	6965 	8166
National Institute of Technology Durgapur	Mechanical Engineering (4 Years, Bachelor of Technology) 	HS 	OBC-NCL 	Gender-Neutral 	15691 	22099
National Institute of Technology Durgapur	Mechanical Engineering (4 Years, Bachelor of Technology) 	HS 	OBC-NCL 	Female-only (including Supernumerary) 	26782 	33183
National Institute of Technology Durgapur	Mechanical Engineering (4 Years, Bachelor of Technology) 	OS 	OBC-NCL 	Gender-Neutral 	7089 	9020
National Institute of Technology Durgapur	Mechanical Engineering (4 Years, Bachelor of Technology) 	OS 	OBC-NCL 	Female-only (including Supernumerary) 	16976 	18218
National Institute of Technology Durgapur	Metallurgical and Materials Engineering (4 Years, Bachelor of Technology) 	HS 	OBC-NCL 	Gender-Neutral 	24560 	28912
National Institute of Technology Durgapur	Metallurgical and Materials Engineering (4 Years, Bachelor of Technology) 	HS 	OBC-NCL 	Female-only (including Supernumerary) 	34910 	34910
National Institute of Technology Durgapur	Metallurgical and Materials Engineering (4 Years, Bachelor of Technology) 	OS 	OBC-NCL 	Gender-Neutral 	12813 	14686
National Institute of Technology Durgapur	Metallurgical and Materials Engineering (4 Years, Bachelor of Technology) 	OS 	OBC-NCL 	Female-only (including Supernumerary) 	20422 	20422
National Institute of Technology Goa	Civil Engineering (4 Years, Bachelor of Technology) 	GO 	OBC-NCL 	Gender-Neutral 	74228 	126648
National Institute of Technology Goa	Civil Engineering (4 Years, Bachelor of Technology) 	GO 	OBC-NCL 	Female-only (including Supernumerary) 	208237 	208237
National Institute of Technology Goa	Civil Engineering (4 Years, Bachelor of Technology) 	HS 	OBC-NCL 	Gender-Neutral 	34891 	34891
National Institute of Technology Goa	Civil Engineering (4 Years, Bachelor of Technology) 	OS 	OBC-NCL 	Gender-Neutral 	13084 	14432
National Institute of Technology Goa	Civil Engineering (4 Years, Bachelor of Technology) 	OS 	OBC-NCL 	Female-only (including Supernumerary) 	18170 	18170
National Institute of Technology Goa	Computer Science and Engineering (4 Years, Bachelor of Technology) 	GO 	OBC-NCL 	Gender-Neutral 	10509 	56604
National Institute of Technology Goa	Computer Science and Engineering (4 Years, Bachelor of Technology) 	GO 	OBC-NCL 	Female-only (including Supernumerary) 	33807 	33807
National Institute of Technology Goa	Computer Science and Engineering (4 Years, Bachelor of Technology) 	HS 	OBC-NCL 	Gender-Neutral 	12567 	12567
National Institute of Technology Goa	Computer Science and Engineering (4 Years, Bachelor of Technology) 	OS 	OBC-NCL 	Gender-Neutral 	3085 	4825
National Institute of Technology Goa	Computer Science and Engineering (4 Years, Bachelor of Technology) 	OS 	OBC-NCL 	Female-only (including Supernumerary) 	8120 	8120
National Institute of Technology Goa	Electrical and Electronics Engineering (4 Years, Bachelor of Technology) 	GO 	OBC-NCL 	Gender-Neutral 	88752 	149441
National Institute of Technology Goa	Electrical and Electronics Engineering (4 Years, Bachelor of Technology) 	GO 	OBC-NCL 	Female-only (including Supernumerary) 	101156 	101156
National Institute of Technology Goa	Electrical and Electronics Engineering (4 Years, Bachelor of Technology) 	HS 	OBC-NCL 	Gender-Neutral 	27441 	27441
National Institute of Technology Goa	Electrical and Electronics Engineering (4 Years, Bachelor of Technology) 	OS 	OBC-NCL 	Gender-Neutral 	6438 	8048
National Institute of Technology Goa	Electrical and Electronics Engineering (4 Years, Bachelor of Technology) 	OS 	OBC-NCL 	Female-only (including Supernumerary) 	12560 	14231
National Institute of Technology Goa	Electronics and Communication Engineering (4 Years, Bachelor of Technology) 	GO 	OBC-NCL 	Gender-Neutral 	66862 	94815
National Institute of Technology Goa	Electronics and Communication Engineering (4 Years, Bachelor of Technology) 	HS 	OBC-NCL 	Gender-Neutral 	20787 	20787
National Institute of Technology Goa	Electronics and Communication Engineering (4 Years, Bachelor of Technology) 	OS 	OBC-NCL 	Gender-Neutral 	5218 	6155
National Institute of Technology Goa	Electronics and Communication Engineering (4 Years, Bachelor of Technology) 	OS 	OBC-NCL 	Female-only (including Supernumerary) 	9834 	9834
National Institute of Technology Goa	Mechanical Engineering (4 Years, Bachelor of Technology) 	GO 	OBC-NCL 	Gender-Neutral 	102058 	224371
National Institute of Technology Goa	Mechanical Engineering (4 Years, Bachelor of Technology) 	GO 	OBC-NCL 	Female-only (including Supernumerary) 	94870 	94870
National Institute of Technology Goa	Mechanical Engineering (4 Years, Bachelor of Technology) 	HS 	OBC-NCL 	Female-only (including Supernumerary) 	43297 	43297
National Institute of Technology Goa	Mechanical Engineering (4 Years, Bachelor of Technology) 	OS 	OBC-NCL 	Gender-Neutral 	8754 	10333
National Institute of Technology Goa	Mechanical Engineering (4 Years, Bachelor of Technology) 	OS 	OBC-NCL 	Female-only (including Supernumerary) 	17602 	17602
National Institute of Technology Hamirpur	Architecture (5 Years, Bachelor of Architecture) 	HS 	OBC-NCL 	Gender-Neutral 	2384 	19098
National Institute of Technology Hamirpur	Architecture (5 Years, Bachelor of Architecture) 	HS 	OBC-NCL 	Female-only (including Supernumerary) 	16069 	17486
National Institute of Technology Hamirpur	Architecture (5 Years, Bachelor of Architecture) 	OS 	OBC-NCL 	Gender-Neutral 	512 	611
National Institute of Technology Hamirpur	Architecture (5 Years, Bachelor of Architecture) 	OS 	OBC-NCL 	Female-only (including Supernumerary) 	511 	511
National Institute of Technology Hamirpur	Chemical Engineering (4 Years, Bachelor of Technology) 	HS 	OBC-NCL 	Gender-Neutral 	78983 	112864
National Institute of Technology Hamirpur	Chemical Engineering (4 Years, Bachelor of Technology) 	HS 	OBC-NCL 	Female-only (including Supernumerary) 	161753 	208658
National Institute of Technology Hamirpur	Chemical Engineering (4 Years, Bachelor of Technology) 	OS 	OBC-NCL 	Gender-Neutral 	11786 	12644
National Institute of Technology Hamirpur	Chemical Engineering (4 Years, Bachelor of Technology) 	OS 	OBC-NCL 	Female-only (including Supernumerary) 	15292 	18956
National Institute of Technology Hamirpur	Civil Engineering (4 Years, Bachelor of Technology) 	HS 	OBC-NCL 	Gender-Neutral 	71652 	143740
National Institute of Technology Hamirpur	Civil Engineering (4 Years, Bachelor of Technology) 	HS 	OBC-NCL 	Female-only (including Supernumerary) 	141529 	171453
National Institute of Technology Hamirpur	Civil Engineering (4 Years, Bachelor of Technology) 	OS 	OBC-NCL 	Gender-Neutral 	13262 	14426
National Institute of Technology Hamirpur	Civil Engineering (4 Years, Bachelor of Technology) 	OS 	OBC-NCL 	Female-only (including Supernumerary) 	21462 	22457
National Institute of Technology Hamirpur	Computer Science and Engineering (4 Years, Bachelor of Technology) 	HS 	OBC-NCL 	Gender-Neutral 	10492 	29030
National Institute of Technology Hamirpur	Computer Science and Engineering (4 Years, Bachelor of Technology) 	HS 	OBC-NCL 	Female-only (including Supernumerary) 	11531 	32905
National Institute of Technology Hamirpur	Computer Science and Engineering (4 Years, Bachelor of Technology) 	OS 	OBC-NCL 	Gender-Neutral 	3388 	4054
National Institute of Technology Hamirpur	Computer Science and Engineering (4 Years, Bachelor of Technology) 	OS 	OBC-NCL 	Female-only (including Supernumerary) 	8083 	9028
National Institute of Technology Hamirpur	Computer Science and Engineering (5 Years, Bachelor and Master of Technology (Dual Degree)) 	HS 	OBC-NCL 	Gender-Neutral 	14429 	31081
National Institute of Technology Hamirpur	Computer Science and Engineering (5 Years, Bachelor and Master of Technology (Dual Degree)) 	HS 	OBC-NCL 	Female-only (including Supernumerary) 	47848 	57596
National Institute of Technology Hamirpur	Computer Science and Engineering (5 Years, Bachelor and Master of Technology (Dual Degree)) 	OS 	OBC-NCL 	Gender-Neutral 	4203 	4302
National Institute of Technology Hamirpur	Computer Science and Engineering (5 Years, Bachelor and Master of Technology (Dual Degree)) 	OS 	OBC-NCL 	Female-only (including Supernumerary) 	8779 	8779
National Institute of Technology Hamirpur	Electrical Engineering (4 Years, Bachelor of Technology) 	HS 	OBC-NCL 	Gender-Neutral 	38963 	74456
National Institute of Technology Hamirpur	Electrical Engineering (4 Years, Bachelor of Technology) 	HS 	OBC-NCL 	Female-only (including Supernumerary) 	83660 	147378
National Institute of Technology Hamirpur	Electrical Engineering (4 Years, Bachelor of Technology) 	OS 	OBC-NCL 	Gender-Neutral 	6743 	8543
National Institute of Technology Hamirpur	Electrical Engineering (4 Years, Bachelor of Technology) 	OS 	OBC-NCL 	Female-only (including Supernumerary) 	13304 	15132
National Institute of Technology Hamirpur	Electronics and Communication Engineering (4 Years, Bachelor of Technology) 	HS 	OBC-NCL 	Gender-Neutral 	36550 	50316
National Institute of Technology Hamirpur	Electronics and Communication Engineering (4 Years, Bachelor of Technology) 	HS 	OBC-NCL 	Female-only (including Supernumerary) 	57741 	84780
National Institute of Technology Hamirpur	Electronics and Communication Engineering (4 Years, Bachelor of Technology) 	OS 	OBC-NCL 	Gender-Neutral 	4729 	6405
National Institute of Technology Hamirpur	Electronics and Communication Engineering (4 Years, Bachelor of Technology) 	OS 	OBC-NCL 	Female-only (including Supernumerary) 	11737 	12987
National Institute of Technology Hamirpur	Electronics and Communication Engineering (5 Years, Bachelor and Master of Technology (Dual Degree)) 	HS 	OBC-NCL 	Gender-Neutral 	54736 	59757
National Institute of Technology Hamirpur	Electronics and Communication Engineering (5 Years, Bachelor and Master of Technology (Dual Degree)) 	HS 	OBC-NCL 	Female-only (including Supernumerary) 	122105 	122105
National Institute of Technology Hamirpur	Electronics and Communication Engineering (5 Years, Bachelor and Master of Technology (Dual Degree)) 	OS 	OBC-NCL 	Gender-Neutral 	5582 	6951
National Institute of Technology Hamirpur	Electronics and Communication Engineering (5 Years, Bachelor and Master of Technology (Dual Degree)) 	OS 	OBC-NCL 	Female-only (including Supernumerary) 	14384 	14825
National Institute of Technology Hamirpur	Engineering Physics (4 Years, Bachelor of Technology) 	HS 	OBC-NCL 	Gender-Neutral 	103286 	148333
National Institute of Technology Hamirpur	Engineering Physics (4 Years, Bachelor of Technology) 	HS 	OBC-NCL 	Female-only (including Supernumerary) 	141711 	141711
National Institute of Technology Hamirpur	Engineering Physics (4 Years, Bachelor of Technology) 	OS 	OBC-NCL 	Gender-Neutral 	10285 	12982
National Institute of Technology Hamirpur	Engineering Physics (4 Years, Bachelor of Technology) 	OS 	OBC-NCL 	Female-only (including Supernumerary) 	20053 	20885
National Institute of Technology Hamirpur	Materials Science and Engineering (4 Years, Bachelor of Technology) 	HS 	OBC-NCL 	Gender-Neutral 	134891 	146850
National Institute of Technology Hamirpur	Materials Science and Engineering (4 Years, Bachelor of Technology) 	HS 	OBC-NCL 	Female-only (including Supernumerary) 	145028 	145028
National Institute of Technology Hamirpur	Materials Science and Engineering (4 Years, Bachelor of Technology) 	OS 	OBC-NCL 	Gender-Neutral 	13751 	15509
National Institute of Technology Hamirpur	Materials Science and Engineering (4 Years, Bachelor of Technology) 	OS 	OBC-NCL 	Female-only (including Supernumerary) 	19700 	19700
National Institute of Technology Hamirpur	Mathematics and Computing (4 Years, Bachelor of Technology) 	HS 	OBC-NCL 	Gender-Neutral 	32009 	40895
National Institute of Technology Hamirpur	Mathematics and Computing (4 Years, Bachelor of Technology) 	HS 	OBC-NCL 	Female-only (including Supernumerary) 	86994 	106610
National Institute of Technology Hamirpur	Mathematics and Computing (4 Years, Bachelor of Technology) 	OS 	OBC-NCL 	Gender-Neutral 	4363 	5324
National Institute of Technology Hamirpur	Mathematics and Computing (4 Years, Bachelor of Technology) 	OS 	OBC-NCL 	Female-only (including Supernumerary) 	10617 	10617
National Institute of Technology Hamirpur	Mechanical Engineering (4 Years, Bachelor of Technology) 	HS 	OBC-NCL 	Gender-Neutral 	24435 	98149
National Institute of Technology Hamirpur	Mechanical Engineering (4 Years, Bachelor of Technology) 	HS 	OBC-NCL 	Female-only (including Supernumerary) 	101498 	255739
National Institute of Technology Hamirpur	Mechanical Engineering (4 Years, Bachelor of Technology) 	OS 	OBC-NCL 	Gender-Neutral 	9440 	10821
National Institute of Technology Hamirpur	Mechanical Engineering (4 Years, Bachelor of Technology) 	OS 	OBC-NCL 	Female-only (including Supernumerary) 	15846 	18922
National Institute of Technology Karnataka, Surathkal	Artificial Intelligence (4 Years, Bachelor of Technology) 	HS 	OBC-NCL 	Gender-Neutral 	1301 	2491
National Institute of Technology Karnataka, Surathkal	Artificial Intelligence (4 Years, Bachelor of Technology) 	HS 	OBC-NCL 	Female-only (including Supernumerary) 	4693 	4693
National Institute of Technology Karnataka, Surathkal	Artificial Intelligence (4 Years, Bachelor of Technology) 	OS 	OBC-NCL 	Gender-Neutral 	625 	1017
National Institute of Technology Karnataka, Surathkal	Artificial Intelligence (4 Years, Bachelor of Technology) 	OS 	OBC-NCL 	Female-only (including Supernumerary) 	1792 	1792
National Institute of Technology Karnataka, Surathkal	Chemical Engineering (4 Years, Bachelor of Technology) 	HS 	OBC-NCL 	Gender-Neutral 	6846 	8111
National Institute of Technology Karnataka, Surathkal	Chemical Engineering (4 Years, Bachelor of Technology) 	HS 	OBC-NCL 	Female-only (including Supernumerary) 	10898 	14957
National Institute of Technology Karnataka, Surathkal	Chemical Engineering (4 Years, Bachelor of Technology) 	OS 	OBC-NCL 	Gender-Neutral 	4164 	5416
National Institute of Technology Karnataka, Surathkal	Chemical Engineering (4 Years, Bachelor of Technology) 	OS 	OBC-NCL 	Female-only (including Supernumerary) 	8556 	9791
National Institute of Technology Karnataka, Surathkal	Civil Engineering (4 Years, Bachelor of Technology) 	HS 	OBC-NCL 	Gender-Neutral 	6861 	15171
National Institute of Technology Karnataka, Surathkal	Civil Engineering (4 Years, Bachelor of Technology) 	HS 	OBC-NCL 	Female-only (including Supernumerary) 	13197 	16382
National Institute of Technology Karnataka, Surathkal	Civil Engineering (4 Years, Bachelor of Technology) 	OS 	OBC-NCL 	Gender-Neutral 	6125 	7408
National Institute of Technology Karnataka, Surathkal	Civil Engineering (4 Years, Bachelor of Technology) 	OS 	OBC-NCL 	Female-only (including Supernumerary) 	12462 	14143
National Institute of Technology Karnataka, Surathkal	Computational and Data Science (4 Years, Bachelor of Technology) 	HS 	OBC-NCL 	Gender-Neutral 	3454 	3627
National Institute of Technology Karnataka, Surathkal	Computational and Data Science (4 Years, Bachelor of Technology) 	HS 	OBC-NCL 	Female-only (including Supernumerary) 	7041 	7041
National Institute of Technology Karnataka, Surathkal	Computational and Data Science (4 Years, Bachelor of Technology) 	OS 	OBC-NCL 	Gender-Neutral 	1341 	1452
National Institute of Technology Karnataka, Surathkal	Computational and Data Science (4 Years, Bachelor of Technology) 	OS 	OBC-NCL 	Female-only (including Supernumerary) 	2459 	2459
National Institute of Technology Karnataka, Surathkal	Computer Science and Engineering (4 Years, Bachelor of Technology) 	HS 	OBC-NCL 	Gender-Neutral 	638 	2251
National Institute of Technology Karnataka, Surathkal	Computer Science and Engineering (4 Years, Bachelor of Technology) 	HS 	OBC-NCL 	Female-only (including Supernumerary) 	1783 	3457
National Institute of Technology Karnataka, Surathkal	Computer Science and Engineering (4 Years, Bachelor of Technology) 	OS 	OBC-NCL 	Gender-Neutral 	342 	568
National Institute of Technology Karnataka, Surathkal	Computer Science and Engineering (4 Years, Bachelor of Technology) 	OS 	OBC-NCL 	Female-only (including Supernumerary) 	1486 	1723
National Institute of Technology Karnataka, Surathkal	Electrical and Electronics Engineering (4 Years, Bachelor of Technology) 	HS 	OBC-NCL 	Gender-Neutral 	3749 	4633
National Institute of Technology Karnataka, Surathkal	Electrical and Electronics Engineering (4 Years, Bachelor of Technology) 	HS 	OBC-NCL 	Female-only (including Supernumerary) 	6139 	7884
National Institute of Technology Karnataka, Surathkal	Electrical and Electronics Engineering (4 Years, Bachelor of Technology) 	OS 	OBC-NCL 	Gender-Neutral 	2122 	2454
National Institute of Technology Karnataka, Surathkal	Electrical and Electronics Engineering (4 Years, Bachelor of Technology) 	OS 	OBC-NCL 	Female-only (including Supernumerary) 	5068 	5773
National Institute of Technology Karnataka, Surathkal	Electronics and Communication Engineering (4 Years, Bachelor of Technology) 	HS 	OBC-NCL 	Gender-Neutral 	2680 	3853
National Institute of Technology Karnataka, Surathkal	Electronics and Communication Engineering (4 Years, Bachelor of Technology) 	HS 	OBC-NCL 	Female-only (including Supernumerary) 	3831 	5742
National Institute of Technology Karnataka, Surathkal	Electronics and Communication Engineering (4 Years, Bachelor of Technology) 	OS 	OBC-NCL 	Gender-Neutral 	1240 	1772
National Institute of Technology Karnataka, Surathkal	Electronics and Communication Engineering (4 Years, Bachelor of Technology) 	OS 	OBC-NCL 	Female-only (including Supernumerary) 	3275 	3589
National Institute of Technology Karnataka, Surathkal	Information Technology (4 Years, Bachelor of Technology) 	HS 	OBC-NCL 	Gender-Neutral 	2545 	3286
National Institute of Technology Karnataka, Surathkal	Information Technology (4 Years, Bachelor of Technology) 	HS 	OBC-NCL 	Female-only (including Supernumerary) 	5078 	5786
National Institute of Technology Karnataka, Surathkal	Information Technology (4 Years, Bachelor of Technology) 	OS 	OBC-NCL 	Gender-Neutral 	735 	1198
National Institute of Technology Karnataka, Surathkal	Information Technology (4 Years, Bachelor of Technology) 	OS 	OBC-NCL 	Female-only (including Supernumerary) 	2367 	2950
National Institute of Technology Karnataka, Surathkal	Mechanical Engineering (4 Years, Bachelor of Technology) 	HS 	OBC-NCL 	Gender-Neutral 	4664 	6786
National Institute of Technology Karnataka, Surathkal	Mechanical Engineering (4 Years, Bachelor of Technology) 	HS 	OBC-NCL 	Female-only (including Supernumerary) 	10088 	13849
National Institute of Technology Karnataka, Surathkal	Mechanical Engineering (4 Years, Bachelor of Technology) 	OS 	OBC-NCL 	Gender-Neutral 	3305 	4460
National Institute of Technology Karnataka, Surathkal	Mechanical Engineering (4 Years, Bachelor of Technology) 	OS 	OBC-NCL 	Female-only (including Supernumerary) 	8278 	9529
National Institute of Technology Karnataka, Surathkal	Metallurgical and Materials Engineering (4 Years, Bachelor of Technology) 	HS 	OBC-NCL 	Gender-Neutral 	11103 	14814
National Institute of Technology Karnataka, Surathkal	Metallurgical and Materials Engineering (4 Years, Bachelor of Technology) 	HS 	OBC-NCL 	Female-only (including Supernumerary) 	19503 	19503
National Institute of Technology Karnataka, Surathkal	Metallurgical and Materials Engineering (4 Years, Bachelor of Technology) 	OS 	OBC-NCL 	Gender-Neutral 	7993 	8272
National Institute of Technology Karnataka, Surathkal	Metallurgical and Materials Engineering (4 Years, Bachelor of Technology) 	OS 	OBC-NCL 	Female-only (including Supernumerary) 	10704 	11779
National Institute of Technology Karnataka, Surathkal	Mining Engineering (4 Years, Bachelor of Technology) 	HS 	OBC-NCL 	Gender-Neutral 	11781 	17270
National Institute of Technology Karnataka, Surathkal	Mining Engineering (4 Years, Bachelor of Technology) 	HS 	OBC-NCL 	Female-only (including Supernumerary) 	20007 	20007
National Institute of Technology Karnataka, Surathkal	Mining Engineering (4 Years, Bachelor of Technology) 	OS 	OBC-NCL 	Gender-Neutral 	7768 	9582
National Institute of Technology Karnataka, Surathkal	Mining Engineering (4 Years, Bachelor of Technology) 	OS 	OBC-NCL 	Female-only (including Supernumerary) 	14389 	14389
National Institute of Technology Meghalaya	Civil Engineering (4 Years, Bachelor of Technology) 	OS 	OBC-NCL 	Gender-Neutral 	15606 	16061
National Institute of Technology Meghalaya	Civil Engineering (4 Years, Bachelor of Technology) 	OS 	OBC-NCL 	Female-only (including Supernumerary) 	24730 	24730
National Institute of Technology Meghalaya	Computer Science and Engineering (4 Years, Bachelor of Technology) 	OS 	OBC-NCL 	Gender-Neutral 	6111 	6921
National Institute of Technology Meghalaya	Computer Science and Engineering (4 Years, Bachelor of Technology) 	OS 	OBC-NCL 	Female-only (including Supernumerary) 	10781 	10781
National Institute of Technology Meghalaya	Electrical and Electronics Engineering (4 Years, Bachelor of Technology) 	OS 	OBC-NCL 	Gender-Neutral 	10859 	12571
National Institute of Technology Meghalaya	Electrical and Electronics Engineering (4 Years, Bachelor of Technology) 	OS 	OBC-NCL 	Female-only (including Supernumerary) 	21224 	21224
National Institute of Technology Meghalaya	Electronics and Communication Engineering (4 Years, Bachelor of Technology) 	OS 	OBC-NCL 	Gender-Neutral 	9155 	9594
National Institute of Technology Meghalaya	Electronics and Communication Engineering (4 Years, Bachelor of Technology) 	OS 	OBC-NCL 	Female-only (including Supernumerary) 	18885 	18885
National Institute of Technology Meghalaya	Mechanical Engineering (4 Years, Bachelor of Technology) 	OS 	OBC-NCL 	Gender-Neutral 	14433 	14453
National Institute of Technology Meghalaya	Mechanical Engineering (4 Years, Bachelor of Technology) 	OS 	OBC-NCL 	Female-only (including Supernumerary) 	23870 	23870
National Institute of Technology Nagaland	Civil Engineering (4 Years, Bachelor of Technology) 	OS 	OBC-NCL 	Gender-Neutral 	17747 	17971
National Institute of Technology Nagaland	Civil Engineering (4 Years, Bachelor of Technology) 	OS 	OBC-NCL 	Female-only (including Supernumerary) 	26177 	26177
National Institute of Technology Nagaland	Computer Science and Engineering (4 Years, Bachelor of Technology) 	OS 	OBC-NCL 	Gender-Neutral 	11098 	11618
National Institute of Technology Nagaland	Computer Science and Engineering (4 Years, Bachelor of Technology) 	OS 	OBC-NCL 	Female-only (including Supernumerary) 	15455 	15455
National Institute of Technology Nagaland	Electrical and Electronics Engineering (4 Years, Bachelor of Technology) 	OS 	OBC-NCL 	Gender-Neutral 	15105 	15849
National Institute of Technology Nagaland	Electrical and Electronics Engineering (4 Years, Bachelor of Technology) 	OS 	OBC-NCL 	Female-only (including Supernumerary) 	22698 	22698
National Institute of Technology Nagaland	Electronics and Communication Engineering (4 Years, Bachelor of Technology) 	OS 	OBC-NCL 	Gender-Neutral 	12564 	13338
National Institute of Technology Nagaland	Electronics and Communication Engineering (4 Years, Bachelor of Technology) 	OS 	OBC-NCL 	Female-only (including Supernumerary) 	20379 	20379
National Institute of Technology Nagaland	Electronics and Instrumentation Engineering (4 Years, Bachelor of Technology) 	OS 	OBC-NCL 	Gender-Neutral 	15096 	15664
National Institute of Technology Nagaland	Electronics and Instrumentation Engineering (4 Years, Bachelor of Technology) 	OS 	OBC-NCL 	Female-only (including Supernumerary) 	20758 	20758
National Institute of Technology Nagaland	Mechanical Engineering (4 Years, Bachelor of Technology) 	OS 	OBC-NCL 	Gender-Neutral 	15960 	16370
National Institute of Technology Nagaland	Mechanical Engineering (4 Years, Bachelor of Technology) 	OS 	OBC-NCL 	Female-only (including Supernumerary) 	24582 	24582
National Institute of Technology Patna	Architecture (5 Years, Bachelor of Architecture) 	HS 	OBC-NCL 	Gender-Neutral 	1414 	1948
National Institute of Technology Patna	Architecture (5 Years, Bachelor of Architecture) 	HS 	OBC-NCL 	Female-only (including Supernumerary) 	1363 	1363
National Institute of Technology Patna	Architecture (5 Years, Bachelor of Architecture) 	OS 	OBC-NCL 	Gender-Neutral 	527 	625
National Institute of Technology Patna	Architecture (5 Years, Bachelor of Architecture) 	OS 	OBC-NCL 	Female-only (including Supernumerary) 	517 	517
National Institute of Technology Patna	Artificial Intelligence and Data Science (4 Years, Bachelor of Technology) 	HS 	OBC-NCL 	Gender-Neutral 	5438 	6403
National Institute of Technology Patna	Artificial Intelligence and Data Science (4 Years, Bachelor of Technology) 	HS 	OBC-NCL 	Female-only (including Supernumerary) 	10941 	11334
National Institute of Technology Patna	Artificial Intelligence and Data Science (4 Years, Bachelor of Technology) 	OS 	OBC-NCL 	Gender-Neutral 	4767 	5653
National Institute of Technology Patna	Artificial Intelligence and Data Science (4 Years, Bachelor of Technology) 	OS 	OBC-NCL 	Female-only (including Supernumerary) 	10807 	10860
National Institute of Technology Patna	Chemical Technology (5 Years, Bachelor and Master of Technology (Dual Degree)) 	HS 	OBC-NCL 	Gender-Neutral 	16416 	16416
National Institute of Technology Patna	Chemical Technology (5 Years, Bachelor and Master of Technology (Dual Degree)) 	OS 	OBC-NCL 	Gender-Neutral 	13923 	13923
National Institute of Technology Patna	Civil Engineering (4 Years, Bachelor of Technology) 	HS 	OBC-NCL 	Gender-Neutral 	13786 	15433
National Institute of Technology Patna	Civil Engineering (4 Years, Bachelor of Technology) 	HS 	OBC-NCL 	Female-only (including Supernumerary) 	22503 	23352
National Institute of Technology Patna	Civil Engineering (4 Years, Bachelor of Technology) 	OS 	OBC-NCL 	Gender-Neutral 	13341 	14786
National Institute of Technology Patna	Civil Engineering (4 Years, Bachelor of Technology) 	OS 	OBC-NCL 	Female-only (including Supernumerary) 	18705 	22505
National Institute of Technology Patna	Civil Engineering with Specialization in Construction Technology and Management (5 Years, Bachelor and Master of Technology (Dual Degree)) 	HS 	OBC-NCL 	Gender-Neutral 	14056 	14056
National Institute of Technology Patna	Civil Engineering with Specialization in Construction Technology and Management (5 Years, Bachelor and Master of Technology (Dual Degree)) 	OS 	OBC-NCL 	Gender-Neutral 	14809 	14809
National Institute of Technology Patna	Computer Science and Engineering (4 Years, Bachelor of Technology) 	HS 	OBC-NCL 	Gender-Neutral 	4079 	4916
National Institute of Technology Patna	Computer Science and Engineering (4 Years, Bachelor of Technology) 	HS 	OBC-NCL 	Female-only (including Supernumerary) 	8038 	10489
National Institute of Technology Patna	Computer Science and Engineering (4 Years, Bachelor of Technology) 	OS 	OBC-NCL 	Gender-Neutral 	3492 	4702
National Institute of Technology Patna	Computer Science and Engineering (4 Years, Bachelor of Technology) 	OS 	OBC-NCL 	Female-only (including Supernumerary) 	8975 	10236
National Institute of Technology Patna	Computer Science and Engineering with Specialization in Cyber Security (5 Years, Bachelor and Master of Technology (Dual Degree)) 	HS 	OBC-NCL 	Gender-Neutral 	6321 	6664
National Institute of Technology Patna	Computer Science and Engineering with Specialization in Cyber Security (5 Years, Bachelor and Master of Technology (Dual Degree)) 	HS 	OBC-NCL 	Female-only (including Supernumerary) 	11981 	11981
National Institute of Technology Patna	Computer Science and Engineering with Specialization in Cyber Security (5 Years, Bachelor and Master of Technology (Dual Degree)) 	OS 	OBC-NCL 	Gender-Neutral 	4148 	5645
National Institute of Technology Patna	Computer Science and Engineering with Specialization in Cyber Security (5 Years, Bachelor and Master of Technology (Dual Degree)) 	OS 	OBC-NCL 	Female-only (including Supernumerary) 	11896 	11896
National Institute of Technology Patna	Computer Science and Engineering with Specialization in Data Science (5 Years, Bachelor and Master of Technology (Dual Degree)) 	HS 	OBC-NCL 	Gender-Neutral 	5844 	6302
National Institute of Technology Patna	Computer Science and Engineering with Specialization in Data Science (5 Years, Bachelor and Master of Technology (Dual Degree)) 	OS 	OBC-NCL 	Gender-Neutral 	5204 	5925
National Institute of Technology Patna	Electrical Engineering (4 Years, Bachelor of Technology) 	HS 	OBC-NCL 	Gender-Neutral 	8769 	9323
National Institute of Technology Patna	Electrical Engineering (4 Years, Bachelor of Technology) 	HS 	OBC-NCL 	Female-only (including Supernumerary) 	14448 	14724
National Institute of Technology Patna	Electrical Engineering (4 Years, Bachelor of Technology) 	OS 	OBC-NCL 	Gender-Neutral 	6679 	8653
National Institute of Technology Patna	Electrical Engineering (4 Years, Bachelor of Technology) 	OS 	OBC-NCL 	Female-only (including Supernumerary) 	14020 	14816
National Institute of Technology Patna	Electrical Engineering with Specialization In Power System Engineering (5 Years, Bachelor and Master of Technology (Dual Degree)) 	HS 	OBC-NCL 	Gender-Neutral 	9944 	10177
National Institute of Technology Patna	Electrical Engineering with Specialization In Power System Engineering (5 Years, Bachelor and Master of Technology (Dual Degree)) 	OS 	OBC-NCL 	Gender-Neutral 	8675 	8945
National Institute of Technology Patna	Electrical Engineering with Specialization In Power System Engineering (5 Years, Bachelor and Master of Technology (Dual Degree)) 	OS 	OBC-NCL 	Female-only (including Supernumerary) 	15473 	15473
National Institute of Technology Patna	Electronics and Communication Engineering (4 Years, Bachelor of Technology) 	HS 	OBC-NCL 	Gender-Neutral 	6611 	7266
National Institute of Technology Patna	Electronics and Communication Engineering (4 Years, Bachelor of Technology) 	HS 	OBC-NCL 	Female-only (including Supernumerary) 	11095 	14387
National Institute of Technology Patna	Electronics and Communication Engineering (4 Years, Bachelor of Technology) 	OS 	OBC-NCL 	Gender-Neutral 	5254 	6484
National Institute of Technology Patna	Electronics and Communication Engineering (4 Years, Bachelor of Technology) 	OS 	OBC-NCL 	Female-only (including Supernumerary) 	12755 	13387
National Institute of Technology Patna	Electronics and Communication Engineering with Specialization in Microelectronics and VLSI System Design (5 Years, Bachelor and Master of Technology (Dual Degree)) 	HS 	OBC-NCL 	Gender-Neutral 	8461 	8527
National Institute of Technology Patna	Electronics and Communication Engineering with Specialization in Microelectronics and VLSI System Design (5 Years, Bachelor and Master of Technology (Dual Degree)) 	HS 	OBC-NCL 	Female-only (including Supernumerary) 	17949 	17949
National Institute of Technology Patna	Electronics and Communication Engineering with Specialization in Microelectronics and VLSI System Design (5 Years, Bachelor and Master of Technology (Dual Degree)) 	OS 	OBC-NCL 	Gender-Neutral 	6790 	6884
National Institute of Technology Patna	Electronics and Communication Engineering with Specialization in Microelectronics and VLSI System Design (5 Years, Bachelor and Master of Technology (Dual Degree)) 	OS 	OBC-NCL 	Female-only (including Supernumerary) 	13827 	13827
National Institute of Technology Patna	Electronics Engineering (VLSI Design and Technology) (4 Years, Bachelor of Technology) 	HS 	OBC-NCL 	Gender-Neutral 	8221 	8870
National Institute of Technology Patna	Electronics Engineering (VLSI Design and Technology) (4 Years, Bachelor of Technology) 	HS 	OBC-NCL 	Female-only (including Supernumerary) 	15058 	15167
National Institute of Technology Patna	Electronics Engineering (VLSI Design and Technology) (4 Years, Bachelor of Technology) 	OS 	OBC-NCL 	Gender-Neutral 	6498 	7935
National Institute of Technology Patna	Electronics Engineering (VLSI Design and Technology) (4 Years, Bachelor of Technology) 	OS 	OBC-NCL 	Female-only (including Supernumerary) 	14290 	14575
National Institute of Technology Patna	Material Science and Engineering (5 Years, Bachelor and Master of Technology (Dual Degree)) 	HS 	OBC-NCL 	Gender-Neutral 	16833 	16833
National Institute of Technology Patna	Material Science and Engineering (5 Years, Bachelor and Master of Technology (Dual Degree)) 	OS 	OBC-NCL 	Gender-Neutral 	13610 	13610
National Institute of Technology Patna	Mathematics and Computing Technology (5 Years, Bachelor and Master of Technology (Dual Degree)) 	HS 	OBC-NCL 	Gender-Neutral 	7405 	7405
National Institute of Technology Patna	Mathematics and Computing Technology (5 Years, Bachelor and Master of Technology (Dual Degree)) 	OS 	OBC-NCL 	Gender-Neutral 	4774 	4774
National Institute of Technology Patna	Mechanical Engineering (4 Years, Bachelor of Technology) 	HS 	OBC-NCL 	Gender-Neutral 	10962 	12239
National Institute of Technology Patna	Mechanical Engineering (4 Years, Bachelor of Technology) 	HS 	OBC-NCL 	Female-only (including Supernumerary) 	19081 	20023
National Institute of Technology Patna	Mechanical Engineering (4 Years, Bachelor of Technology) 	OS 	OBC-NCL 	Gender-Neutral 	10369 	11452
National Institute of Technology Patna	Mechanical Engineering (4 Years, Bachelor of Technology) 	OS 	OBC-NCL 	Female-only (including Supernumerary) 	18489 	19396
National Institute of Technology Patna	Mechanical Engineering with Specialization in Manufacturing and Industrial Engineering (5 Years, Bachelor and Master of Technology (Dual Degree)) 	HS 	OBC-NCL 	Gender-Neutral 	13752 	13949
National Institute of Technology Patna	Mechanical Engineering with Specialization in Manufacturing and Industrial Engineering (5 Years, Bachelor and Master of Technology (Dual Degree)) 	HS 	OBC-NCL 	Female-only (including Supernumerary) 	21700 	21700
National Institute of Technology Patna	Mechanical Engineering with Specialization in Manufacturing and Industrial Engineering (5 Years, Bachelor and Master of Technology (Dual Degree)) 	OS 	OBC-NCL 	Gender-Neutral 	12158 	12286
National Institute of Technology Patna	Mechanical Engineering with Specialization in Manufacturing and Industrial Engineering (5 Years, Bachelor and Master of Technology (Dual Degree)) 	OS 	OBC-NCL 	Female-only (including Supernumerary) 	23023 	23023
National Institute of Technology Patna	Mechatronics and Automation Engineering (4 Years, Bachelor of Technology) 	HS 	OBC-NCL 	Gender-Neutral 	9715 	10283
National Institute of Technology Patna	Mechatronics and Automation Engineering (4 Years, Bachelor of Technology) 	HS 	OBC-NCL 	Female-only (including Supernumerary) 	19562 	19562
National Institute of Technology Patna	Mechatronics and Automation Engineering (4 Years, Bachelor of Technology) 	OS 	OBC-NCL 	Gender-Neutral 	7969 	8839
National Institute of Technology Patna	Mechatronics and Automation Engineering (4 Years, Bachelor of Technology) 	OS 	OBC-NCL 	Female-only (including Supernumerary) 	14915 	14915
National Institute of Technology Puducherry	Civil Engineering (4 Years, Bachelor of Technology) 	HS 	OBC-NCL 	Gender-Neutral 	70406 	75900
National Institute of Technology Puducherry	Civil Engineering (4 Years, Bachelor of Technology) 	OS 	OBC-NCL 	Gender-Neutral 	15326 	15936
National Institute of Technology Puducherry	Civil Engineering (4 Years, Bachelor of Technology) 	OS 	OBC-NCL 	Female-only (including Supernumerary) 	17893 	17893
National Institute of Technology Puducherry	Computer Science and Engineering (4 Years, Bachelor of Technology) 	HS 	OBC-NCL 	Gender-Neutral 	19654 	24246
National Institute of Technology Puducherry	Computer Science and Engineering (4 Years, Bachelor of Technology) 	HS 	OBC-NCL 	Female-only (including Supernumerary) 	28405 	28405
National Institute of Technology Puducherry	Computer Science and Engineering (4 Years, Bachelor of Technology) 	OS 	OBC-NCL 	Gender-Neutral 	5686 	6239
National Institute of Technology Puducherry	Computer Science and Engineering (4 Years, Bachelor of Technology) 	OS 	OBC-NCL 	Female-only (including Supernumerary) 	8776 	8947
National Institute of Technology Puducherry	Electrical and Electronics Engineering (4 Years, Bachelor of Technology) 	HS 	OBC-NCL 	Gender-Neutral 	37924 	46818
National Institute of Technology Puducherry	Electrical and Electronics Engineering (4 Years, Bachelor of Technology) 	HS 	OBC-NCL 	Female-only (including Supernumerary) 	43261 	43261
National Institute of Technology Puducherry	Electrical and Electronics Engineering (4 Years, Bachelor of Technology) 	OS 	OBC-NCL 	Gender-Neutral 	9153 	10056
National Institute of Technology Puducherry	Electrical and Electronics Engineering (4 Years, Bachelor of Technology) 	OS 	OBC-NCL 	Female-only (including Supernumerary) 	9970 	13454
National Institute of Technology Puducherry	Electronics and Communication Engineering (4 Years, Bachelor of Technology) 	HS 	OBC-NCL 	Gender-Neutral 	28550 	36973
National Institute of Technology Puducherry	Electronics and Communication Engineering (4 Years, Bachelor of Technology) 	HS 	OBC-NCL 	Female-only (including Supernumerary) 	32882 	33664
National Institute of Technology Puducherry	Electronics and Communication Engineering (4 Years, Bachelor of Technology) 	OS 	OBC-NCL 	Gender-Neutral 	6677 	7517
National Institute of Technology Puducherry	Electronics and Communication Engineering (4 Years, Bachelor of Technology) 	OS 	OBC-NCL 	Female-only (including Supernumerary) 	10152 	10152
National Institute of Technology Puducherry	Mechanical Engineering (4 Years, Bachelor of Technology) 	HS 	OBC-NCL 	Gender-Neutral 	56533 	68202
National Institute of Technology Puducherry	Mechanical Engineering (4 Years, Bachelor of Technology) 	HS 	OBC-NCL 	Female-only (including Supernumerary) 	70269 	70269
National Institute of Technology Puducherry	Mechanical Engineering (4 Years, Bachelor of Technology) 	OS 	OBC-NCL 	Gender-Neutral 	11980 	12585
National Institute of Technology Puducherry	Mechanical Engineering (4 Years, Bachelor of Technology) 	OS 	OBC-NCL 	Female-only (including Supernumerary) 	16201 	16309
National Institute of Technology Raipur	Architecture (5 Years, Bachelor of Architecture) 	HS 	OBC-NCL 	Gender-Neutral 	4241 	5709
National Institute of Technology Raipur	Architecture (5 Years, Bachelor of Architecture) 	HS 	OBC-NCL 	Female-only (including Supernumerary) 	1168 	1168
National Institute of Technology Raipur	Architecture (5 Years, Bachelor of Architecture) 	OS 	OBC-NCL 	Gender-Neutral 	514 	536
National Institute of Technology Raipur	Architecture (5 Years, Bachelor of Architecture) 	OS 	OBC-NCL 	Female-only (including Supernumerary) 	311 	311
National Institute of Technology Raipur	Bio Medical Engineering (4 Years, Bachelor of Technology) 	HS 	OBC-NCL 	Gender-Neutral 	36329 	42458
National Institute of Technology Raipur	Bio Medical Engineering (4 Years, Bachelor of Technology) 	HS 	OBC-NCL 	Female-only (including Supernumerary) 	38765 	42418
National Institute of Technology Raipur	Bio Medical Engineering (4 Years, Bachelor of Technology) 	OS 	OBC-NCL 	Gender-Neutral 	17508 	18007
National Institute of Technology Raipur	Bio Medical Engineering (4 Years, Bachelor of Technology) 	OS 	OBC-NCL 	Female-only (including Supernumerary) 	23291 	23912
National Institute of Technology Raipur	Bio Technology (4 Years, Bachelor of Technology) 	HS 	OBC-NCL 	Gender-Neutral 	34917 	37081
National Institute of Technology Raipur	Bio Technology (4 Years, Bachelor of Technology) 	HS 	OBC-NCL 	Female-only (including Supernumerary) 	36574 	38492
National Institute of Technology Raipur	Bio Technology (4 Years, Bachelor of Technology) 	OS 	OBC-NCL 	Gender-Neutral 	16553 	17403
National Institute of Technology Raipur	Bio Technology (4 Years, Bachelor of Technology) 	OS 	OBC-NCL 	Female-only (including Supernumerary) 	21981 	22815
National Institute of Technology Raipur	Chemical Engineering (4 Years, Bachelor of Technology) 	HS 	OBC-NCL 	Gender-Neutral 	20827 	23261
National Institute of Technology Raipur	Chemical Engineering (4 Years, Bachelor of Technology) 	HS 	OBC-NCL 	Female-only (including Supernumerary) 	27187 	27337
National Institute of Technology Raipur	Chemical Engineering (4 Years, Bachelor of Technology) 	OS 	OBC-NCL 	Gender-Neutral 	10915 	11734
National Institute of Technology Raipur	Chemical Engineering (4 Years, Bachelor of Technology) 	OS 	OBC-NCL 	Female-only (including Supernumerary) 	19177 	19636
National Institute of Technology Raipur	Civil Engineering (4 Years, Bachelor of Technology) 	HS 	OBC-NCL 	Gender-Neutral 	22817 	28183
National Institute of Technology Raipur	Civil Engineering (4 Years, Bachelor of Technology) 	HS 	OBC-NCL 	Female-only (including Supernumerary) 	28731 	30007
National Institute of Technology Raipur	Civil Engineering (4 Years, Bachelor of Technology) 	OS 	OBC-NCL 	Gender-Neutral 	13159 	14519
National Institute of Technology Raipur	Civil Engineering (4 Years, Bachelor of Technology) 	OS 	OBC-NCL 	Female-only (including Supernumerary) 	19602 	19947
National Institute of Technology Raipur	Computer Science and Engineering (4 Years, Bachelor of Technology) 	HS 	OBC-NCL 	Gender-Neutral 	5922 	10634
National Institute of Technology Raipur	Computer Science and Engineering (4 Years, Bachelor of Technology) 	HS 	OBC-NCL 	Female-only (including Supernumerary) 	8313 	14837
National Institute of Technology Raipur	Computer Science and Engineering (4 Years, Bachelor of Technology) 	OS 	OBC-NCL 	Gender-Neutral 	3330 	4142
National Institute of Technology Raipur	Computer Science and Engineering (4 Years, Bachelor of Technology) 	OS 	OBC-NCL 	Female-only (including Supernumerary) 	6915 	7677
National Institute of Technology Raipur	Electrical Engineering (4 Years, Bachelor of Technology) 	HS 	OBC-NCL 	Gender-Neutral 	15414 	17249
National Institute of Technology Raipur	Electrical Engineering (4 Years, Bachelor of Technology) 	HS 	OBC-NCL 	Female-only (including Supernumerary) 	22880 	24048
National Institute of Technology Raipur	Electrical Engineering (4 Years, Bachelor of Technology) 	OS 	OBC-NCL 	Gender-Neutral 	6601 	8019
National Institute of Technology Raipur	Electrical Engineering (4 Years, Bachelor of Technology) 	OS 	OBC-NCL 	Female-only (including Supernumerary) 	12157 	13935
National Institute of Technology Raipur	Electronics and Communication Engineering (4 Years, Bachelor of Technology) 	HS 	OBC-NCL 	Gender-Neutral 	12162 	14702
National Institute of Technology Raipur	Electronics and Communication Engineering (4 Years, Bachelor of Technology) 	HS 	OBC-NCL 	Female-only (including Supernumerary) 	21052 	21481
National Institute of Technology Raipur	Electronics and Communication Engineering (4 Years, Bachelor of Technology) 	OS 	OBC-NCL 	Gender-Neutral 	5363 	6338
National Institute of Technology Raipur	Electronics and Communication Engineering (4 Years, Bachelor of Technology) 	OS 	OBC-NCL 	Female-only (including Supernumerary) 	10487 	11606
National Institute of Technology Raipur	Information Technology (4 Years, Bachelor of Technology) 	HS 	OBC-NCL 	Gender-Neutral 	8454 	12018
National Institute of Technology Raipur	Information Technology (4 Years, Bachelor of Technology) 	HS 	OBC-NCL 	Female-only (including Supernumerary) 	15198 	21685
National Institute of Technology Raipur	Information Technology (4 Years, Bachelor of Technology) 	OS 	OBC-NCL 	Gender-Neutral 	4718 	5614
National Institute of Technology Raipur	Information Technology (4 Years, Bachelor of Technology) 	OS 	OBC-NCL 	Female-only (including Supernumerary) 	8747 	10356
National Institute of Technology Raipur	Mechanical Engineering (4 Years, Bachelor of Technology) 	HS 	OBC-NCL 	Gender-Neutral 	17532 	19481
National Institute of Technology Raipur	Mechanical Engineering (4 Years, Bachelor of Technology) 	HS 	OBC-NCL 	Female-only (including Supernumerary) 	25746 	26875
National Institute of Technology Raipur	Mechanical Engineering (4 Years, Bachelor of Technology) 	OS 	OBC-NCL 	Gender-Neutral 	9526 	10706
National Institute of Technology Raipur	Mechanical Engineering (4 Years, Bachelor of Technology) 	OS 	OBC-NCL 	Female-only (including Supernumerary) 	17362 	18620
National Institute of Technology Raipur	Metallurgical and Materials Engineering (4 Years, Bachelor of Technology) 	HS 	OBC-NCL 	Gender-Neutral 	26500 	31919
National Institute of Technology Raipur	Metallurgical and Materials Engineering (4 Years, Bachelor of Technology) 	HS 	OBC-NCL 	Female-only (including Supernumerary) 	33012 	34133
National Institute of Technology Raipur	Metallurgical and Materials Engineering (4 Years, Bachelor of Technology) 	OS 	OBC-NCL 	Gender-Neutral 	14869 	16636
National Institute of Technology Raipur	Metallurgical and Materials Engineering (4 Years, Bachelor of Technology) 	OS 	OBC-NCL 	Female-only (including Supernumerary) 	22196 	23787
National Institute of Technology Raipur	Mining Engineering (4 Years, Bachelor of Technology) 	HS 	OBC-NCL 	Gender-Neutral 	32424 	34541
National Institute of Technology Raipur	Mining Engineering (4 Years, Bachelor of Technology) 	HS 	OBC-NCL 	Female-only (including Supernumerary) 	39528 	40587
National Institute of Technology Raipur	Mining Engineering (4 Years, Bachelor of Technology) 	OS 	OBC-NCL 	Gender-Neutral 	15172 	17196
National Institute of Technology Raipur	Mining Engineering (4 Years, Bachelor of Technology) 	OS 	OBC-NCL 	Female-only (including Supernumerary) 	20264 	23303
National Institute of Technology Sikkim	Artificial Intelligence and Machine Learning (4 Years, Bachelor of Technology) 	HS 	OBC-NCL 	Gender-Neutral 	132548 	344903
National Institute of Technology Sikkim	Artificial Intelligence and Machine Learning (4 Years, Bachelor of Technology) 	HS 	OBC-NCL 	Female-only (including Supernumerary) 	298345 	298345
National Institute of Technology Sikkim	Artificial Intelligence and Machine Learning (4 Years, Bachelor of Technology) 	OS 	OBC-NCL 	Gender-Neutral 	8651 	8828
National Institute of Technology Sikkim	Artificial Intelligence and Machine Learning (4 Years, Bachelor of Technology) 	OS 	OBC-NCL 	Female-only (including Supernumerary) 	16428 	16428
National Institute of Technology Sikkim	Civil Engineering (4 Years, Bachelor of Technology) 	HS 	OBC-NCL 	Gender-Neutral 	542586 	542586
National Institute of Technology Sikkim	Civil Engineering (4 Years, Bachelor of Technology) 	OS 	OBC-NCL 	Gender-Neutral 	16062 	17131
National Institute of Technology Sikkim	Civil Engineering (4 Years, Bachelor of Technology) 	OS 	OBC-NCL 	Female-only (including Supernumerary) 	25125 	25125
National Institute of Technology Sikkim	Computer Science and Engineering (4 Years, Bachelor of Technology) 	HS 	OBC-NCL 	Gender-Neutral 	62865 	129104
National Institute of Technology Sikkim	Computer Science and Engineering (4 Years, Bachelor of Technology) 	HS 	OBC-NCL 	Female-only (including Supernumerary) 	94632 	94632
National Institute of Technology Sikkim	Computer Science and Engineering (4 Years, Bachelor of Technology) 	OS 	OBC-NCL 	Gender-Neutral 	7697 	8680
National Institute of Technology Sikkim	Computer Science and Engineering (4 Years, Bachelor of Technology) 	OS 	OBC-NCL 	Female-only (including Supernumerary) 	16397 	16397
National Institute of Technology Sikkim	Electrical and Electronics Engineering (4 Years, Bachelor of Technology) 	HS 	OBC-NCL 	Gender-Neutral 	396093 	476722
National Institute of Technology Sikkim	Electrical and Electronics Engineering (4 Years, Bachelor of Technology) 	OS 	OBC-NCL 	Gender-Neutral 	11933 	12526
National Institute of Technology Sikkim	Electrical and Electronics Engineering (4 Years, Bachelor of Technology) 	OS 	OBC-NCL 	Female-only (including Supernumerary) 	22520 	22520
National Institute of Technology Sikkim	Electronics and Communication Engineering (4 Years, Bachelor of Technology) 	HS 	OBC-NCL 	Gender-Neutral 	160004 	172832
National Institute of Technology Sikkim	Electronics and Communication Engineering (4 Years, Bachelor of Technology) 	HS 	OBC-NCL 	Female-only (including Supernumerary) 	303584 	303584
National Institute of Technology Sikkim	Electronics and Communication Engineering (4 Years, Bachelor of Technology) 	OS 	OBC-NCL 	Gender-Neutral 	10298 	10505
National Institute of Technology Sikkim	Electronics and Communication Engineering (4 Years, Bachelor of Technology) 	OS 	OBC-NCL 	Female-only (including Supernumerary) 	18335 	18335
National Institute of Technology Sikkim	Mechanical Engineering (4 Years, Bachelor of Technology) 	OS 	OBC-NCL 	Gender-Neutral 	13391 	14638
National Institute of Technology Sikkim	Mechanical Engineering (4 Years, Bachelor of Technology) 	OS 	OBC-NCL 	Female-only (including Supernumerary) 	22589 	22589
National Institute of Technology Arunachal Pradesh 	Biosciences and Bioengineering (4 Years, Bachelor of Technology) 	HS 	OBC-NCL 	Gender-Neutral 	188584 	188584
National Institute of Technology Arunachal Pradesh 	Biosciences and Bioengineering (4 Years, Bachelor of Technology) 	OS 	OBC-NCL 	Gender-Neutral 	18297 	18297
National Institute of Technology Arunachal Pradesh 	Biosciences and Bioengineering (4 Years, Bachelor of Technology) 	OS 	OBC-NCL 	Female-only (including Supernumerary) 	24549 	24549
National Institute of Technology Arunachal Pradesh 	Civil Engineering (4 Years, Bachelor of Technology) 	HS 	OBC-NCL 	Gender-Neutral 	121430 	121430
National Institute of Technology Arunachal Pradesh 	Civil Engineering (4 Years, Bachelor of Technology) 	OS 	OBC-NCL 	Gender-Neutral 	17244 	17730
National Institute of Technology Arunachal Pradesh 	Civil Engineering (4 Years, Bachelor of Technology) 	OS 	OBC-NCL 	Female-only (including Supernumerary) 	24732 	25578
National Institute of Technology Arunachal Pradesh 	Computer Science and Engineering (4 Years, Bachelor of Technology) 	HS 	OBC-NCL 	Gender-Neutral 	35124 	35124
National Institute of Technology Arunachal Pradesh 	Computer Science and Engineering (4 Years, Bachelor of Technology) 	OS 	OBC-NCL 	Gender-Neutral 	8328 	9880
National Institute of Technology Arunachal Pradesh 	Computer Science and Engineering (4 Years, Bachelor of Technology) 	OS 	OBC-NCL 	Female-only (including Supernumerary) 	15369 	17870
National Institute of Technology Arunachal Pradesh 	Electrical Engineering (4 Years, Bachelor of Technology) 	HS 	OBC-NCL 	Gender-Neutral 	68145 	68145
National Institute of Technology Arunachal Pradesh 	Electrical Engineering (4 Years, Bachelor of Technology) 	OS 	OBC-NCL 	Gender-Neutral 	12849 	13681
National Institute of Technology Arunachal Pradesh 	Electrical Engineering (4 Years, Bachelor of Technology) 	OS 	OBC-NCL 	Female-only (including Supernumerary) 	20925 	20925
National Institute of Technology Arunachal Pradesh 	Electronics and Communication Engineering (4 Years, Bachelor of Technology) 	HS 	OBC-NCL 	Gender-Neutral 	40279 	40279
National Institute of Technology Arunachal Pradesh 	Electronics and Communication Engineering (4 Years, Bachelor of Technology) 	OS 	OBC-NCL 	Gender-Neutral 	11492 	11889
National Institute of Technology Arunachal Pradesh 	Electronics and Communication Engineering (4 Years, Bachelor of Technology) 	OS 	OBC-NCL 	Female-only (including Supernumerary) 	19949 	19949
National Institute of Technology Arunachal Pradesh 	Mechanical Engineering (4 Years, Bachelor of Technology) 	HS 	OBC-NCL 	Gender-Neutral 	156599 	156599
National Institute of Technology Arunachal Pradesh 	Mechanical Engineering (4 Years, Bachelor of Technology) 	OS 	OBC-NCL 	Gender-Neutral 	14818 	15868
National Institute of Technology Arunachal Pradesh 	Mechanical Engineering (4 Years, Bachelor of Technology) 	OS 	OBC-NCL 	Female-only (including Supernumerary) 	24494 	24494
National Institute of Technology, Jamshedpur	Civil Engineering (4 Years, Bachelor of Technology) 	HS 	OBC-NCL 	Gender-Neutral 	13704 	16908
National Institute of Technology, Jamshedpur	Civil Engineering (4 Years, Bachelor of Technology) 	HS 	OBC-NCL 	Female-only (including Supernumerary) 	24050 	25274
National Institute of Technology, Jamshedpur	Civil Engineering (4 Years, Bachelor of Technology) 	OS 	OBC-NCL 	Gender-Neutral 	11628 	13024
National Institute of Technology, Jamshedpur	Civil Engineering (4 Years, Bachelor of Technology) 	OS 	OBC-NCL 	Female-only (including Supernumerary) 	19626 	20092
National Institute of Technology, Jamshedpur	Computer Science and Engineering (4 Years, Bachelor of Technology) 	HS 	OBC-NCL 	Gender-Neutral 	2621 	4247
National Institute of Technology, Jamshedpur	Computer Science and Engineering (4 Years, Bachelor of Technology) 	HS 	OBC-NCL 	Female-only (including Supernumerary) 	7823 	8264
National Institute of Technology, Jamshedpur	Computer Science and Engineering (4 Years, Bachelor of Technology) 	OS 	OBC-NCL 	Gender-Neutral 	2086 	2905
National Institute of Technology, Jamshedpur	Computer Science and Engineering (4 Years, Bachelor of Technology) 	OS 	OBC-NCL 	Female-only (including Supernumerary) 	5497 	6298
National Institute of Technology, Jamshedpur	Electrical Engineering (4 Years, Bachelor of Technology) 	HS 	OBC-NCL 	Gender-Neutral 	5827 	7737
National Institute of Technology, Jamshedpur	Electrical Engineering (4 Years, Bachelor of Technology) 	HS 	OBC-NCL 	Female-only (including Supernumerary) 	13010 	15250
National Institute of Technology, Jamshedpur	Electrical Engineering (4 Years, Bachelor of Technology) 	OS 	OBC-NCL 	Gender-Neutral 	4876 	5986
National Institute of Technology, Jamshedpur	Electrical Engineering (4 Years, Bachelor of Technology) 	OS 	OBC-NCL 	Female-only (including Supernumerary) 	12471 	13320
National Institute of Technology, Jamshedpur	Electronics and Communication Engineering (4 Years, Bachelor of Technology) 	HS 	OBC-NCL 	Gender-Neutral 	4345 	4920
National Institute of Technology, Jamshedpur	Electronics and Communication Engineering (4 Years, Bachelor of Technology) 	HS 	OBC-NCL 	Female-only (including Supernumerary) 	9604 	9837
National Institute of Technology, Jamshedpur	Electronics and Communication Engineering (4 Years, Bachelor of Technology) 	OS 	OBC-NCL 	Gender-Neutral 	3389 	4608
National Institute of Technology, Jamshedpur	Electronics and Communication Engineering (4 Years, Bachelor of Technology) 	OS 	OBC-NCL 	Female-only (including Supernumerary) 	7601 	10328
National Institute of Technology, Jamshedpur	Engineering and Computational Mechanics (4 Years, Bachelor of Technology) 	HS 	OBC-NCL 	Gender-Neutral 	8022 	8422
National Institute of Technology, Jamshedpur	Engineering and Computational Mechanics (4 Years, Bachelor of Technology) 	HS 	OBC-NCL 	Female-only (including Supernumerary) 	16074 	16074
National Institute of Technology, Jamshedpur	Engineering and Computational Mechanics (4 Years, Bachelor of Technology) 	OS 	OBC-NCL 	Gender-Neutral 	5779 	5842
National Institute of Technology, Jamshedpur	Engineering and Computational Mechanics (4 Years, Bachelor of Technology) 	OS 	OBC-NCL 	Female-only (including Supernumerary) 	12961 	12961
National Institute of Technology, Jamshedpur	Mechanical Engineering (4 Years, Bachelor of Technology) 	HS 	OBC-NCL 	Gender-Neutral 	9514 	11354
National Institute of Technology, Jamshedpur	Mechanical Engineering (4 Years, Bachelor of Technology) 	HS 	OBC-NCL 	Female-only (including Supernumerary) 	18984 	23224
National Institute of Technology, Jamshedpur	Mechanical Engineering (4 Years, Bachelor of Technology) 	OS 	OBC-NCL 	Gender-Neutral 	7524 	9206
National Institute of Technology, Jamshedpur	Mechanical Engineering (4 Years, Bachelor of Technology) 	OS 	OBC-NCL 	Female-only (including Supernumerary) 	16527 	18232
National Institute of Technology, Jamshedpur	Metallurgical and Materials Engineering (4 Years, Bachelor of Technology) 	HS 	OBC-NCL 	Gender-Neutral 	14209 	17341
National Institute of Technology, Jamshedpur	Metallurgical and Materials Engineering (4 Years, Bachelor of Technology) 	HS 	OBC-NCL 	Female-only (including Supernumerary) 	23691 	27778
National Institute of Technology, Jamshedpur	Metallurgical and Materials Engineering (4 Years, Bachelor of Technology) 	OS 	OBC-NCL 	Gender-Neutral 	12446 	14243
National Institute of Technology, Jamshedpur	Metallurgical and Materials Engineering (4 Years, Bachelor of Technology) 	OS 	OBC-NCL 	Female-only (including Supernumerary) 	19975 	21506
National Institute of Technology, Jamshedpur	Production and Industrial Engineering (4 Years, Bachelor of Technology) 	HS 	OBC-NCL 	Gender-Neutral 	17347 	18245
National Institute of Technology, Jamshedpur	Production and Industrial Engineering (4 Years, Bachelor of Technology) 	HS 	OBC-NCL 	Female-only (including Supernumerary) 	26608 	26827
National Institute of Technology, Jamshedpur	Production and Industrial Engineering (4 Years, Bachelor of Technology) 	OS 	OBC-NCL 	Gender-Neutral 	12857 	13772
National Institute of Technology, Jamshedpur	Production and Industrial Engineering (4 Years, Bachelor of Technology) 	OS 	OBC-NCL 	Female-only (including Supernumerary) 	21133 	21273
National Institute of Technology, Kurukshetra	Architecture (5 Years, Bachelor of Architecture) 	HS 	OBC-NCL 	Gender-Neutral 	1106 	2604
National Institute of Technology, Kurukshetra	Architecture (5 Years, Bachelor of Architecture) 	HS 	OBC-NCL 	Female-only (including Supernumerary) 	934 	934
National Institute of Technology, Kurukshetra	Architecture (5 Years, Bachelor of Architecture) 	OS 	OBC-NCL 	Gender-Neutral 	411 	538
National Institute of Technology, Kurukshetra	Architecture (5 Years, Bachelor of Architecture) 	OS 	OBC-NCL 	Female-only (including Supernumerary) 	502 	502
National Institute of Technology, Kurukshetra	Artificial Intelligence and Data Science (4 Years, Bachelor of Technology) 	HS 	OBC-NCL 	Gender-Neutral 	2960 	4628
National Institute of Technology, Kurukshetra	Artificial Intelligence and Data Science (4 Years, Bachelor of Technology) 	HS 	OBC-NCL 	Female-only (including Supernumerary) 	10752 	11250
National Institute of Technology, Kurukshetra	Artificial Intelligence and Data Science (4 Years, Bachelor of Technology) 	OS 	OBC-NCL 	Gender-Neutral 	2780 	3187
National Institute of Technology, Kurukshetra	Artificial Intelligence and Data Science (4 Years, Bachelor of Technology) 	OS 	OBC-NCL 	Female-only (including Supernumerary) 	6400 	6400
National Institute of Technology, Kurukshetra	Artificial Intelligence and Machine Learning (4 Years, Bachelor of Technology) 	HS 	OBC-NCL 	Gender-Neutral 	3062 	4614
National Institute of Technology, Kurukshetra	Artificial Intelligence and Machine Learning (4 Years, Bachelor of Technology) 	HS 	OBC-NCL 	Female-only (including Supernumerary) 	13236 	13364
National Institute of Technology, Kurukshetra	Artificial Intelligence and Machine Learning (4 Years, Bachelor of Technology) 	OS 	OBC-NCL 	Gender-Neutral 	2630 	3196
National Institute of Technology, Kurukshetra	Artificial Intelligence and Machine Learning (4 Years, Bachelor of Technology) 	OS 	OBC-NCL 	Female-only (including Supernumerary) 	6261 	6949
National Institute of Technology, Kurukshetra	Civil Engineering (4 Years, Bachelor of Technology) 	HS 	OBC-NCL 	Gender-Neutral 	11490 	14510
National Institute of Technology, Kurukshetra	Civil Engineering (4 Years, Bachelor of Technology) 	HS 	OBC-NCL 	Female-only (including Supernumerary) 	16464 	22799
National Institute of Technology, Kurukshetra	Civil Engineering (4 Years, Bachelor of Technology) 	OS 	OBC-NCL 	Gender-Neutral 	9911 	11085
National Institute of Technology, Kurukshetra	Civil Engineering (4 Years, Bachelor of Technology) 	OS 	OBC-NCL 	Female-only (including Supernumerary) 	17344 	19311
National Institute of Technology, Kurukshetra	Civil Engineering (5 Years, Bachelor and Master of Technology (Dual Degree)) 	HS 	OBC-NCL 	Gender-Neutral 	15885 	15885
National Institute of Technology, Kurukshetra	Civil Engineering (5 Years, Bachelor and Master of Technology (Dual Degree)) 	OS 	OBC-NCL 	Gender-Neutral 	12435 	12924
National Institute of Technology, Kurukshetra	Computer Science and Engineering (4 Years, Bachelor of Technology) 	HS 	OBC-NCL 	Gender-Neutral 	2171 	3005
National Institute of Technology, Kurukshetra	Computer Science and Engineering (4 Years, Bachelor of Technology) 	HS 	OBC-NCL 	Female-only (including Supernumerary) 	4333 	6724
National Institute of Technology, Kurukshetra	Computer Science and Engineering (4 Years, Bachelor of Technology) 	OS 	OBC-NCL 	Gender-Neutral 	1752 	2538
National Institute of Technology, Kurukshetra	Computer Science and Engineering (4 Years, Bachelor of Technology) 	OS 	OBC-NCL 	Female-only (including Supernumerary) 	4017 	4563
National Institute of Technology, Kurukshetra	Computer Science and Engineering (5 Years, Bachelor and Master of Technology (Dual Degree)) 	HS 	OBC-NCL 	Gender-Neutral 	5503 	5503
National Institute of Technology, Kurukshetra	Computer Science and Engineering (5 Years, Bachelor and Master of Technology (Dual Degree)) 	HS 	OBC-NCL 	Female-only (including Supernumerary) 	12511 	12511
National Institute of Technology, Kurukshetra	Computer Science and Engineering (5 Years, Bachelor and Master of Technology (Dual Degree)) 	OS 	OBC-NCL 	Gender-Neutral 	2092 	2092
National Institute of Technology, Kurukshetra	Electrical Engineering (4 Years, Bachelor of Technology) 	HS 	OBC-NCL 	Gender-Neutral 	6931 	8275
National Institute of Technology, Kurukshetra	Electrical Engineering (4 Years, Bachelor of Technology) 	HS 	OBC-NCL 	Female-only (including Supernumerary) 	14266 	17040
National Institute of Technology, Kurukshetra	Electrical Engineering (4 Years, Bachelor of Technology) 	OS 	OBC-NCL 	Gender-Neutral 	4851 	5698
National Institute of Technology, Kurukshetra	Electrical Engineering (4 Years, Bachelor of Technology) 	OS 	OBC-NCL 	Female-only (including Supernumerary) 	10671 	12112
National Institute of Technology, Kurukshetra	Electrical Engineering (5 Years, Bachelor and Master of Technology (Dual Degree)) 	HS 	OBC-NCL 	Gender-Neutral 	8532 	8532
National Institute of Technology, Kurukshetra	Electrical Engineering (5 Years, Bachelor and Master of Technology (Dual Degree)) 	OS 	OBC-NCL 	Gender-Neutral 	5740 	6048
National Institute of Technology, Kurukshetra	Electronics and Communication Engineering (4 Years, Bachelor of Technology) 	HS 	OBC-NCL 	Gender-Neutral 	5312 	6469
National Institute of Technology, Kurukshetra	Electronics and Communication Engineering (4 Years, Bachelor of Technology) 	HS 	OBC-NCL 	Female-only (including Supernumerary) 	12549 	14113
National Institute of Technology, Kurukshetra	Electronics and Communication Engineering (4 Years, Bachelor of Technology) 	OS 	OBC-NCL 	Gender-Neutral 	3519 	4429
National Institute of Technology, Kurukshetra	Electronics and Communication Engineering (4 Years, Bachelor of Technology) 	OS 	OBC-NCL 	Female-only (including Supernumerary) 	6474 	8054
National Institute of Technology, Kurukshetra	Electronics and Communication Engineering (5 Years, Bachelor and Master of Technology (Dual Degree)) 	HS 	OBC-NCL 	Gender-Neutral 	6762 	6762
National Institute of Technology, Kurukshetra	Electronics and Communication Engineering (5 Years, Bachelor and Master of Technology (Dual Degree)) 	OS 	OBC-NCL 	Gender-Neutral 	4459 	4802
National Institute of Technology, Kurukshetra	Industrial Internet of Things (4 Years, Bachelor of Technology) 	HS 	OBC-NCL 	Gender-Neutral 	8016 	10852
National Institute of Technology, Kurukshetra	Industrial Internet of Things (4 Years, Bachelor of Technology) 	HS 	OBC-NCL 	Female-only (including Supernumerary) 	16124 	16124
National Institute of Technology, Kurukshetra	Industrial Internet of Things (4 Years, Bachelor of Technology) 	OS 	OBC-NCL 	Gender-Neutral 	4732 	6412
National Institute of Technology, Kurukshetra	Industrial Internet of Things (4 Years, Bachelor of Technology) 	OS 	OBC-NCL 	Female-only (including Supernumerary) 	11317 	11317
National Institute of Technology, Kurukshetra	Information Technology (4 Years, Bachelor of Technology) 	HS 	OBC-NCL 	Gender-Neutral 	3113 	4208
National Institute of Technology, Kurukshetra	Information Technology (4 Years, Bachelor of Technology) 	HS 	OBC-NCL 	Female-only (including Supernumerary) 	9430 	11678
National Institute of Technology, Kurukshetra	Information Technology (4 Years, Bachelor of Technology) 	OS 	OBC-NCL 	Gender-Neutral 	2534 	2823
National Institute of Technology, Kurukshetra	Information Technology (4 Years, Bachelor of Technology) 	OS 	OBC-NCL 	Female-only (including Supernumerary) 	7102 	7102
National Institute of Technology, Kurukshetra	Mathematics and Computing (4 Years, Bachelor of Technology) 	HS 	OBC-NCL 	Gender-Neutral 	5067 	5650
National Institute of Technology, Kurukshetra	Mathematics and Computing (4 Years, Bachelor of Technology) 	HS 	OBC-NCL 	Female-only (including Supernumerary) 	9181 	9181
National Institute of Technology, Kurukshetra	Mathematics and Computing (4 Years, Bachelor of Technology) 	OS 	OBC-NCL 	Gender-Neutral 	3157 	3686
National Institute of Technology, Kurukshetra	Mathematics and Computing (4 Years, Bachelor of Technology) 	OS 	OBC-NCL 	Female-only (including Supernumerary) 	5974 	5974
National Institute of Technology, Kurukshetra	Mechanical Engineering (4 Years, Bachelor of Technology) 	HS 	OBC-NCL 	Gender-Neutral 	8575 	11243
National Institute of Technology, Kurukshetra	Mechanical Engineering (4 Years, Bachelor of Technology) 	HS 	OBC-NCL 	Female-only (including Supernumerary) 	17259 	18278
National Institute of Technology, Kurukshetra	Mechanical Engineering (4 Years, Bachelor of Technology) 	OS 	OBC-NCL 	Gender-Neutral 	7286 	8108
National Institute of Technology, Kurukshetra	Mechanical Engineering (4 Years, Bachelor of Technology) 	OS 	OBC-NCL 	Female-only (including Supernumerary) 	13429 	16610
National Institute of Technology, Kurukshetra	Mechanical Engineering (5 Years, Bachelor and Master of Technology (Dual Degree)) 	HS 	OBC-NCL 	Gender-Neutral 	12144 	12144
National Institute of Technology, Kurukshetra	Mechanical Engineering (5 Years, Bachelor and Master of Technology (Dual Degree)) 	OS 	OBC-NCL 	Gender-Neutral 	8521 	8848
National Institute of Technology, Kurukshetra	Microelectronics & VLSI Engineering (4 Years, Bachelor of Technology) 	HS 	OBC-NCL 	Gender-Neutral 	6810 	10165
National Institute of Technology, Kurukshetra	Microelectronics & VLSI Engineering (4 Years, Bachelor of Technology) 	HS 	OBC-NCL 	Female-only (including Supernumerary) 	17382 	17688
National Institute of Technology, Kurukshetra	Microelectronics & VLSI Engineering (4 Years, Bachelor of Technology) 	OS 	OBC-NCL 	Gender-Neutral 	4731 	5520
National Institute of Technology, Kurukshetra	Microelectronics & VLSI Engineering (4 Years, Bachelor of Technology) 	OS 	OBC-NCL 	Female-only (including Supernumerary) 	10385 	10385
National Institute of Technology, Kurukshetra	Production and Industrial Engineering (4 Years, Bachelor of Technology) 	HS 	OBC-NCL 	Gender-Neutral 	13706 	15224
National Institute of Technology, Kurukshetra	Production and Industrial Engineering (4 Years, Bachelor of Technology) 	HS 	OBC-NCL 	Female-only (including Supernumerary) 	21179 	21179
National Institute of Technology, Kurukshetra	Production and Industrial Engineering (4 Years, Bachelor of Technology) 	OS 	OBC-NCL 	Gender-Neutral 	12580 	13103
National Institute of Technology, Kurukshetra	Production and Industrial Engineering (4 Years, Bachelor of Technology) 	OS 	OBC-NCL 	Female-only (including Supernumerary) 	20519 	20519
National Institute of Technology, Kurukshetra	ROBOTICS & AUTOMATION (4 Years, Bachelor of Technology) 	HS 	OBC-NCL 	Gender-Neutral 	5723 	8849
National Institute of Technology, Kurukshetra	ROBOTICS & AUTOMATION (4 Years, Bachelor of Technology) 	HS 	OBC-NCL 	Female-only (including Supernumerary) 	13614 	13614
National Institute of Technology, Kurukshetra	ROBOTICS & AUTOMATION (4 Years, Bachelor of Technology) 	OS 	OBC-NCL 	Gender-Neutral 	3957 	4740
National Institute of Technology, Kurukshetra	ROBOTICS & AUTOMATION (4 Years, Bachelor of Technology) 	OS 	OBC-NCL 	Female-only (including Supernumerary) 	9470 	10092
National Institute of Technology, Kurukshetra	SUSTAINABLE ENERGY TECHNOLOGIES (4 Years, Bachelor of Technology) 	HS 	OBC-NCL 	Gender-Neutral 	12743 	17857
National Institute of Technology, Kurukshetra	SUSTAINABLE ENERGY TECHNOLOGIES (4 Years, Bachelor of Technology) 	HS 	OBC-NCL 	Female-only (including Supernumerary) 	21099 	21099
National Institute of Technology, Kurukshetra	SUSTAINABLE ENERGY TECHNOLOGIES (4 Years, Bachelor of Technology) 	OS 	OBC-NCL 	Gender-Neutral 	9550 	12097
National Institute of Technology, Kurukshetra	SUSTAINABLE ENERGY TECHNOLOGIES (4 Years, Bachelor of Technology) 	OS 	OBC-NCL 	Female-only (including Supernumerary) 	16645 	16645
National Institute of Technology, Manipur	Civil Engineering (4 Years, Bachelor of Technology) 	HS 	OBC-NCL 	Gender-Neutral 	105813 	113869
National Institute of Technology, Manipur	Civil Engineering (4 Years, Bachelor of Technology) 	HS 	OBC-NCL 	Female-only (including Supernumerary) 	199827 	199827
National Institute of Technology, Manipur	Civil Engineering (4 Years, Bachelor of Technology) 	OS 	OBC-NCL 	Gender-Neutral 	17729 	18122
National Institute of Technology, Manipur	Civil Engineering (4 Years, Bachelor of Technology) 	OS 	OBC-NCL 	Female-only (including Supernumerary) 	25591 	25591
National Institute of Technology, Manipur	Computer Science and Engineering (4 Years, Bachelor of Technology) 	HS 	OBC-NCL 	Gender-Neutral 	73862 	80694
National Institute of Technology, Manipur	Computer Science and Engineering (4 Years, Bachelor of Technology) 	HS 	OBC-NCL 	Female-only (including Supernumerary) 	99987 	99987
National Institute of Technology, Manipur	Computer Science and Engineering (4 Years, Bachelor of Technology) 	OS 	OBC-NCL 	Gender-Neutral 	9208 	11366
National Institute of Technology, Manipur	Computer Science and Engineering (4 Years, Bachelor of Technology) 	OS 	OBC-NCL 	Female-only (including Supernumerary) 	16604 	19469
National Institute of Technology, Manipur	Electrical Engineering (4 Years, Bachelor of Technology) 	HS 	OBC-NCL 	Gender-Neutral 	123381 	190897
National Institute of Technology, Manipur	Electrical Engineering (4 Years, Bachelor of Technology) 	HS 	OBC-NCL 	Female-only (including Supernumerary) 	461540 	461540
National Institute of Technology, Manipur	Electrical Engineering (4 Years, Bachelor of Technology) 	OS 	OBC-NCL 	Gender-Neutral 	12862 	15659
National Institute of Technology, Manipur	Electrical Engineering (4 Years, Bachelor of Technology) 	OS 	OBC-NCL 	Female-only (including Supernumerary) 	21717 	21717
National Institute of Technology, Manipur	Electronics and Communication Engineering (4 Years, Bachelor of Technology) 	HS 	OBC-NCL 	Gender-Neutral 	125558 	149402
National Institute of Technology, Manipur	Electronics and Communication Engineering (4 Years, Bachelor of Technology) 	OS 	OBC-NCL 	Gender-Neutral 	12241 	12304
National Institute of Technology, Manipur	Electronics and Communication Engineering (4 Years, Bachelor of Technology) 	OS 	OBC-NCL 	Female-only (including Supernumerary) 	20312 	20312
National Institute of Technology, Manipur	Mechanical Engineering (4 Years, Bachelor of Technology) 	HS 	OBC-NCL 	Gender-Neutral 	260824 	309996
National Institute of Technology, Manipur	Mechanical Engineering (4 Years, Bachelor of Technology) 	OS 	OBC-NCL 	Gender-Neutral 	15602 	16171
National Institute of Technology, Manipur	Mechanical Engineering (4 Years, Bachelor of Technology) 	OS 	OBC-NCL 	Female-only (including Supernumerary) 	23704 	23704
National Institute of Technology, Mizoram	Chemical Science and Technology (4 Years, Bachelor of Technology) 	OS 	OBC-NCL 	Female-only (including Supernumerary) 	25078 	25078
National Institute of Technology, Mizoram	Civil Engineering (4 Years, Bachelor of Technology) 	OS 	OBC-NCL 	Gender-Neutral 	17610 	18427
National Institute of Technology, Mizoram	Civil Engineering (4 Years, Bachelor of Technology) 	OS 	OBC-NCL 	Female-only (including Supernumerary) 	25202 	25202
National Institute of Technology, Mizoram	Computer Science and Engineering (4 Years, Bachelor of Technology) 	OS 	OBC-NCL 	Gender-Neutral 	10040 	11866
National Institute of Technology, Mizoram	Computer Science and Engineering (4 Years, Bachelor of Technology) 	OS 	OBC-NCL 	Female-only (including Supernumerary) 	18060 	18060
National Institute of Technology, Mizoram	Electrical Engineering (4 Years, Bachelor of Technology) 	OS 	OBC-NCL 	Gender-Neutral 	14893 	15851
National Institute of Technology, Mizoram	Electrical Engineering (4 Years, Bachelor of Technology) 	OS 	OBC-NCL 	Female-only (including Supernumerary) 	23604 	23604
National Institute of Technology, Mizoram	Electronics and Communication Engineering (4 Years, Bachelor of Technology) 	OS 	OBC-NCL 	Gender-Neutral 	12715 	12767
National Institute of Technology, Mizoram	Mathematics and Computing (4 Years, Bachelor of Technology) 	OS 	OBC-NCL 	Gender-Neutral 	10673 	10673
National Institute of Technology, Mizoram	Mathematics and Computing (4 Years, Bachelor of Technology) 	OS 	OBC-NCL 	Female-only (including Supernumerary) 	19899 	19899
National Institute of Technology, Mizoram	Mechanical Engineering (4 Years, Bachelor of Technology) 	OS 	OBC-NCL 	Gender-Neutral 	16495 	16679
National Institute of Technology, Rourkela	Architecture (5 Years, Bachelor of Architecture) 	HS 	OBC-NCL 	Gender-Neutral 	919 	1585
National Institute of Technology, Rourkela	Architecture (5 Years, Bachelor of Architecture) 	HS 	OBC-NCL 	Female-only (including Supernumerary) 	729 	729
National Institute of Technology, Rourkela	Architecture (5 Years, Bachelor of Architecture) 	OS 	OBC-NCL 	Gender-Neutral 	219 	240
National Institute of Technology, Rourkela	Architecture (5 Years, Bachelor of Architecture) 	OS 	OBC-NCL 	Female-only (including Supernumerary) 	208 	208
National Institute of Technology, Rourkela	Artificial Intelligence (4 Years, Bachelor of Technology) 	HS 	OBC-NCL 	Gender-Neutral 	4477 	4804
National Institute of Technology, Rourkela	Artificial Intelligence (4 Years, Bachelor of Technology) 	HS 	OBC-NCL 	Female-only (including Supernumerary) 	11537 	12978
National Institute of Technology, Rourkela	Artificial Intelligence (4 Years, Bachelor of Technology) 	OS 	OBC-NCL 	Gender-Neutral 	1224 	1454
National Institute of Technology, Rourkela	Artificial Intelligence (4 Years, Bachelor of Technology) 	OS 	OBC-NCL 	Female-only (including Supernumerary) 	3140 	3284
National Institute of Technology, Rourkela	Bio Medical Engineering (4 Years, Bachelor of Technology) 	HS 	OBC-NCL 	Gender-Neutral 	19265 	21118
National Institute of Technology, Rourkela	Bio Medical Engineering (4 Years, Bachelor of Technology) 	HS 	OBC-NCL 	Female-only (including Supernumerary) 	40179 	40179
National Institute of Technology, Rourkela	Bio Medical Engineering (4 Years, Bachelor of Technology) 	OS 	OBC-NCL 	Gender-Neutral 	9577 	11331
National Institute of Technology, Rourkela	Bio Medical Engineering (4 Years, Bachelor of Technology) 	OS 	OBC-NCL 	Female-only (including Supernumerary) 	14132 	14132
National Institute of Technology, Rourkela	Bio Technology (4 Years, Bachelor of Technology) 	HS 	OBC-NCL 	Gender-Neutral 	16436 	18737
National Institute of Technology, Rourkela	Bio Technology (4 Years, Bachelor of Technology) 	HS 	OBC-NCL 	Female-only (including Supernumerary) 	39029 	39029
National Institute of Technology, Rourkela	Bio Technology (4 Years, Bachelor of Technology) 	OS 	OBC-NCL 	Gender-Neutral 	8850 	10656
National Institute of Technology, Rourkela	Bio Technology (4 Years, Bachelor of Technology) 	OS 	OBC-NCL 	Female-only (including Supernumerary) 	15397 	15397
National Institute of Technology, Rourkela	Ceramic Engineering (4 Years, Bachelor of Technology) 	HS 	OBC-NCL 	Gender-Neutral 	15113 	17176
National Institute of Technology, Rourkela	Ceramic Engineering (4 Years, Bachelor of Technology) 	HS 	OBC-NCL 	Female-only (including Supernumerary) 	38814 	38814
National Institute of Technology, Rourkela	Ceramic Engineering (4 Years, Bachelor of Technology) 	OS 	OBC-NCL 	Gender-Neutral 	9483 	9926
National Institute of Technology, Rourkela	Ceramic Engineering (4 Years, Bachelor of Technology) 	OS 	OBC-NCL 	Female-only (including Supernumerary) 	16533 	16533
National Institute of Technology, Rourkela	Ceramic Engineering and M.Tech Industrial Ceramic (5 Years, Bachelor and Master of Technology (Dual Degree)) 	HS 	OBC-NCL 	Gender-Neutral 	21182 	21230
National Institute of Technology, Rourkela	Ceramic Engineering and M.Tech Industrial Ceramic (5 Years, Bachelor and Master of Technology (Dual Degree)) 	OS 	OBC-NCL 	Gender-Neutral 	13259 	13908
National Institute of Technology, Rourkela	Chemical Engineering (4 Years, Bachelor of Technology) 	HS 	OBC-NCL 	Gender-Neutral 	11017 	12251
National Institute of Technology, Rourkela	Chemical Engineering (4 Years, Bachelor of Technology) 	HS 	OBC-NCL 	Female-only (including Supernumerary) 	32227 	32227
National Institute of Technology, Rourkela	Chemical Engineering (4 Years, Bachelor of Technology) 	OS 	OBC-NCL 	Gender-Neutral 	6156 	6607
National Institute of Technology, Rourkela	Chemical Engineering (4 Years, Bachelor of Technology) 	OS 	OBC-NCL 	Female-only (including Supernumerary) 	10408 	11568
National Institute of Technology, Rourkela	Chemical Engineering (5 Years, Bachelor and Master of Technology (Dual Degree)) 	HS 	OBC-NCL 	Gender-Neutral 	15985 	15985
National Institute of Technology, Rourkela	Chemical Engineering (5 Years, Bachelor and Master of Technology (Dual Degree)) 	HS 	OBC-NCL 	Female-only (including Supernumerary) 	32605 	32605
National Institute of Technology, Rourkela	Chemical Engineering (5 Years, Bachelor and Master of Technology (Dual Degree)) 	OS 	OBC-NCL 	Gender-Neutral 	6935 	6935
National Institute of Technology, Rourkela	Chemistry (5 Years, Integrated Master of Science) 	HS 	OBC-NCL 	Gender-Neutral 	21730 	22234
National Institute of Technology, Rourkela	Chemistry (5 Years, Integrated Master of Science) 	HS 	OBC-NCL 	Female-only (including Supernumerary) 	25049 	25049
National Institute of Technology, Rourkela	Chemistry (5 Years, Integrated Master of Science) 	OS 	OBC-NCL 	Gender-Neutral 	13471 	13676
National Institute of Technology, Rourkela	Chemistry (5 Years, Integrated Master of Science) 	OS 	OBC-NCL 	Female-only (including Supernumerary) 	19814 	19814
National Institute of Technology, Rourkela	Civil Engineering (4 Years, Bachelor of Technology) 	HS 	OBC-NCL 	Gender-Neutral 	11371 	13335
National Institute of Technology, Rourkela	Civil Engineering (4 Years, Bachelor of Technology) 	HS 	OBC-NCL 	Female-only (including Supernumerary) 	32670 	32767
National Institute of Technology, Rourkela	Civil Engineering (4 Years, Bachelor of Technology) 	OS 	OBC-NCL 	Gender-Neutral 	7647 	8231
National Institute of Technology, Rourkela	Civil Engineering (4 Years, Bachelor of Technology) 	OS 	OBC-NCL 	Female-only (including Supernumerary) 	13733 	14201
National Institute of Technology, Rourkela	Computer Science and Engineering (4 Years, Bachelor of Technology) 	HS 	OBC-NCL 	Gender-Neutral 	2170 	4440
National Institute of Technology, Rourkela	Computer Science and Engineering (4 Years, Bachelor of Technology) 	HS 	OBC-NCL 	Female-only (including Supernumerary) 	6327 	11964
National Institute of Technology, Rourkela	Computer Science and Engineering (4 Years, Bachelor of Technology) 	OS 	OBC-NCL 	Gender-Neutral 	755 	1214
National Institute of Technology, Rourkela	Computer Science and Engineering (4 Years, Bachelor of Technology) 	OS 	OBC-NCL 	Female-only (including Supernumerary) 	2603 	2833
National Institute of Technology, Rourkela	Electrical Engineering (4 Years, Bachelor of Technology) 	HS 	OBC-NCL 	Gender-Neutral 	6008 	9085
National Institute of Technology, Rourkela	Electrical Engineering (4 Years, Bachelor of Technology) 	HS 	OBC-NCL 	Female-only (including Supernumerary) 	20080 	29864
National Institute of Technology, Rourkela	Electrical Engineering (4 Years, Bachelor of Technology) 	OS 	OBC-NCL 	Gender-Neutral 	2826 	3857
National Institute of Technology, Rourkela	Electrical Engineering (4 Years, Bachelor of Technology) 	OS 	OBC-NCL 	Female-only (including Supernumerary) 	5461 	6738
National Institute of Technology, Rourkela	Electronics and Communication Engineering (4 Years, Bachelor of Technology) 	HS 	OBC-NCL 	Gender-Neutral 	4834 	5759
National Institute of Technology, Rourkela	Electronics and Communication Engineering (4 Years, Bachelor of Technology) 	HS 	OBC-NCL 	Female-only (including Supernumerary) 	16237 	16237
National Institute of Technology, Rourkela	Electronics and Communication Engineering (4 Years, Bachelor of Technology) 	OS 	OBC-NCL 	Gender-Neutral 	1253 	2052
National Institute of Technology, Rourkela	Electronics and Communication Engineering (4 Years, Bachelor of Technology) 	OS 	OBC-NCL 	Female-only (including Supernumerary) 	3678 	3678
National Institute of Technology, Rourkela	Electronics and Instrumentation Engineering (4 Years, Bachelor of Technology) 	HS 	OBC-NCL 	Gender-Neutral 	5866 	6554
National Institute of Technology, Rourkela	Electronics and Instrumentation Engineering (4 Years, Bachelor of Technology) 	HS 	OBC-NCL 	Female-only (including Supernumerary) 	23559 	23559
National Institute of Technology, Rourkela	Electronics and Instrumentation Engineering (4 Years, Bachelor of Technology) 	OS 	OBC-NCL 	Gender-Neutral 	2915 	3932
National Institute of Technology, Rourkela	Electronics and Instrumentation Engineering (4 Years, Bachelor of Technology) 	OS 	OBC-NCL 	Female-only (including Supernumerary) 	7054 	8335
National Institute of Technology, Rourkela	Food Process Engineering (4 Years, Bachelor of Technology) 	HS 	OBC-NCL 	Gender-Neutral 	19011 	21962
National Institute of Technology, Rourkela	Food Process Engineering (4 Years, Bachelor of Technology) 	HS 	OBC-NCL 	Female-only (including Supernumerary) 	37197 	37197
National Institute of Technology, Rourkela	Food Process Engineering (4 Years, Bachelor of Technology) 	OS 	OBC-NCL 	Gender-Neutral 	11324 	11403
National Institute of Technology, Rourkela	Food Process Engineering (4 Years, Bachelor of Technology) 	OS 	OBC-NCL 	Female-only (including Supernumerary) 	19066 	19066
National Institute of Technology, Rourkela	Industrial Design (4 Years, Bachelor of Technology) 	HS 	OBC-NCL 	Gender-Neutral 	13557 	14610
National Institute of Technology, Rourkela	Industrial Design (4 Years, Bachelor of Technology) 	HS 	OBC-NCL 	Female-only (including Supernumerary) 	35483 	35483
National Institute of Technology, Rourkela	Industrial Design (4 Years, Bachelor of Technology) 	OS 	OBC-NCL 	Gender-Neutral 	8310 	8579
National Institute of Technology, Rourkela	Industrial Design (4 Years, Bachelor of Technology) 	OS 	OBC-NCL 	Female-only (including Supernumerary) 	14449 	14449
National Institute of Technology, Rourkela	Life Science (5 Years, Integrated Master of Science) 	HS 	OBC-NCL 	Gender-Neutral 	31995 	32076
National Institute of Technology, Rourkela	Life Science (5 Years, Integrated Master of Science) 	HS 	OBC-NCL 	Female-only (including Supernumerary) 	41830 	41830
National Institute of Technology, Rourkela	Life Science (5 Years, Integrated Master of Science) 	OS 	OBC-NCL 	Gender-Neutral 	17727 	18560
National Institute of Technology, Rourkela	Life Science (5 Years, Integrated Master of Science) 	OS 	OBC-NCL 	Female-only (including Supernumerary) 	22774 	22774
National Institute of Technology, Rourkela	Mathematics (5 Years, Integrated Master of Science) 	HS 	OBC-NCL 	Gender-Neutral 	18108 	22879
National Institute of Technology, Rourkela	Mathematics (5 Years, Integrated Master of Science) 	OS 	OBC-NCL 	Gender-Neutral 	8266 	11164
National Institute of Technology, Rourkela	Mechanical Engineering (4 Years, Bachelor of Technology) 	HS 	OBC-NCL 	Gender-Neutral 	8791 	10940
National Institute of Technology, Rourkela	Mechanical Engineering (4 Years, Bachelor of Technology) 	HS 	OBC-NCL 	Female-only (including Supernumerary) 	22826 	31085
National Institute of Technology, Rourkela	Mechanical Engineering (4 Years, Bachelor of Technology) 	OS 	OBC-NCL 	Gender-Neutral 	4788 	5571
National Institute of Technology, Rourkela	Mechanical Engineering (4 Years, Bachelor of Technology) 	OS 	OBC-NCL 	Female-only (including Supernumerary) 	8134 	11399
National Institute of Technology, Rourkela	Metallurgical and Materials Engineering (4 Years, Bachelor of Technology) 	HS 	OBC-NCL 	Gender-Neutral 	12423 	14379
National Institute of Technology, Rourkela	Metallurgical and Materials Engineering (4 Years, Bachelor of Technology) 	HS 	OBC-NCL 	Female-only (including Supernumerary) 	32449 	38375
National Institute of Technology, Rourkela	Metallurgical and Materials Engineering (4 Years, Bachelor of Technology) 	OS 	OBC-NCL 	Gender-Neutral 	8296 	8944
National Institute of Technology, Rourkela	Metallurgical and Materials Engineering (4 Years, Bachelor of Technology) 	OS 	OBC-NCL 	Female-only (including Supernumerary) 	15430 	15521
National Institute of Technology, Rourkela	Metallurgical and Materials Engineering (5 Years, Bachelor and Master of Technology (Dual Degree)) 	HS 	OBC-NCL 	Gender-Neutral 	16003 	16003
National Institute of Technology, Rourkela	Metallurgical and Materials Engineering (5 Years, Bachelor and Master of Technology (Dual Degree)) 	HS 	OBC-NCL 	Female-only (including Supernumerary) 	43548 	43548
National Institute of Technology, Rourkela	Metallurgical and Materials Engineering (5 Years, Bachelor and Master of Technology (Dual Degree)) 	OS 	OBC-NCL 	Gender-Neutral 	10733 	10832
National Institute of Technology, Rourkela	Mining Engineering (4 Years, Bachelor of Technology) 	HS 	OBC-NCL 	Gender-Neutral 	13977 	14909
National Institute of Technology, Rourkela	Mining Engineering (4 Years, Bachelor of Technology) 	OS 	OBC-NCL 	Gender-Neutral 	9875 	10250
National Institute of Technology, Rourkela	Mining Engineering (4 Years, Bachelor of Technology) 	OS 	OBC-NCL 	Female-only (including Supernumerary) 	14781 	14781
National Institute of Technology, Rourkela	Mining Engineering (5 Years, Bachelor and Master of Technology (Dual Degree)) 	HS 	OBC-NCL 	Gender-Neutral 	17654 	17654
National Institute of Technology, Rourkela	Mining Engineering (5 Years, Bachelor and Master of Technology (Dual Degree)) 	HS 	OBC-NCL 	Female-only (including Supernumerary) 	48096 	48096
National Institute of Technology, Rourkela	Mining Engineering (5 Years, Bachelor and Master of Technology (Dual Degree)) 	OS 	OBC-NCL 	Female-only (including Supernumerary) 	16135 	16135
National Institute of Technology, Rourkela	Physics (5 Years, Integrated Master of Science) 	HS 	OBC-NCL 	Gender-Neutral 	18109 	21127
National Institute of Technology, Rourkela	Physics (5 Years, Integrated Master of Science) 	HS 	OBC-NCL 	Female-only (including Supernumerary) 	24677 	24677
National Institute of Technology, Rourkela	Physics (5 Years, Integrated Master of Science) 	OS 	OBC-NCL 	Gender-Neutral 	6838 	10417
National Institute of Technology, Silchar	Civil Engineering (4 Years, Bachelor of Technology) 	HS 	OBC-NCL 	Gender-Neutral 	24905 	49647
National Institute of Technology, Silchar	Civil Engineering (4 Years, Bachelor of Technology) 	HS 	OBC-NCL 	Female-only (including Supernumerary) 	60156 	69379
National Institute of Technology, Silchar	Civil Engineering (4 Years, Bachelor of Technology) 	OS 	OBC-NCL 	Gender-Neutral 	12958 	14683
National Institute of Technology, Silchar	Civil Engineering (4 Years, Bachelor of Technology) 	OS 	OBC-NCL 	Female-only (including Supernumerary) 	18502 	20598
National Institute of Technology, Silchar	Computer Science and Engineering (4 Years, Bachelor of Technology) 	HS 	OBC-NCL 	Gender-Neutral 	6305 	13962
National Institute of Technology, Silchar	Computer Science and Engineering (4 Years, Bachelor of Technology) 	HS 	OBC-NCL 	Female-only (including Supernumerary) 	22560 	29556
National Institute of Technology, Silchar	Computer Science and Engineering (4 Years, Bachelor of Technology) 	OS 	OBC-NCL 	Gender-Neutral 	2962 	3993
National Institute of Technology, Silchar	Computer Science and Engineering (4 Years, Bachelor of Technology) 	OS 	OBC-NCL 	Female-only (including Supernumerary) 	6568 	7896
National Institute of Technology, Silchar	Electrical Engineering (4 Years, Bachelor of Technology) 	HS 	OBC-NCL 	Gender-Neutral 	17280 	34852
National Institute of Technology, Silchar	Electrical Engineering (4 Years, Bachelor of Technology) 	HS 	OBC-NCL 	Female-only (including Supernumerary) 	45017 	58479
National Institute of Technology, Silchar	Electrical Engineering (4 Years, Bachelor of Technology) 	OS 	OBC-NCL 	Gender-Neutral 	6561 	7986
National Institute of Technology, Silchar	Electrical Engineering (4 Years, Bachelor of Technology) 	OS 	OBC-NCL 	Female-only (including Supernumerary) 	13893 	16012
National Institute of Technology, Silchar	Electronics and Communication Engineering (4 Years, Bachelor of Technology) 	HS 	OBC-NCL 	Gender-Neutral 	13553 	22365
National Institute of Technology, Silchar	Electronics and Communication Engineering (4 Years, Bachelor of Technology) 	HS 	OBC-NCL 	Female-only (including Supernumerary) 	32336 	37267
National Institute of Technology, Silchar	Electronics and Communication Engineering (4 Years, Bachelor of Technology) 	OS 	OBC-NCL 	Gender-Neutral 	4174 	5882
National Institute of Technology, Silchar	Electronics and Communication Engineering (4 Years, Bachelor of Technology) 	OS 	OBC-NCL 	Female-only (including Supernumerary) 	11597 	13166
National Institute of Technology, Silchar	Electronics and Instrumentation Engineering (4 Years, Bachelor of Technology) 	HS 	OBC-NCL 	Gender-Neutral 	22828 	29619
National Institute of Technology, Silchar	Electronics and Instrumentation Engineering (4 Years, Bachelor of Technology) 	HS 	OBC-NCL 	Female-only (including Supernumerary) 	42007 	49389
National Institute of Technology, Silchar	Electronics and Instrumentation Engineering (4 Years, Bachelor of Technology) 	OS 	OBC-NCL 	Gender-Neutral 	6451 	7259
National Institute of Technology, Silchar	Electronics and Instrumentation Engineering (4 Years, Bachelor of Technology) 	OS 	OBC-NCL 	Female-only (including Supernumerary) 	13938 	15359
National Institute of Technology, Silchar	Mechanical Engineering (4 Years, Bachelor of Technology) 	HS 	OBC-NCL 	Gender-Neutral 	26077 	40699
National Institute of Technology, Silchar	Mechanical Engineering (4 Years, Bachelor of Technology) 	HS 	OBC-NCL 	Female-only (including Supernumerary) 	56173 	67424
National Institute of Technology, Silchar	Mechanical Engineering (4 Years, Bachelor of Technology) 	OS 	OBC-NCL 	Gender-Neutral 	8361 	10357
National Institute of Technology, Silchar	Mechanical Engineering (4 Years, Bachelor of Technology) 	OS 	OBC-NCL 	Female-only (including Supernumerary) 	16523 	19455
National Institute of Technology, Srinagar	Chemical Engineering (4 Years, Bachelor of Technology) 	JK 	OBC-NCL 	Gender-Neutral 	311482 	311482
National Institute of Technology, Srinagar	Chemical Engineering (4 Years, Bachelor of Technology) 	OS 	OBC-NCL 	Gender-Neutral 	15636 	16379
National Institute of Technology, Srinagar	Chemical Engineering (4 Years, Bachelor of Technology) 	OS 	OBC-NCL 	Female-only (including Supernumerary) 	24006 	24074
National Institute of Technology, Srinagar	Civil Engineering (4 Years, Bachelor of Technology) 	JK 	OBC-NCL 	Gender-Neutral 	117619 	180135
National Institute of Technology, Srinagar	Civil Engineering (4 Years, Bachelor of Technology) 	JK 	OBC-NCL 	Female-only (including Supernumerary) 	119414 	119414
National Institute of Technology, Srinagar	Civil Engineering (4 Years, Bachelor of Technology) 	OS 	OBC-NCL 	Gender-Neutral 	16554 	17499
National Institute of Technology, Srinagar	Civil Engineering (4 Years, Bachelor of Technology) 	OS 	OBC-NCL 	Female-only (including Supernumerary) 	23502 	24475
National Institute of Technology, Srinagar	Computer Science and Engineering (4 Years, Bachelor of Technology) 	JK 	OBC-NCL 	Gender-Neutral 	19628 	52331
National Institute of Technology, Srinagar	Computer Science and Engineering (4 Years, Bachelor of Technology) 	JK 	OBC-NCL 	Female-only (including Supernumerary) 	22158 	28109
National Institute of Technology, Srinagar	Computer Science and Engineering (4 Years, Bachelor of Technology) 	OS 	OBC-NCL 	Gender-Neutral 	6739 	7905
National Institute of Technology, Srinagar	Computer Science and Engineering (4 Years, Bachelor of Technology) 	OS 	OBC-NCL 	Female-only (including Supernumerary) 	13573 	15934
National Institute of Technology, Srinagar	Electrical Engineering (4 Years, Bachelor of Technology) 	JK 	OBC-NCL 	Gender-Neutral 	60738 	290236
National Institute of Technology, Srinagar	Electrical Engineering (4 Years, Bachelor of Technology) 	OS 	OBC-NCL 	Gender-Neutral 	11651 	13137
National Institute of Technology, Srinagar	Electrical Engineering (4 Years, Bachelor of Technology) 	OS 	OBC-NCL 	Female-only (including Supernumerary) 	18664 	19664
National Institute of Technology, Srinagar	Electronics and Communication Engineering (4 Years, Bachelor of Technology) 	JK 	OBC-NCL 	Gender-Neutral 	55163 	142614
National Institute of Technology, Srinagar	Electronics and Communication Engineering (4 Years, Bachelor of Technology) 	OS 	OBC-NCL 	Gender-Neutral 	9859 	11202
National Institute of Technology, Srinagar	Electronics and Communication Engineering (4 Years, Bachelor of Technology) 	OS 	OBC-NCL 	Female-only (including Supernumerary) 	18639 	19226
National Institute of Technology, Srinagar	Information Technology (4 Years, Bachelor of Technology) 	JK 	OBC-NCL 	Gender-Neutral 	51495 	103486
National Institute of Technology, Srinagar	Information Technology (4 Years, Bachelor of Technology) 	OS 	OBC-NCL 	Gender-Neutral 	8792 	9991
National Institute of Technology, Srinagar	Information Technology (4 Years, Bachelor of Technology) 	OS 	OBC-NCL 	Female-only (including Supernumerary) 	16166 	18373
National Institute of Technology, Srinagar	Mechanical Engineering (4 Years, Bachelor of Technology) 	JK 	OBC-NCL 	Gender-Neutral 	63002 	460212
National Institute of Technology, Srinagar	Mechanical Engineering (4 Years, Bachelor of Technology) 	OS 	OBC-NCL 	Gender-Neutral 	14171 	15191
National Institute of Technology, Srinagar	Mechanical Engineering (4 Years, Bachelor of Technology) 	OS 	OBC-NCL 	Female-only (including Supernumerary) 	19652 	23600
National Institute of Technology, Srinagar	Metallurgical and Materials Engineering (4 Years, Bachelor of Technology) 	JK 	OBC-NCL 	Gender-Neutral 	328138 	328138
National Institute of Technology, Srinagar	Metallurgical and Materials Engineering (4 Years, Bachelor of Technology) 	OS 	OBC-NCL 	Gender-Neutral 	16566 	18033
National Institute of Technology, Srinagar	Metallurgical and Materials Engineering (4 Years, Bachelor of Technology) 	OS 	OBC-NCL 	Female-only (including Supernumerary) 	25780 	26441
National Institute of Technology, Tiruchirappalli	Architecture (5 Years, Bachelor of Architecture) 	HS 	OBC-NCL 	Gender-Neutral 	129 	158
National Institute of Technology, Tiruchirappalli	Architecture (5 Years, Bachelor of Architecture) 	HS 	OBC-NCL 	Female-only (including Supernumerary) 	104 	114
National Institute of Technology, Tiruchirappalli	Architecture (5 Years, Bachelor of Architecture) 	OS 	OBC-NCL 	Gender-Neutral 	100 	126
National Institute of Technology, Tiruchirappalli	Architecture (5 Years, Bachelor of Architecture) 	OS 	OBC-NCL 	Female-only (including Supernumerary) 	88 	88
National Institute of Technology, Tiruchirappalli	Chemical Engineering (4 Years, Bachelor of Technology) 	HS 	OBC-NCL 	Gender-Neutral 	4676 	5285
National Institute of Technology, Tiruchirappalli	Chemical Engineering (4 Years, Bachelor of Technology) 	HS 	OBC-NCL 	Female-only (including Supernumerary) 	8456 	8547
National Institute of Technology, Tiruchirappalli	Chemical Engineering (4 Years, Bachelor of Technology) 	OS 	OBC-NCL 	Gender-Neutral 	3134 	5278
National Institute of Technology, Tiruchirappalli	Chemical Engineering (4 Years, Bachelor of Technology) 	OS 	OBC-NCL 	Female-only (including Supernumerary) 	8536 	8536
National Institute of Technology, Tiruchirappalli	Civil Engineering (4 Years, Bachelor of Technology) 	HS 	OBC-NCL 	Gender-Neutral 	8592 	10071
National Institute of Technology, Tiruchirappalli	Civil Engineering (4 Years, Bachelor of Technology) 	HS 	OBC-NCL 	Female-only (including Supernumerary) 	12283 	12771
National Institute of Technology, Tiruchirappalli	Civil Engineering (4 Years, Bachelor of Technology) 	OS 	OBC-NCL 	Gender-Neutral 	4050 	6194
National Institute of Technology, Tiruchirappalli	Civil Engineering (4 Years, Bachelor of Technology) 	OS 	OBC-NCL 	Female-only (including Supernumerary) 	9962 	12356
National Institute of Technology, Tiruchirappalli	Computer Science and Engineering (4 Years, Bachelor of Technology) 	HS 	OBC-NCL 	Gender-Neutral 	1007 	1631
National Institute of Technology, Tiruchirappalli	Computer Science and Engineering (4 Years, Bachelor of Technology) 	HS 	OBC-NCL 	Female-only (including Supernumerary) 	1918 	2301
National Institute of Technology, Tiruchirappalli	Computer Science and Engineering (4 Years, Bachelor of Technology) 	OS 	OBC-NCL 	Gender-Neutral 	241 	390
National Institute of Technology, Tiruchirappalli	Computer Science and Engineering (4 Years, Bachelor of Technology) 	OS 	OBC-NCL 	Female-only (including Supernumerary) 	741 	991
National Institute of Technology, Tiruchirappalli	Electrical and Electronics Engineering (4 Years, Bachelor of Technology) 	HS 	OBC-NCL 	Gender-Neutral 	2015 	2452
National Institute of Technology, Tiruchirappalli	Electrical and Electronics Engineering (4 Years, Bachelor of Technology) 	HS 	OBC-NCL 	Female-only (including Supernumerary) 	4484 	5294
National Institute of Technology, Tiruchirappalli	Electrical and Electronics Engineering (4 Years, Bachelor of Technology) 	OS 	OBC-NCL 	Gender-Neutral 	1690 	2185
National Institute of Technology, Tiruchirappalli	Electrical and Electronics Engineering (4 Years, Bachelor of Technology) 	OS 	OBC-NCL 	Female-only (including Supernumerary) 	3343 	4058
National Institute of Technology, Tiruchirappalli	Electronics and Communication Engineering (4 Years, Bachelor of Technology) 	HS 	OBC-NCL 	Gender-Neutral 	1523 	2013
National Institute of Technology, Tiruchirappalli	Electronics and Communication Engineering (4 Years, Bachelor of Technology) 	HS 	OBC-NCL 	Female-only (including Supernumerary) 	3010 	3106
National Institute of Technology, Tiruchirappalli	Electronics and Communication Engineering (4 Years, Bachelor of Technology) 	OS 	OBC-NCL 	Gender-Neutral 	833 	1213
National Institute of Technology, Tiruchirappalli	Electronics and Communication Engineering (4 Years, Bachelor of Technology) 	OS 	OBC-NCL 	Female-only (including Supernumerary) 	1649 	3128
National Institute of Technology, Tiruchirappalli	Instrumentation and Control Engineering (4 Years, Bachelor of Technology) 	HS 	OBC-NCL 	Gender-Neutral 	3076 	3629
National Institute of Technology, Tiruchirappalli	Instrumentation and Control Engineering (4 Years, Bachelor of Technology) 	HS 	OBC-NCL 	Female-only (including Supernumerary) 	5823 	6224
National Institute of Technology, Tiruchirappalli	Instrumentation and Control Engineering (4 Years, Bachelor of Technology) 	OS 	OBC-NCL 	Gender-Neutral 	3064 	4087
National Institute of Technology, Tiruchirappalli	Instrumentation and Control Engineering (4 Years, Bachelor of Technology) 	OS 	OBC-NCL 	Female-only (including Supernumerary) 	8751 	9740
National Institute of Technology, Tiruchirappalli	Mechanical Engineering (4 Years, Bachelor of Technology) 	HS 	OBC-NCL 	Gender-Neutral 	3400 	4025
National Institute of Technology, Tiruchirappalli	Mechanical Engineering (4 Years, Bachelor of Technology) 	HS 	OBC-NCL 	Female-only (including Supernumerary) 	7949 	8274
National Institute of Technology, Tiruchirappalli	Mechanical Engineering (4 Years, Bachelor of Technology) 	OS 	OBC-NCL 	Gender-Neutral 	1919 	3444
National Institute of Technology, Tiruchirappalli	Mechanical Engineering (4 Years, Bachelor of Technology) 	OS 	OBC-NCL 	Female-only (including Supernumerary) 	6436 	8394
National Institute of Technology, Tiruchirappalli	Metallurgical and Materials Engineering (4 Years, Bachelor of Technology) 	HS 	OBC-NCL 	Gender-Neutral 	7233 	7822
National Institute of Technology, Tiruchirappalli	Metallurgical and Materials Engineering (4 Years, Bachelor of Technology) 	HS 	OBC-NCL 	Female-only (including Supernumerary) 	11827 	12480
National Institute of Technology, Tiruchirappalli	Metallurgical and Materials Engineering (4 Years, Bachelor of Technology) 	OS 	OBC-NCL 	Gender-Neutral 	6443 	8021
National Institute of Technology, Tiruchirappalli	Metallurgical and Materials Engineering (4 Years, Bachelor of Technology) 	OS 	OBC-NCL 	Female-only (including Supernumerary) 	12343 	12343
National Institute of Technology, Tiruchirappalli	Production Engineering (4 Years, Bachelor of Technology) 	HS 	OBC-NCL 	Gender-Neutral 	6231 	6971
National Institute of Technology, Tiruchirappalli	Production Engineering (4 Years, Bachelor of Technology) 	HS 	OBC-NCL 	Female-only (including Supernumerary) 	8888 	8940
National Institute of Technology, Tiruchirappalli	Production Engineering (4 Years, Bachelor of Technology) 	OS 	OBC-NCL 	Gender-Neutral 	5744 	7913
National Institute of Technology, Tiruchirappalli	Production Engineering (4 Years, Bachelor of Technology) 	OS 	OBC-NCL 	Female-only (including Supernumerary) 	13005 	13221
National Institute of Technology, Uttarakhand	Civil Engineering (4 Years, Bachelor of Technology) 	HS 	OBC-NCL 	Gender-Neutral 	23015 	30958
National Institute of Technology, Uttarakhand	Civil Engineering (4 Years, Bachelor of Technology) 	HS 	OBC-NCL 	Female-only (including Supernumerary) 	37764 	37764
National Institute of Technology, Uttarakhand	Civil Engineering (4 Years, Bachelor of Technology) 	OS 	OBC-NCL 	Gender-Neutral 	14508 	15237
National Institute of Technology, Uttarakhand	Civil Engineering (4 Years, Bachelor of Technology) 	OS 	OBC-NCL 	Female-only (including Supernumerary) 	22723 	23909
National Institute of Technology, Uttarakhand	Computer Science and Engineering (4 Years, Bachelor of Technology) 	HS 	OBC-NCL 	Gender-Neutral 	12692 	17997
National Institute of Technology, Uttarakhand	Computer Science and Engineering (4 Years, Bachelor of Technology) 	OS 	OBC-NCL 	Gender-Neutral 	5507 	6391
National Institute of Technology, Uttarakhand	Computer Science and Engineering (4 Years, Bachelor of Technology) 	OS 	OBC-NCL 	Female-only (including Supernumerary) 	10525 	10607
National Institute of Technology, Uttarakhand	Electrical and Electronics Engineering (4 Years, Bachelor of Technology) 	HS 	OBC-NCL 	Gender-Neutral 	19591 	21307
National Institute of Technology, Uttarakhand	Electrical and Electronics Engineering (4 Years, Bachelor of Technology) 	HS 	OBC-NCL 	Female-only (including Supernumerary) 	18460 	18460
National Institute of Technology, Uttarakhand	Electrical and Electronics Engineering (4 Years, Bachelor of Technology) 	OS 	OBC-NCL 	Gender-Neutral 	9591 	10169
National Institute of Technology, Uttarakhand	Electrical and Electronics Engineering (4 Years, Bachelor of Technology) 	OS 	OBC-NCL 	Female-only (including Supernumerary) 	15141 	15141
National Institute of Technology, Uttarakhand	Electronics and Communication Engineering (4 Years, Bachelor of Technology) 	HS 	OBC-NCL 	Gender-Neutral 	18302 	19587
National Institute of Technology, Uttarakhand	Electronics and Communication Engineering (4 Years, Bachelor of Technology) 	HS 	OBC-NCL 	Female-only (including Supernumerary) 	28218 	28218
National Institute of Technology, Uttarakhand	Electronics and Communication Engineering (4 Years, Bachelor of Technology) 	OS 	OBC-NCL 	Gender-Neutral 	6918 	7094
National Institute of Technology, Uttarakhand	Electronics and Communication Engineering (4 Years, Bachelor of Technology) 	OS 	OBC-NCL 	Female-only (including Supernumerary) 	14828 	14828
National Institute of Technology, Uttarakhand	Mechanical Engineering (4 Years, Bachelor of Technology) 	HS 	OBC-NCL 	Gender-Neutral 	19196 	27666
National Institute of Technology, Uttarakhand	Mechanical Engineering (4 Years, Bachelor of Technology) 	HS 	OBC-NCL 	Female-only (including Supernumerary) 	36128 	37270
National Institute of Technology, Uttarakhand	Mechanical Engineering (4 Years, Bachelor of Technology) 	OS 	OBC-NCL 	Gender-Neutral 	10977 	12306
National Institute of Technology, Warangal	Bio Technology (4 Years, Bachelor of Technology) 	HS 	OBC-NCL 	Gender-Neutral 	11935 	13555
National Institute of Technology, Warangal	Bio Technology (4 Years, Bachelor of Technology) 	HS 	OBC-NCL 	Female-only (including Supernumerary) 	16524 	16524
National Institute of Technology, Warangal	Bio Technology (4 Years, Bachelor of Technology) 	OS 	OBC-NCL 	Gender-Neutral 	7269 	10797
National Institute of Technology, Warangal	Bio Technology (4 Years, Bachelor of Technology) 	OS 	OBC-NCL 	Female-only (including Supernumerary) 	11435 	14418
National Institute of Technology, Warangal	Chemical Engineering (4 Years, Bachelor of Technology) 	HS 	OBC-NCL 	Gender-Neutral 	5895 	8242
National Institute of Technology, Warangal	Chemical Engineering (4 Years, Bachelor of Technology) 	HS 	OBC-NCL 	Female-only (including Supernumerary) 	10643 	15034
National Institute of Technology, Warangal	Chemical Engineering (4 Years, Bachelor of Technology) 	OS 	OBC-NCL 	Gender-Neutral 	5577 	6196
National Institute of Technology, Warangal	Chemical Engineering (4 Years, Bachelor of Technology) 	OS 	OBC-NCL 	Female-only (including Supernumerary) 	8866 	10050
National Institute of Technology, Warangal	Chemical Engineering (5 Years, Bachelor and Master of Technology (Dual Degree)) 	HS 	OBC-NCL 	Gender-Neutral 	8320 	8320
National Institute of Technology, Warangal	Chemical Engineering (5 Years, Bachelor and Master of Technology (Dual Degree)) 	OS 	OBC-NCL 	Gender-Neutral 	6105 	6105
National Institute of Technology, Warangal	Chemical Engineering (5 Years, Bachelor and Master of Technology (Dual Degree)) 	OS 	OBC-NCL 	Female-only (including Supernumerary) 	11718 	11718
National Institute of Technology, Warangal	Chemistry (5 Years, Integrated Master of Science) 	HS 	OBC-NCL 	Gender-Neutral 	14126 	17608
National Institute of Technology, Warangal	Chemistry (5 Years, Integrated Master of Science) 	HS 	OBC-NCL 	Female-only (including Supernumerary) 	20677 	20677
National Institute of Technology, Warangal	Chemistry (5 Years, Integrated Master of Science) 	OS 	OBC-NCL 	Gender-Neutral 	11777 	12074
National Institute of Technology, Warangal	Civil Engineering (4 Years, Bachelor of Technology) 	HS 	OBC-NCL 	Gender-Neutral 	8645 	10327
National Institute of Technology, Warangal	Civil Engineering (4 Years, Bachelor of Technology) 	HS 	OBC-NCL 	Female-only (including Supernumerary) 	12009 	13002
National Institute of Technology, Warangal	Civil Engineering (4 Years, Bachelor of Technology) 	OS 	OBC-NCL 	Gender-Neutral 	6313 	8036
National Institute of Technology, Warangal	Civil Engineering (4 Years, Bachelor of Technology) 	OS 	OBC-NCL 	Female-only (including Supernumerary) 	12450 	12618
National Institute of Technology, Warangal	Computer Science and Engineering ( Artificial Intelligence & Data Science) (4 Years, Bachelor of Technology) 	HS 	OBC-NCL 	Gender-Neutral 	864 	1270
National Institute of Technology, Warangal	Computer Science and Engineering ( Artificial Intelligence & Data Science) (4 Years, Bachelor of Technology) 	HS 	OBC-NCL 	Female-only (including Supernumerary) 	2054 	2054
National Institute of Technology, Warangal	Computer Science and Engineering ( Artificial Intelligence & Data Science) (4 Years, Bachelor of Technology) 	OS 	OBC-NCL 	Gender-Neutral 	693 	1023
National Institute of Technology, Warangal	Computer Science and Engineering ( Artificial Intelligence & Data Science) (4 Years, Bachelor of Technology) 	OS 	OBC-NCL 	Female-only (including Supernumerary) 	2155 	2155
National Institute of Technology, Warangal	Computer Science and Engineering (4 Years, Bachelor of Technology) 	HS 	OBC-NCL 	Gender-Neutral 	676 	1241
National Institute of Technology, Warangal	Computer Science and Engineering (4 Years, Bachelor of Technology) 	HS 	OBC-NCL 	Female-only (including Supernumerary) 	1305 	2112
National Institute of Technology, Warangal	Computer Science and Engineering (4 Years, Bachelor of Technology) 	OS 	OBC-NCL 	Gender-Neutral 	434 	677
National Institute of Technology, Warangal	Computer Science and Engineering (4 Years, Bachelor of Technology) 	OS 	OBC-NCL 	Female-only (including Supernumerary) 	1080 	1932
National Institute of Technology, Warangal	Electrical and Electronics Engineering (4 Years, Bachelor of Technology) 	HS 	OBC-NCL 	Gender-Neutral 	2697 	4096
National Institute of Technology, Warangal	Electrical and Electronics Engineering (4 Years, Bachelor of Technology) 	HS 	OBC-NCL 	Female-only (including Supernumerary) 	4635 	5354
National Institute of Technology, Warangal	Electrical and Electronics Engineering (4 Years, Bachelor of Technology) 	OS 	OBC-NCL 	Gender-Neutral 	2175 	2816
National Institute of Technology, Warangal	Electrical and Electronics Engineering (4 Years, Bachelor of Technology) 	OS 	OBC-NCL 	Female-only (including Supernumerary) 	5149 	5855
National Institute of Technology, Warangal	Electronics and Communication Engineering (4 Years, Bachelor of Technology) 	HS 	OBC-NCL 	Gender-Neutral 	1637 	2125
National Institute of Technology, Warangal	Electronics and Communication Engineering (4 Years, Bachelor of Technology) 	HS 	OBC-NCL 	Female-only (including Supernumerary) 	3151 	3172
National Institute of Technology, Warangal	Electronics and Communication Engineering (4 Years, Bachelor of Technology) 	OS 	OBC-NCL 	Gender-Neutral 	1235 	1823
National Institute of Technology, Warangal	Electronics and Communication Engineering (4 Years, Bachelor of Technology) 	OS 	OBC-NCL 	Female-only (including Supernumerary) 	3008 	3699
National Institute of Technology, Warangal	Electronics and Communication Engineering (VLSI Design and Technology) (4 Years, Bachelor of Technology) 	HS 	OBC-NCL 	Gender-Neutral 	2154 	2314
National Institute of Technology, Warangal	Electronics and Communication Engineering (VLSI Design and Technology) (4 Years, Bachelor of Technology) 	HS 	OBC-NCL 	Female-only (including Supernumerary) 	2739 	2739
National Institute of Technology, Warangal	Electronics and Communication Engineering (VLSI Design and Technology) (4 Years, Bachelor of Technology) 	OS 	OBC-NCL 	Gender-Neutral 	1876 	1967
National Institute of Technology, Warangal	Electronics and Communication Engineering (VLSI Design and Technology) (4 Years, Bachelor of Technology) 	OS 	OBC-NCL 	Female-only (including Supernumerary) 	3037 	3037
National Institute of Technology, Warangal	Mathematics (5 Years, Integrated Master of Science) 	HS 	OBC-NCL 	Gender-Neutral 	14038 	14038
National Institute of Technology, Warangal	Mathematics (5 Years, Integrated Master of Science) 	OS 	OBC-NCL 	Gender-Neutral 	4758 	6993
National Institute of Technology, Warangal	Mathematics (5 Years, Integrated Master of Science) 	OS 	OBC-NCL 	Female-only (including Supernumerary) 	13390 	13390
National Institute of Technology, Warangal	Mathematics and Computing (4 Years, Bachelor of Technology) 	HS 	OBC-NCL 	Gender-Neutral 	1508 	1784
National Institute of Technology, Warangal	Mathematics and Computing (4 Years, Bachelor of Technology) 	HS 	OBC-NCL 	Female-only (including Supernumerary) 	2414 	2414
National Institute of Technology, Warangal	Mathematics and Computing (4 Years, Bachelor of Technology) 	OS 	OBC-NCL 	Gender-Neutral 	1089 	1167
National Institute of Technology, Warangal	Mathematics and Computing (4 Years, Bachelor of Technology) 	OS 	OBC-NCL 	Female-only (including Supernumerary) 	2236 	2236
National Institute of Technology, Warangal	Mechanical Engineering (4 Years, Bachelor of Technology) 	HS 	OBC-NCL 	Gender-Neutral 	4131 	6253
National Institute of Technology, Warangal	Mechanical Engineering (4 Years, Bachelor of Technology) 	HS 	OBC-NCL 	Female-only (including Supernumerary) 	10156 	13721
National Institute of Technology, Warangal	Mechanical Engineering (4 Years, Bachelor of Technology) 	OS 	OBC-NCL 	Gender-Neutral 	4147 	5164
National Institute of Technology, Warangal	Mechanical Engineering (4 Years, Bachelor of Technology) 	OS 	OBC-NCL 	Female-only (including Supernumerary) 	8413 	10918
National Institute of Technology, Warangal	Metallurgical and Materials Engineering (4 Years, Bachelor of Technology) 	HS 	OBC-NCL 	Gender-Neutral 	10312 	12271
National Institute of Technology, Warangal	Metallurgical and Materials Engineering (4 Years, Bachelor of Technology) 	HS 	OBC-NCL 	Female-only (including Supernumerary) 	16454 	17214
National Institute of Technology, Warangal	Metallurgical and Materials Engineering (4 Years, Bachelor of Technology) 	OS 	OBC-NCL 	Gender-Neutral 	8374 	9353
National Institute of Technology, Warangal	Metallurgical and Materials Engineering (4 Years, Bachelor of Technology) 	OS 	OBC-NCL 	Female-only (including Supernumerary) 	13140 	13140
National Institute of Technology, Warangal	Metallurgical and Materials Engineering (5 Years, Bachelor and Master of Technology (Dual Degree)) 	HS 	OBC-NCL 	Gender-Neutral 	13242 	13242
National Institute of Technology, Warangal	Metallurgical and Materials Engineering (5 Years, Bachelor and Master of Technology (Dual Degree)) 	OS 	OBC-NCL 	Gender-Neutral 	10720 	10720
National Institute of Technology, Warangal	Metallurgical and Materials Engineering (5 Years, Bachelor and Master of Technology (Dual Degree)) 	OS 	OBC-NCL 	Female-only (including Supernumerary) 	15812 	15812
National Institute of Technology, Warangal	Physics (5 Years, Integrated Master of Science) 	HS 	OBC-NCL 	Gender-Neutral 	14265 	17313
National Institute of Technology, Warangal	Physics (5 Years, Integrated Master of Science) 	OS 	OBC-NCL 	Gender-Neutral 	9104 	9120
National Institute of Technology, Warangal	Physics (5 Years, Integrated Master of Science) 	OS 	OBC-NCL 	Female-only (including Supernumerary) 	16177 	16177
Sardar Vallabhbhai National Institute of Technology, Surat	Artificial Intelligence (4 Years, Bachelor of Technology) 	HS 	OBC-NCL 	Gender-Neutral 	3468 	5688
Sardar Vallabhbhai National Institute of Technology, Surat	Artificial Intelligence (4 Years, Bachelor of Technology) 	HS 	OBC-NCL 	Female-only (including Supernumerary) 	7958 	9169
Sardar Vallabhbhai National Institute of Technology, Surat	Artificial Intelligence (4 Years, Bachelor of Technology) 	OS 	OBC-NCL 	Gender-Neutral 	2885 	3642
Sardar Vallabhbhai National Institute of Technology, Surat	Artificial Intelligence (4 Years, Bachelor of Technology) 	OS 	OBC-NCL 	Female-only (including Supernumerary) 	7474 	7868
Sardar Vallabhbhai National Institute of Technology, Surat	Artificial Intelligence (5 Years, Integrated B. Tech. and M. Tech.) 	HS 	OBC-NCL 	Gender-Neutral 	5036 	6535
Sardar Vallabhbhai National Institute of Technology, Surat	Artificial Intelligence (5 Years, Integrated B. Tech. and M. Tech.) 	HS 	OBC-NCL 	Female-only (including Supernumerary) 	12472 	12472
Sardar Vallabhbhai National Institute of Technology, Surat	Artificial Intelligence (5 Years, Integrated B. Tech. and M. Tech.) 	OS 	OBC-NCL 	Gender-Neutral 	3909 	4969
Sardar Vallabhbhai National Institute of Technology, Surat	Artificial Intelligence (5 Years, Integrated B. Tech. and M. Tech.) 	OS 	OBC-NCL 	Female-only (including Supernumerary) 	8960 	8960
Sardar Vallabhbhai National Institute of Technology, Surat	Chemical Engineering (4 Years, Bachelor of Technology) 	HS 	OBC-NCL 	Gender-Neutral 	13281 	20993
Sardar Vallabhbhai National Institute of Technology, Surat	Chemical Engineering (4 Years, Bachelor of Technology) 	HS 	OBC-NCL 	Female-only (including Supernumerary) 	24154 	30284
Sardar Vallabhbhai National Institute of Technology, Surat	Chemical Engineering (4 Years, Bachelor of Technology) 	OS 	OBC-NCL 	Gender-Neutral 	9576 	10705
Sardar Vallabhbhai National Institute of Technology, Surat	Chemical Engineering (4 Years, Bachelor of Technology) 	OS 	OBC-NCL 	Female-only (including Supernumerary) 	15992 	17522
Sardar Vallabhbhai National Institute of Technology, Surat	Chemistry (5 Years, Integrated Master of Science) 	HS 	OBC-NCL 	Gender-Neutral 	33572 	46430
Sardar Vallabhbhai National Institute of Technology, Surat	Chemistry (5 Years, Integrated Master of Science) 	OS 	OBC-NCL 	Gender-Neutral 	17231 	18683
Sardar Vallabhbhai National Institute of Technology, Surat	Civil Engineering (4 Years, Bachelor of Technology) 	HS 	OBC-NCL 	Gender-Neutral 	18630 	25683
Sardar Vallabhbhai National Institute of Technology, Surat	Civil Engineering (4 Years, Bachelor of Technology) 	HS 	OBC-NCL 	Female-only (including Supernumerary) 	20438 	38063
Sardar Vallabhbhai National Institute of Technology, Surat	Civil Engineering (4 Years, Bachelor of Technology) 	OS 	OBC-NCL 	Gender-Neutral 	11428 	12146
Sardar Vallabhbhai National Institute of Technology, Surat	Civil Engineering (4 Years, Bachelor of Technology) 	OS 	OBC-NCL 	Female-only (including Supernumerary) 	19374 	20032
Sardar Vallabhbhai National Institute of Technology, Surat	Computer Science and Engineering (4 Years, Bachelor of Technology) 	HS 	OBC-NCL 	Gender-Neutral 	1943 	3459
Sardar Vallabhbhai National Institute of Technology, Surat	Computer Science and Engineering (4 Years, Bachelor of Technology) 	HS 	OBC-NCL 	Female-only (including Supernumerary) 	6264 	8392
Sardar Vallabhbhai National Institute of Technology, Surat	Computer Science and Engineering (4 Years, Bachelor of Technology) 	OS 	OBC-NCL 	Gender-Neutral 	2085 	2957
Sardar Vallabhbhai National Institute of Technology, Surat	Computer Science and Engineering (4 Years, Bachelor of Technology) 	OS 	OBC-NCL 	Female-only (including Supernumerary) 	4768 	6707
Sardar Vallabhbhai National Institute of Technology, Surat	Electrical Engineering (4 Years, Bachelor of Technology) 	HS 	OBC-NCL 	Gender-Neutral 	5981 	13098
Sardar Vallabhbhai National Institute of Technology, Surat	Electrical Engineering (4 Years, Bachelor of Technology) 	HS 	OBC-NCL 	Female-only (including Supernumerary) 	10167 	19686
Sardar Vallabhbhai National Institute of Technology, Surat	Electrical Engineering (4 Years, Bachelor of Technology) 	OS 	OBC-NCL 	Gender-Neutral 	5173 	6511
Sardar Vallabhbhai National Institute of Technology, Surat	Electrical Engineering (4 Years, Bachelor of Technology) 	OS 	OBC-NCL 	Female-only (including Supernumerary) 	11754 	12022
Sardar Vallabhbhai National Institute of Technology, Surat	Electronics and Communication Engineering (4 Years, Bachelor of Technology) 	HS 	OBC-NCL 	Gender-Neutral 	4343 	7385
Sardar Vallabhbhai National Institute of Technology, Surat	Electronics and Communication Engineering (4 Years, Bachelor of Technology) 	HS 	OBC-NCL 	Female-only (including Supernumerary) 	8704 	15123
Sardar Vallabhbhai National Institute of Technology, Surat	Electronics and Communication Engineering (4 Years, Bachelor of Technology) 	OS 	OBC-NCL 	Gender-Neutral 	3863 	4944
Sardar Vallabhbhai National Institute of Technology, Surat	Electronics and Communication Engineering (4 Years, Bachelor of Technology) 	OS 	OBC-NCL 	Female-only (including Supernumerary) 	7873 	8936
Sardar Vallabhbhai National Institute of Technology, Surat	Electronics and VLSI Engineering (4 Years, Bachelor of Technology) 	HS 	OBC-NCL 	Gender-Neutral 	5287 	8965
Sardar Vallabhbhai National Institute of Technology, Surat	Electronics and VLSI Engineering (4 Years, Bachelor of Technology) 	HS 	OBC-NCL 	Female-only (including Supernumerary) 	14908 	14908
Sardar Vallabhbhai National Institute of Technology, Surat	Electronics and VLSI Engineering (4 Years, Bachelor of Technology) 	OS 	OBC-NCL 	Gender-Neutral 	5375 	5689
Sardar Vallabhbhai National Institute of Technology, Surat	Electronics and VLSI Engineering (4 Years, Bachelor of Technology) 	OS 	OBC-NCL 	Female-only (including Supernumerary) 	9986 	9986
Sardar Vallabhbhai National Institute of Technology, Surat	Engineering Physics (4 Years, Bachelor of Technology) 	HS 	OBC-NCL 	Gender-Neutral 	16354 	21113
Sardar Vallabhbhai National Institute of Technology, Surat	Engineering Physics (4 Years, Bachelor of Technology) 	HS 	OBC-NCL 	Female-only (including Supernumerary) 	29370 	29370
Sardar Vallabhbhai National Institute of Technology, Surat	Engineering Physics (4 Years, Bachelor of Technology) 	OS 	OBC-NCL 	Gender-Neutral 	10028 	10149
Sardar Vallabhbhai National Institute of Technology, Surat	Engineering Physics (4 Years, Bachelor of Technology) 	OS 	OBC-NCL 	Female-only (including Supernumerary) 	19082 	19082
Sardar Vallabhbhai National Institute of Technology, Surat	Industrial Chemistry (4 Years, Bachelor of Technology) 	HS 	OBC-NCL 	Gender-Neutral 	22117 	27100
Sardar Vallabhbhai National Institute of Technology, Surat	Industrial Chemistry (4 Years, Bachelor of Technology) 	HS 	OBC-NCL 	Female-only (including Supernumerary) 	33172 	33172
Sardar Vallabhbhai National Institute of Technology, Surat	Industrial Chemistry (4 Years, Bachelor of Technology) 	OS 	OBC-NCL 	Gender-Neutral 	15044 	15325
Sardar Vallabhbhai National Institute of Technology, Surat	Industrial Chemistry (4 Years, Bachelor of Technology) 	OS 	OBC-NCL 	Female-only (including Supernumerary) 	20801 	20801
Sardar Vallabhbhai National Institute of Technology, Surat	Mathematics (5 Years, Integrated Master of Science) 	HS 	OBC-NCL 	Gender-Neutral 	25025 	44716
Sardar Vallabhbhai National Institute of Technology, Surat	Mathematics (5 Years, Integrated Master of Science) 	OS 	OBC-NCL 	Gender-Neutral 	13892 	16836
Sardar Vallabhbhai National Institute of Technology, Surat	Mathematics and Computing (4 Years, Bachelor of Technology) 	HS 	OBC-NCL 	Gender-Neutral 	4181 	4906
Sardar Vallabhbhai National Institute of Technology, Surat	Mathematics and Computing (4 Years, Bachelor of Technology) 	HS 	OBC-NCL 	Female-only (including Supernumerary) 	8469 	8469
Sardar Vallabhbhai National Institute of Technology, Surat	Mathematics and Computing (4 Years, Bachelor of Technology) 	OS 	OBC-NCL 	Gender-Neutral 	3898 	4010
Sardar Vallabhbhai National Institute of Technology, Surat	Mathematics and Computing (4 Years, Bachelor of Technology) 	OS 	OBC-NCL 	Female-only (including Supernumerary) 	8259 	8259
Sardar Vallabhbhai National Institute of Technology, Surat	Mechanical Engineering (4 Years, Bachelor of Technology) 	HS 	OBC-NCL 	Gender-Neutral 	9083 	19417
Sardar Vallabhbhai National Institute of Technology, Surat	Mechanical Engineering (4 Years, Bachelor of Technology) 	HS 	OBC-NCL 	Female-only (including Supernumerary) 	28078 	48839
Sardar Vallabhbhai National Institute of Technology, Surat	Mechanical Engineering (4 Years, Bachelor of Technology) 	OS 	OBC-NCL 	Gender-Neutral 	7478 	9299
Sardar Vallabhbhai National Institute of Technology, Surat	Mechanical Engineering (4 Years, Bachelor of Technology) 	OS 	OBC-NCL 	Female-only (including Supernumerary) 	14585 	18042
Sardar Vallabhbhai National Institute of Technology, Surat	Physics (5 Years, Integrated Master of Science) 	HS 	OBC-NCL 	Gender-Neutral 	29192 	42105
Sardar Vallabhbhai National Institute of Technology, Surat	Physics (5 Years, Integrated Master of Science) 	OS 	OBC-NCL 	Gender-Neutral 	12576 	16792
Visvesvaraya National Institute of Technology, Nagpur	Architecture (5 Years, Bachelor of Architecture) 	HS 	OBC-NCL 	Gender-Neutral 	384 	737
Visvesvaraya National Institute of Technology, Nagpur	Architecture (5 Years, Bachelor of Architecture) 	HS 	OBC-NCL 	Female-only (including Supernumerary) 	363 	454
Visvesvaraya National Institute of Technology, Nagpur	Architecture (5 Years, Bachelor of Architecture) 	OS 	OBC-NCL 	Gender-Neutral 	235 	405
Visvesvaraya National Institute of Technology, Nagpur	Architecture (5 Years, Bachelor of Architecture) 	OS 	OBC-NCL 	Female-only (including Supernumerary) 	313 	337
Visvesvaraya National Institute of Technology, Nagpur	Chemical Engineering (4 Years, Bachelor of Technology) 	HS 	OBC-NCL 	Gender-Neutral 	7788 	11258
Visvesvaraya National Institute of Technology, Nagpur	Chemical Engineering (4 Years, Bachelor of Technology) 	HS 	OBC-NCL 	Female-only (including Supernumerary) 	14437 	16726
Visvesvaraya National Institute of Technology, Nagpur	Chemical Engineering (4 Years, Bachelor of Technology) 	OS 	OBC-NCL 	Gender-Neutral 	8148 	9370
Visvesvaraya National Institute of Technology, Nagpur	Chemical Engineering (4 Years, Bachelor of Technology) 	OS 	OBC-NCL 	Female-only (including Supernumerary) 	11939 	13952
Visvesvaraya National Institute of Technology, Nagpur	Civil Engineering (4 Years, Bachelor of Technology) 	HS 	OBC-NCL 	Gender-Neutral 	12016 	14337
Visvesvaraya National Institute of Technology, Nagpur	Civil Engineering (4 Years, Bachelor of Technology) 	HS 	OBC-NCL 	Female-only (including Supernumerary) 	17452 	20439
Visvesvaraya National Institute of Technology, Nagpur	Civil Engineering (4 Years, Bachelor of Technology) 	OS 	OBC-NCL 	Gender-Neutral 	10529 	11307
Visvesvaraya National Institute of Technology, Nagpur	Civil Engineering (4 Years, Bachelor of Technology) 	OS 	OBC-NCL 	Female-only (including Supernumerary) 	14737 	15442
Visvesvaraya National Institute of Technology, Nagpur	Computer Science and Engineering (4 Years, Bachelor of Technology) 	HS 	OBC-NCL 	Gender-Neutral 	1683 	2385
Visvesvaraya National Institute of Technology, Nagpur	Computer Science and Engineering (4 Years, Bachelor of Technology) 	HS 	OBC-NCL 	Female-only (including Supernumerary) 	3656 	4202
Visvesvaraya National Institute of Technology, Nagpur	Computer Science and Engineering (4 Years, Bachelor of Technology) 	OS 	OBC-NCL 	Gender-Neutral 	1338 	2228
Visvesvaraya National Institute of Technology, Nagpur	Computer Science and Engineering (4 Years, Bachelor of Technology) 	OS 	OBC-NCL 	Female-only (including Supernumerary) 	3985 	4522
Visvesvaraya National Institute of Technology, Nagpur	Electrical and Electronics Engineering (4 Years, Bachelor of Technology) 	HS 	OBC-NCL 	Gender-Neutral 	4596 	5623
Visvesvaraya National Institute of Technology, Nagpur	Electrical and Electronics Engineering (4 Years, Bachelor of Technology) 	HS 	OBC-NCL 	Female-only (including Supernumerary) 	9276 	11687
Visvesvaraya National Institute of Technology, Nagpur	Electrical and Electronics Engineering (4 Years, Bachelor of Technology) 	OS 	OBC-NCL 	Gender-Neutral 	4125 	5337
Visvesvaraya National Institute of Technology, Nagpur	Electrical and Electronics Engineering (4 Years, Bachelor of Technology) 	OS 	OBC-NCL 	Female-only (including Supernumerary) 	8438 	9713
Visvesvaraya National Institute of Technology, Nagpur	Electronics and Communication Engineering (4 Years, Bachelor of Technology) 	HS 	OBC-NCL 	Gender-Neutral 	3281 	4450
Visvesvaraya National Institute of Technology, Nagpur	Electronics and Communication Engineering (4 Years, Bachelor of Technology) 	HS 	OBC-NCL 	Female-only (including Supernumerary) 	4432 	6933
Visvesvaraya National Institute of Technology, Nagpur	Electronics and Communication Engineering (4 Years, Bachelor of Technology) 	OS 	OBC-NCL 	Gender-Neutral 	3053 	3913
Visvesvaraya National Institute of Technology, Nagpur	Electronics and Communication Engineering (4 Years, Bachelor of Technology) 	OS 	OBC-NCL 	Female-only (including Supernumerary) 	6687 	6837
Visvesvaraya National Institute of Technology, Nagpur	Mechanical Engineering (4 Years, Bachelor of Technology) 	HS 	OBC-NCL 	Gender-Neutral 	5737 	7786
Visvesvaraya National Institute of Technology, Nagpur	Mechanical Engineering (4 Years, Bachelor of Technology) 	HS 	OBC-NCL 	Female-only (including Supernumerary) 	12007 	14540
Visvesvaraya National Institute of Technology, Nagpur	Mechanical Engineering (4 Years, Bachelor of Technology) 	OS 	OBC-NCL 	Gender-Neutral 	6446 	7356
Visvesvaraya National Institute of Technology, Nagpur	Mechanical Engineering (4 Years, Bachelor of Technology) 	OS 	OBC-NCL 	Female-only (including Supernumerary) 	10676 	13476
Visvesvaraya National Institute of Technology, Nagpur	Metallurgical and Materials Engineering (4 Years, Bachelor of Technology) 	HS 	OBC-NCL 	Gender-Neutral 	12499 	16161
Visvesvaraya National Institute of Technology, Nagpur	Metallurgical and Materials Engineering (4 Years, Bachelor of Technology) 	HS 	OBC-NCL 	Female-only (including Supernumerary) 	20457 	20984
Visvesvaraya National Institute of Technology, Nagpur	Metallurgical and Materials Engineering (4 Years, Bachelor of Technology) 	OS 	OBC-NCL 	Gender-Neutral 	11369 	13479
Visvesvaraya National Institute of Technology, Nagpur	Metallurgical and Materials Engineering (4 Years, Bachelor of Technology) 	OS 	OBC-NCL 	Female-only (including Supernumerary) 	18446 	19620
Visvesvaraya National Institute of Technology, Nagpur	Mining Engineering (4 Years, Bachelor of Technology) 	HS 	OBC-NCL 	Gender-Neutral 	16167 	16868
Visvesvaraya National Institute of Technology, Nagpur	Mining Engineering (4 Years, Bachelor of Technology) 	HS 	OBC-NCL 	Female-only (including Supernumerary) 	21343 	22198
Visvesvaraya National Institute of Technology, Nagpur	Mining Engineering (4 Years, Bachelor of Technology) 	OS 	OBC-NCL 	Gender-Neutral 	13522 	14336
Visvesvaraya National Institute of Technology, Nagpur	Mining Engineering (4 Years, Bachelor of Technology) 	OS 	OBC-NCL 	Female-only (including Supernumerary) 	21114 	21804
National Institute of Technology, Andhra Pradesh	Bio Technology (4 Years, Bachelor of Technology) 	HS 	OBC-NCL 	Gender-Neutral 	18473 	19248
National Institute of Technology, Andhra Pradesh	Bio Technology (4 Years, Bachelor of Technology) 	HS 	OBC-NCL 	Female-only (including Supernumerary) 	20876 	20876
National Institute of Technology, Andhra Pradesh	Bio Technology (4 Years, Bachelor of Technology) 	OS 	OBC-NCL 	Gender-Neutral 	16184 	18150
National Institute of Technology, Andhra Pradesh	Bio Technology (4 Years, Bachelor of Technology) 	OS 	OBC-NCL 	Female-only (including Supernumerary) 	19631 	19631
National Institute of Technology, Andhra Pradesh	Chemical Engineering (4 Years, Bachelor of Technology) 	HS 	OBC-NCL 	Gender-Neutral 	17084 	17900
National Institute of Technology, Andhra Pradesh	Chemical Engineering (4 Years, Bachelor of Technology) 	HS 	OBC-NCL 	Female-only (including Supernumerary) 	19966 	19966
National Institute of Technology, Andhra Pradesh	Chemical Engineering (4 Years, Bachelor of Technology) 	OS 	OBC-NCL 	Gender-Neutral 	13886 	15324
National Institute of Technology, Andhra Pradesh	Chemical Engineering (4 Years, Bachelor of Technology) 	OS 	OBC-NCL 	Female-only (including Supernumerary) 	19839 	19839
National Institute of Technology, Andhra Pradesh	Civil Engineering (4 Years, Bachelor of Technology) 	HS 	OBC-NCL 	Gender-Neutral 	15647 	18058
National Institute of Technology, Andhra Pradesh	Civil Engineering (4 Years, Bachelor of Technology) 	HS 	OBC-NCL 	Female-only (including Supernumerary) 	20977 	20977
National Institute of Technology, Andhra Pradesh	Civil Engineering (4 Years, Bachelor of Technology) 	OS 	OBC-NCL 	Gender-Neutral 	15731 	16261
National Institute of Technology, Andhra Pradesh	Civil Engineering (4 Years, Bachelor of Technology) 	OS 	OBC-NCL 	Female-only (including Supernumerary) 	18996 	18996
National Institute of Technology, Andhra Pradesh	Computer Science and Engineering (4 Years, Bachelor of Technology) 	HS 	OBC-NCL 	Gender-Neutral 	4607 	6789
National Institute of Technology, Andhra Pradesh	Computer Science and Engineering (4 Years, Bachelor of Technology) 	HS 	OBC-NCL 	Female-only (including Supernumerary) 	7063 	7736
National Institute of Technology, Andhra Pradesh	Computer Science and Engineering (4 Years, Bachelor of Technology) 	OS 	OBC-NCL 	Gender-Neutral 	4712 	5794
National Institute of Technology, Andhra Pradesh	Computer Science and Engineering (4 Years, Bachelor of Technology) 	OS 	OBC-NCL 	Female-only (including Supernumerary) 	8539 	10251
National Institute of Technology, Andhra Pradesh	Electrical and Electronics Engineering (4 Years, Bachelor of Technology) 	HS 	OBC-NCL 	Gender-Neutral 	9685 	12313
National Institute of Technology, Andhra Pradesh	Electrical and Electronics Engineering (4 Years, Bachelor of Technology) 	HS 	OBC-NCL 	Female-only (including Supernumerary) 	16136 	16172
National Institute of Technology, Andhra Pradesh	Electrical and Electronics Engineering (4 Years, Bachelor of Technology) 	OS 	OBC-NCL 	Gender-Neutral 	9346 	11252
National Institute of Technology, Andhra Pradesh	Electrical and Electronics Engineering (4 Years, Bachelor of Technology) 	OS 	OBC-NCL 	Female-only (including Supernumerary) 	14101 	15500
National Institute of Technology, Andhra Pradesh	Electronics and Communication Engineering (4 Years, Bachelor of Technology) 	HS 	OBC-NCL 	Gender-Neutral 	7112 	8989
National Institute of Technology, Andhra Pradesh	Electronics and Communication Engineering (4 Years, Bachelor of Technology) 	HS 	OBC-NCL 	Female-only (including Supernumerary) 	11133 	12652
National Institute of Technology, Andhra Pradesh	Electronics and Communication Engineering (4 Years, Bachelor of Technology) 	OS 	OBC-NCL 	Gender-Neutral 	6698 	7918
National Institute of Technology, Andhra Pradesh	Electronics and Communication Engineering (4 Years, Bachelor of Technology) 	OS 	OBC-NCL 	Female-only (including Supernumerary) 	11292 	11796
National Institute of Technology, Andhra Pradesh	Mechanical Engineering (4 Years, Bachelor of Technology) 	HS 	OBC-NCL 	Gender-Neutral 	12933 	14355
National Institute of Technology, Andhra Pradesh	Mechanical Engineering (4 Years, Bachelor of Technology) 	HS 	OBC-NCL 	Female-only (including Supernumerary) 	19990 	19990
National Institute of Technology, Andhra Pradesh	Mechanical Engineering (4 Years, Bachelor of Technology) 	OS 	OBC-NCL 	Gender-Neutral 	12533 	13331
National Institute of Technology, Andhra Pradesh	Mechanical Engineering (4 Years, Bachelor of Technology) 	OS 	OBC-NCL 	Female-only (including Supernumerary) 	17683 	17683
National Institute of Technology, Andhra Pradesh	Metallurgical and Materials Engineering (4 Years, Bachelor of Technology) 	HS 	OBC-NCL 	Gender-Neutral 	18110 	18681
National Institute of Technology, Andhra Pradesh	Metallurgical and Materials Engineering (4 Years, Bachelor of Technology) 	HS 	OBC-NCL 	Female-only (including Supernumerary) 	20930 	20930
National Institute of Technology, Andhra Pradesh	Metallurgical and Materials Engineering (4 Years, Bachelor of Technology) 	OS 	OBC-NCL 	Gender-Neutral 	16832 	17304
National Institute of Technology, Andhra Pradesh	Metallurgical and Materials Engineering (4 Years, Bachelor of Technology) 	OS 	OBC-NCL 	Female-only (including Supernumerary) 	14774 	14774
Indian Institute of Engineering Science and Technology, Shibpur	Aerospace Engineering (4 Years, Bachelor of Technology) 	HS 	OBC-NCL 	Gender-Neutral 	13215 	26949
Indian Institute of Engineering Science and Technology, Shibpur	Aerospace Engineering (4 Years, Bachelor of Technology) 	HS 	OBC-NCL 	Female-only (including Supernumerary) 	31241 	31241
Indian Institute of Engineering Science and Technology, Shibpur	Aerospace Engineering (4 Years, Bachelor of Technology) 	OS 	OBC-NCL 	Gender-Neutral 	7784 	8910
Indian Institute of Engineering Science and Technology, Shibpur	Aerospace Engineering (4 Years, Bachelor of Technology) 	OS 	OBC-NCL 	Female-only (including Supernumerary) 	15839 	15839
Indian Institute of Engineering Science and Technology, Shibpur	Architecture (5 Years, Bachelor of Architecture) 	HS 	OBC-NCL 	Gender-Neutral 	1400 	1595
Indian Institute of Engineering Science and Technology, Shibpur	Architecture (5 Years, Bachelor of Architecture) 	HS 	OBC-NCL 	Female-only (including Supernumerary) 	907 	907
Indian Institute of Engineering Science and Technology, Shibpur	Architecture (5 Years, Bachelor of Architecture) 	OS 	OBC-NCL 	Gender-Neutral 	326 	452
Indian Institute of Engineering Science and Technology, Shibpur	Architecture (5 Years, Bachelor of Architecture) 	OS 	OBC-NCL 	Female-only (including Supernumerary) 	334 	334
Indian Institute of Engineering Science and Technology, Shibpur	Civil Engineering (4 Years, Bachelor of Technology) 	HS 	OBC-NCL 	Gender-Neutral 	24370 	32621
Indian Institute of Engineering Science and Technology, Shibpur	Civil Engineering (4 Years, Bachelor of Technology) 	HS 	OBC-NCL 	Female-only (including Supernumerary) 	40851 	48966
Indian Institute of Engineering Science and Technology, Shibpur	Civil Engineering (4 Years, Bachelor of Technology) 	OS 	OBC-NCL 	Gender-Neutral 	15003 	16644
Indian Institute of Engineering Science and Technology, Shibpur	Civil Engineering (4 Years, Bachelor of Technology) 	OS 	OBC-NCL 	Female-only (including Supernumerary) 	23097 	23838
Indian Institute of Engineering Science and Technology, Shibpur	Computer Science and Engineering (4 Years, Bachelor of Technology) 	HS 	OBC-NCL 	Gender-Neutral 	5652 	11134
Indian Institute of Engineering Science and Technology, Shibpur	Computer Science and Engineering (4 Years, Bachelor of Technology) 	HS 	OBC-NCL 	Female-only (including Supernumerary) 	20269 	21731
Indian Institute of Engineering Science and Technology, Shibpur	Computer Science and Engineering (4 Years, Bachelor of Technology) 	OS 	OBC-NCL 	Gender-Neutral 	5381 	5790
Indian Institute of Engineering Science and Technology, Shibpur	Computer Science and Engineering (4 Years, Bachelor of Technology) 	OS 	OBC-NCL 	Female-only (including Supernumerary) 	11308 	11392
Indian Institute of Engineering Science and Technology, Shibpur	Electrical Engineering (4 Years, Bachelor of Technology) 	HS 	OBC-NCL 	Gender-Neutral 	16531 	19274
Indian Institute of Engineering Science and Technology, Shibpur	Electrical Engineering (4 Years, Bachelor of Technology) 	HS 	OBC-NCL 	Female-only (including Supernumerary) 	26660 	29812
Indian Institute of Engineering Science and Technology, Shibpur	Electrical Engineering (4 Years, Bachelor of Technology) 	OS 	OBC-NCL 	Gender-Neutral 	8145 	9287
Indian Institute of Engineering Science and Technology, Shibpur	Electrical Engineering (4 Years, Bachelor of Technology) 	OS 	OBC-NCL 	Female-only (including Supernumerary) 	15744 	17107
Indian Institute of Engineering Science and Technology, Shibpur	Electronics and Telecommunication Engineering (4 Years, Bachelor of Technology) 	HS 	OBC-NCL 	Gender-Neutral 	13529 	16334
Indian Institute of Engineering Science and Technology, Shibpur	Electronics and Telecommunication Engineering (4 Years, Bachelor of Technology) 	HS 	OBC-NCL 	Female-only (including Supernumerary) 	24866 	24866
Indian Institute of Engineering Science and Technology, Shibpur	Electronics and Telecommunication Engineering (4 Years, Bachelor of Technology) 	OS 	OBC-NCL 	Gender-Neutral 	6823 	7900
Indian Institute of Engineering Science and Technology, Shibpur	Electronics and Telecommunication Engineering (4 Years, Bachelor of Technology) 	OS 	OBC-NCL 	Female-only (including Supernumerary) 	15045 	15115
Indian Institute of Engineering Science and Technology, Shibpur	Information Technology (4 Years, Bachelor of Technology) 	HS 	OBC-NCL 	Gender-Neutral 	13946 	15692
Indian Institute of Engineering Science and Technology, Shibpur	Information Technology (4 Years, Bachelor of Technology) 	HS 	OBC-NCL 	Female-only (including Supernumerary) 	22306 	26630
Indian Institute of Engineering Science and Technology, Shibpur	Information Technology (4 Years, Bachelor of Technology) 	OS 	OBC-NCL 	Gender-Neutral 	5979 	6570
Indian Institute of Engineering Science and Technology, Shibpur	Information Technology (4 Years, Bachelor of Technology) 	OS 	OBC-NCL 	Female-only (including Supernumerary) 	11638 	12375
Indian Institute of Engineering Science and Technology, Shibpur	Mechanical Engineering (4 Years, Bachelor of Technology) 	HS 	OBC-NCL 	Gender-Neutral 	20191 	25222
Indian Institute of Engineering Science and Technology, Shibpur	Mechanical Engineering (4 Years, Bachelor of Technology) 	HS 	OBC-NCL 	Female-only (including Supernumerary) 	33450 	34141
Indian Institute of Engineering Science and Technology, Shibpur	Mechanical Engineering (4 Years, Bachelor of Technology) 	OS 	OBC-NCL 	Gender-Neutral 	11198 	12346
Indian Institute of Engineering Science and Technology, Shibpur	Mechanical Engineering (4 Years, Bachelor of Technology) 	OS 	OBC-NCL 	Female-only (including Supernumerary) 	21054 	21766
Indian Institute of Engineering Science and Technology, Shibpur	Metallurgy and Materials Engineering (4 Years, Bachelor of Technology) 	HS 	OBC-NCL 	Gender-Neutral 	29047 	32087
Indian Institute of Engineering Science and Technology, Shibpur	Metallurgy and Materials Engineering (4 Years, Bachelor of Technology) 	HS 	OBC-NCL 	Female-only (including Supernumerary) 	42989 	42989
Indian Institute of Engineering Science and Technology, Shibpur	Metallurgy and Materials Engineering (4 Years, Bachelor of Technology) 	OS 	OBC-NCL 	Gender-Neutral 	15507 	17331
Indian Institute of Engineering Science and Technology, Shibpur	Metallurgy and Materials Engineering (4 Years, Bachelor of Technology) 	OS 	OBC-NCL 	Female-only (including Supernumerary) 	21891 	21891
Indian Institute of Engineering Science and Technology, Shibpur	Mining Engineering (4 Years, Bachelor of Technology) 	HS 	OBC-NCL 	Gender-Neutral 	30258 	34954
Indian Institute of Engineering Science and Technology, Shibpur	Mining Engineering (4 Years, Bachelor of Technology) 	HS 	OBC-NCL 	Female-only (including Supernumerary) 	50210 	50210
Indian Institute of Engineering Science and Technology, Shibpur	Mining Engineering (4 Years, Bachelor of Technology) 	OS 	OBC-NCL 	Gender-Neutral 	16368 	17526
Indian Institute of Engineering Science and Technology, Shibpur	Mining Engineering (4 Years, Bachelor of Technology) 	OS 	OBC-NCL 	Female-only (including Supernumerary) 	24814 	25370
Atal Bihari Vajpayee Indian Institute of Information Technology & Management Gwalior	Computer Science and Engineering (4 Years, Bachelor of Technology) 	AI 	OBC-NCL 	Gender-Neutral 	2583 	3311
Atal Bihari Vajpayee Indian Institute of Information Technology & Management Gwalior	Computer Science and Engineering (4 Years, Bachelor of Technology) 	AI 	OBC-NCL 	Female-only (including Supernumerary) 	4902 	6583
Atal Bihari Vajpayee Indian Institute of Information Technology & Management Gwalior	Electrical and Electronics Engineering (4 Years, Bachelor of Technology) 	AI 	OBC-NCL 	Gender-Neutral 	5258 	6325
Atal Bihari Vajpayee Indian Institute of Information Technology & Management Gwalior	Electrical and Electronics Engineering (4 Years, Bachelor of Technology) 	AI 	OBC-NCL 	Female-only (including Supernumerary) 	13900 	14415
Atal Bihari Vajpayee Indian Institute of Information Technology & Management Gwalior	Integrated B. Tech.(IT) and M. Tech (IT) (5 Years, Integrated B. Tech. and M. Tech.) 	AI 	OBC-NCL 	Gender-Neutral 	4150 	5257
Atal Bihari Vajpayee Indian Institute of Information Technology & Management Gwalior	Integrated B. Tech.(IT) and M. Tech (IT) (5 Years, Integrated B. Tech. and M. Tech.) 	AI 	OBC-NCL 	Female-only (including Supernumerary) 	9391 	10183
Atal Bihari Vajpayee Indian Institute of Information Technology & Management Gwalior	Integrated B. Tech.(IT) and MBA (5 Years, Integrated B. Tech. and MBA) 	AI 	OBC-NCL 	Gender-Neutral 	5370 	6062
Atal Bihari Vajpayee Indian Institute of Information Technology & Management Gwalior	Integrated B. Tech.(IT) and MBA (5 Years, Integrated B. Tech. and MBA) 	AI 	OBC-NCL 	Female-only (including Supernumerary) 	10281 	10675
Atal Bihari Vajpayee Indian Institute of Information Technology & Management Gwalior	Mathematics and Scientific Computing (4 Years, Bachelor of Technology) 	AI 	OBC-NCL 	Gender-Neutral 	3438 	4696
Atal Bihari Vajpayee Indian Institute of Information Technology & Management Gwalior	Mathematics and Scientific Computing (4 Years, Bachelor of Technology) 	AI 	OBC-NCL 	Female-only (including Supernumerary) 	8474 	10045
Indian Institute of Information Technology (IIIT)Kota, Rajasthan	Artificial Intelligence and Data Engineering (4 Years, Bachelor of Technology) 	AI 	OBC-NCL 	Gender-Neutral 	8874 	11488
Indian Institute of Information Technology (IIIT)Kota, Rajasthan	Artificial Intelligence and Data Engineering (4 Years, Bachelor of Technology) 	AI 	OBC-NCL 	Female-only (including Supernumerary) 	17614 	17723
Indian Institute of Information Technology (IIIT)Kota, Rajasthan	Computer Science and Engineering (4 Years, Bachelor of Technology) 	AI 	OBC-NCL 	Gender-Neutral 	7799 	10496
Indian Institute of Information Technology (IIIT)Kota, Rajasthan	Computer Science and Engineering (4 Years, Bachelor of Technology) 	AI 	OBC-NCL 	Female-only (including Supernumerary) 	12749 	16526
Indian Institute of Information Technology (IIIT)Kota, Rajasthan	Electronics and Communication Engineering (4 Years, Bachelor of Technology) 	AI 	OBC-NCL 	Gender-Neutral 	12083 	13356
Indian Institute of Information Technology (IIIT)Kota, Rajasthan	Electronics and Communication Engineering (4 Years, Bachelor of Technology) 	AI 	OBC-NCL 	Female-only (including Supernumerary) 	19475 	19927
Indian Institute of Information Technology Guwahati	Computer Science and Engineering (4 Years, Bachelor of Technology) 	AI 	OBC-NCL 	Gender-Neutral 	5543 	8282
Indian Institute of Information Technology Guwahati	Computer Science and Engineering (4 Years, Bachelor of Technology) 	AI 	OBC-NCL 	Female-only (including Supernumerary) 	12545 	15218
Indian Institute of Information Technology Guwahati	Electronics and Communication Engineering (4 Years, Bachelor of Technology) 	AI 	OBC-NCL 	Gender-Neutral 	8160 	11972
Indian Institute of Information Technology Guwahati	Electronics and Communication Engineering (4 Years, Bachelor of Technology) 	AI 	OBC-NCL 	Female-only (including Supernumerary) 	17898 	19175
Indian Institute of Information Technology(IIIT) Kalyani, West Bengal	Computer Science and Engineering ( Artificial Intelligence & Data Science) (4 Years, Bachelor of Technology) 	AI 	OBC-NCL 	Gender-Neutral 	12828 	15257
Indian Institute of Information Technology(IIIT) Kalyani, West Bengal	Computer Science and Engineering ( Artificial Intelligence & Data Science) (4 Years, Bachelor of Technology) 	AI 	OBC-NCL 	Female-only (including Supernumerary) 	18618 	18618
Indian Institute of Information Technology(IIIT) Kalyani, West Bengal	Computer Science and Engineering (4 Years, Bachelor of Technology) 	AI 	OBC-NCL 	Gender-Neutral 	12330 	16323
Indian Institute of Information Technology(IIIT) Kalyani, West Bengal	Computer Science and Engineering (4 Years, Bachelor of Technology) 	AI 	OBC-NCL 	Female-only (including Supernumerary) 	17885 	19120
Indian Institute of Information Technology(IIIT) Kalyani, West Bengal	Computer Science and Engineering (Cyber Security) (4 Years, Bachelor of Technology) 	AI 	OBC-NCL 	Gender-Neutral 	15340 	16234
Indian Institute of Information Technology(IIIT) Kalyani, West Bengal	Computer Science and Engineering (Cyber Security) (4 Years, Bachelor of Technology) 	AI 	OBC-NCL 	Female-only (including Supernumerary) 	20022 	20022
Indian Institute of Information Technology(IIIT) Kalyani, West Bengal	Electronics and Communication Engineering (4 Years, Bachelor of Technology) 	AI 	OBC-NCL 	Gender-Neutral 	13068 	17073
Indian Institute of Information Technology(IIIT) Kalyani, West Bengal	Electronics and Communication Engineering (4 Years, Bachelor of Technology) 	AI 	OBC-NCL 	Female-only (including Supernumerary) 	19386 	19386
Indian Institute of Information Technology(IIIT) Kilohrad, Sonepat, Haryana	Computer Science and Engineering (4 Years, Bachelor of Technology) 	AI 	OBC-NCL 	Gender-Neutral 	8630 	12804
Indian Institute of Information Technology(IIIT) Kilohrad, Sonepat, Haryana	CSE ( Data Science & Analytics) (4 Years, Bachelor of Technology) 	AI 	OBC-NCL 	Gender-Neutral 	11034 	14238
Indian Institute of Information Technology(IIIT) Kilohrad, Sonepat, Haryana	Information Technology (4 Years, Bachelor of Technology) 	AI 	OBC-NCL 	Gender-Neutral 	10522 	14532
Indian Institute of Information Technology(IIIT) Una, Himachal Pradesh	Computer Science and Engineering (4 Years, Bachelor of Technology) 	AI 	OBC-NCL 	Gender-Neutral 	8787 	13428
Indian Institute of Information Technology(IIIT) Una, Himachal Pradesh	Computer Science and Engineering (4 Years, Bachelor of Technology) 	AI 	OBC-NCL 	Female-only (including Supernumerary) 	13033 	15742
Indian Institute of Information Technology(IIIT) Una, Himachal Pradesh	Computer Science and Engineering (Cyber Security) (4 Years, Bachelor of Technology) 	AI 	OBC-NCL 	Gender-Neutral 	12935 	14080
Indian Institute of Information Technology(IIIT) Una, Himachal Pradesh	Computer Science and Engineering (Data Science) (4 Years, Bachelor of Technology) 	AI 	OBC-NCL 	Gender-Neutral 	13443 	13927
Indian Institute of Information Technology(IIIT) Una, Himachal Pradesh	Electronics and Communication Engineering (4 Years, Bachelor of Technology) 	AI 	OBC-NCL 	Gender-Neutral 	13970 	15804
Indian Institute of Information Technology(IIIT) Una, Himachal Pradesh	Electronics and Communication Engineering (4 Years, Bachelor of Technology) 	AI 	OBC-NCL 	Female-only (including Supernumerary) 	18500 	18500
Indian Institute of Information Technology (IIIT), Sri City, Chittoor	Artificial Intelligence and Data Science (4 Years, Bachelor of Technology) 	AI 	OBC-NCL 	Gender-Neutral 	7787 	10722
Indian Institute of Information Technology (IIIT), Sri City, Chittoor	Artificial Intelligence and Data Science (4 Years, Bachelor of Technology) 	AI 	OBC-NCL 	Female-only (including Supernumerary) 	13744 	14952
Indian Institute of Information Technology (IIIT), Sri City, Chittoor	Computer Science and Engineering (4 Years, Bachelor of Technology) 	AI 	OBC-NCL 	Gender-Neutral 	7004 	10278
Indian Institute of Information Technology (IIIT), Sri City, Chittoor	Computer Science and Engineering (4 Years, Bachelor of Technology) 	AI 	OBC-NCL 	Female-only (including Supernumerary) 	8526 	13799
Indian Institute of Information Technology (IIIT), Sri City, Chittoor	Electronics and Communication Engineering (4 Years, Bachelor of Technology) 	AI 	OBC-NCL 	Gender-Neutral 	9574 	12092
Indian Institute of Information Technology (IIIT), Sri City, Chittoor	Electronics and Communication Engineering (4 Years, Bachelor of Technology) 	AI 	OBC-NCL 	Female-only (including Supernumerary) 	15367 	17842
Indian Institute of Information Technology(IIIT), Vadodara, Gujrat	Artificial Intelligence (4 Years, Bachelor of Technology) 	AI 	OBC-NCL 	Gender-Neutral 	9278 	11594
Indian Institute of Information Technology(IIIT), Vadodara, Gujrat	Artificial Intelligence (4 Years, Bachelor of Technology) 	AI 	OBC-NCL 	Female-only (including Supernumerary) 	17501 	17804
Indian Institute of Information Technology(IIIT), Vadodara, Gujrat	Computer Science and Engineering (4 Years, Bachelor of Technology) 	AI 	OBC-NCL 	Gender-Neutral 	6198 	10305
Indian Institute of Information Technology(IIIT), Vadodara, Gujrat	Computer Science and Engineering (4 Years, Bachelor of Technology) 	AI 	OBC-NCL 	Female-only (including Supernumerary) 	10755 	16472
Indian Institute of Information Technology(IIIT), Vadodara, Gujrat	Electronics and Communication Engineering (4 Years, Bachelor of Technology) 	AI 	OBC-NCL 	Gender-Neutral 	12537 	15554
Indian Institute of Information Technology(IIIT), Vadodara, Gujrat	Electronics and Communication Engineering (4 Years, Bachelor of Technology) 	AI 	OBC-NCL 	Female-only (including Supernumerary) 	16605 	19902
Indian Institute of Information Technology(IIIT), Vadodara, Gujrat	Information Technology (4 Years, Bachelor of Technology) 	AI 	OBC-NCL 	Gender-Neutral 	9836 	11617
Indian Institute of Information Technology(IIIT), Vadodara, Gujrat	Information Technology (4 Years, Bachelor of Technology) 	AI 	OBC-NCL 	Female-only (including Supernumerary) 	15242 	17165
Indian Institute of Information Technology, Allahabad	Electronics and Communication Engineering (4 Years, Bachelor of Technology) 	AI 	OBC-NCL 	Gender-Neutral 	2293 	3498
Indian Institute of Information Technology, Allahabad	Electronics and Communication Engineering (4 Years, Bachelor of Technology) 	AI 	OBC-NCL 	Female-only (including Supernumerary) 	5713 	8273
Indian Institute of Information Technology, Allahabad	Information Technology (4 Years, Bachelor of Technology) 	AI 	OBC-NCL 	Gender-Neutral 	1264 	2518
Indian Institute of Information Technology, Allahabad	Information Technology (4 Years, Bachelor of Technology) 	AI 	OBC-NCL 	Female-only (including Supernumerary) 	3019 	5395
Indian Institute of Information Technology, Allahabad	Information Technology-Business Informatics (4 Years, Bachelor of Technology) 	AI 	OBC-NCL 	Gender-Neutral 	2207 	2530
Indian Institute of Information Technology, Allahabad	Information Technology-Business Informatics (4 Years, Bachelor of Technology) 	AI 	OBC-NCL 	Female-only (including Supernumerary) 	5499 	5695
Indian Institute of Information Technology, Design & Manufacturing, Kancheepuram	B.Tech in Mechanical Engineering and M.Tech in AI and Robotics (5 Years, B.Tech. + M.Tech./MS (Dual Degree)) 	AI 	OBC-NCL 	Gender-Neutral 	10963 	14376
Indian Institute of Information Technology, Design & Manufacturing, Kancheepuram	B.Tech in Mechanical Engineering and M.Tech in AI and Robotics (5 Years, B.Tech. + M.Tech./MS (Dual Degree)) 	AI 	OBC-NCL 	Female-only (including Supernumerary) 	17982 	19279
Indian Institute of Information Technology, Design & Manufacturing, Kancheepuram	B.Tech. in Electronics and Communication Engineering and M.Tech. in Communication Systems (5 Years, Bachelor and Master of Technology (Dual Degree)) 	AI 	OBC-NCL 	Gender-Neutral 	7632 	8726
Indian Institute of Information Technology, Design & Manufacturing, Kancheepuram	B.Tech. in Electronics and Communication Engineering and M.Tech. in Communication Systems (5 Years, Bachelor and Master of Technology (Dual Degree)) 	AI 	OBC-NCL 	Female-only (including Supernumerary) 	14152 	14152
Indian Institute of Information Technology, Design & Manufacturing, Kancheepuram	B.Tech. in Electronics and Communication Engineering and M.Tech. in Microelectronics and VLSI Systems (5 Years, Bachelor and Master of Technology (Dual Degree)) 	AI 	OBC-NCL 	Gender-Neutral 	6477 	8995
Indian Institute of Information Technology, Design & Manufacturing, Kancheepuram	B.Tech. in Electronics and Communication Engineering and M.Tech. in Microelectronics and VLSI Systems (5 Years, Bachelor and Master of Technology (Dual Degree)) 	AI 	OBC-NCL 	Female-only (including Supernumerary) 	13088 	13088
Indian Institute of Information Technology, Design & Manufacturing, Kancheepuram	Computer Science and Engineering (4 Years, Bachelor of Technology) 	AI 	OBC-NCL 	Gender-Neutral 	4569 	6252
Indian Institute of Information Technology, Design & Manufacturing, Kancheepuram	Computer Science and Engineering (4 Years, Bachelor of Technology) 	AI 	OBC-NCL 	Female-only (including Supernumerary) 	8797 	8990
Indian Institute of Information Technology, Design & Manufacturing, Kancheepuram	Computer Science and Engineering (5 Years, Bachelor and Master of Technology (Dual Degree)) 	AI 	OBC-NCL 	Gender-Neutral 	6402 	7544
Indian Institute of Information Technology, Design & Manufacturing, Kancheepuram	Computer Science and Engineering (5 Years, Bachelor and Master of Technology (Dual Degree)) 	AI 	OBC-NCL 	Female-only (including Supernumerary) 	7911 	11374
Indian Institute of Information Technology, Design & Manufacturing, Kancheepuram	Computer Science and Engineering with Major in Artificial Intelligence (4 Years, Bachelor of Technology) 	AI 	OBC-NCL 	Gender-Neutral 	5697 	6550
Indian Institute of Information Technology, Design & Manufacturing, Kancheepuram	Computer Science and Engineering with Major in Artificial Intelligence (4 Years, Bachelor of Technology) 	AI 	OBC-NCL 	Female-only (including Supernumerary) 	7540 	9074
Indian Institute of Information Technology, Design & Manufacturing, Kancheepuram	Design Engineering (4 Years, Bachelor of Technology) 	AI 	OBC-NCL 	Gender-Neutral 	14780 	16755
Indian Institute of Information Technology, Design & Manufacturing, Kancheepuram	Electronics and Communication Engineering (4 Years, Bachelor of Technology) 	AI 	OBC-NCL 	Gender-Neutral 	6496 	8520
Indian Institute of Information Technology, Design & Manufacturing, Kancheepuram	Electronics and Communication Engineering (4 Years, Bachelor of Technology) 	AI 	OBC-NCL 	Female-only (including Supernumerary) 	9939 	13790
Indian Institute of Information Technology, Design & Manufacturing, Kancheepuram	Engineering Physics (4 Years, Bachelor of Technology) 	AI 	OBC-NCL 	Gender-Neutral 	11347 	14812
Indian Institute of Information Technology, Design & Manufacturing, Kancheepuram	Mechanical Engineering (4 Years, Bachelor of Technology) 	AI 	OBC-NCL 	Gender-Neutral 	11784 	14687
Indian Institute of Information Technology, Design & Manufacturing, Kancheepuram	Mechanical Engineering (4 Years, Bachelor of Technology) 	AI 	OBC-NCL 	Female-only (including Supernumerary) 	18426 	19464
Indian Institute of Information Technology, Design & Manufacturing, Kancheepuram	Smart Manufacturing (4 Years, Bachelor of Technology) 	AI 	OBC-NCL 	Gender-Neutral 	14457 	16708
Indian Institute of Information Technology, Design & Manufacturing, Kancheepuram	Smart Manufacturing (4 Years, Bachelor of Technology) 	AI 	OBC-NCL 	Female-only (including Supernumerary) 	18679 	20243
Pt. Dwarka Prasad Mishra Indian Institute of Information Technology, Design & Manufacture Jabalpur	Computer Science and Engineering (4 Years, Bachelor of Technology) 	AI 	OBC-NCL 	Gender-Neutral 	3278 	5151
Pt. Dwarka Prasad Mishra Indian Institute of Information Technology, Design & Manufacture Jabalpur	Computer Science and Engineering (4 Years, Bachelor of Technology) 	AI 	OBC-NCL 	Female-only (including Supernumerary) 	6006 	10444
Pt. Dwarka Prasad Mishra Indian Institute of Information Technology, Design & Manufacture Jabalpur	Electronics and Communication Engineering (4 Years, Bachelor of Technology) 	AI 	OBC-NCL 	Gender-Neutral 	5660 	7038
Pt. Dwarka Prasad Mishra Indian Institute of Information Technology, Design & Manufacture Jabalpur	Electronics and Communication Engineering (4 Years, Bachelor of Technology) 	AI 	OBC-NCL 	Female-only (including Supernumerary) 	10589 	12800
Pt. Dwarka Prasad Mishra Indian Institute of Information Technology, Design & Manufacture Jabalpur	Mechanical Engineering (4 Years, Bachelor of Technology) 	AI 	OBC-NCL 	Gender-Neutral 	11508 	15321
Pt. Dwarka Prasad Mishra Indian Institute of Information Technology, Design & Manufacture Jabalpur	Mechanical Engineering (4 Years, Bachelor of Technology) 	AI 	OBC-NCL 	Female-only (including Supernumerary) 	18510 	20008
Pt. Dwarka Prasad Mishra Indian Institute of Information Technology, Design & Manufacture Jabalpur	Smart Manufacturing (4 Years, Bachelor of Technology) 	AI 	OBC-NCL 	Gender-Neutral 	15752 	17308
Pt. Dwarka Prasad Mishra Indian Institute of Information Technology, Design & Manufacture Jabalpur	Smart Manufacturing (4 Years, Bachelor of Technology) 	AI 	OBC-NCL 	Female-only (including Supernumerary) 	20069 	22919
INDIAN INSTITUTE OF INFORMATION TECHNOLOGY SENAPATI MANIPUR	Computer Science and Engineering (4 Years, Bachelor of Technology) 	AI 	OBC-NCL 	Gender-Neutral 	16500 	19294
INDIAN INSTITUTE OF INFORMATION TECHNOLOGY SENAPATI MANIPUR	Computer Science and Engineering (4 Years, Bachelor of Technology) 	AI 	OBC-NCL 	Female-only (including Supernumerary) 	21313 	24807
INDIAN INSTITUTE OF INFORMATION TECHNOLOGY SENAPATI MANIPUR	Computer Science and Engineering with specialization in Artificial Intelligence and Data Science (4 Years, Bachelor of Technology) 	AI 	OBC-NCL 	Gender-Neutral 	16919 	19092
INDIAN INSTITUTE OF INFORMATION TECHNOLOGY SENAPATI MANIPUR	Computer Science and Engineering with specialization in Artificial Intelligence and Data Science (4 Years, Bachelor of Technology) 	AI 	OBC-NCL 	Female-only (including Supernumerary) 	23373 	24987
INDIAN INSTITUTE OF INFORMATION TECHNOLOGY SENAPATI MANIPUR	Computer Science and Engineering with specialization in Cyber Security (4 Years, Bachelor of Technology) 	AI 	OBC-NCL 	Gender-Neutral 	17986 	19533
INDIAN INSTITUTE OF INFORMATION TECHNOLOGY SENAPATI MANIPUR	Computer Science and Engineering with specialization in Cyber Security (4 Years, Bachelor of Technology) 	AI 	OBC-NCL 	Female-only (including Supernumerary) 	22535 	25855
INDIAN INSTITUTE OF INFORMATION TECHNOLOGY SENAPATI MANIPUR	Computer Science and Engineering with specialization in Quantum Technologies (4 Years, Bachelor of Technology) 	AI 	OBC-NCL 	Gender-Neutral 	16656 	18320
INDIAN INSTITUTE OF INFORMATION TECHNOLOGY SENAPATI MANIPUR	Computer Science and Engineering with specialization in Quantum Technologies (4 Years, Bachelor of Technology) 	AI 	OBC-NCL 	Female-only (including Supernumerary) 	23384 	23592
INDIAN INSTITUTE OF INFORMATION TECHNOLOGY SENAPATI MANIPUR	Electronics and Communication Engineering (4 Years, Bachelor of Technology) 	AI 	OBC-NCL 	Gender-Neutral 	18490 	20047
INDIAN INSTITUTE OF INFORMATION TECHNOLOGY SENAPATI MANIPUR	Electronics and Communication Engineering (4 Years, Bachelor of Technology) 	AI 	OBC-NCL 	Female-only (including Supernumerary) 	25841 	26803
INDIAN INSTITUTE OF INFORMATION TECHNOLOGY SENAPATI MANIPUR	Electronics and Communication Engineering with specialization in VLSI and Embedded Systems (4 Years, Bachelor of Technology) 	AI 	OBC-NCL 	Gender-Neutral 	19965 	20959
INDIAN INSTITUTE OF INFORMATION TECHNOLOGY SENAPATI MANIPUR	Electronics and Communication Engineering with specialization in VLSI and Embedded Systems (4 Years, Bachelor of Technology) 	AI 	OBC-NCL 	Female-only (including Supernumerary) 	27250 	28649
Indian Institute of Information Technology Tiruchirappalli	Computer Science and Engineering ( Artificial Intelligence & Data Science) (4 Years, Bachelor of Technology) 	AI 	OBC-NCL 	Gender-Neutral 	7330 	10900
Indian Institute of Information Technology Tiruchirappalli	Computer Science and Engineering (4 Years, Bachelor of Technology) 	AI 	OBC-NCL 	Gender-Neutral 	7606 	10841
Indian Institute of Information Technology Tiruchirappalli	Computer Science and Engineering (4 Years, Bachelor of Technology) 	AI 	OBC-NCL 	Female-only (including Supernumerary) 	13205 	15125
Indian Institute of Information Technology Tiruchirappalli	Electronics and Communication Engineering (4 Years, Bachelor of Technology) 	AI 	OBC-NCL 	Gender-Neutral 	11116 	14190
Indian Institute of Information Technology Tiruchirappalli	Electronics and Communication Engineering (4 Years, Bachelor of Technology) 	AI 	OBC-NCL 	Female-only (including Supernumerary) 	15421 	17841
Indian Institute of Information Technology Tiruchirappalli	Electronics and Communication Engineering (VLSI Design) (4 Years, Bachelor of Technology) 	AI 	OBC-NCL 	Gender-Neutral 	9034 	12806
Indian Institute of Information Technology Lucknow	Computer Science (4 Years, Bachelor of Technology) 	AI 	OBC-NCL 	Gender-Neutral 	2468 	3704
Indian Institute of Information Technology Lucknow	Computer Science (4 Years, Bachelor of Technology) 	AI 	OBC-NCL 	Female-only (including Supernumerary) 	5839 	6204
Indian Institute of Information Technology Lucknow	Computer Science and Artificial Intelligence (4 Years, Bachelor of Technology) 	AI 	OBC-NCL 	Gender-Neutral 	2258 	3399
Indian Institute of Information Technology Lucknow	Computer Science and Artificial Intelligence (4 Years, Bachelor of Technology) 	AI 	OBC-NCL 	Female-only (including Supernumerary) 	7473 	7597
Indian Institute of Information Technology Lucknow	Computer Science and Business (4 Years, Bachelor of Technology) 	AI 	OBC-NCL 	Gender-Neutral 	3414 	4309
Indian Institute of Information Technology Lucknow	Computer Science and Business (4 Years, Bachelor of Technology) 	AI 	OBC-NCL 	Female-only (including Supernumerary) 	6850 	8318
Indian Institute of Information Technology Lucknow	Information Technology (4 Years, Bachelor of Technology) 	AI 	OBC-NCL 	Gender-Neutral 	3833 	4469
Indian Institute of Information Technology Lucknow	Information Technology (4 Years, Bachelor of Technology) 	AI 	OBC-NCL 	Female-only (including Supernumerary) 	7772 	9497
Indian Institute of Information Technology(IIIT) Dharwad 	Computer Science and Engineering (4 Years, Bachelor of Technology) 	AI 	OBC-NCL 	Gender-Neutral 	11049 	15417
Indian Institute of Information Technology(IIIT) Dharwad 	Computer Science and Engineering (4 Years, Bachelor of Technology) 	AI 	OBC-NCL 	Female-only (including Supernumerary) 	13393 	18606
Indian Institute of Information Technology(IIIT) Dharwad 	Data Science and Artificial Intelligence (4 Years, Bachelor of Technology) 	AI 	OBC-NCL 	Gender-Neutral 	13929 	16191
Indian Institute of Information Technology(IIIT) Dharwad 	Data Science and Artificial Intelligence (4 Years, Bachelor of Technology) 	AI 	OBC-NCL 	Female-only (including Supernumerary) 	18233 	19466
Indian Institute of Information Technology(IIIT) Dharwad 	Electronics and Communication Engineering (4 Years, Bachelor of Technology) 	AI 	OBC-NCL 	Gender-Neutral 	13803 	16688
Indian Institute of Information Technology(IIIT) Dharwad 	Electronics and Communication Engineering (4 Years, Bachelor of Technology) 	AI 	OBC-NCL 	Female-only (including Supernumerary) 	19582 	20028
Indian Institute of Information Technology Design & Manufacturing Kurnool, Andhra Pradesh	Artificial Intelligence and Data Science (4 Years, Bachelor of Technology) 	AI 	OBC-NCL 	Gender-Neutral 	11970 	14083
Indian Institute of Information Technology Design & Manufacturing Kurnool, Andhra Pradesh	Artificial Intelligence and Data Science (4 Years, Bachelor of Technology) 	AI 	OBC-NCL 	Female-only (including Supernumerary) 	13919 	18463
Indian Institute of Information Technology Design & Manufacturing Kurnool, Andhra Pradesh	Computer Science and Engineering (4 Years, Bachelor of Technology) 	AI 	OBC-NCL 	Gender-Neutral 	9665 	12980
Indian Institute of Information Technology Design & Manufacturing Kurnool, Andhra Pradesh	Computer Science and Engineering (4 Years, Bachelor of Technology) 	AI 	OBC-NCL 	Female-only (including Supernumerary) 	11676 	16129
Indian Institute of Information Technology Design & Manufacturing Kurnool, Andhra Pradesh	Computer Science and Engineering (5 Years, Bachelor and Master of Technology (Dual Degree)) 	AI 	OBC-NCL 	Gender-Neutral 	11773 	12973
Indian Institute of Information Technology Design & Manufacturing Kurnool, Andhra Pradesh	Computer Science and Engineering (5 Years, Bachelor and Master of Technology (Dual Degree)) 	AI 	OBC-NCL 	Female-only (including Supernumerary) 	15627 	15627
Indian Institute of Information Technology Design & Manufacturing Kurnool, Andhra Pradesh	Electronics and Communication Engineering (5 Years, Bachelor and Master of Technology (Dual Degree)) 	AI 	OBC-NCL 	Gender-Neutral 	15460 	15959
Indian Institute of Information Technology Design & Manufacturing Kurnool, Andhra Pradesh	Electronics and Communication Engineering (5 Years, Bachelor and Master of Technology (Dual Degree)) 	AI 	OBC-NCL 	Female-only (including Supernumerary) 	20773 	20773
Indian Institute of Information Technology Design & Manufacturing Kurnool, Andhra Pradesh	Electronics and Communication Engineering with specialization in Design and Manufacturing (4 Years, Bachelor of Technology) 	AI 	OBC-NCL 	Gender-Neutral 	12185 	15418
Indian Institute of Information Technology Design & Manufacturing Kurnool, Andhra Pradesh	Electronics and Communication Engineering with specialization in Design and Manufacturing (4 Years, Bachelor of Technology) 	AI 	OBC-NCL 	Female-only (including Supernumerary) 	17955 	20248
Indian Institute of Information Technology Design & Manufacturing Kurnool, Andhra Pradesh	Mechanical Engineering (5 Years, Bachelor and Master of Technology (Dual Degree)) 	AI 	OBC-NCL 	Gender-Neutral 	18132 	18361
Indian Institute of Information Technology Design & Manufacturing Kurnool, Andhra Pradesh	Mechanical Engineering (5 Years, Bachelor and Master of Technology (Dual Degree)) 	AI 	OBC-NCL 	Female-only (including Supernumerary) 	23157 	23192
Indian Institute of Information Technology Design & Manufacturing Kurnool, Andhra Pradesh	Mechanical Engineering with specialization in Design and Manufacturing (4 Years, Bachelor of Technology) 	AI 	OBC-NCL 	Gender-Neutral 	14920 	18155
Indian Institute of Information Technology Design & Manufacturing Kurnool, Andhra Pradesh	Mechanical Engineering with specialization in Design and Manufacturing (4 Years, Bachelor of Technology) 	AI 	OBC-NCL 	Female-only (including Supernumerary) 	20834 	23108
Indian Institute of Information Technology(IIIT) Kottayam	Computer Science and Engineering (4 Years, Bachelor of Technology) 	AI 	OBC-NCL 	Gender-Neutral 	10350 	14051
Indian Institute of Information Technology(IIIT) Kottayam	Computer Science and Engineering (4 Years, Bachelor of Technology) 	AI 	OBC-NCL 	Female-only (including Supernumerary) 	15286 	17365
Indian Institute of Information Technology(IIIT) Kottayam	Computer Science and Engineering with specialization in Artificial Intelligence and Data Science (4 Years, Bachelor of Technology) 	AI 	OBC-NCL 	Gender-Neutral 	9041 	12214
Indian Institute of Information Technology(IIIT) Kottayam	Computer Science and Engineering with specialization in Artificial Intelligence and Data Science (4 Years, Bachelor of Technology) 	AI 	OBC-NCL 	Female-only (including Supernumerary) 	11485 	12723
Indian Institute of Information Technology(IIIT) Kottayam	Computer Science and Engineering with specialization in Cyber Security (4 Years, Bachelor of Technology) 	AI 	OBC-NCL 	Gender-Neutral 	12630 	14416
Indian Institute of Information Technology(IIIT) Kottayam	Computer Science and Engineering with specialization in Cyber Security (4 Years, Bachelor of Technology) 	AI 	OBC-NCL 	Female-only (including Supernumerary) 	13260 	16856
Indian Institute of Information Technology(IIIT) Kottayam	Electronics and Communication Engineering (4 Years, Bachelor of Technology) 	AI 	OBC-NCL 	Gender-Neutral 	11309 	14665
Indian Institute of Information Technology(IIIT) Kottayam	Electronics and Communication Engineering (4 Years, Bachelor of Technology) 	AI 	OBC-NCL 	Female-only (including Supernumerary) 	14731 	16816
Indian Institute of Information Technology (IIIT) Ranchi	B.Tech in Mathematics and Computing (4 Years, Bachelor of Technology) 	AI 	OBC-NCL 	Gender-Neutral 	13256 	15811
Indian Institute of Information Technology (IIIT) Ranchi	Computer Science and Engineering (4 Years, Bachelor of Technology) 	AI 	OBC-NCL 	Gender-Neutral 	10203 	14246
Indian Institute of Information Technology (IIIT) Ranchi	Computer Science and Engineering (with Specialization of Data Science and Artificial Intelligence) (4 Years, B. Tech / B. Tech (Hons.)) 	AI 	OBC-NCL 	Gender-Neutral 	11337 	13835
Indian Institute of Information Technology (IIIT) Ranchi	Electronics and Communication Engineering (4 Years, Bachelor of Technology) 	AI 	OBC-NCL 	Gender-Neutral 	15526 	16582
Indian Institute of Information Technology (IIIT) Ranchi	Electronics and Communication Engineering (with Specialization of Embedded Systems and Internet of Things) (4 Years, B. Tech / B. Tech (Hons.)) 	AI 	OBC-NCL 	Gender-Neutral 	13656 	16377
Indian Institute of Information Technology (IIIT) Nagpur	Computer Science and Engineering (4 Years, Bachelor of Technology) 	AI 	OBC-NCL 	Gender-Neutral 	7671 	10718
Indian Institute of Information Technology (IIIT) Nagpur	Computer Science Engineering (Artificial lntelligence and Machine Learning) (4 Years, Bachelor of Technology) 	AI 	OBC-NCL 	Gender-Neutral 	7177 	10020
Indian Institute of Information Technology (IIIT) Nagpur	Computer Science Engineering (Data Science and Analytics) (4 Years, Bachelor of Technology) 	AI 	OBC-NCL 	Gender-Neutral 	10702 	11624
Indian Institute of Information Technology (IIIT) Nagpur	Computer Science Engineering (Human Computer lnteraction and Gaming Technology) (4 Years, Bachelor of Technology) 	AI 	OBC-NCL 	Gender-Neutral 	9807 	12605
Indian Institute of Information Technology (IIIT) Nagpur	Electronics and Communication Engineering (4 Years, Bachelor of Technology) 	AI 	OBC-NCL 	Gender-Neutral 	11930 	15241
Indian Institute of Information Technology (IIIT) Nagpur	Electronics and Communication Engineering (Internet of Things) (4 Years, Bachelor of Technology) 	AI 	OBC-NCL 	Gender-Neutral 	10684 	14599
Indian Institute of Information Technology (IIIT) Pune	Computer Science and Engineering (4 Years, Bachelor of Technology) 	AI 	OBC-NCL 	Gender-Neutral 	5197 	8113
Indian Institute of Information Technology (IIIT) Pune	Computer Science and Engineering (4 Years, Bachelor of Technology) 	AI 	OBC-NCL 	Female-only (including Supernumerary) 	11084 	14406
Indian Institute of Information Technology (IIIT) Pune	Electronics and Communication Engineering (4 Years, Bachelor of Technology) 	AI 	OBC-NCL 	Gender-Neutral 	6859 	10618
Indian Institute of Information Technology (IIIT) Pune	Electronics and Communication Engineering (4 Years, Bachelor of Technology) 	AI 	OBC-NCL 	Female-only (including Supernumerary) 	14986 	17834
Indian Institute of Information Technology Bhagalpur	Computer Science and Engineering (4 Years, Bachelor of Technology) 	AI 	OBC-NCL 	Gender-Neutral 	12094 	15696
Indian Institute of Information Technology Bhagalpur	Computer Science and Engineering (4 Years, Bachelor of Technology) 	AI 	OBC-NCL 	Female-only (including Supernumerary) 	14896 	19008
Indian Institute of Information Technology Bhagalpur	Electronics and Communication Engineering (4 Years, Bachelor of Technology) 	AI 	OBC-NCL 	Gender-Neutral 	13838 	17055
Indian Institute of Information Technology Bhagalpur	Electronics and Communication Engineering (4 Years, Bachelor of Technology) 	AI 	OBC-NCL 	Female-only (including Supernumerary) 	19741 	19741
Indian Institute of Information Technology Bhagalpur	Mathematics and Computing (4 Years, Bachelor of Technology) 	AI 	OBC-NCL 	Gender-Neutral 	15011 	16308
Indian Institute of Information Technology Bhagalpur	Mathematics and Computing (4 Years, Bachelor of Technology) 	AI 	OBC-NCL 	Female-only (including Supernumerary) 	20456 	20456
Indian Institute of Information Technology Bhagalpur	Mechatronics and Automation Engineering (4 Years, Bachelor of Technology) 	AI 	OBC-NCL 	Gender-Neutral 	17088 	18004
Indian Institute of Information Technology Bhagalpur	Mechatronics and Automation Engineering (4 Years, Bachelor of Technology) 	AI 	OBC-NCL 	Female-only (including Supernumerary) 	23770 	24133
Indian Institute of Information Technology Bhopal	B.Tech in Mathematics and Computing (4 Years, Bachelor of Technology) 	AI 	OBC-NCL 	Gender-Neutral 	11396 	12988
Indian Institute of Information Technology Bhopal	Computer Science and Engineering (4 Years, Bachelor of Technology) 	AI 	OBC-NCL 	Gender-Neutral 	8223 	11046
Indian Institute of Information Technology Bhopal	Computer Science and Engineering (Artificial Intelligence) (4 Years, Bachelor of Technology) 	AI 	OBC-NCL 	Gender-Neutral 	7359 	11144
Indian Institute of Information Technology Bhopal	Computer Science and Engineering (Cyber Physical System) (4 Years, Bachelor of Technology) 	AI 	OBC-NCL 	Gender-Neutral 	12148 	13377
Indian Institute of Information Technology Bhopal	Computer Science and Engineering (Cyber Security) (4 Years, Bachelor of Technology) 	AI 	OBC-NCL 	Gender-Neutral 	8012 	12274
Indian Institute of Information Technology Bhopal	Computer Science and Engineering (Data Science) (4 Years, Bachelor of Technology) 	AI 	OBC-NCL 	Gender-Neutral 	8620 	11041
Indian Institute of Information Technology Bhopal	Electronics and Communication Engineering (4 Years, Bachelor of Technology) 	AI 	OBC-NCL 	Gender-Neutral 	11636 	14643
Indian Institute of Information Technology Bhopal	Information Technology (4 Years, Bachelor of Technology) 	AI 	OBC-NCL 	Gender-Neutral 	11262 	13222
Indian Institute of Information Technology Bhopal	Physics and Computational Engineering (4 Years, Bachelor of Technology) 	AI 	OBC-NCL 	Gender-Neutral 	14562 	16593
Indian Institute of Information Technology Surat	Computer Science and Engineering (4 Years, Bachelor of Technology) 	AI 	OBC-NCL 	Gender-Neutral 	7622 	11261
Indian Institute of Information Technology Surat	Computer Science and Engineering (4 Years, Bachelor of Technology) 	AI 	OBC-NCL 	Female-only (including Supernumerary) 	14835 	17593
Indian Institute of Information Technology Surat	Computer Science and Engineering (Artificial Intelligence and Machine Learning) (4 Years, Bachelor of Technology) 	AI 	OBC-NCL 	Gender-Neutral 	7215 	11500
Indian Institute of Information Technology Surat	Computer Science and Engineering (Artificial Intelligence and Machine Learning) (4 Years, Bachelor of Technology) 	AI 	OBC-NCL 	Female-only (including Supernumerary) 	11350 	12671
Indian Institute of Information Technology Surat	Computer Science and Engineering (Cyber Security) (4 Years, Bachelor of Technology) 	AI 	OBC-NCL 	Gender-Neutral 	8000 	11931
Indian Institute of Information Technology Surat	Computer Science and Engineering (Cyber Security) (4 Years, Bachelor of Technology) 	AI 	OBC-NCL 	Female-only (including Supernumerary) 	14797 	17302
Indian Institute of Information Technology Surat	Electronics and Communication Engineering (4 Years, Bachelor of Technology) 	AI 	OBC-NCL 	Gender-Neutral 	12073 	14330
Indian Institute of Information Technology Surat	Electronics and Communication Engineering (4 Years, Bachelor of Technology) 	AI 	OBC-NCL 	Female-only (including Supernumerary) 	18957 	19518
Indian Institute of Information Technology, Agartala	Computer Science and Engineering (4 Years, Bachelor of Technology) 	AI 	OBC-NCL 	Gender-Neutral 	12568 	15600
Indian Institute of Information Technology, Agartala	Computer Science and Engineering (4 Years, Bachelor of Technology) 	AI 	OBC-NCL 	Female-only (including Supernumerary) 	20568 	22033
Indian institute of information technology, Raichur, Karnataka	Artificial Intelligence and Data Science (4 Years, Bachelor of Technology) 	AI 	OBC-NCL 	Gender-Neutral 	10921 	14984
Indian institute of information technology, Raichur, Karnataka	Artificial Intelligence and Data Science (4 Years, Bachelor of Technology) 	AI 	OBC-NCL 	Female-only (including Supernumerary) 	16190 	18372
Indian institute of information technology, Raichur, Karnataka	Computer Science and Engineering (4 Years, Bachelor of Technology) 	AI 	OBC-NCL 	Gender-Neutral 	10334 	13831
Indian institute of information technology, Raichur, Karnataka	Computer Science and Engineering (4 Years, Bachelor of Technology) 	AI 	OBC-NCL 	Female-only (including Supernumerary) 	14412 	17953
Indian institute of information technology, Raichur, Karnataka	Mathematics and Computing (4 Years, Bachelor of Technology) 	AI 	OBC-NCL 	Gender-Neutral 	13871 	15782
Indian institute of information technology, Raichur, Karnataka	Mathematics and Computing (4 Years, Bachelor of Technology) 	AI 	OBC-NCL 	Female-only (including Supernumerary) 	16451 	20714
Indian Institute of Information Technology, Vadodara International Campus Diu (IIITVICD)	Artificial Intelligence (4 Years, Bachelor of Technology) 	AI 	OBC-NCL 	Gender-Neutral 	13305 	16001
Indian Institute of Information Technology, Vadodara International Campus Diu (IIITVICD)	Artificial Intelligence (4 Years, Bachelor of Technology) 	AI 	OBC-NCL 	Female-only (including Supernumerary) 	18194 	20560
Indian Institute of Information Technology, Vadodara International Campus Diu (IIITVICD)	Computer Science and Engineering (4 Years, Bachelor of Technology) 	AI 	OBC-NCL 	Gender-Neutral 	11135 	15277
Indian Institute of Information Technology, Vadodara International Campus Diu (IIITVICD)	Computer Science and Engineering (4 Years, Bachelor of Technology) 	AI 	OBC-NCL 	Female-only (including Supernumerary) 	16953 	18822
Indian Institute of Information Technology, Vadodara International Campus Diu (IIITVICD)	Electronics and Communication Engineering (4 Years, Bachelor of Technology) 	AI 	OBC-NCL 	Gender-Neutral 	12397 	16958
Indian Institute of Information Technology, Vadodara International Campus Diu (IIITVICD)	Electronics and Communication Engineering (4 Years, Bachelor of Technology) 	AI 	OBC-NCL 	Female-only (including Supernumerary) 	20349 	21060
Assam University, Silchar	Agricultural Engineering (4 Years, Bachelor of Technology) 	AI 	OBC-NCL 	Gender-Neutral 	25173 	29422
Assam University, Silchar	Agricultural Engineering (4 Years, Bachelor of Technology) 	AI 	OBC-NCL 	Female-only (including Supernumerary) 	25747 	25747
Assam University, Silchar	Agricultural Engineering (4 Years, Bachelor of Technology) 	HS 	OBC-NCL 	Gender-Neutral 	80557 	107142
Assam University, Silchar	Agricultural Engineering (4 Years, Bachelor of Technology) 	HS 	OBC-NCL 	Female-only (including Supernumerary) 	79678 	79678
Assam University, Silchar	Computer Science and Engineering (4 Years, Bachelor of Technology) 	AI 	OBC-NCL 	Gender-Neutral 	17023 	19410
Assam University, Silchar	Computer Science and Engineering (4 Years, Bachelor of Technology) 	AI 	OBC-NCL 	Female-only (including Supernumerary) 	21274 	21274
Assam University, Silchar	Computer Science and Engineering (4 Years, Bachelor of Technology) 	HS 	OBC-NCL 	Gender-Neutral 	43335 	58429
Assam University, Silchar	Computer Science and Engineering (4 Years, Bachelor of Technology) 	HS 	OBC-NCL 	Female-only (including Supernumerary) 	70503 	70503
Assam University, Silchar	Electronics and Communication Engineering (4 Years, Bachelor of Technology) 	AI 	OBC-NCL 	Gender-Neutral 	18789 	21979
Assam University, Silchar	Electronics and Communication Engineering (4 Years, Bachelor of Technology) 	AI 	OBC-NCL 	Female-only (including Supernumerary) 	22835 	22835
Assam University, Silchar	Electronics and Communication Engineering (4 Years, Bachelor of Technology) 	HS 	OBC-NCL 	Gender-Neutral 	60326 	77667
Assam University, Silchar	Electronics and Communication Engineering (4 Years, Bachelor of Technology) 	HS 	OBC-NCL 	Female-only (including Supernumerary) 	73828 	73828
Birla Institute of Technology, Mesra, Ranchi	Architecture (5 Years, Bachelor of Architecture) 	AI 	OBC-NCL 	Gender-Neutral 	451 	494
Birla Institute of Technology, Mesra, Ranchi	Artificial Intelligence and Machine Learning (4 Years, Bachelor of Technology) 	AI 	OBC-NCL 	Gender-Neutral 	7881 	8241
Birla Institute of Technology, Mesra, Ranchi	Bio Technology (4 Years, Bachelor of Technology) 	AI 	OBC-NCL 	Gender-Neutral 	19283 	20543
Birla Institute of Technology, Mesra, Ranchi	Chemical Engineering (4 Years, Bachelor of Technology) 	AI 	OBC-NCL 	Gender-Neutral 	15593 	19131
Birla Institute of Technology, Mesra, Ranchi	Civil Engineering (4 Years, Bachelor of Technology) 	AI 	OBC-NCL 	Gender-Neutral 	16076 	18794
Birla Institute of Technology, Mesra, Ranchi	Computer Science and Engineering (4 Years, Bachelor of Technology) 	AI 	OBC-NCL 	Gender-Neutral 	4741 	7599
Birla Institute of Technology, Mesra, Ranchi	Electrical and Electronics Engineering (4 Years, Bachelor of Technology) 	AI 	OBC-NCL 	Gender-Neutral 	9722 	15390
Birla Institute of Technology, Mesra, Ranchi	Electronics and Communication Engineering (4 Years, Bachelor of Technology) 	AI 	OBC-NCL 	Gender-Neutral 	8137 	11978
Birla Institute of Technology, Mesra, Ranchi	Food Engineering and Technology (4 Years, Bachelor of Technology) 	AI 	OBC-NCL 	Gender-Neutral 	20609 	22252
Birla Institute of Technology, Mesra, Ranchi	Mathematics and Computing (5 Years, Integrated Master of Science) 	AI 	OBC-NCL 	Gender-Neutral 	8528 	15961
Birla Institute of Technology, Mesra, Ranchi	Mechanical Engineering (4 Years, Bachelor of Technology) 	AI 	OBC-NCL 	Gender-Neutral 	12872 	17830
Birla Institute of Technology, Mesra, Ranchi	Physics (5 Years, Integrated Master of Science) 	AI 	OBC-NCL 	Gender-Neutral 	17586 	19916
Birla Institute of Technology, Mesra, Ranchi	Production and Industrial Engineering (4 Years, Bachelor of Technology) 	AI 	OBC-NCL 	Gender-Neutral 	19064 	20671
Birla Institute of Technology, Mesra, Ranchi	Quantitative Economics & Data Science (5 Years, Integrated Master of Science) 	AI 	OBC-NCL 	Gender-Neutral 	12629 	17774
Gurukula Kangri Vishwavidyalaya, Haridwar	Computer Science and Engineering (4 Years, Bachelor of Technology) 	AI 	OBC-NCL 	Gender-Neutral 	22645 	27007
Gurukula Kangri Vishwavidyalaya, Haridwar	Electrical Engineering (4 Years, Bachelor of Technology) 	AI 	OBC-NCL 	Gender-Neutral 	25614 	30811
Gurukula Kangri Vishwavidyalaya, Haridwar	Electronics and Communication Engineering (4 Years, Bachelor of Technology) 	AI 	OBC-NCL 	Gender-Neutral 	27844 	31171
Gurukula Kangri Vishwavidyalaya, Haridwar	Mechanical Engineering (4 Years, Bachelor of Technology) 	AI 	OBC-NCL 	Gender-Neutral 	32175 	35845
Indian Institute of Carpet Technology, Bhadohi	Carpet and Textile Technology (4 Years, Bachelor of Technology) 	AI 	OBC-NCL 	Gender-Neutral 	37022 	38546
Indian Institute of Carpet Technology, Bhadohi	Carpet and Textile Technology (4 Years, Bachelor of Technology) 	AI 	OBC-NCL 	Female-only (including Supernumerary) 	38695 	38818
Institute of Infrastructure, Technology, Research and Management-Ahmedabad	Civil Engineering (4 Years, Bachelor of Technology) 	AI 	OBC-NCL 	Gender-Neutral 	23964 	27279
Institute of Infrastructure, Technology, Research and Management-Ahmedabad	Computer Engineering (4 Years, Bachelor of Technology) 	AI 	OBC-NCL 	Gender-Neutral 	13477 	17911
Institute of Infrastructure, Technology, Research and Management-Ahmedabad	Electrical Engineering (4 Years, Bachelor of Technology) 	AI 	OBC-NCL 	Gender-Neutral 	18780 	21972
Institute of Infrastructure, Technology, Research and Management-Ahmedabad	Mechanical Engineering (4 Years, Bachelor of Technology) 	AI 	OBC-NCL 	Gender-Neutral 	22403 	24234
School of Studies of Engineering and Technology, Guru Ghasidas Vishwavidyalaya, Bilaspur	Animation and VFX (4 Years, Bachelor of Technology) 	AI 	OBC-NCL 	Gender-Neutral 	29107 	32999
School of Studies of Engineering and Technology, Guru Ghasidas Vishwavidyalaya, Bilaspur	Artificial Intelligence and Data Science (4 Years, Bachelor of Technology) 	AI 	OBC-NCL 	Gender-Neutral 	23951 	26938
School of Studies of Engineering and Technology, Guru Ghasidas Vishwavidyalaya, Bilaspur	Chemical Engineering (4 Years, Bachelor of Technology) 	AI 	OBC-NCL 	Gender-Neutral 	33467 	37306
School of Studies of Engineering and Technology, Guru Ghasidas Vishwavidyalaya, Bilaspur	Civil Engineering (4 Years, Bachelor of Technology) 	AI 	OBC-NCL 	Gender-Neutral 	33133 	36349
School of Studies of Engineering and Technology, Guru Ghasidas Vishwavidyalaya, Bilaspur	Computer Science and Engineering (4 Years, Bachelor of Technology) 	AI 	OBC-NCL 	Gender-Neutral 	21559 	24535
School of Studies of Engineering and Technology, Guru Ghasidas Vishwavidyalaya, Bilaspur	Electrical Engineering (4 Years, Bachelor of Technology) 	AI 	OBC-NCL 	Gender-Neutral 	29564 	33111
School of Studies of Engineering and Technology, Guru Ghasidas Vishwavidyalaya, Bilaspur	Electronics and Communication Engineering (4 Years, Bachelor of Technology) 	AI 	OBC-NCL 	Gender-Neutral 	25440 	29315
School of Studies of Engineering and Technology, Guru Ghasidas Vishwavidyalaya, Bilaspur	Industrial and Production Engineering (4 Years, Bachelor of Technology) 	AI 	OBC-NCL 	Gender-Neutral 	36767 	38254
School of Studies of Engineering and Technology, Guru Ghasidas Vishwavidyalaya, Bilaspur	Information Technology (4 Years, Bachelor of Technology) 	AI 	OBC-NCL 	Gender-Neutral 	25665 	28958
School of Studies of Engineering and Technology, Guru Ghasidas Vishwavidyalaya, Bilaspur	Mechanical Engineering (4 Years, Bachelor of Technology) 	AI 	OBC-NCL 	Gender-Neutral 	32934 	35496
J.K. Institute of Applied Physics & Technology, Department of Electronics & Communication, University of Allahabad- Allahabad	Computer Science and Engineering with Major in Artificial Intelligence (4 Years, Bachelor of Technology) 	AI 	OBC-NCL 	Gender-Neutral 	17394 	18119
J.K. Institute of Applied Physics & Technology, Department of Electronics & Communication, University of Allahabad- Allahabad	Electronics and Communication Engineering (4 Years, Bachelor of Technology) 	AI 	OBC-NCL 	Gender-Neutral 	19309 	21645
National Institute of Electronics and Information Technology, Aurangabad (Maharashtra)	Computer Science and Engineering (4 Years, Bachelor of Technology) 	AI 	OBC-NCL 	Gender-Neutral 	14062 	18375
National Institute of Electronics and Information Technology, Aurangabad (Maharashtra)	Electronic Engineering (4 Years, Bachelor of Technology) 	AI 	OBC-NCL 	Gender-Neutral 	17317 	20287
National Institute of Advanced Manufacturing Technology, Ranchi	Computer Engineering (4 Years, Bachelor of Technology) 	AI 	OBC-NCL 	Gender-Neutral 	15971 	18240
National Institute of Advanced Manufacturing Technology, Ranchi	Computer Engineering (4 Years, Bachelor of Technology) 	AI 	OBC-NCL 	Female-only (including Supernumerary) 	21132 	23498
National Institute of Advanced Manufacturing Technology, Ranchi	Mechanical Engineering (4 Years, Bachelor of Technology) 	AI 	OBC-NCL 	Gender-Neutral 	19378 	22504
National Institute of Advanced Manufacturing Technology, Ranchi	Mechanical Engineering (4 Years, Bachelor of Technology) 	AI 	OBC-NCL 	Female-only (including Supernumerary) 	24109 	25985
National Institute of Advanced Manufacturing Technology, Ranchi	Metallurgy and Materials Engineering (4 Years, Bachelor of Technology) 	AI 	OBC-NCL 	Gender-Neutral 	24532 	31917
National Institute of Advanced Manufacturing Technology, Ranchi	Metallurgy and Materials Engineering (4 Years, Bachelor of Technology) 	AI 	OBC-NCL 	Female-only (including Supernumerary) 	26774 	30514
National Institute of Advanced Manufacturing Technology, Ranchi	Production and Industrial Engineering (4 Years, Bachelor of Technology) 	AI 	OBC-NCL 	Gender-Neutral 	26024 	32365
National Institute of Advanced Manufacturing Technology, Ranchi	Production and Industrial Engineering (4 Years, Bachelor of Technology) 	AI 	OBC-NCL 	Female-only (including Supernumerary) 	28842 	33143
Sant Longowal Institute of Engineering and Technology	Artificial Intelligence and Data Science (4 Years, Bachelor of Technology) 	AI 	OBC-NCL 	Gender-Neutral 	19278 	22606
Sant Longowal Institute of Engineering and Technology	Chemical Engineering (4 Years, Bachelor of Technology) 	AI 	OBC-NCL 	Gender-Neutral 	31666 	35906
Sant Longowal Institute of Engineering and Technology	Chemistry (5 Years, Integrated Master of Science) 	AI 	OBC-NCL 	Gender-Neutral 	36020 	36035
Sant Longowal Institute of Engineering and Technology	Civil Engineering (4 Years, Bachelor of Technology) 	AI 	OBC-NCL 	Gender-Neutral 	31541 	35730
Sant Longowal Institute of Engineering and Technology	Computer Science and Engineering (4 Years, Bachelor of Technology) 	AI 	OBC-NCL 	Gender-Neutral 	18647 	21432
Sant Longowal Institute of Engineering and Technology	Computer Science and Engineering (5 Years, Bachelor and Master of Technology (Dual Degree)) 	AI 	OBC-NCL 	Gender-Neutral 	21229 	23515
Sant Longowal Institute of Engineering and Technology	Electrical Engineering (4 Years, Bachelor of Technology) 	AI 	OBC-NCL 	Gender-Neutral 	24557 	27346
Sant Longowal Institute of Engineering and Technology	Electrical Engineering (5 Years, Bachelor and Master of Technology (Dual Degree)) 	AI 	OBC-NCL 	Gender-Neutral 	26029 	31659
Sant Longowal Institute of Engineering and Technology	Electronics and Communication Engineering (4 Years, Bachelor of Technology) 	AI 	OBC-NCL 	Gender-Neutral 	21729 	23593
Sant Longowal Institute of Engineering and Technology	Food Technology (4 Years, Bachelor of Technology) 	AI 	OBC-NCL 	Gender-Neutral 	36927 	38737
Sant Longowal Institute of Engineering and Technology	Instrumentation and Control Engineering (4 Years, Bachelor of Technology) 	AI 	OBC-NCL 	Gender-Neutral 	31462 	35113
Sant Longowal Institute of Engineering and Technology	Mathematics (5 Years, Integrated Master of Science) 	AI 	OBC-NCL 	Gender-Neutral 	32211 	33947
Sant Longowal Institute of Engineering and Technology	Mechanical Engineering (4 Years, Bachelor of Technology) 	AI 	OBC-NCL 	Gender-Neutral 	28838 	34231
Sant Longowal Institute of Engineering and Technology	Mechanical Engineering (5 Years, Bachelor and Master of Technology (Dual Degree)) 	AI 	OBC-NCL 	Gender-Neutral 	32960 	34665
Sant Longowal Institute of Engineering and Technology	Physics (5 Years, Integrated Master of Science) 	AI 	OBC-NCL 	Gender-Neutral 	29846 	34153
School of Engineering, Tezpur University, Napaam, Tezpur	B.Tech. (Civil Engineering) - MBA (5 Years, Bachelor of Technology and MBA (Dual Degree)) 	AI 	OBC-NCL 	Gender-Neutral 	34514 	34514
School of Engineering, Tezpur University, Napaam, Tezpur	B.Tech. (Computer Science and Engineering) - MBA (5 Years, Bachelor of Technology and MBA (Dual Degree)) 	AI 	OBC-NCL 	Gender-Neutral 	19645 	19645
School of Engineering, Tezpur University, Napaam, Tezpur	B.Tech. (Elctrical Engineering) - MBA (5 Years, Bachelor of Technology and MBA (Dual Degree)) 	AI 	OBC-NCL 	Gender-Neutral 	27665 	27665
School of Engineering, Tezpur University, Napaam, Tezpur	B.Tech. (Electronics and Communication Engineering) - MBA (5 Years, Bachelor of Technology and MBA (Dual Degree)) 	AI 	OBC-NCL 	Gender-Neutral 	23894 	23894
School of Engineering, Tezpur University, Napaam, Tezpur	B.Tech. (Food Engineering and Technology) - MBA (5 Years, Bachelor of Technology and MBA (Dual Degree)) 	AI 	OBC-NCL 	Gender-Neutral 	22483 	24472
School of Engineering, Tezpur University, Napaam, Tezpur	B.Tech. (Mechanical Engineering) - MBA (5 Years, Bachelor of Technology and MBA (Dual Degree)) 	AI 	OBC-NCL 	Gender-Neutral 	27991 	27991
School of Engineering, Tezpur University, Napaam, Tezpur	Bachelor of Design (4 Years, Bachelor of Design) 	AI 	OBC-NCL 	Gender-Neutral 	36847 	36847
School of Engineering, Tezpur University, Napaam, Tezpur	Civil Engineering (4 Years, Bachelor of Technology) 	AI 	OBC-NCL 	Gender-Neutral 	33702 	36391
School of Engineering, Tezpur University, Napaam, Tezpur	Computer Science and Engineering (4 Years, Bachelor of Technology) 	AI 	OBC-NCL 	Gender-Neutral 	18452 	20612
School of Engineering, Tezpur University, Napaam, Tezpur	Electrical Engineering (4 Years, Bachelor of Technology) 	AI 	OBC-NCL 	Gender-Neutral 	27126 	29188
School of Engineering, Tezpur University, Napaam, Tezpur	Electronics and Communication Engineering (4 Years, Bachelor of Technology) 	AI 	OBC-NCL 	Gender-Neutral 	23322 	25599
School of Engineering, Tezpur University, Napaam, Tezpur	Food Engineering and Technology (4 Years, Bachelor of Technology) 	AI 	OBC-NCL 	Gender-Neutral 	37481 	38184
School of Engineering, Tezpur University, Napaam, Tezpur	Mechanical Engineering (4 Years, Bachelor of Technology) 	AI 	OBC-NCL 	Gender-Neutral 	29293 	32297
School of Planning & Architecture, Bhopal	Architecture (5 Years, Bachelor of Architecture) 	AI 	OBC-NCL 	Gender-Neutral 	115 	476
School of Planning & Architecture, Bhopal	Planning (4 Years, Bachelor of Planning) 	AI 	OBC-NCL 	Gender-Neutral 	301 	429
School of Planning & Architecture, New Delhi	Architecture (5 Years, Bachelor of Architecture) 	AI 	OBC-NCL 	Gender-Neutral 	42 	228
School of Planning & Architecture, New Delhi	Planning (4 Years, Bachelor of Planning) 	AI 	OBC-NCL 	Gender-Neutral 	91 	276
School of Planning & Architecture: Vijayawada	Architecture (5 Years, Bachelor of Architecture) 	AI 	OBC-NCL 	Gender-Neutral 	153 	383
School of Planning & Architecture: Vijayawada	Planning (4 Years, Bachelor of Planning) 	AI 	OBC-NCL 	Gender-Neutral 	302 	434
Shri Mata Vaishno Devi University, Katra, Jammu & Kashmir	Architecture (5 Years, Bachelor of Architecture) 	AI 	OBC-NCL 	Gender-Neutral 	627 	688
Shri Mata Vaishno Devi University, Katra, Jammu & Kashmir	B.Tech in Mathematics and Computing (4 Years, Bachelor of Technology) 	AI 	OBC-NCL 	Gender-Neutral 	22458 	25249
Shri Mata Vaishno Devi University, Katra, Jammu & Kashmir	Bio Technology (4 Years, Bachelor of Technology) 	AI 	OBC-NCL 	Gender-Neutral 	32832 	35438
Shri Mata Vaishno Devi University, Katra, Jammu & Kashmir	Civil Engineering (4 Years, Bachelor of Technology) 	AI 	OBC-NCL 	Gender-Neutral 	32168 	34546
Shri Mata Vaishno Devi University, Katra, Jammu & Kashmir	Computer Science and Engineering (4 Years, Bachelor of Technology) 	AI 	OBC-NCL 	Gender-Neutral 	20296 	24205
Shri Mata Vaishno Devi University, Katra, Jammu & Kashmir	Electrical Engineering (4 Years, Bachelor of Technology) 	AI 	OBC-NCL 	Gender-Neutral 	29903 	31822
Shri Mata Vaishno Devi University, Katra, Jammu & Kashmir	Electronics and Communication Engineering (4 Years, Bachelor of Technology) 	AI 	OBC-NCL 	Gender-Neutral 	26604 	30153
Shri Mata Vaishno Devi University, Katra, Jammu & Kashmir	Mechanical Engineering (4 Years, Bachelor of Technology) 	AI 	OBC-NCL 	Gender-Neutral 	30378 	31064
Shri Mata Vaishno Devi University, Katra, Jammu & Kashmir	Robotics and AI (4 Years, Bachelor of Technology) 	AI 	OBC-NCL 	Gender-Neutral 	21134 	26182
International Institute of Information Technology, Naya Raipur	Computer Science and Engineering (4 Years, Bachelor of Technology) 	AI 	OBC-NCL 	Gender-Neutral 	5805 	7133
International Institute of Information Technology, Naya Raipur	Computer Science and Engineering (4 Years, Bachelor of Technology) 	AI 	OBC-NCL 	Female-only (including Supernumerary) 	11850 	13527
International Institute of Information Technology, Naya Raipur	Data Science and Artificial Intelligence (4 Years, Bachelor of Technology) 	AI 	OBC-NCL 	Gender-Neutral 	6571 	8582
International Institute of Information Technology, Naya Raipur	Data Science and Artificial Intelligence (4 Years, Bachelor of Technology) 	AI 	OBC-NCL 	Female-only (including Supernumerary) 	14475 	14723
International Institute of Information Technology, Naya Raipur	Electronics and Communication Engineering (4 Years, Bachelor of Technology) 	AI 	OBC-NCL 	Gender-Neutral 	9157 	11129
International Institute of Information Technology, Naya Raipur	Electronics and Communication Engineering (4 Years, Bachelor of Technology) 	AI 	OBC-NCL 	Female-only (including Supernumerary) 	16782 	17591
University of Hyderabad	Computer Science and Engineering (5 Years, Bachelor and Master of Technology (Dual Degree)) 	AI 	OBC-NCL 	Gender-Neutral 	9899 	13796
University of Hyderabad	Materials Engineering (5 Years, Integrated Master of Technology) 	AI 	OBC-NCL 	Gender-Neutral 	22102 	24512
Jawaharlal Nehru University, Delhi	Computer Science and Engineering (4 Years, Bachelor of Technology) 	AI 	OBC-NCL 	Gender-Neutral 	8643 	11880
Jawaharlal Nehru University, Delhi	Electronics and Communication Engineering (4 Years, Bachelor of Technology) 	AI 	OBC-NCL 	Gender-Neutral 	11973 	14505
International Institute of Information Technology, Bhubaneswar	Computer Engineering (4 Years, Bachelor of Technology) 	AI 	OBC-NCL 	Gender-Neutral 	12229 	14966
International Institute of Information Technology, Bhubaneswar	Computer Science and Engineering (4 Years, Bachelor of Technology) 	AI 	OBC-NCL 	Gender-Neutral 	9883 	13723
International Institute of Information Technology, Bhubaneswar	Electrical and Electronics Engineering (4 Years, Bachelor of Technology) 	AI 	OBC-NCL 	Gender-Neutral 	14875 	17157
International Institute of Information Technology, Bhubaneswar	Electronics and Telecommunication Engineering (4 Years, Bachelor of Technology) 	AI 	OBC-NCL 	Gender-Neutral 	16164 	16851
International Institute of Information Technology, Bhubaneswar	Information Technology (4 Years, Bachelor of Technology) 	AI 	OBC-NCL 	Gender-Neutral 	12631 	15038
Central institute of Technology Kokrajar, Assam	Civil Engineering (4 Years, Bachelor of Technology) 	AI 	OBC-NCL 	Gender-Neutral 	26550 	26550
Central institute of Technology Kokrajar, Assam	Computer Science and Engineering (4 Years, Bachelor of Technology) 	AI 	OBC-NCL 	Gender-Neutral 	19441 	19441
Central institute of Technology Kokrajar, Assam	Electronics and Communication Engineering (4 Years, Bachelor of Technology) 	AI 	OBC-NCL 	Gender-Neutral 	22763 	22763
Central institute of Technology Kokrajar, Assam	Food Engineering and Technology (4 Years, Bachelor of Technology) 	AI 	OBC-NCL 	Gender-Neutral 	32045 	32045
Central institute of Technology Kokrajar, Assam	Instrumentation Engineering (4 Years, Bachelor of Technology) 	AI 	OBC-NCL 	Gender-Neutral 	28508 	28508
Puducherry Technological University, Puducherry	Chemical Engineering (4 Years, Bachelor of Technology) 	AI 	OBC-NCL 	Gender-Neutral 	22245 	22245
Puducherry Technological University, Puducherry	Civil Engineering (4 Years, Bachelor of Technology) 	AI 	OBC-NCL 	Gender-Neutral 	26486 	29610
Puducherry Technological University, Puducherry	Civil Engineering (4 Years, Bachelor of Technology) 	HS 	OBC-NCL 	Gender-Neutral 	146028 	170959
Puducherry Technological University, Puducherry	Computer Science and Engineering (4 Years, Bachelor of Technology) 	AI 	OBC-NCL 	Gender-Neutral 	15360 	19140
Puducherry Technological University, Puducherry	Computer Science and Engineering (4 Years, Bachelor of Technology) 	HS 	OBC-NCL 	Gender-Neutral 	77367 	87569
Puducherry Technological University, Puducherry	Electrical and Electronics Engineering (4 Years, Bachelor of Technology) 	AI 	OBC-NCL 	Gender-Neutral 	17689 	19929
Puducherry Technological University, Puducherry	Electronics and Communication Engineering (4 Years, Bachelor of Technology) 	AI 	OBC-NCL 	Gender-Neutral 	18131 	20454
Puducherry Technological University, Puducherry	Electronics and Communication Engineering (4 Years, Bachelor of Technology) 	HS 	OBC-NCL 	Gender-Neutral 	84933 	90258
Puducherry Technological University, Puducherry	Electronics and Instrumentation Engineering (4 Years, Bachelor of Technology) 	AI 	OBC-NCL 	Gender-Neutral 	19512 	19512
Puducherry Technological University, Puducherry	Information Technology (4 Years, Bachelor of Technology) 	AI 	OBC-NCL 	Gender-Neutral 	16450 	19003
Puducherry Technological University, Puducherry	Mechanical Engineering (4 Years, Bachelor of Technology) 	AI 	OBC-NCL 	Gender-Neutral 	23370 	25859
Puducherry Technological University, Puducherry	Mechanical Engineering (4 Years, Bachelor of Technology) 	HS 	OBC-NCL 	Gender-Neutral 	167424 	176736
Puducherry Technological University, Puducherry	Mechatronics Engineering (4 Years, Bachelor of Technology) 	AI 	OBC-NCL 	Gender-Neutral 	20522 	22966
Puducherry Technological University, Puducherry	Mechatronics Engineering (4 Years, Bachelor of Technology) 	HS 	OBC-NCL 	Gender-Neutral 	92338 	102376
Ghani Khan Choudhary Institute of Engineering and Technology, Malda, West Bengal	Civil and Environmental Engineering (4 Years, Bachelor of Technology) 	HS 	OBC-NCL 	Gender-Neutral 	235122 	256267
Ghani Khan Choudhary Institute of Engineering and Technology, Malda, West Bengal	Civil and Environmental Engineering (4 Years, Bachelor of Technology) 	HS 	OBC-NCL 	Female-only (including Supernumerary) 	225911 	225911
Ghani Khan Choudhary Institute of Engineering and Technology, Malda, West Bengal	Civil and Environmental Engineering (4 Years, Bachelor of Technology) 	OS 	OBC-NCL 	Gender-Neutral 	34669 	36390
Ghani Khan Choudhary Institute of Engineering and Technology, Malda, West Bengal	Civil and Environmental Engineering (4 Years, Bachelor of Technology) 	OS 	OBC-NCL 	Female-only (including Supernumerary) 	36031 	36031
Ghani Khan Choudhary Institute of Engineering and Technology, Malda, West Bengal	Computer Science Engineering (Artificial lntelligence and Machine Learning) (4 Years, Bachelor of Technology) 	HS 	OBC-NCL 	Gender-Neutral 	47840 	88174
Ghani Khan Choudhary Institute of Engineering and Technology, Malda, West Bengal	Computer Science Engineering (Artificial lntelligence and Machine Learning) (4 Years, Bachelor of Technology) 	OS 	OBC-NCL 	Gender-Neutral 	19643 	19946
Ghani Khan Choudhary Institute of Engineering and Technology, Malda, West Bengal	Electrical Engineering (4 Years, Bachelor of Technology) 	HS 	OBC-NCL 	Gender-Neutral 	90515 	166276
Ghani Khan Choudhary Institute of Engineering and Technology, Malda, West Bengal	Electrical Engineering (4 Years, Bachelor of Technology) 	OS 	OBC-NCL 	Gender-Neutral 	24673 	28860
Ghani Khan Choudhary Institute of Engineering and Technology, Malda, West Bengal	Food Technology (4 Years, Bachelor of Technology) 	HS 	OBC-NCL 	Gender-Neutral 	248615 	260531
Ghani Khan Choudhary Institute of Engineering and Technology, Malda, West Bengal	Food Technology (4 Years, Bachelor of Technology) 	OS 	OBC-NCL 	Gender-Neutral 	36580 	38504
Ghani Khan Choudhary Institute of Engineering and Technology, Malda, West Bengal	Mechanical Engineering (4 Years, Bachelor of Technology) 	HS 	OBC-NCL 	Gender-Neutral 	97598 	212075
Ghani Khan Choudhary Institute of Engineering and Technology, Malda, West Bengal	Mechanical Engineering (4 Years, Bachelor of Technology) 	OS 	OBC-NCL 	Gender-Neutral 	30519 	34216
Central University of Rajasthan, Rajasthan	Bio Medical Engineering (4 Years, Bachelor of Technology) 	AI 	OBC-NCL 	Gender-Neutral 	26832 	32643
Central University of Rajasthan, Rajasthan	Computer Science and Engineering (4 Years, Bachelor of Technology) 	AI 	OBC-NCL 	Gender-Neutral 	17808 	19372
Central University of Rajasthan, Rajasthan	Electronics and Communication Engineering (4 Years, Bachelor of Technology) 	AI 	OBC-NCL 	Gender-Neutral 	20000 	22807
National Institute of Food Technology Entrepreneurship and Management, Kundli	Food Technology and Management (4 Years, Bachelor of Technology) 	AI 	OBC-NCL 	Gender-Neutral 	37203 	38748
National Institute of Food Technology Entrepreneurship and Management, Thanjavur	Food Technology (4 Years, Bachelor of Technology) 	AI 	OBC-NCL 	Gender-Neutral 	30123 	36659
North Eastern Regional Institute of Science and Technology, Nirjuli-791109 (Itanagar),Arunachal Pradesh 	Civil Engineering (4 Years, Bachelor of Technology) 	AI 	OBC-NCL 	Gender-Neutral 	23342 	23342
North Eastern Regional Institute of Science and Technology, Nirjuli-791109 (Itanagar),Arunachal Pradesh 	Electronics and Communication Engineering (4 Years, Bachelor of Technology) 	AI 	OBC-NCL 	Gender-Neutral 	23493 	23493
Indian Institute of Handloom Technology(IIHT), Varanasi	Handloom and Textile Technology (4 Years, Bachelor of Technology) 	AI 	OBC-NCL 	Gender-Neutral 	35751 	38200
Chhattisgarh Swami Vivekanada Technical University, Bhilai (CSVTU Bhilai)	Civil Engineering (4 Years, Bachelor of Technology) 	AI 	OBC-NCL 	Gender-Neutral 	31507 	36059
Chhattisgarh Swami Vivekanada Technical University, Bhilai (CSVTU Bhilai)	Computer Science Engineering (Artificial Intelligence) (4 Years, B. Tech / B. Tech (Hons.)) 	AI 	OBC-NCL 	Gender-Neutral 	21900 	25064
Chhattisgarh Swami Vivekanada Technical University, Bhilai (CSVTU Bhilai)	Computer Science Engineering (Data Science) (4 Years, B. Tech / B. Tech (Hons.)) 	AI 	OBC-NCL 	Gender-Neutral 	21351 	25314
Institute of Chemical Technology, Mumbai: Indian Oil Odisha Campus, Bhubaneswar	Chemical Engineering (5 Years, Integrated Masters in Technology) 	AI 	OBC-NCL 	Gender-Neutral 	18777 	22254
Institute of Chemical Technology, Mumbai: Indian Oil Odisha Campus, Bhubaneswar	Chemical Engineering (5 Years, Integrated Masters in Technology) 	HS 	OBC-NCL 	Gender-Neutral 	30983 	42271
North-Eastern Hill University, Shillong	Biomedical Engineering (4 Years, Bachelor of Technology) 	AI 	OBC-NCL 	Gender-Neutral 	34359 	36920
North-Eastern Hill University, Shillong	Electronics and Communication Engineering (4 Years, Bachelor of Technology) 	AI 	OBC-NCL 	Gender-Neutral 	29131 	31215
North-Eastern Hill University, Shillong	Energy Engineering (4 Years, Bachelor of Technology) 	AI 	OBC-NCL 	Gender-Neutral 	30588 	32985
North-Eastern Hill University, Shillong	Information Technology (4 Years, Bachelor of Technology) 	AI 	OBC-NCL 	Gender-Neutral 	24052 	28419
Central University of Jammu	Computer Science and Engineering (4 Years, Bachelor of Technology) 	AI 	OBC-NCL 	Gender-Neutral 	23658 	26898
Central University of Jammu	Computer Science and Engineering with specialization in Cyber Security (4 Years, Bachelor of Technology) 	AI 	OBC-NCL 	Gender-Neutral 	25160 	28468
Central University of Jammu	Electronics and Communication Engineering (4 Years, Bachelor of Technology) 	AI 	OBC-NCL 	Gender-Neutral 	28355 	31327
Central University of Jammu	Electronics and Communication Engineering (Avionics) (4 Years, Bachelor of Technology) 	AI 	OBC-NCL 	Gender-Neutral 	29199 	33599
Central University of Jammu	Mathematics and Computing (4 Years, Bachelor of Technology) 	AI 	OBC-NCL 	Gender-Neutral 	28157 	32196
Institute of Engineering and Technology, Dr. H. S. Gour University. Sagar (A Central University)	Aeronautical Engineering (4 Years, Bachelor of Technology) 	AI 	OBC-NCL 	Gender-Neutral 	23837 	30912
Institute of Engineering and Technology, Dr. H. S. Gour University. Sagar (A Central University)	Computer Science and Engineering (4 Years, Bachelor of Technology) 	AI 	OBC-NCL 	Gender-Neutral 	20794 	24713
Institute of Engineering and Technology, Dr. H. S. Gour University. Sagar (A Central University)	Dairy Engineering (4 Years, Bachelor of Technology) 	AI 	OBC-NCL 	Gender-Neutral 	38591 	39742
Institute of Engineering and Technology, Dr. H. S. Gour University. Sagar (A Central University)	Electronics and Communication Engineering (4 Years, Bachelor of Technology) 	AI 	OBC-NCL 	Gender-Neutral 	25359 	30590
Institute of Engineering and Technology, Dr. H. S. Gour University. Sagar (A Central University)	Fashion and Apparel Engineering (4 Years, Bachelor of Technology) 	AI 	OBC-NCL 	Gender-Neutral 	37340 	39215
Institute of Engineering and Technology, Dr. H. S. Gour University. Sagar (A Central University)	Food Engineering and Technology (4 Years, Bachelor of Technology) 	AI 	OBC-NCL 	Gender-Neutral 	38683 	39925
Central University of Haryana	Civil Engineering (4 Years, Bachelor of Technology) 	AI 	OBC-NCL 	Gender-Neutral 	31893 	35963
Central University of Haryana	Computer Science and Engineering (4 Years, Bachelor of Technology) 	AI 	OBC-NCL 	Gender-Neutral 	19834 	22408
Central University of Haryana	Electrical Engineering (4 Years, Bachelor of Technology) 	AI 	OBC-NCL 	Gender-Neutral 	25837 	29064
Central University of Haryana	Printing and Packaging Technology (4 Years, Bachelor of Technology) 	AI 	OBC-NCL 	Gender-Neutral 	33359 	36315
Birla Institute of Technology, Deoghar Off-Campus	Computer Science and Engineering (4 Years, Bachelor of Technology) 	AI 	OBC-NCL 	Gender-Neutral 	15583 	20160
Birla Institute of Technology, Deoghar Off-Campus	Electrical and Electronics Engineering (4 Years, Bachelor of Technology) 	AI 	OBC-NCL 	Gender-Neutral 	21014 	23041
Birla Institute of Technology, Deoghar Off-Campus	Electronics and Communication Engineering (4 Years, Bachelor of Technology) 	AI 	OBC-NCL 	Gender-Neutral 	20679 	22718
Birla Institute of Technology, Deoghar Off-Campus	Mechanical Engineering (4 Years, Bachelor of Technology) 	AI 	OBC-NCL 	Gender-Neutral 	23106 	24413
Birla Institute of Technology, Patna Off-Campus	Artificial Intelligence and Machine Learning (4 Years, Bachelor of Technology) 	AI 	OBC-NCL 	Gender-Neutral 	17799 	19516
Birla Institute of Technology, Patna Off-Campus	Civil Engineering (4 Years, Bachelor of Technology) 	AI 	OBC-NCL 	Gender-Neutral 	24707 	29106
Birla Institute of Technology, Patna Off-Campus	Computer Science and Engineering (4 Years, Bachelor of Technology) 	AI 	OBC-NCL 	Gender-Neutral 	15787 	17594
Birla Institute of Technology, Patna Off-Campus	Electrical and Electronics Engineering (4 Years, Bachelor of Technology) 	AI 	OBC-NCL 	Gender-Neutral 	19854 	22747
Birla Institute of Technology, Patna Off-Campus	Electronics and Communication Engineering (4 Years, Bachelor of Technology) 	AI 	OBC-NCL 	Gender-Neutral 	18168 	20852
Birla Institute of Technology, Patna Off-Campus	Mathematics and Computing (5 Years, Integrated Master of Science) 	AI 	OBC-NCL 	Gender-Neutral 	21674 	22279
Birla Institute of Technology, Patna Off-Campus	Mechanical Engineering (4 Years, Bachelor of Technology) 	AI 	OBC-NCL 	Gender-Neutral 	23133 	25813
Indian Institute of Handloom Technology, Salem	Handloom and Textile Technology (4 Years, Bachelor of Technology) 	AI 	OBC-NCL 	Gender-Neutral 	34564 	36938
Gati Shakti Vishwavidyalaya, Vadodara	B.Tech in Artificial Intelligenece and Data Science (Transportation and Logistics) (4 Years, Bachelor of Technology) 	AI 	OBC-NCL 	Gender-Neutral 	17145 	21525
Gati Shakti Vishwavidyalaya, Vadodara	B.Tech in Artificial Intelligenece and Data Science (Transportation and Logistics) (4 Years, Bachelor of Technology) 	AI 	OBC-NCL 	Female-only (including Supernumerary) 	22652 	22652
Gati Shakti Vishwavidyalaya, Vadodara	B.Tech in Aviation Engineering (4 Years, Bachelor of Technology) 	AI 	OBC-NCL 	Gender-Neutral 	22004 	28598
Gati Shakti Vishwavidyalaya, Vadodara	B.Tech in Civil Engineering (Rail Engineering) (4 Years, Bachelor of Technology) 	AI 	OBC-NCL 	Gender-Neutral 	27931 	33647
Gati Shakti Vishwavidyalaya, Vadodara	B.Tech in Civil Engineering (Rail Engineering) (4 Years, Bachelor of Technology) 	AI 	OBC-NCL 	Female-only (including Supernumerary) 	27725 	27983
Gati Shakti Vishwavidyalaya, Vadodara	B.Tech in Electrical Engineering ( Rail Engineering) (4 Years, Bachelor of Technology) 	AI 	OBC-NCL 	Gender-Neutral 	23174 	26548
Gati Shakti Vishwavidyalaya, Vadodara	B.Tech in Electronics & Communication Engineering (Rail Engineering) (4 Years, Bachelor of Technology) 	AI 	OBC-NCL 	Gender-Neutral 	19884 	24000
Gati Shakti Vishwavidyalaya, Vadodara	B.Tech in Electronics & Communication Engineering (Rail Engineering) (4 Years, Bachelor of Technology) 	AI 	OBC-NCL 	Female-only (including Supernumerary) 	22878 	23762
Gati Shakti Vishwavidyalaya, Vadodara	B.Tech in Mechanical Engineering ( Rail Engineering) (4 Years, Bachelor of Technology) 	AI 	OBC-NCL 	Gender-Neutral 	23531 	29617
Gati Shakti Vishwavidyalaya, Vadodara	B.Tech in Mechanical Engineering ( Rail Engineering) (4 Years, Bachelor of Technology) 	AI 	OBC-NCL 	Female-only (including Supernumerary) 	25975 	25975
CU Jharkhand	Civil Engineering (4 Years, Bachelor of Technology) 	AI 	OBC-NCL 	Gender-Neutral 	29532 	30228
CU Jharkhand	Computer Science and Engineering (4 Years, Bachelor of Technology) 	AI 	OBC-NCL 	Gender-Neutral 	23860 	25366
CU Jharkhand	Electrical Engineering (4 Years, Bachelor of Technology) 	AI 	OBC-NCL 	Gender-Neutral 	26632 	29393
CU Jharkhand	Metallurgical and Materials Engineering (4 Years, Bachelor of Technology) 	AI 	OBC-NCL 	Gender-Neutral 	32996 	36239
National Institute of Electronics and Information Technology, Ropar (Punjab)	B.Tech in CSE (AI and ML) (4 Years, Bachelor of Technology) 	AI 	OBC-NCL 	Gender-Neutral 	15748 	21085
National Institute of Electronics and Information Technology, Patna (Bihar)	Computer Science and Engineering (4 Years, Bachelor of Technology) 	AI 	OBC-NCL 	Gender-Neutral 	19016 	22995
National Institute of Electronics and Information Technology, Ajmer (Rajasthan)	Computer Science and Engineering (Internet of Things, Cyber Security including Block Chain Technology ) (4 Years, Bachelor of Technology) 	AI 	OBC-NCL 	Gender-Neutral 	17410 	22319
National Institute of Electronics and Information Technology, Gorakhpur (UP)	B. Tech in Electronics and Communication Engineering with minor in Wearable Electronics (4 Years, Bachelor of Technology) 	AI 	OBC-NCL 	Gender-Neutral 	22042 	25678
National Institute of Electronics and Information Technology, Gorakhpur (UP)	Computer Science and Engineering with minor in AI and ML (4 Years, Bachelor of Technology) 	AI 	OBC-NCL 	Gender-Neutral 	19670 	23873
Rajiv Gandhi National Aviation University, Fursatganj, Amethi (UP)	Aerospace Engineering (4 Years, Bachelor of Technology) 	AI 	OBC-NCL 	Gender-Neutral 	20356 	24871
Rajiv Gandhi National Aviation University, Fursatganj, Amethi (UP)	Electronics and Communication Engineering (Avionics) (4 Years, Bachelor of Technology) 	AI 	OBC-NCL 	Gender-Neutral 	21485 	27806
Islamic University of Science and Technology Kashmir	Architecture (5 Years, Bachelor of Architecture) 	AI 	OBC-NCL 	Gender-Neutral 	633 	712
