Indian Institute of Technology Bhubaneswar	Civil Engineering (4 Years, Bachelor of Technology) 	AI 	OPEN 	Gender-Neutral 	10063 	13957
Indian Institute of Technology Bhubaneswar	Civil Engineering (4 Years, Bachelor of Technology) 	AI 	OPEN 	Female-only (including Supernumerary) 	19820 	22403
Indian Institute of Technology Bhubaneswar	Computer Science and Engineering (4 Years, Bachelor of Technology) 	AI 	OPEN 	Gender-Neutral 	2344 	3785
Indian Institute of Technology Bhubaneswar	Computer Science and Engineering (4 Years, Bachelor of Technology) 	AI 	OPEN 	Female-only (including Supernumerary) 	4082 	6467
Indian Institute of Technology Bhubaneswar	Electrical Engineering (4 Years, Bachelor of Technology) 	AI 	OPEN 	Gender-Neutral 	5585 	7242
Indian Institute of Technology Bhubaneswar	Electrical Engineering (4 Years, Bachelor of Technology) 	AI 	OPEN 	Female-only (including Supernumerary) 	10538 	14511
Indian Institute of Technology Bhubaneswar	Electronics and Communication Engineering (4 Years, Bachelor of Technology) 	AI 	OPEN 	Gender-Neutral 	3873 	5535
Indian Institute of Technology Bhubaneswar	Electronics and Communication Engineering (4 Years, Bachelor of Technology) 	AI 	OPEN 	Female-only (including Supernumerary) 	8804 	9686
Indian Institute of Technology Bhubaneswar	Engineering Physics (4 Years, Bachelor of Technology) 	AI 	OPEN 	Gender-Neutral 	8840 	10494
Indian Institute of Technology Bhubaneswar	Engineering Physics (4 Years, Bachelor of Technology) 	AI 	OPEN 	Female-only (including Supernumerary) 	19737 	20216
Indian Institute of Technology Bhubaneswar	Mathematics and Computing (4 Years, Bachelor of Technology) 	AI 	OPEN 	Gender-Neutral 	4174 	4607
Indian Institute of Technology Bhubaneswar	Mathematics and Computing (4 Years, Bachelor of Technology) 	AI 	OPEN 	Female-only (including Supernumerary) 	7679 	8287
Indian Institute of Technology Bhubaneswar	Mechanical Engineering (4 Years, Bachelor of Technology) 	AI 	OPEN 	Gender-Neutral 	4945 	10078
Indian Institute of Technology Bhubaneswar	Mechanical Engineering (4 Years, Bachelor of Technology) 	AI 	OPEN 	Female-only (including Supernumerary) 	13775 	18906
Indian Institute of Technology Bhubaneswar	Metallurgical and Materials Engineering (4 Years, Bachelor of Technology) 	AI 	OPEN 	Gender-Neutral 	11591 	13695
Indian Institute of Technology Bhubaneswar	Metallurgical and Materials Engineering (4 Years, Bachelor of Technology) 	AI 	OPEN 	Female-only (including Supernumerary) 	20044 	21967
Indian Institute of Technology Bombay	Aerospace Engineering (4 Years, Bachelor of Technology) 	AI 	OPEN 	Gender-Neutral 	1195 	2305
Indian Institute of Technology Bombay	Aerospace Engineering (4 Years, Bachelor of Technology) 	AI 	OPEN 	Female-only (including Supernumerary) 	4812 	5994
Indian Institute of Technology Bombay	Applied Geophysics (4 Years, Bachelor of Science) 	AI 	OPEN 	Gender-Neutral 	4724 	7722
Indian Institute of Technology Bombay	Applied Geophysics (4 Years, Bachelor of Science) 	AI 	OPEN 	Female-only (including Supernumerary) 	13688 	13761
Indian Institute of Technology Bombay	BS in Mathematics (4 Years, Bachelor of Science) 	AI 	OPEN 	Gender-Neutral 	370 	957
Indian Institute of Technology Bombay	BS in Mathematics (4 Years, Bachelor of Science) 	AI 	OPEN 	Female-only (including Supernumerary) 	3432 	3432
Indian Institute of Technology Bombay	Chemical Engineering (4 Years, Bachelor of Technology) 	AI 	OPEN 	Gender-Neutral 	601 	2405
Indian Institute of Technology Bombay	Chemical Engineering (4 Years, Bachelor of Technology) 	AI 	OPEN 	Female-only (including Supernumerary) 	4813 	5969
Indian Institute of Technology Bombay	Chemistry (4 Years, Bachelor of Science) 	AI 	OPEN 	Gender-Neutral 	335 	6647
Indian Institute of Technology Bombay	Chemistry (4 Years, Bachelor of Science) 	AI 	OPEN 	Female-only (including Supernumerary) 	9368 	10435
Indian Institute of Technology Bombay	Civil Engineering (4 Years, Bachelor of Technology) 	AI 	OPEN 	Gender-Neutral 	2666 	4095
Indian Institute of Technology Bombay	Civil Engineering (4 Years, Bachelor of Technology) 	AI 	OPEN 	Female-only (including Supernumerary) 	6085 	8597
Indian Institute of Technology Bombay	Computer Science and Engineering (4 Years, Bachelor of Technology) 	AI 	OPEN 	Gender-Neutral 	1 	66
Indian Institute of Technology Bombay	Computer Science and Engineering (4 Years, Bachelor of Technology) 	AI 	OPEN 	Female-only (including Supernumerary) 	29 	296
Indian Institute of Technology Bombay	Economics (4 Years, Bachelor of Science) 	AI 	OPEN 	Gender-Neutral 	1531 	2312
Indian Institute of Technology Bombay	Economics (4 Years, Bachelor of Science) 	AI 	OPEN 	Female-only (including Supernumerary) 	3744 	4564
Indian Institute of Technology Bombay	Electrical Engineering (4 Years, Bachelor of Technology) 	AI 	OPEN 	Gender-Neutral 	106 	418
Indian Institute of Technology Bombay	Electrical Engineering (4 Years, Bachelor of Technology) 	AI 	OPEN 	Female-only (including Supernumerary) 	779 	1914
Indian Institute of Technology Bombay	Electrical Engineering (5 Years, Bachelor and Master of Technology (Dual Degree)) 	AI 	OPEN 	Gender-Neutral 	470 	830
Indian Institute of Technology Bombay	Electrical Engineering (5 Years, Bachelor and Master of Technology (Dual Degree)) 	AI 	OPEN 	Female-only (including Supernumerary) 	2219 	3116
Indian Institute of Technology Bombay	Energy Engineering (4 Years, Bachelor of Technology) 	AI 	OPEN 	Gender-Neutral 	1810 	2452
Indian Institute of Technology Bombay	Energy Engineering (4 Years, Bachelor of Technology) 	AI 	OPEN 	Female-only (including Supernumerary) 	4087 	5817
Indian Institute of Technology Bombay	Engineering Physics (4 Years, Bachelor of Technology) 	AI 	OPEN 	Gender-Neutral 	122 	1483
Indian Institute of Technology Bombay	Engineering Physics (4 Years, Bachelor of Technology) 	AI 	OPEN 	Female-only (including Supernumerary) 	3126 	4351
Indian Institute of Technology Bombay	Environmental Science and Engineering (4 Years, Bachelor of Technology) 	AI 	OPEN 	Gender-Neutral 	3143 	4696
Indian Institute of Technology Bombay	Environmental Science and Engineering (4 Years, Bachelor of Technology) 	AI 	OPEN 	Female-only (including Supernumerary) 	8026 	8925
Indian Institute of Technology Bombay	Industrial Engineering and Operations Research (4 Years, Bachelor of Technology) 	AI 	OPEN 	Gender-Neutral 	264 	1133
Indian Institute of Technology Bombay	Industrial Engineering and Operations Research (4 Years, Bachelor of Technology) 	AI 	OPEN 	Female-only (including Supernumerary) 	2669 	3012
Indian Institute of Technology Bombay	Mechanical Engineering (4 Years, Bachelor of Technology) 	AI 	OPEN 	Gender-Neutral 	490 	1766
Indian Institute of Technology Bombay	Mechanical Engineering (4 Years, Bachelor of Technology) 	AI 	OPEN 	Female-only (including Supernumerary) 	2816 	4693
Indian Institute of Technology Bombay	Metallurgical Engineering and Materials Science (4 Years, Bachelor of Technology) 	AI 	OPEN 	Gender-Neutral 	2584 	4119
Indian Institute of Technology Bombay	Metallurgical Engineering and Materials Science (4 Years, Bachelor of Technology) 	AI 	OPEN 	Female-only (including Supernumerary) 	6628 	8075
Indian Institute of Technology Mandi	B.Tech in General Engineering (4 Years, Bachelor of Technology) 	AI 	OPEN 	Gender-Neutral 	6043 	10083
Indian Institute of Technology Mandi	B.Tech in General Engineering (4 Years, Bachelor of Technology) 	AI 	OPEN 	Female-only (including Supernumerary) 	16970 	17710
Indian Institute of Technology Mandi	B.Tech in Materials Science and Engineering (4 Years, Bachelor of Technology) 	AI 	OPEN 	Gender-Neutral 	9202 	12152
Indian Institute of Technology Mandi	B.Tech in Materials Science and Engineering (4 Years, Bachelor of Technology) 	AI 	OPEN 	Female-only (including Supernumerary) 	22812 	23230
Indian Institute of Technology Mandi	B.Tech in Mathematics and Computing (4 Years, Bachelor of Technology) 	AI 	OPEN 	Gender-Neutral 	3648 	4022
Indian Institute of Technology Mandi	B.Tech in Mathematics and Computing (4 Years, Bachelor of Technology) 	AI 	OPEN 	Female-only (including Supernumerary) 	9721 	9846
Indian Institute of Technology Mandi	B.Tech in Microelectronics & VLSI (4 Years, Bachelor of Technology) 	AI 	OPEN 	Gender-Neutral 	4593 	5811
Indian Institute of Technology Mandi	B.Tech in Microelectronics & VLSI (4 Years, Bachelor of Technology) 	AI 	OPEN 	Female-only (including Supernumerary) 	11355 	12496
Indian Institute of Technology Mandi	Bio Engineering (4 Years, Bachelor of Technology) 	AI 	OPEN 	Gender-Neutral 	10606 	13111
Indian Institute of Technology Mandi	Bio Engineering (4 Years, Bachelor of Technology) 	AI 	OPEN 	Female-only (including Supernumerary) 	21521 	22651
Indian Institute of Technology Mandi	BS in Chemical Sciences (4 Years, Bachelor of Science) 	AI 	OPEN 	Gender-Neutral 	13186 	15605
Indian Institute of Technology Mandi	BS in Chemical Sciences (4 Years, Bachelor of Science) 	AI 	OPEN 	Female-only (including Supernumerary) 	23258 	25305
Indian Institute of Technology Mandi	Civil Engineering (4 Years, Bachelor of Technology) 	AI 	OPEN 	Gender-Neutral 	10191 	12346
Indian Institute of Technology Mandi	Civil Engineering (4 Years, Bachelor of Technology) 	AI 	OPEN 	Female-only (including Supernumerary) 	21169 	21831
Indian Institute of Technology Mandi	Computer Science and Engineering (4 Years, Bachelor of Technology) 	AI 	OPEN 	Gender-Neutral 	2096 	3087
Indian Institute of Technology Mandi	Computer Science and Engineering (4 Years, Bachelor of Technology) 	AI 	OPEN 	Female-only (including Supernumerary) 	6922 	7612
Indian Institute of Technology Mandi	Data Science and Artificial Intelligence (4 Years, Bachelor of Technology) 	AI 	OPEN 	Gender-Neutral 	3122 	3817
Indian Institute of Technology Mandi	Data Science and Artificial Intelligence (4 Years, Bachelor of Technology) 	AI 	OPEN 	Female-only (including Supernumerary) 	7997 	8476
Indian Institute of Technology Mandi	Electrical Engineering (4 Years, Bachelor of Technology) 	AI 	OPEN 	Gender-Neutral 	4068 	6474
Indian Institute of Technology Mandi	Electrical Engineering (4 Years, Bachelor of Technology) 	AI 	OPEN 	Female-only (including Supernumerary) 	11244 	13727
Indian Institute of Technology Mandi	Engineering Physics (4 Years, Bachelor of Technology) 	AI 	OPEN 	Gender-Neutral 	8536 	9958
Indian Institute of Technology Mandi	Engineering Physics (4 Years, Bachelor of Technology) 	AI 	OPEN 	Female-only (including Supernumerary) 	17866 	19108
Indian Institute of Technology Mandi	Mechanical Engineering (4 Years, Bachelor of Technology) 	AI 	OPEN 	Gender-Neutral 	7040 	9194
Indian Institute of Technology Mandi	Mechanical Engineering (4 Years, Bachelor of Technology) 	AI 	OPEN 	Female-only (including Supernumerary) 	17438 	18850
Indian Institute of Technology Delhi	Abu Dhabi Campus - Chemical Engineering (4 Years, Bachelor of Technology) 	AI 	OPEN 	Gender-Neutral 	5200 	5712
Indian Institute of Technology Delhi	Abu Dhabi Campus - Chemical Engineering (4 Years, Bachelor of Technology) 	AI 	OPEN 	Female-only (including Supernumerary) 	11520 	11520
Indian Institute of Technology Delhi	Abu Dhabi Campus - Computer Science and Engineering (4 Years, Bachelor of Technology) 	AI 	OPEN 	Gender-Neutral 	1169 	1346
Indian Institute of Technology Delhi	Abu Dhabi Campus - Computer Science and Engineering (4 Years, Bachelor of Technology) 	AI 	OPEN 	Female-only (including Supernumerary) 	6480 	6480
Indian Institute of Technology Delhi	Abu Dhabi Campus - Energy Engineering (4 Years, Bachelor of Technology) 	AI 	OPEN 	Gender-Neutral 	4277 	4661
Indian Institute of Technology Delhi	Abu Dhabi Campus - Energy Engineering (4 Years, Bachelor of Technology) 	AI 	OPEN 	Female-only (including Supernumerary) 	8973 	8973
Indian Institute of Technology Delhi	Biotechnology and Biochemical Engineering (4 Years, Bachelor of Technology) 	AI 	OPEN 	Gender-Neutral 	3147 	4830
Indian Institute of Technology Delhi	Biotechnology and Biochemical Engineering (4 Years, Bachelor of Technology) 	AI 	OPEN 	Female-only (including Supernumerary) 	6350 	8927
Indian Institute of Technology Delhi	Chemical Engineering (4 Years, Bachelor of Technology) 	AI 	OPEN 	Gender-Neutral 	1904 	2425
Indian Institute of Technology Delhi	Chemical Engineering (4 Years, Bachelor of Technology) 	AI 	OPEN 	Female-only (including Supernumerary) 	5287 	5968
Indian Institute of Technology Delhi	Chemical Engineering (5 Years, Bachelor and Master of Technology (Dual Degree)) 	AI 	OPEN 	Gender-Neutral 	2581 	3426
Indian Institute of Technology Delhi	Chemical Engineering (5 Years, Bachelor and Master of Technology (Dual Degree)) 	AI 	OPEN 	Female-only (including Supernumerary) 	6826 	7561
Indian Institute of Technology Delhi	Chemistry (4 Years, Bachelor of Science) 	AI 	OPEN 	Gender-Neutral 	5733 	7715
Indian Institute of Technology Delhi	Chemistry (4 Years, Bachelor of Science) 	AI 	OPEN 	Female-only (including Supernumerary) 	11389 	16252
Indian Institute of Technology Delhi	Civil Engineering (4 Years, Bachelor of Technology) 	AI 	OPEN 	Gender-Neutral 	3030 	4228
Indian Institute of Technology Delhi	Civil Engineering (4 Years, Bachelor of Technology) 	AI 	OPEN 	Female-only (including Supernumerary) 	3660 	9104
Indian Institute of Technology Delhi	Computer Science and Engineering (4 Years, Bachelor of Technology) 	AI 	OPEN 	Gender-Neutral 	24 	125
Indian Institute of Technology Delhi	Computer Science and Engineering (4 Years, Bachelor of Technology) 	AI 	OPEN 	Female-only (including Supernumerary) 	376 	498
Indian Institute of Technology Delhi	Computer Science and Engineering (5 Years, Bachelor and Master of Technology (Dual Degree)) 	AI 	OPEN 	Gender-Neutral 	134 	186
Indian Institute of Technology Delhi	Computer Science and Engineering (5 Years, Bachelor and Master of Technology (Dual Degree)) 	AI 	OPEN 	Female-only (including Supernumerary) 	560 	996
Indian Institute of Technology Delhi	Design (4 Years, Bachelor of Technology) 	AI 	OPEN 	Gender-Neutral 	4206 	8509
Indian Institute of Technology Delhi	Design (4 Years, Bachelor of Technology) 	AI 	OPEN 	Female-only (including Supernumerary) 	16045 	17878
Indian Institute of Technology Delhi	Electrical Engineering (4 Years, Bachelor of Technology) 	AI 	OPEN 	Gender-Neutral 	365 	591
Indian Institute of Technology Delhi	Electrical Engineering (4 Years, Bachelor of Technology) 	AI 	OPEN 	Female-only (including Supernumerary) 	1617 	2627
Indian Institute of Technology Delhi	Electrical Engineering (Power and Automation) (4 Years, Bachelor of Technology) 	AI 	OPEN 	Gender-Neutral 	612 	806
Indian Institute of Technology Delhi	Electrical Engineering (Power and Automation) (4 Years, Bachelor of Technology) 	AI 	OPEN 	Female-only (including Supernumerary) 	2789 	2886
Indian Institute of Technology Delhi	Energy Engineering (4 Years, Bachelor of Technology) 	AI 	OPEN 	Gender-Neutral 	1868 	2622
Indian Institute of Technology Delhi	Energy Engineering (4 Years, Bachelor of Technology) 	AI 	OPEN 	Female-only (including Supernumerary) 	3645 	6136
Indian Institute of Technology Delhi	Engineering and Computational Mechanics (4 Years, Bachelor of Technology) 	AI 	OPEN 	Gender-Neutral 	858 	1103
Indian Institute of Technology Delhi	Engineering and Computational Mechanics (4 Years, Bachelor of Technology) 	AI 	OPEN 	Female-only (including Supernumerary) 	3041 	3918
Indian Institute of Technology Delhi	Engineering Physics (4 Years, Bachelor of Technology) 	AI 	OPEN 	Gender-Neutral 	1393 	2358
Indian Institute of Technology Delhi	Engineering Physics (4 Years, Bachelor of Technology) 	AI 	OPEN 	Female-only (including Supernumerary) 	4457 	6655
Indian Institute of Technology Delhi	Materials Engineering (4 Years, Bachelor of Technology) 	AI 	OPEN 	Gender-Neutral 	2499 	3470
Indian Institute of Technology Delhi	Materials Engineering (4 Years, Bachelor of Technology) 	AI 	OPEN 	Female-only (including Supernumerary) 	7895 	9060
Indian Institute of Technology Delhi	Mathematics and Computing (4 Years, Bachelor of Technology) 	AI 	OPEN 	Gender-Neutral 	154 	316
Indian Institute of Technology Delhi	Mathematics and Computing (4 Years, Bachelor of Technology) 	AI 	OPEN 	Female-only (including Supernumerary) 	743 	1234
Indian Institute of Technology Delhi	Mathematics and Computing (5 Years, Bachelor and Master of Technology (Dual Degree)) 	AI 	OPEN 	Gender-Neutral 	319 	353
Indian Institute of Technology Delhi	Mathematics and Computing (5 Years, Bachelor and Master of Technology (Dual Degree)) 	AI 	OPEN 	Female-only (including Supernumerary) 	1447 	2258
Indian Institute of Technology Delhi	Mechanical Engineering (4 Years, Bachelor of Technology) 	AI 	OPEN 	Gender-Neutral 	1156 	1862
Indian Institute of Technology Delhi	Mechanical Engineering (4 Years, Bachelor of Technology) 	AI 	OPEN 	Female-only (including Supernumerary) 	4074 	5178
Indian Institute of Technology Delhi	Production and Industrial Engineering (4 Years, Bachelor of Technology) 	AI 	OPEN 	Gender-Neutral 	1988 	3027
Indian Institute of Technology Delhi	Production and Industrial Engineering (4 Years, Bachelor of Technology) 	AI 	OPEN 	Female-only (including Supernumerary) 	6315 	7302
Indian Institute of Technology Delhi	Textile Technology (4 Years, Bachelor of Technology) 	AI 	OPEN 	Gender-Neutral 	4999 	5608
Indian Institute of Technology Delhi	Textile Technology (4 Years, Bachelor of Technology) 	AI 	OPEN 	Female-only (including Supernumerary) 	9841 	10923
Indian Institute of Technology Indore	Chemical Engineering (4 Years, Bachelor of Technology) 	AI 	OPEN 	Gender-Neutral 	5414 	7508
Indian Institute of Technology Indore	Chemical Engineering (4 Years, Bachelor of Technology) 	AI 	OPEN 	Female-only (including Supernumerary) 	12689 	15214
Indian Institute of Technology Indore	Civil Engineering (4 Years, Bachelor of Technology) 	AI 	OPEN 	Gender-Neutral 	8139 	9821
Indian Institute of Technology Indore	Civil Engineering (4 Years, Bachelor of Technology) 	AI 	OPEN 	Female-only (including Supernumerary) 	15341 	16727
Indian Institute of Technology Indore	Computer Science and Engineering (4 Years, Bachelor of Technology) 	AI 	OPEN 	Gender-Neutral 	952 	1628
Indian Institute of Technology Indore	Computer Science and Engineering (4 Years, Bachelor of Technology) 	AI 	OPEN 	Female-only (including Supernumerary) 	2695 	3922
Indian Institute of Technology Indore	Electrical Engineering (4 Years, Bachelor of Technology) 	AI 	OPEN 	Gender-Neutral 	2390 	3673
Indian Institute of Technology Indore	Electrical Engineering (4 Years, Bachelor of Technology) 	AI 	OPEN 	Female-only (including Supernumerary) 	6224 	7489
Indian Institute of Technology Indore	Engineering Physics (4 Years, Bachelor of Technology) 	AI 	OPEN 	Gender-Neutral 	5236 	6736
Indian Institute of Technology Indore	Engineering Physics (4 Years, Bachelor of Technology) 	AI 	OPEN 	Female-only (including Supernumerary) 	14114 	16482
Indian Institute of Technology Indore	Mathematics and Computing (4 Years, Bachelor of Technology) 	AI 	OPEN 	Gender-Neutral 	1678 	2008
Indian Institute of Technology Indore	Mathematics and Computing (4 Years, Bachelor of Technology) 	AI 	OPEN 	Female-only (including Supernumerary) 	4271 	5553
Indian Institute of Technology Indore	Mechanical Engineering (4 Years, Bachelor of Technology) 	AI 	OPEN 	Gender-Neutral 	4506 	6741
Indian Institute of Technology Indore	Mechanical Engineering (4 Years, Bachelor of Technology) 	AI 	OPEN 	Female-only (including Supernumerary) 	12528 	15160
Indian Institute of Technology Indore	Metallurgical Engineering and Materials Science (4 Years, Bachelor of Technology) 	AI 	OPEN 	Gender-Neutral 	8439 	10500
Indian Institute of Technology Indore	Metallurgical Engineering and Materials Science (4 Years, Bachelor of Technology) 	AI 	OPEN 	Female-only (including Supernumerary) 	17303 	19295
Indian Institute of Technology Indore	Space Science and Engineering (4 Years, Bachelor of Technology) 	AI 	OPEN 	Gender-Neutral 	4860 	6548
Indian Institute of Technology Indore	Space Science and Engineering (4 Years, Bachelor of Technology) 	AI 	OPEN 	Female-only (including Supernumerary) 	10374 	12563
Indian Institute of Technology Kharagpur	Aerospace Engineering (4 Years, Bachelor of Technology) 	AI 	OPEN 	Gender-Neutral 	3740 	4487
Indian Institute of Technology Kharagpur	Aerospace Engineering (4 Years, Bachelor of Technology) 	AI 	OPEN 	Female-only (including Supernumerary) 	9899 	11367
Indian Institute of Technology Kharagpur	Agricultural and Food Engineering (4 Years, Bachelor of Technology) 	AI 	OPEN 	Gender-Neutral 	6545 	10340
Indian Institute of Technology Kharagpur	Agricultural and Food Engineering (4 Years, Bachelor of Technology) 	AI 	OPEN 	Female-only (including Supernumerary) 	16742 	18381
Indian Institute of Technology Kharagpur	Applied Geology (4 Years, Bachelor of Science) 	AI 	OPEN 	Gender-Neutral 	11734 	12343
Indian Institute of Technology Kharagpur	Applied Geology (4 Years, Bachelor of Science) 	AI 	OPEN 	Female-only (including Supernumerary) 	20024 	20949
Indian Institute of Technology Kharagpur	Architecture (5 Years, Bachelor of Architecture) 	AI 	OPEN 	Gender-Neutral 	9970 	17823
Indian Institute of Technology Kharagpur	Architecture (5 Years, Bachelor of Architecture) 	AI 	OPEN 	Female-only (including Supernumerary) 	19716 	22987
Indian Institute of Technology Kharagpur	Artificial Intelligence (4 Years, Bachelor of Technology) 	AI 	OPEN 	Gender-Neutral 	461 	839
Indian Institute of Technology Kharagpur	Artificial Intelligence (4 Years, Bachelor of Technology) 	AI 	OPEN 	Female-only (including Supernumerary) 	2612 	2901
Indian Institute of Technology Kharagpur	Biotechnology and Biochemical Engineering (4 Years, Bachelor of Technology) 	AI 	OPEN 	Gender-Neutral 	6774 	8021
Indian Institute of Technology Kharagpur	Biotechnology and Biochemical Engineering (4 Years, Bachelor of Technology) 	AI 	OPEN 	Female-only (including Supernumerary) 	7274 	12574
Indian Institute of Technology Kharagpur	Chemical Engineering (4 Years, Bachelor of Technology) 	AI 	OPEN 	Gender-Neutral 	3742 	4818
Indian Institute of Technology Kharagpur	Chemical Engineering (4 Years, Bachelor of Technology) 	AI 	OPEN 	Female-only (including Supernumerary) 	7574 	11140
Indian Institute of Technology Kharagpur	Chemistry (4 Years, Bachelor of Science) 	AI 	OPEN 	Gender-Neutral 	9953 	11713
Indian Institute of Technology Kharagpur	Chemistry (4 Years, Bachelor of Science) 	AI 	OPEN 	Female-only (including Supernumerary) 	20022 	20264
Indian Institute of Technology Kharagpur	Civil Engineering (4 Years, Bachelor of Technology) 	AI 	OPEN 	Gender-Neutral 	5615 	7079
Indian Institute of Technology Kharagpur	Civil Engineering (4 Years, Bachelor of Technology) 	AI 	OPEN 	Female-only (including Supernumerary) 	13556 	15037
Indian Institute of Technology Kharagpur	Computer Science and Engineering (4 Years, Bachelor of Technology) 	AI 	OPEN 	Gender-Neutral 	238 	450
Indian Institute of Technology Kharagpur	Computer Science and Engineering (4 Years, Bachelor of Technology) 	AI 	OPEN 	Female-only (including Supernumerary) 	1202 	1908
Indian Institute of Technology Kharagpur	Economics (4 Years, Bachelor of Science) 	AI 	OPEN 	Gender-Neutral 	3681 	5782
Indian Institute of Technology Kharagpur	Economics (4 Years, Bachelor of Science) 	AI 	OPEN 	Female-only (including Supernumerary) 	10113 	12733
Indian Institute of Technology Kharagpur	Electrical Engineering (4 Years, Bachelor of Technology) 	AI 	OPEN 	Gender-Neutral 	1441 	1885
Indian Institute of Technology Kharagpur	Electrical Engineering (4 Years, Bachelor of Technology) 	AI 	OPEN 	Female-only (including Supernumerary) 	4721 	5388
Indian Institute of Technology Kharagpur	Electronics and Electrical Communication Engineering (4 Years, Bachelor of Technology) 	AI 	OPEN 	Gender-Neutral 	419 	1426
Indian Institute of Technology Kharagpur	Electronics and Electrical Communication Engineering (4 Years, Bachelor of Technology) 	AI 	OPEN 	Female-only (including Supernumerary) 	3229 	4665
Indian Institute of Technology Kharagpur	Exploration Geophysics (4 Years, Bachelor of Science) 	AI 	OPEN 	Gender-Neutral 	10417 	11850
Indian Institute of Technology Kharagpur	Exploration Geophysics (4 Years, Bachelor of Science) 	AI 	OPEN 	Female-only (including Supernumerary) 	19766 	20249
Indian Institute of Technology Kharagpur	Industrial and Systems Engineering (4 Years, Bachelor of Technology) 	AI 	OPEN 	Gender-Neutral 	2873 	4113
Indian Institute of Technology Kharagpur	Industrial and Systems Engineering (4 Years, Bachelor of Technology) 	AI 	OPEN 	Female-only (including Supernumerary) 	9189 	10161
Indian Institute of Technology Kharagpur	Instrumentation Engineering (4 Years, Bachelor of Technology) 	AI 	OPEN 	Gender-Neutral 	2077 	2561
Indian Institute of Technology Kharagpur	Instrumentation Engineering (4 Years, Bachelor of Technology) 	AI 	OPEN 	Female-only (including Supernumerary) 	5892 	6124
Indian Institute of Technology Kharagpur	Manufacturing Science and Engineering (4 Years, Bachelor of Technology) 	AI 	OPEN 	Gender-Neutral 	5124 	6063
Indian Institute of Technology Kharagpur	Manufacturing Science and Engineering (4 Years, Bachelor of Technology) 	AI 	OPEN 	Female-only (including Supernumerary) 	12718 	13721
Indian Institute of Technology Kharagpur	Mathematics and Computing (4 Years, Bachelor of Science) 	AI 	OPEN 	Gender-Neutral 	519 	1320
Indian Institute of Technology Kharagpur	Mathematics and Computing (4 Years, Bachelor of Science) 	AI 	OPEN 	Female-only (including Supernumerary) 	3007 	4275
Indian Institute of Technology Kharagpur	Mechanical Engineering (4 Years, Bachelor of Technology) 	AI 	OPEN 	Gender-Neutral 	2483 	3599
Indian Institute of Technology Kharagpur	Mechanical Engineering (4 Years, Bachelor of Technology) 	AI 	OPEN 	Female-only (including Supernumerary) 	6997 	9386
Indian Institute of Technology Kharagpur	Metallurgical and Materials Engineering (4 Years, Bachelor of Technology) 	AI 	OPEN 	Gender-Neutral 	5212 	7031
Indian Institute of Technology Kharagpur	Metallurgical and Materials Engineering (4 Years, Bachelor of Technology) 	AI 	OPEN 	Female-only (including Supernumerary) 	13680 	15081
Indian Institute of Technology Kharagpur	Mining Engineering (4 Years, Bachelor of Technology) 	AI 	OPEN 	Gender-Neutral 	7342 	9669
Indian Institute of Technology Kharagpur	Mining Engineering (4 Years, Bachelor of Technology) 	AI 	OPEN 	Female-only (including Supernumerary) 	16444 	19321
Indian Institute of Technology Kharagpur	Ocean Engineering and Naval Architecture (4 Years, Bachelor of Technology) 	AI 	OPEN 	Gender-Neutral 	7019 	8727
Indian Institute of Technology Kharagpur	Ocean Engineering and Naval Architecture (4 Years, Bachelor of Technology) 	AI 	OPEN 	Female-only (including Supernumerary) 	15727 	16885
Indian Institute of Technology Kharagpur	Physics (4 Years, Bachelor of Science) 	AI 	OPEN 	Gender-Neutral 	5691 	8625
Indian Institute of Technology Kharagpur	Physics (4 Years, Bachelor of Science) 	AI 	OPEN 	Female-only (including Supernumerary) 	17428 	19650
Indian Institute of Technology Hyderabad	Artificial Intelligence (4 Years, Bachelor of Technology) 	AI 	OPEN 	Gender-Neutral 	690 	823
Indian Institute of Technology Hyderabad	Artificial Intelligence (4 Years, Bachelor of Technology) 	AI 	OPEN 	Female-only (including Supernumerary) 	2160 	2515
Indian Institute of Technology Hyderabad	Biomedical Engineering (4 Years, Bachelor of Technology) 	AI 	OPEN 	Gender-Neutral 	4950 	7569
Indian Institute of Technology Hyderabad	Biomedical Engineering (4 Years, Bachelor of Technology) 	AI 	OPEN 	Female-only (including Supernumerary) 	13324 	15443
Indian Institute of Technology Hyderabad	Biotechnology and Bioinformatics (4 Years, Bachelor of Technology) 	AI 	OPEN 	Gender-Neutral 	5421 	8299
Indian Institute of Technology Hyderabad	Biotechnology and Bioinformatics (4 Years, Bachelor of Technology) 	AI 	OPEN 	Female-only (including Supernumerary) 	10333 	10909
Indian Institute of Technology Hyderabad	Chemical Engineering (4 Years, Bachelor of Technology) 	AI 	OPEN 	Gender-Neutral 	4432 	5379
Indian Institute of Technology Hyderabad	Chemical Engineering (4 Years, Bachelor of Technology) 	AI 	OPEN 	Female-only (including Supernumerary) 	10003 	11173
Indian Institute of Technology Hyderabad	Civil Engineering (4 Years, Bachelor of Technology) 	AI 	OPEN 	Gender-Neutral 	5850 	7945
Indian Institute of Technology Hyderabad	Civil Engineering (4 Years, Bachelor of Technology) 	AI 	OPEN 	Female-only (including Supernumerary) 	11158 	15007
Indian Institute of Technology Hyderabad	Computational Engineering (4 Years, Bachelor of Technology) 	AI 	OPEN 	Gender-Neutral 	1368 	1675
Indian Institute of Technology Hyderabad	Computational Engineering (4 Years, Bachelor of Technology) 	AI 	OPEN 	Female-only (including Supernumerary) 	4136 	4712
Indian Institute of Technology Hyderabad	Computer Science and Engineering (4 Years, Bachelor of Technology) 	AI 	OPEN 	Gender-Neutral 	339 	667
Indian Institute of Technology Hyderabad	Computer Science and Engineering (4 Years, Bachelor of Technology) 	AI 	OPEN 	Female-only (including Supernumerary) 	1294 	2121
Indian Institute of Technology Hyderabad	Electrical Engineering (4 Years, Bachelor of Technology) 	AI 	OPEN 	Gender-Neutral 	848 	1781
Indian Institute of Technology Hyderabad	Electrical Engineering (4 Years, Bachelor of Technology) 	AI 	OPEN 	Female-only (including Supernumerary) 	3584 	4249
Indian Institute of Technology Hyderabad	Electrical Engineering (IC Design and Technology) (4 Years, Bachelor of Technology) 	AI 	OPEN 	Gender-Neutral 	1644 	1811
Indian Institute of Technology Hyderabad	Electrical Engineering (IC Design and Technology) (4 Years, Bachelor of Technology) 	AI 	OPEN 	Female-only (including Supernumerary) 	3274 	3778
Indian Institute of Technology Hyderabad	Engineering Physics (4 Years, Bachelor of Technology) 	AI 	OPEN 	Gender-Neutral 	3332 	4294
Indian Institute of Technology Hyderabad	Engineering Physics (4 Years, Bachelor of Technology) 	AI 	OPEN 	Female-only (including Supernumerary) 	7216 	9760
Indian Institute of Technology Hyderabad	Engineering Science (4 Years, Bachelor of Technology) 	AI 	OPEN 	Gender-Neutral 	2225 	3257
Indian Institute of Technology Hyderabad	Engineering Science (4 Years, Bachelor of Technology) 	AI 	OPEN 	Female-only (including Supernumerary) 	4455 	5901
Indian Institute of Technology Hyderabad	Industrial Chemistry (4 Years, Bachelor of Technology) 	AI 	OPEN 	Gender-Neutral 	7471 	8491
Indian Institute of Technology Hyderabad	Industrial Chemistry (4 Years, Bachelor of Technology) 	AI 	OPEN 	Female-only (including Supernumerary) 	15504 	15962
Indian Institute of Technology Hyderabad	Materials Science and Metallurgical Engineering (4 Years, Bachelor of Technology) 	AI 	OPEN 	Gender-Neutral 	5789 	7438
Indian Institute of Technology Hyderabad	Materials Science and Metallurgical Engineering (4 Years, Bachelor of Technology) 	AI 	OPEN 	Female-only (including Supernumerary) 	10359 	15258
Indian Institute of Technology Hyderabad	Mathematics and Computing (4 Years, Bachelor of Technology) 	AI 	OPEN 	Gender-Neutral 	736 	879
Indian Institute of Technology Hyderabad	Mathematics and Computing (4 Years, Bachelor of Technology) 	AI 	OPEN 	Female-only (including Supernumerary) 	2700 	2758
Indian Institute of Technology Hyderabad	Mechanical Engineering (4 Years, Bachelor of Technology) 	AI 	OPEN 	Gender-Neutral 	2108 	4218
Indian Institute of Technology Hyderabad	Mechanical Engineering (4 Years, Bachelor of Technology) 	AI 	OPEN 	Female-only (including Supernumerary) 	6682 	8962
Indian Institute of Technology Jodhpur	Artificial Intelligence and Data Science (4 Years, Bachelor of Technology) 	AI 	OPEN 	Gender-Neutral 	2957 	3910
Indian Institute of Technology Jodhpur	Artificial Intelligence and Data Science (4 Years, Bachelor of Technology) 	AI 	OPEN 	Female-only (including Supernumerary) 	7071 	8042
Indian Institute of Technology Jodhpur	Bio Engineering (4 Years, Bachelor of Technology) 	AI 	OPEN 	Gender-Neutral 	12402 	13596
Indian Institute of Technology Jodhpur	Bio Engineering (4 Years, Bachelor of Technology) 	AI 	OPEN 	Female-only (including Supernumerary) 	16749 	21722
Indian Institute of Technology Jodhpur	Chemical Engineering (4 Years, Bachelor of Technology) 	AI 	OPEN 	Gender-Neutral 	8543 	10271
Indian Institute of Technology Jodhpur	Chemical Engineering (4 Years, Bachelor of Technology) 	AI 	OPEN 	Female-only (including Supernumerary) 	17872 	18153
Indian Institute of Technology Jodhpur	Chemistry with Specialization (4 Years, Bachelor of Science) 	AI 	OPEN 	Gender-Neutral 	11980 	15146
Indian Institute of Technology Jodhpur	Chemistry with Specialization (4 Years, Bachelor of Science) 	AI 	OPEN 	Female-only (including Supernumerary) 	23902 	24802
Indian Institute of Technology Jodhpur	Civil and Infrastructure Engineering (4 Years, Bachelor of Technology) 	AI 	OPEN 	Gender-Neutral 	7683 	12239
Indian Institute of Technology Jodhpur	Civil and Infrastructure Engineering (4 Years, Bachelor of Technology) 	AI 	OPEN 	Female-only (including Supernumerary) 	18920 	21411
Indian Institute of Technology Jodhpur	Computer Science and Engineering (4 Years, Bachelor of Technology) 	AI 	OPEN 	Gender-Neutral 	2035 	2844
Indian Institute of Technology Jodhpur	Computer Science and Engineering (4 Years, Bachelor of Technology) 	AI 	OPEN 	Female-only (including Supernumerary) 	4979 	7026
Indian Institute of Technology Jodhpur	Electrical Engineering (4 Years, Bachelor of Technology) 	AI 	OPEN 	Gender-Neutral 	5241 	6166
Indian Institute of Technology Jodhpur	Electrical Engineering (4 Years, Bachelor of Technology) 	AI 	OPEN 	Female-only (including Supernumerary) 	9375 	14160
Indian Institute of Technology Jodhpur	Electronics Engineering (4 Years, Bachelor of Technology) 	AI 	OPEN 	Gender-Neutral 	4150 	5627
Indian Institute of Technology Jodhpur	Electronics Engineering (4 Years, Bachelor of Technology) 	AI 	OPEN 	Female-only (including Supernumerary) 	10250 	13073
Indian Institute of Technology Jodhpur	Materials Engineering (4 Years, Bachelor of Technology) 	AI 	OPEN 	Gender-Neutral 	10674 	12277
Indian Institute of Technology Jodhpur	Materials Engineering (4 Years, Bachelor of Technology) 	AI 	OPEN 	Female-only (including Supernumerary) 	19655 	22400
Indian Institute of Technology Jodhpur	Mechanical Engineering (4 Years, Bachelor of Technology) 	AI 	OPEN 	Gender-Neutral 	7058 	8980
Indian Institute of Technology Jodhpur	Mechanical Engineering (4 Years, Bachelor of Technology) 	AI 	OPEN 	Female-only (including Supernumerary) 	16098 	17858
Indian Institute of Technology Jodhpur	Physics with Specialization (4 Years, Bachelor of Science) 	AI 	OPEN 	Gender-Neutral 	10693 	13108
Indian Institute of Technology Jodhpur	Physics with Specialization (4 Years, Bachelor of Science) 	AI 	OPEN 	Female-only (including Supernumerary) 	21119 	23642
Indian Institute of Technology Kanpur	Aerospace Engineering (4 Years, Bachelor of Technology) 	AI 	OPEN 	Gender-Neutral 	1973 	3550
Indian Institute of Technology Kanpur	Aerospace Engineering (4 Years, Bachelor of Technology) 	AI 	OPEN 	Female-only (including Supernumerary) 	6160 	8869
Indian Institute of Technology Kanpur	Biological Sciences and Bioengineering (4 Years, Bachelor of Technology) 	AI 	OPEN 	Gender-Neutral 	3559 	6614
Indian Institute of Technology Kanpur	Biological Sciences and Bioengineering (4 Years, Bachelor of Technology) 	AI 	OPEN 	Female-only (including Supernumerary) 	10629 	12351
Indian Institute of Technology Kanpur	Chemical Engineering (4 Years, Bachelor of Technology) 	AI 	OPEN 	Gender-Neutral 	2464 	3942
Indian Institute of Technology Kanpur	Chemical Engineering (4 Years, Bachelor of Technology) 	AI 	OPEN 	Female-only (including Supernumerary) 	7346 	8548
Indian Institute of Technology Kanpur	Chemistry (4 Years, Bachelor of Science) 	AI 	OPEN 	Gender-Neutral 	7986 	9662
Indian Institute of Technology Kanpur	Chemistry (4 Years, Bachelor of Science) 	AI 	OPEN 	Female-only (including Supernumerary) 	11132 	17593
Indian Institute of Technology Kanpur	Civil Engineering (4 Years, Bachelor of Technology) 	AI 	OPEN 	Gender-Neutral 	4280 	5790
Indian Institute of Technology Kanpur	Civil Engineering (4 Years, Bachelor of Technology) 	AI 	OPEN 	Female-only (including Supernumerary) 	9442 	13278
Indian Institute of Technology Kanpur	Computer Science and Engineering (4 Years, Bachelor of Technology) 	AI 	OPEN 	Gender-Neutral 	147 	270
Indian Institute of Technology Kanpur	Computer Science and Engineering (4 Years, Bachelor of Technology) 	AI 	OPEN 	Female-only (including Supernumerary) 	507 	1109
Indian Institute of Technology Kanpur	Earth Sciences (4 Years, Bachelor of Science) 	AI 	OPEN 	Gender-Neutral 	6841 	9594
Indian Institute of Technology Kanpur	Earth Sciences (4 Years, Bachelor of Science) 	AI 	OPEN 	Female-only (including Supernumerary) 	17768 	19247
Indian Institute of Technology Kanpur	Economics (4 Years, Bachelor of Science) 	AI 	OPEN 	Gender-Neutral 	2625 	3140
Indian Institute of Technology Kanpur	Economics (4 Years, Bachelor of Science) 	AI 	OPEN 	Female-only (including Supernumerary) 	3719 	5452
Indian Institute of Technology Kanpur	Electrical Engineering (4 Years, Bachelor of Technology) 	AI 	OPEN 	Gender-Neutral 	751 	1112
Indian Institute of Technology Kanpur	Electrical Engineering (4 Years, Bachelor of Technology) 	AI 	OPEN 	Female-only (including Supernumerary) 	2222 	4142
Indian Institute of Technology Kanpur	Materials Science and Engineering (4 Years, Bachelor of Technology) 	AI 	OPEN 	Gender-Neutral 	4862 	5926
Indian Institute of Technology Kanpur	Materials Science and Engineering (4 Years, Bachelor of Technology) 	AI 	OPEN 	Female-only (including Supernumerary) 	9394 	13361
Indian Institute of Technology Kanpur	Mathematics and Scientific Computing (4 Years, Bachelor of Science) 	AI 	OPEN 	Gender-Neutral 	593 	1023
Indian Institute of Technology Kanpur	Mathematics and Scientific Computing (4 Years, Bachelor of Science) 	AI 	OPEN 	Female-only (including Supernumerary) 	3219 	4094
Indian Institute of Technology Kanpur	Mechanical Engineering (4 Years, Bachelor of Technology) 	AI 	OPEN 	Gender-Neutral 	1589 	2635
Indian Institute of Technology Kanpur	Mechanical Engineering (4 Years, Bachelor of Technology) 	AI 	OPEN 	Female-only (including Supernumerary) 	5199 	6951
Indian Institute of Technology Kanpur	Physics (4 Years, Bachelor of Science) 	AI 	OPEN 	Gender-Neutral 	2506 	5069
Indian Institute of Technology Kanpur	Physics (4 Years, Bachelor of Science) 	AI 	OPEN 	Female-only (including Supernumerary) 	15543 	17413
Indian Institute of Technology Kanpur	Statistics and Data Science (4 Years, Bachelor of Science) 	AI 	OPEN 	Gender-Neutral 	878 	1121
Indian Institute of Technology Kanpur	Statistics and Data Science (4 Years, Bachelor of Science) 	AI 	OPEN 	Female-only (including Supernumerary) 	2677 	3966
Indian Institute of Technology Madras	Aerospace Engineering (4 Years, Bachelor of Technology) 	AI 	OPEN 	Gender-Neutral 	662 	2749
Indian Institute of Technology Madras	Aerospace Engineering (4 Years, Bachelor of Technology) 	AI 	OPEN 	Female-only (including Supernumerary) 	4535 	5512
Indian Institute of Technology Madras	Aerospace Engineering (5 Years, Bachelor and Master of Technology (Dual Degree)) 	AI 	OPEN 	Gender-Neutral 	2304 	2808
Indian Institute of Technology Madras	Aerospace Engineering (5 Years, Bachelor and Master of Technology (Dual Degree)) 	AI 	OPEN 	Female-only (including Supernumerary) 	16 	16
Indian Institute of Technology Madras	Artificial Intelligence and Data Analytics (4 Years, Bachelor of Technology) 	AI 	OPEN 	Gender-Neutral 	102 	292
Indian Institute of Technology Madras	Artificial Intelligence and Data Analytics (4 Years, Bachelor of Technology) 	AI 	OPEN 	Female-only (including Supernumerary) 	778 	1140
Indian Institute of Technology Madras	Biological Engineering (4 Years, Bachelor of Technology) 	AI 	OPEN 	Gender-Neutral 	2247 	4645
Indian Institute of Technology Madras	Biological Engineering (4 Years, Bachelor of Technology) 	AI 	OPEN 	Female-only (including Supernumerary) 	7509 	8703
Indian Institute of Technology Madras	Biological Science (4 Years, Bachelor of Science) 	AI 	OPEN 	Gender-Neutral 	3268 	9555
Indian Institute of Technology Madras	Biological Science (4 Years, Bachelor of Science) 	AI 	OPEN 	Female-only (including Supernumerary) 	8718 	15596
Indian Institute of Technology Madras	Chemical Engineering (4 Years, Bachelor of Technology) 	AI 	OPEN 	Gender-Neutral 	1922 	3804
Indian Institute of Technology Madras	Chemical Engineering (4 Years, Bachelor of Technology) 	AI 	OPEN 	Female-only (including Supernumerary) 	3252 	7546
Indian Institute of Technology Madras	Civil Engineering (4 Years, Bachelor of Technology) 	AI 	OPEN 	Gender-Neutral 	4234 	5629
Indian Institute of Technology Madras	Civil Engineering (4 Years, Bachelor of Technology) 	AI 	OPEN 	Female-only (including Supernumerary) 	8877 	11888
Indian Institute of Technology Madras	Computational Engineering and Mechanics (4 Years, Bachelor of Technology) 	AI 	OPEN 	Gender-Neutral 	597 	1226
Indian Institute of Technology Madras	Computational Engineering and Mechanics (4 Years, Bachelor of Technology) 	AI 	OPEN 	Female-only (including Supernumerary) 	3825 	4402
Indian Institute of Technology Madras	Computer Science and Engineering (4 Years, Bachelor of Technology) 	AI 	OPEN 	Gender-Neutral 	79 	171
Indian Institute of Technology Madras	Computer Science and Engineering (4 Years, Bachelor of Technology) 	AI 	OPEN 	Female-only (including Supernumerary) 	369 	805
Indian Institute of Technology Madras	Electrical Engineering (4 Years, Bachelor of Technology) 	AI 	OPEN 	Gender-Neutral 	205 	741
Indian Institute of Technology Madras	Electrical Engineering (4 Years, Bachelor of Technology) 	AI 	OPEN 	Female-only (including Supernumerary) 	958 	2833
Indian Institute of Technology Madras	Engineering Design (5 Years, Bachelor and Master of Technology (Dual Degree)) 	AI 	OPEN 	Gender-Neutral 	816 	3076
Indian Institute of Technology Madras	Engineering Design (5 Years, Bachelor and Master of Technology (Dual Degree)) 	AI 	OPEN 	Female-only (including Supernumerary) 	4903 	7751
Indian Institute of Technology Madras	Engineering Physics (4 Years, Bachelor of Technology) 	AI 	OPEN 	Gender-Neutral 	872 	1428
Indian Institute of Technology Madras	Engineering Physics (4 Years, Bachelor of Technology) 	AI 	OPEN 	Female-only (including Supernumerary) 	2907 	4367
Indian Institute of Technology Madras	Instrumentation and Biomedical Engineering (4 Years, Bachelor of Technology) 	AI 	OPEN 	Gender-Neutral 	1844 	4103
Indian Institute of Technology Madras	Instrumentation and Biomedical Engineering (4 Years, Bachelor of Technology) 	AI 	OPEN 	Female-only (including Supernumerary) 	5888 	7756
Indian Institute of Technology Madras	Mechanical Engineering (4 Years, Bachelor of Technology) 	AI 	OPEN 	Gender-Neutral 	762 	2354
Indian Institute of Technology Madras	Mechanical Engineering (4 Years, Bachelor of Technology) 	AI 	OPEN 	Female-only (including Supernumerary) 	4788 	6036
Indian Institute of Technology Madras	Metallurgical and Materials Engineering (4 Years, Bachelor of Technology) 	AI 	OPEN 	Gender-Neutral 	3355 	5029
Indian Institute of Technology Madras	Metallurgical and Materials Engineering (4 Years, Bachelor of Technology) 	AI 	OPEN 	Female-only (including Supernumerary) 	8743 	9924
Indian Institute of Technology Madras	Naval Architecture and Ocean Engineering (4 Years, Bachelor of Technology) 	AI 	OPEN 	Gender-Neutral 	4908 	6926
Indian Institute of Technology Madras	Naval Architecture and Ocean Engineering (4 Years, Bachelor of Technology) 	AI 	OPEN 	Female-only (including Supernumerary) 	12655 	14878
Indian Institute of Technology Madras	Physics (4 Years, Bachelor of Science) 	AI 	OPEN 	Gender-Neutral 	1484 	2556
Indian Institute of Technology Madras	Physics (4 Years, Bachelor of Science) 	AI 	OPEN 	Female-only (including Supernumerary) 	7896 	14665
Indian Institute of Technology Gandhinagar	Artificial Intelligence (4 Years, Bachelor of Technology) 	AI 	OPEN 	Gender-Neutral 	1771 	2159
Indian Institute of Technology Gandhinagar	Artificial Intelligence (4 Years, Bachelor of Technology) 	AI 	OPEN 	Female-only (including Supernumerary) 	4811 	5140
Indian Institute of Technology Gandhinagar	Chemical Engineering (4 Years, Bachelor of Technology) 	AI 	OPEN 	Gender-Neutral 	6377 	7744
Indian Institute of Technology Gandhinagar	Chemical Engineering (4 Years, Bachelor of Technology) 	AI 	OPEN 	Female-only (including Supernumerary) 	13566 	14377
Indian Institute of Technology Gandhinagar	Civil Engineering (4 Years, Bachelor of Technology) 	AI 	OPEN 	Gender-Neutral 	8115 	9864
Indian Institute of Technology Gandhinagar	Civil Engineering (4 Years, Bachelor of Technology) 	AI 	OPEN 	Female-only (including Supernumerary) 	15658 	17377
Indian Institute of Technology Gandhinagar	Computer Science and Engineering (4 Years, Bachelor of Technology) 	AI 	OPEN 	Gender-Neutral 	905 	1872
Indian Institute of Technology Gandhinagar	Computer Science and Engineering (4 Years, Bachelor of Technology) 	AI 	OPEN 	Female-only (including Supernumerary) 	3718 	4556
Indian Institute of Technology Gandhinagar	Electrical Engineering (4 Years, Bachelor of Technology) 	AI 	OPEN 	Gender-Neutral 	2282 	3826
Indian Institute of Technology Gandhinagar	Electrical Engineering (4 Years, Bachelor of Technology) 	AI 	OPEN 	Female-only (including Supernumerary) 	7968 	9096
Indian Institute of Technology Gandhinagar	Integrated Circuit Design & Technology (4 Years, Bachelor of Technology) 	AI 	OPEN 	Gender-Neutral 	2295 	4331
Indian Institute of Technology Gandhinagar	Integrated Circuit Design & Technology (4 Years, Bachelor of Technology) 	AI 	OPEN 	Female-only (including Supernumerary) 	6639 	6999
Indian Institute of Technology Gandhinagar	Materials Engineering (4 Years, Bachelor of Technology) 	AI 	OPEN 	Gender-Neutral 	7239 	10372
Indian Institute of Technology Gandhinagar	Materials Engineering (4 Years, Bachelor of Technology) 	AI 	OPEN 	Female-only (including Supernumerary) 	16100 	17772
Indian Institute of Technology Gandhinagar	Mechanical Engineering (4 Years, Bachelor of Technology) 	AI 	OPEN 	Gender-Neutral 	4409 	6359
Indian Institute of Technology Gandhinagar	Mechanical Engineering (4 Years, Bachelor of Technology) 	AI 	OPEN 	Female-only (including Supernumerary) 	12719 	13774
Indian Institute of Technology Patna	Artificial Intelligence and Data Science (4 Years, Bachelor of Technology) 	AI 	OPEN 	Gender-Neutral 	3312 	4038
Indian Institute of Technology Patna	Artificial Intelligence and Data Science (4 Years, Bachelor of Technology) 	AI 	OPEN 	Female-only (including Supernumerary) 	8670 	9237
Indian Institute of Technology Patna	B. Tech in CE. - M. Tech. in Geotechnical Engineering (5 Years, B.Tech. + M.Tech./MS (Dual Degree)) 	AI 	OPEN 	Gender-Neutral 	14036 	14424
Indian Institute of Technology Patna	B. Tech in CE. - M. Tech. in Geotechnical Engineering (5 Years, B.Tech. + M.Tech./MS (Dual Degree)) 	AI 	OPEN 	Female-only (including Supernumerary) 	22945 	22945
Indian Institute of Technology Patna	B. Tech in CE. - M. Tech. in Structural Engineering (5 Years, B.Tech. + M.Tech./MS (Dual Degree)) 	AI 	OPEN 	Gender-Neutral 	11476 	13394
Indian Institute of Technology Patna	B. Tech in CE. - M. Tech. in Structural Engineering (5 Years, B.Tech. + M.Tech./MS (Dual Degree)) 	AI 	OPEN 	Female-only (including Supernumerary) 	22524 	22524
Indian Institute of Technology Patna	B. Tech. (CSE) and M.Tech in CSE (5 Years, B.Tech. + M.Tech./MS (Dual Degree)) 	AI 	OPEN 	Gender-Neutral 	3514 	4049
Indian Institute of Technology Patna	B. Tech. (CSE) and M.Tech in CSE (5 Years, B.Tech. + M.Tech./MS (Dual Degree)) 	AI 	OPEN 	Female-only (including Supernumerary) 	10148 	10148
Indian Institute of Technology Patna	B. Tech. (ECE) -M. Tech. in VLSI (5 Years, B.Tech. + M.Tech./MS (Dual Degree)) 	AI 	OPEN 	Gender-Neutral 	5930 	6221
Indian Institute of Technology Patna	B. Tech. (ECE) -M. Tech. in VLSI (5 Years, B.Tech. + M.Tech./MS (Dual Degree)) 	AI 	OPEN 	Female-only (including Supernumerary) 	13773 	13773
Indian Institute of Technology Patna	B. Tech. (EEE)-M. Tech. in (Power &. Control) (5 Years, B.Tech. + M.Tech./MS (Dual Degree)) 	AI 	OPEN 	Gender-Neutral 	7398 	7590
Indian Institute of Technology Patna	B. Tech. (EEE)-M. Tech. in (Power &. Control) (5 Years, B.Tech. + M.Tech./MS (Dual Degree)) 	AI 	OPEN 	Female-only (including Supernumerary) 	16171 	16171
Indian Institute of Technology Patna	B. Tech. (Mathematics & Computing) M. Tech. in (Mathematics & Computing) (5 Years, B.Tech. + M.Tech./MS (Dual Degree)) 	AI 	OPEN 	Gender-Neutral 	4360 	4560
Indian Institute of Technology Patna	B. Tech. (Mathematics & Computing) M. Tech. in (Mathematics & Computing) (5 Years, B.Tech. + M.Tech./MS (Dual Degree)) 	AI 	OPEN 	Female-only (including Supernumerary) 	10647 	10647
Indian Institute of Technology Patna	B. Tech. (ME) - M. Tech. in Mechatronics (5 Years, B.Tech. + M.Tech./MS (Dual Degree)) 	AI 	OPEN 	Gender-Neutral 	7496 	7854
Indian Institute of Technology Patna	B. Tech. (ME) - M. Tech. in Mechatronics (5 Years, B.Tech. + M.Tech./MS (Dual Degree)) 	AI 	OPEN 	Female-only (including Supernumerary) 	19865 	19865
Indian Institute of Technology Patna	B.Tech (Artificial Intelligence and Data Science) - MBA in Digital Business Management (IIM Bodh Gaya) (5 Years, Bachelor of Technology and MBA (Dual Degree)) 	AI 	OPEN 	Gender-Neutral 	4406 	4679
Indian Institute of Technology Patna	B.Tech (Chemical Engineering) - MBA in Hospital and Health Care Management (IIM Bodh Gaya) (5 Years, Bachelor of Technology and MBA (Dual Degree)) 	AI 	OPEN 	Gender-Neutral 	12669 	12721
Indian Institute of Technology Patna	B.Tech (Chemical Science and Technology) - MBA in Hospital and Health Care Management (IIM Bodh Gaya) (5 Years, Bachelor of Technology and MBA (Dual Degree)) 	AI 	OPEN 	Gender-Neutral 	13276 	13362
Indian Institute of Technology Patna	B.Tech (Chemical Science and Technology) - MBA in Hospital and Health Care Management (IIM Bodh Gaya) (5 Years, Bachelor of Technology and MBA (Dual Degree)) 	AI 	OPEN 	Female-only (including Supernumerary) 	22787 	22787
Indian Institute of Technology Patna	B.Tech (Civil Engineering) - MBA (IIM Bodh Gaya) (5 Years, Bachelor of Technology and MBA (Dual Degree)) 	AI 	OPEN 	Gender-Neutral 	13161 	13551
Indian Institute of Technology Patna	B.Tech (Computer Science and Engineering) - MBA in Digital Business Management (IIM Bodh Gaya) (5 Years, Bachelor of Technology and MBA (Dual Degree)) 	AI 	OPEN 	Gender-Neutral 	4297 	4297
Indian Institute of Technology Patna	B.Tech (Computer Science and Engineering) - MBA in Digital Business Management (IIM Bodh Gaya) (5 Years, Bachelor of Technology and MBA (Dual Degree)) 	AI 	OPEN 	Female-only (including Supernumerary) 	10748 	10748
Indian Institute of Technology Patna	B.Tech (Electrical and Electronics Engineering) - MBA (IIM Bodh Gaya) (5 Years, Bachelor of Technology and MBA (Dual Degree)) 	AI 	OPEN 	Gender-Neutral 	6111 	7718
Indian Institute of Technology Patna	B.Tech (Electrical and Electronics Engineering) - MBA (IIM Bodh Gaya) (5 Years, Bachelor of Technology and MBA (Dual Degree)) 	AI 	OPEN 	Female-only (including Supernumerary) 	16806 	16806
Indian Institute of Technology Patna	B.Tech (Electronics and Communication Engineering) - MBA in Hospital and Healthcare Management (IIM Bodh Gaya) (5 Years, Bachelor of Technology and MBA (Dual Degree)) 	AI 	OPEN 	Gender-Neutral 	7880 	7934
Indian Institute of Technology Patna	B.Tech (Electronics and Communication Engineering) - MBA in Hospital and Healthcare Management (IIM Bodh Gaya) (5 Years, Bachelor of Technology and MBA (Dual Degree)) 	AI 	OPEN 	Female-only (including Supernumerary) 	19533 	19533
Indian Institute of Technology Patna	B.Tech (Engineering Physics) - MBA (IIM Bodh Gaya) (5 Years, Bachelor of Technology and MBA (Dual Degree)) 	AI 	OPEN 	Gender-Neutral 	7473 	10431
Indian Institute of Technology Patna	B.Tech (Mathematics and Computing) - MBA in Digital Business Management (IIM Bodh Gaya) (5 Years, Bachelor of Technology and MBA (Dual Degree)) 	AI 	OPEN 	Gender-Neutral 	4990 	5020
Indian Institute of Technology Patna	B.Tech (Mechanical Engineering) - MBA (IIM Mumbai) (5 Years, Bachelor of Technology and MBA (Dual Degree)) 	AI 	OPEN 	Gender-Neutral 	6121 	9062
Indian Institute of Technology Patna	B.Tech (Mechanical Engineering) - MBA (IIM Mumbai) (5 Years, Bachelor of Technology and MBA (Dual Degree)) 	AI 	OPEN 	Female-only (including Supernumerary) 	16780 	17194
Indian Institute of Technology Patna	B.Tech (Metallurgical and Materials Engineering) - MBA (IIM Bodh Gaya) (5 Years, Bachelor of Technology and MBA (Dual Degree)) 	AI 	OPEN 	Gender-Neutral 	14337 	14382
Indian Institute of Technology Patna	B.Tech (Metallurgical and Materials Engineering) - MBA (IIM Bodh Gaya) (5 Years, Bachelor of Technology and MBA (Dual Degree)) 	AI 	OPEN 	Female-only (including Supernumerary) 	24011 	24011
Indian Institute of Technology Patna	B.Tech. in Electronics and Communication Engineering and M.Tech. in Communication Systems (5 Years, Bachelor and Master of Technology (Dual Degree)) 	AI 	OPEN 	Gender-Neutral 	6305 	6832
Indian Institute of Technology Patna	B.Tech. in Electronics and Communication Engineering and M.Tech. in Communication Systems (5 Years, Bachelor and Master of Technology (Dual Degree)) 	AI 	OPEN 	Female-only (including Supernumerary) 	14622 	14622
Indian Institute of Technology Patna	BS in Economics with MBA (IIM Bodh Gaya) (5 Years, Bachelor of Science and MBA (Dual Degree)) 	AI 	OPEN 	Gender-Neutral 	10678 	10729
Indian Institute of Technology Patna	Chemical Engineering (4 Years, Bachelor of Technology) 	AI 	OPEN 	Gender-Neutral 	10452 	11917
Indian Institute of Technology Patna	Chemical Engineering (4 Years, Bachelor of Technology) 	AI 	OPEN 	Female-only (including Supernumerary) 	18983 	21013
Indian Institute of Technology Patna	Chemical Science and Technology (4 Years, Bachelor of Technology) 	AI 	OPEN 	Gender-Neutral 	4373 	13350
Indian Institute of Technology Patna	Chemical Science and Technology (4 Years, Bachelor of Technology) 	AI 	OPEN 	Female-only (including Supernumerary) 	21227 	22745
Indian Institute of Technology Patna	Civil Engineering (4 Years, Bachelor of Technology) 	AI 	OPEN 	Gender-Neutral 	11475 	13158
Indian Institute of Technology Patna	Civil Engineering (4 Years, Bachelor of Technology) 	AI 	OPEN 	Female-only (including Supernumerary) 	20998 	22766
Indian Institute of Technology Patna	Computer Science and Engineering (4 Years, Bachelor of Technology) 	AI 	OPEN 	Gender-Neutral 	1954 	3215
Indian Institute of Technology Patna	Computer Science and Engineering (4 Years, Bachelor of Technology) 	AI 	OPEN 	Female-only (including Supernumerary) 	6603 	8253
Indian Institute of Technology Patna	Economics (4 Years, Bachelor of Science) 	AI 	OPEN 	Gender-Neutral 	7598 	11532
Indian Institute of Technology Patna	Economics (4 Years, Bachelor of Science) 	AI 	OPEN 	Female-only (including Supernumerary) 	19035 	22064
Indian Institute of Technology Patna	Electrical and Electronics Engineering (4 Years, Bachelor of Technology) 	AI 	OPEN 	Gender-Neutral 	5714 	6557
Indian Institute of Technology Patna	Electrical and Electronics Engineering (4 Years, Bachelor of Technology) 	AI 	OPEN 	Female-only (including Supernumerary) 	13257 	14374
Indian Institute of Technology Patna	Electronics and Communication Engineering (4 Years, Bachelor of Technology) 	AI 	OPEN 	Gender-Neutral 	4716 	5673
Indian Institute of Technology Patna	Electronics and Communication Engineering (4 Years, Bachelor of Technology) 	AI 	OPEN 	Female-only (including Supernumerary) 	9590 	12034
Indian Institute of Technology Patna	Engineering Physics (4 Years, Bachelor of Technology) 	AI 	OPEN 	Gender-Neutral 	10055 	11479
Indian Institute of Technology Patna	Engineering Physics (4 Years, Bachelor of Technology) 	AI 	OPEN 	Female-only (including Supernumerary) 	20761 	21075
Indian Institute of Technology Patna	Mathematics and Computing (4 Years, Bachelor of Technology) 	AI 	OPEN 	Gender-Neutral 	3708 	4272
Indian Institute of Technology Patna	Mathematics and Computing (4 Years, Bachelor of Technology) 	AI 	OPEN 	Female-only (including Supernumerary) 	9306 	10136
Indian Institute of Technology Patna	Mechanical Engineering (4 Years, Bachelor of Technology) 	AI 	OPEN 	Gender-Neutral 	7210 	10032
Indian Institute of Technology Patna	Mechanical Engineering (4 Years, Bachelor of Technology) 	AI 	OPEN 	Female-only (including Supernumerary) 	19155 	20422
Indian Institute of Technology Patna	Metallurgical and Materials Engineering (4 Years, Bachelor of Technology) 	AI 	OPEN 	Gender-Neutral 	11600 	14045
Indian Institute of Technology Patna	Metallurgical and Materials Engineering (4 Years, Bachelor of Technology) 	AI 	OPEN 	Female-only (including Supernumerary) 	23034 	23778
Indian Institute of Technology Roorkee	Architecture (5 Years, Bachelor of Architecture) 	AI 	OPEN 	Gender-Neutral 	12842 	16596
Indian Institute of Technology Roorkee	Architecture (5 Years, Bachelor of Architecture) 	AI 	OPEN 	Female-only (including Supernumerary) 	4770 	9462
Indian Institute of Technology Roorkee	Biosciences and Bioengineering (4 Years, Bachelor of Technology) 	AI 	OPEN 	Gender-Neutral 	752 	7251
Indian Institute of Technology Roorkee	Biosciences and Bioengineering (4 Years, Bachelor of Technology) 	AI 	OPEN 	Female-only (including Supernumerary) 	12357 	15187
Indian Institute of Technology Roorkee	Chemical Engineering (4 Years, Bachelor of Technology) 	AI 	OPEN 	Gender-Neutral 	3428 	4572
Indian Institute of Technology Roorkee	Chemical Engineering (4 Years, Bachelor of Technology) 	AI 	OPEN 	Female-only (including Supernumerary) 	7632 	10217
Indian Institute of Technology Roorkee	Chemical Sciences (5 Years, Bachelor of Science and Master of Science (Dual Degree)) 	AI 	OPEN 	Gender-Neutral 	9374 	10301
Indian Institute of Technology Roorkee	Chemical Sciences (5 Years, Bachelor of Science and Master of Science (Dual Degree)) 	AI 	OPEN 	Female-only (including Supernumerary) 	17372 	19396
Indian Institute of Technology Roorkee	Civil Engineering (4 Years, Bachelor of Technology) 	AI 	OPEN 	Gender-Neutral 	5247 	6361
Indian Institute of Technology Roorkee	Civil Engineering (4 Years, Bachelor of Technology) 	AI 	OPEN 	Female-only (including Supernumerary) 	11160 	13633
Indian Institute of Technology Roorkee	Computer Science and Engineering (4 Years, Bachelor of Technology) 	AI 	OPEN 	Gender-Neutral 	271 	535
Indian Institute of Technology Roorkee	Computer Science and Engineering (4 Years, Bachelor of Technology) 	AI 	OPEN 	Female-only (including Supernumerary) 	1331 	2013
Indian Institute of Technology Roorkee	Data Science and Artificial Intelligence (4 Years, Bachelor of Technology) 	AI 	OPEN 	Gender-Neutral 	562 	710
Indian Institute of Technology Roorkee	Data Science and Artificial Intelligence (4 Years, Bachelor of Technology) 	AI 	OPEN 	Female-only (including Supernumerary) 	2267 	2591
Indian Institute of Technology Roorkee	Economics (5 Years, Bachelor of Science and Master of Science (Dual Degree)) 	AI 	OPEN 	Gender-Neutral 	3876 	5249
Indian Institute of Technology Roorkee	Economics (5 Years, Bachelor of Science and Master of Science (Dual Degree)) 	AI 	OPEN 	Female-only (including Supernumerary) 	6937 	9905
Indian Institute of Technology Roorkee	Electrical Engineering (4 Years, Bachelor of Technology) 	AI 	OPEN 	Gender-Neutral 	1254 	2006
Indian Institute of Technology Roorkee	Electrical Engineering (4 Years, Bachelor of Technology) 	AI 	OPEN 	Female-only (including Supernumerary) 	4916 	5565
Indian Institute of Technology Roorkee	Electronics and Communication Engineering (4 Years, Bachelor of Technology) 	AI 	OPEN 	Gender-Neutral 	1048 	1394
Indian Institute of Technology Roorkee	Electronics and Communication Engineering (4 Years, Bachelor of Technology) 	AI 	OPEN 	Female-only (including Supernumerary) 	3077 	4563
Indian Institute of Technology Roorkee	Energy Engineering (4 Years, Bachelor of Technology) 	AI 	OPEN 	Gender-Neutral 	2663 	4465
Indian Institute of Technology Roorkee	Energy Engineering (4 Years, Bachelor of Technology) 	AI 	OPEN 	Female-only (including Supernumerary) 	8350 	8350
Indian Institute of Technology Roorkee	Engineering Physics (4 Years, Bachelor of Technology) 	AI 	OPEN 	Gender-Neutral 	2523 	4112
Indian Institute of Technology Roorkee	Engineering Physics (4 Years, Bachelor of Technology) 	AI 	OPEN 	Female-only (including Supernumerary) 	8120 	11032
Indian Institute of Technology Roorkee	Geological Technology (5 Years, Integrated Master of Technology) 	AI 	OPEN 	Gender-Neutral 	8614 	9471
Indian Institute of Technology Roorkee	Geological Technology (5 Years, Integrated Master of Technology) 	AI 	OPEN 	Female-only (including Supernumerary) 	17925 	18509
Indian Institute of Technology Roorkee	Geophysical Technology (5 Years, Integrated Master of Technology) 	AI 	OPEN 	Gender-Neutral 	6428 	8528
Indian Institute of Technology Roorkee	Geophysical Technology (5 Years, Integrated Master of Technology) 	AI 	OPEN 	Female-only (including Supernumerary) 	15223 	18953
Indian Institute of Technology Roorkee	Mathematics & Computing (5 Years, Bachelor of Science and Master of Science (Dual Degree)) 	AI 	OPEN 	Gender-Neutral 	1078 	1466
Indian Institute of Technology Roorkee	Mathematics & Computing (5 Years, Bachelor of Science and Master of Science (Dual Degree)) 	AI 	OPEN 	Female-only (including Supernumerary) 	4378 	4953
Indian Institute of Technology Roorkee	Mechanical Engineering (4 Years, Bachelor of Technology) 	AI 	OPEN 	Gender-Neutral 	2155 	3702
Indian Institute of Technology Roorkee	Mechanical Engineering (4 Years, Bachelor of Technology) 	AI 	OPEN 	Female-only (including Supernumerary) 	6626 	10131
Indian Institute of Technology Roorkee	Metallurgical and Materials Engineering (4 Years, Bachelor of Technology) 	AI 	OPEN 	Gender-Neutral 	6012 	6828
Indian Institute of Technology Roorkee	Metallurgical and Materials Engineering (4 Years, Bachelor of Technology) 	AI 	OPEN 	Female-only (including Supernumerary) 	15297 	16012
Indian Institute of Technology Roorkee	Physics (5 Years, Bachelor of Science and Master of Science (Dual Degree)) 	AI 	OPEN 	Gender-Neutral 	4489 	8076
Indian Institute of Technology Roorkee	Physics (5 Years, Bachelor of Science and Master of Science (Dual Degree)) 	AI 	OPEN 	Female-only (including Supernumerary) 	18169 	19251
Indian Institute of Technology Roorkee	Production and Industrial Engineering (4 Years, Bachelor of Technology) 	AI 	OPEN 	Gender-Neutral 	4510 	5181
Indian Institute of Technology Roorkee	Production and Industrial Engineering (4 Years, Bachelor of Technology) 	AI 	OPEN 	Female-only (including Supernumerary) 	9628 	10896
Indian Institute of Technology (ISM) Dhanbad	Applied Geology (5 Years, Integrated Master of Technology) 	AI 	OPEN 	Gender-Neutral 	13511 	14937
Indian Institute of Technology (ISM) Dhanbad	Applied Geology (5 Years, Integrated Master of Technology) 	AI 	OPEN 	Female-only (including Supernumerary) 	24505 	24505
Indian Institute of Technology (ISM) Dhanbad	Applied Geophysics (5 Years, Integrated Master of Technology) 	AI 	OPEN 	Gender-Neutral 	10750 	14718
Indian Institute of Technology (ISM) Dhanbad	Applied Geophysics (5 Years, Integrated Master of Technology) 	AI 	OPEN 	Female-only (including Supernumerary) 	24284 	24284
Indian Institute of Technology (ISM) Dhanbad	B.Tech Mining Engineering and MBA in Logistic and Supply Chain Management (IIM Mumbai) (5 Years, Integrated B. Tech. and MBA) 	AI 	OPEN 	Gender-Neutral 	8648 	14510
Indian Institute of Technology (ISM) Dhanbad	B.Tech Mining Engineering and MBA in Logistic and Supply Chain Management (IIM Mumbai) (5 Years, Integrated B. Tech. and MBA) 	AI 	OPEN 	Female-only (including Supernumerary) 	19266 	23652
Indian Institute of Technology (ISM) Dhanbad	Chemical Science (5 Years, Integrated Bachelor of Science-Master of Science) 	AI 	OPEN 	Gender-Neutral 	13804 	15969
Indian Institute of Technology (ISM) Dhanbad	Chemical Science (5 Years, Integrated Bachelor of Science-Master of Science) 	AI 	OPEN 	Female-only (including Supernumerary) 	24171 	25310
Indian Institute of Technology (ISM) Dhanbad	Chemical Engineering (4 Years, Bachelor of Technology) 	AI 	OPEN 	Gender-Neutral 	8263 	10549
Indian Institute of Technology (ISM) Dhanbad	Chemical Engineering (4 Years, Bachelor of Technology) 	AI 	OPEN 	Female-only (including Supernumerary) 	18816 	19402
Indian Institute of Technology (ISM) Dhanbad	Civil Engineering (4 Years, Bachelor of Technology) 	AI 	OPEN 	Gender-Neutral 	10481 	12350
Indian Institute of Technology (ISM) Dhanbad	Civil Engineering (4 Years, Bachelor of Technology) 	AI 	OPEN 	Female-only (including Supernumerary) 	19730 	22345
Indian Institute of Technology (ISM) Dhanbad	Computer Science and Engineering (4 Years, Bachelor of Technology) 	AI 	OPEN 	Gender-Neutral 	2143 	3348
Indian Institute of Technology (ISM) Dhanbad	Computer Science and Engineering (4 Years, Bachelor of Technology) 	AI 	OPEN 	Female-only (including Supernumerary) 	5353 	7819
Indian Institute of Technology (ISM) Dhanbad	Electrical Engineering (4 Years, Bachelor of Technology) 	AI 	OPEN 	Gender-Neutral 	5815 	6854
Indian Institute of Technology (ISM) Dhanbad	Electrical Engineering (4 Years, Bachelor of Technology) 	AI 	OPEN 	Female-only (including Supernumerary) 	9081 	14747
Indian Institute of Technology (ISM) Dhanbad	Electronics and Communication Engineering (4 Years, Bachelor of Technology) 	AI 	OPEN 	Gender-Neutral 	2795 	5556
Indian Institute of Technology (ISM) Dhanbad	Electronics and Communication Engineering (4 Years, Bachelor of Technology) 	AI 	OPEN 	Female-only (including Supernumerary) 	6704 	12175
Indian Institute of Technology (ISM) Dhanbad	Engineering Physics (4 Years, Bachelor of Technology) 	AI 	OPEN 	Gender-Neutral 	7714 	9826
Indian Institute of Technology (ISM) Dhanbad	Engineering Physics (4 Years, Bachelor of Technology) 	AI 	OPEN 	Female-only (including Supernumerary) 	16983 	19430
Indian Institute of Technology (ISM) Dhanbad	Environmental Engineering (4 Years, Bachelor of Technology) 	AI 	OPEN 	Gender-Neutral 	11602 	14229
Indian Institute of Technology (ISM) Dhanbad	Environmental Engineering (4 Years, Bachelor of Technology) 	AI 	OPEN 	Female-only (including Supernumerary) 	20318 	23853
Indian Institute of Technology (ISM) Dhanbad	Mathematics and Computing (4 Years, Bachelor of Technology) 	AI 	OPEN 	Gender-Neutral 	2853 	4010
Indian Institute of Technology (ISM) Dhanbad	Mathematics and Computing (4 Years, Bachelor of Technology) 	AI 	OPEN 	Female-only (including Supernumerary) 	8073 	9672
Indian Institute of Technology (ISM) Dhanbad	Mechanical Engineering (4 Years, Bachelor of Technology) 	AI 	OPEN 	Gender-Neutral 	7261 	9340
Indian Institute of Technology (ISM) Dhanbad	Mechanical Engineering (4 Years, Bachelor of Technology) 	AI 	OPEN 	Female-only (including Supernumerary) 	16086 	18919
Indian Institute of Technology (ISM) Dhanbad	Mineral and Metallurgical Engineering (4 Years, Bachelor of Technology) 	AI 	OPEN 	Gender-Neutral 	10891 	12734
Indian Institute of Technology (ISM) Dhanbad	Mineral and Metallurgical Engineering (4 Years, Bachelor of Technology) 	AI 	OPEN 	Female-only (including Supernumerary) 	21193 	22389
Indian Institute of Technology (ISM) Dhanbad	Mining Engineering (4 Years, Bachelor of Technology) 	AI 	OPEN 	Gender-Neutral 	6353 	13755
Indian Institute of Technology (ISM) Dhanbad	Mining Engineering (4 Years, Bachelor of Technology) 	AI 	OPEN 	Female-only (including Supernumerary) 	22635 	23606
Indian Institute of Technology (ISM) Dhanbad	Mining Machinery Engineering (4 Years, Bachelor of Technology) 	AI 	OPEN 	Gender-Neutral 	9786 	14255
Indian Institute of Technology (ISM) Dhanbad	Mining Machinery Engineering (4 Years, Bachelor of Technology) 	AI 	OPEN 	Female-only (including Supernumerary) 	22852 	23877
Indian Institute of Technology (ISM) Dhanbad	Petroleum Engineering (4 Years, Bachelor of Technology) 	AI 	OPEN 	Gender-Neutral 	9151 	11668
Indian Institute of Technology (ISM) Dhanbad	Petroleum Engineering (4 Years, Bachelor of Technology) 	AI 	OPEN 	Female-only (including Supernumerary) 	16060 	22187
Indian Institute of Technology (ISM) Dhanbad	Physical Science (5 Years, Integrated Bachelor of Science-Master of Science) 	AI 	OPEN 	Gender-Neutral 	10247 	15665
Indian Institute of Technology (ISM) Dhanbad	Physical Science (5 Years, Integrated Bachelor of Science-Master of Science) 	AI 	OPEN 	Female-only (including Supernumerary) 	25020 	25110
Indian Institute of Technology Ropar	Artificial Intelligence and Data Engineering (4 Years, Bachelor of Technology) 	AI 	OPEN 	Gender-Neutral 	2376 	3191
Indian Institute of Technology Ropar	Artificial Intelligence and Data Engineering (4 Years, Bachelor of Technology) 	AI 	OPEN 	Female-only (including Supernumerary) 	5982 	7458
Indian Institute of Technology Ropar	Chemical Engineering (4 Years, Bachelor of Technology) 	AI 	OPEN 	Gender-Neutral 	7616 	9373
Indian Institute of Technology Ropar	Chemical Engineering (4 Years, Bachelor of Technology) 	AI 	OPEN 	Female-only (including Supernumerary) 	16373 	16450
Indian Institute of Technology Ropar	Civil Engineering (4 Years, Bachelor of Technology) 	AI 	OPEN 	Gender-Neutral 	9142 	10645
Indian Institute of Technology Ropar	Civil Engineering (4 Years, Bachelor of Technology) 	AI 	OPEN 	Female-only (including Supernumerary) 	19804 	20462
Indian Institute of Technology Ropar	Computer Science and Engineering (4 Years, Bachelor of Technology) 	AI 	OPEN 	Gender-Neutral 	1477 	2357
Indian Institute of Technology Ropar	Computer Science and Engineering (4 Years, Bachelor of Technology) 	AI 	OPEN 	Female-only (including Supernumerary) 	3820 	6681
Indian Institute of Technology Ropar	Digital Agriculture (4 Years, Bachelor of Technology) 	AI 	OPEN 	Gender-Neutral 	9339 	13105
Indian Institute of Technology Ropar	Digital Agriculture (4 Years, Bachelor of Technology) 	AI 	OPEN 	Female-only (including Supernumerary) 	21565 	23540
Indian Institute of Technology Ropar	Electrical Engineering (4 Years, Bachelor of Technology) 	AI 	OPEN 	Gender-Neutral 	3940 	5705
Indian Institute of Technology Ropar	Electrical Engineering (4 Years, Bachelor of Technology) 	AI 	OPEN 	Female-only (including Supernumerary) 	8828 	13074
Indian Institute of Technology Ropar	Electrical Engineering (Integrated Circuit Design and Technology) (4 Years, Bachelor of Technology) 	AI 	OPEN 	Gender-Neutral 	4633 	5187
Indian Institute of Technology Ropar	Electrical Engineering (Integrated Circuit Design and Technology) (4 Years, Bachelor of Technology) 	AI 	OPEN 	Female-only (including Supernumerary) 	9429 	9891
Indian Institute of Technology Ropar	Engineering Physics (4 Years, Bachelor of Technology) 	AI 	OPEN 	Gender-Neutral 	7827 	8446
Indian Institute of Technology Ropar	Engineering Physics (4 Years, Bachelor of Technology) 	AI 	OPEN 	Female-only (including Supernumerary) 	18285 	19091
Indian Institute of Technology Ropar	Mathematics and Computing (4 Years, Bachelor of Technology) 	AI 	OPEN 	Gender-Neutral 	2122 	3814
Indian Institute of Technology Ropar	Mathematics and Computing (4 Years, Bachelor of Technology) 	AI 	OPEN 	Female-only (including Supernumerary) 	7735 	8968
Indian Institute of Technology Ropar	Mechanical Engineering (4 Years, Bachelor of Technology) 	AI 	OPEN 	Gender-Neutral 	6904 	8009
Indian Institute of Technology Ropar	Mechanical Engineering (4 Years, Bachelor of Technology) 	AI 	OPEN 	Female-only (including Supernumerary) 	14534 	16667
Indian Institute of Technology Ropar	Metallurgical and Materials Engineering (4 Years, Bachelor of Technology) 	AI 	OPEN 	Gender-Neutral 	10655 	11460
Indian Institute of Technology Ropar	Metallurgical and Materials Engineering (4 Years, Bachelor of Technology) 	AI 	OPEN 	Female-only (including Supernumerary) 	19600 	21792
Indian Institute of Technology (BHU) Varanasi	Architecture (5 Years, Bachelor of Architecture) 	AI 	OPEN 	Gender-Neutral 	18075 	19019
Indian Institute of Technology (BHU) Varanasi	Architecture (5 Years, Bachelor of Architecture) 	AI 	OPEN 	Female-only (including Supernumerary) 	23357 	24124
Indian Institute of Technology (BHU) Varanasi	Biochemical Engineering (4 Years, Bachelor of Technology) 	AI 	OPEN 	Gender-Neutral 	8880 	11652
Indian Institute of Technology (BHU) Varanasi	Biochemical Engineering (4 Years, Bachelor of Technology) 	AI 	OPEN 	Female-only (including Supernumerary) 	15805 	19527
Indian Institute of Technology (BHU) Varanasi	Bioengineering (4 Years, Bachelor of Technology) 	AI 	OPEN 	Gender-Neutral 	9767 	10868
Indian Institute of Technology (BHU) Varanasi	Bioengineering (4 Years, Bachelor of Technology) 	AI 	OPEN 	Female-only (including Supernumerary) 	15513 	16058
Indian Institute of Technology (BHU) Varanasi	Ceramic Engineering (4 Years, Bachelor of Technology) 	AI 	OPEN 	Gender-Neutral 	10357 	12017
Indian Institute of Technology (BHU) Varanasi	Ceramic Engineering (4 Years, Bachelor of Technology) 	AI 	OPEN 	Female-only (including Supernumerary) 	20035 	21377
Indian Institute of Technology (BHU) Varanasi	Chemical Engineering (4 Years, Bachelor of Technology) 	AI 	OPEN 	Gender-Neutral 	4579 	7435
Indian Institute of Technology (BHU) Varanasi	Chemical Engineering (4 Years, Bachelor of Technology) 	AI 	OPEN 	Female-only (including Supernumerary) 	12587 	16021
Indian Institute of Technology (BHU) Varanasi	Civil Engineering (4 Years, Bachelor of Technology) 	AI 	OPEN 	Gender-Neutral 	7201 	9145
Indian Institute of Technology (BHU) Varanasi	Civil Engineering (4 Years, Bachelor of Technology) 	AI 	OPEN 	Female-only (including Supernumerary) 	16861 	18991
Indian Institute of Technology (BHU) Varanasi	Computer Science and Engineering (4 Years, Bachelor of Technology) 	AI 	OPEN 	Gender-Neutral 	704 	1350
Indian Institute of Technology (BHU) Varanasi	Computer Science and Engineering (4 Years, Bachelor of Technology) 	AI 	OPEN 	Female-only (including Supernumerary) 	2832 	3784
Indian Institute of Technology (BHU) Varanasi	Electrical Engineering (4 Years, Bachelor of Technology) 	AI 	OPEN 	Gender-Neutral 	2343 	3493
Indian Institute of Technology (BHU) Varanasi	Electrical Engineering (4 Years, Bachelor of Technology) 	AI 	OPEN 	Female-only (including Supernumerary) 	6062 	7906
Indian Institute of Technology (BHU) Varanasi	Electronics Engineering (4 Years, Bachelor of Technology) 	AI 	OPEN 	Gender-Neutral 	1956 	2500
Indian Institute of Technology (BHU) Varanasi	Electronics Engineering (4 Years, Bachelor of Technology) 	AI 	OPEN 	Female-only (including Supernumerary) 	5298 	6273
Indian Institute of Technology (BHU) Varanasi	Engineering Physics (4 Years, Bachelor of Technology) 	AI 	OPEN 	Gender-Neutral 	5457 	7447
Indian Institute of Technology (BHU) Varanasi	Engineering Physics (4 Years, Bachelor of Technology) 	AI 	OPEN 	Female-only (including Supernumerary) 	15137 	16660
Indian Institute of Technology (BHU) Varanasi	Industrial Chemistry (4 Years, Bachelor of Technology) 	AI 	OPEN 	Gender-Neutral 	9166 	10269
Indian Institute of Technology (BHU) Varanasi	Industrial Chemistry (4 Years, Bachelor of Technology) 	AI 	OPEN 	Female-only (including Supernumerary) 	16039 	20060
Indian Institute of Technology (BHU) Varanasi	Materials Science and Technology (4 Years, Bachelor of Technology) 	AI 	OPEN 	Gender-Neutral 	7517 	9911
Indian Institute of Technology (BHU) Varanasi	Materials Science and Technology (4 Years, Bachelor of Technology) 	AI 	OPEN 	Female-only (including Supernumerary) 	17121 	17744
Indian Institute of Technology (BHU) Varanasi	Mathematics and Computing (4 Years, Bachelor of Technology) 	AI 	OPEN 	Gender-Neutral 	1461 	1838
Indian Institute of Technology (BHU) Varanasi	Mathematics and Computing (4 Years, Bachelor of Technology) 	AI 	OPEN 	Female-only (including Supernumerary) 	4466 	5382
Indian Institute of Technology (BHU) Varanasi	Mechanical Engineering (4 Years, Bachelor of Technology) 	AI 	OPEN 	Gender-Neutral 	4397 	6525
Indian Institute of Technology (BHU) Varanasi	Mechanical Engineering (4 Years, Bachelor of Technology) 	AI 	OPEN 	Female-only (including Supernumerary) 	14049 	16000
Indian Institute of Technology (BHU) Varanasi	Metallurgical Engineering (4 Years, Bachelor of Technology) 	AI 	OPEN 	Gender-Neutral 	8214 	10304
Indian Institute of Technology (BHU) Varanasi	Metallurgical Engineering (4 Years, Bachelor of Technology) 	AI 	OPEN 	Female-only (including Supernumerary) 	16852 	19364
Indian Institute of Technology (BHU) Varanasi	Mining Engineering (4 Years, Bachelor of Technology) 	AI 	OPEN 	Gender-Neutral 	10253 	12572
Indian Institute of Technology (BHU) Varanasi	Mining Engineering (4 Years, Bachelor of Technology) 	AI 	OPEN 	Female-only (including Supernumerary) 	19228 	22291
Indian Institute of Technology (BHU) Varanasi	Pharmaceutical Engineering & Technology (4 Years, Bachelor of Technology) 	AI 	OPEN 	Gender-Neutral 	11300 	12976
Indian Institute of Technology (BHU) Varanasi	Pharmaceutical Engineering & Technology (4 Years, Bachelor of Technology) 	AI 	OPEN 	Female-only (including Supernumerary) 	20608 	22104
Indian Institute of Technology Guwahati	Biosciences and Bioengineering (4 Years, Bachelor of Technology) 	AI 	OPEN 	Gender-Neutral 	6303 	8813
Indian Institute of Technology Guwahati	Biosciences and Bioengineering (4 Years, Bachelor of Technology) 	AI 	OPEN 	Female-only (including Supernumerary) 	12804 	15701
Indian Institute of Technology Guwahati	Chemical Engineering (4 Years, Bachelor of Technology) 	AI 	OPEN 	Gender-Neutral 	4289 	5193
Indian Institute of Technology Guwahati	Chemical Engineering (4 Years, Bachelor of Technology) 	AI 	OPEN 	Female-only (including Supernumerary) 	10455 	11998
Indian Institute of Technology Guwahati	Chemical Science and Technology (4 Years, Bachelor of Technology) 	AI 	OPEN 	Gender-Neutral 	4662 	7273
Indian Institute of Technology Guwahati	Chemical Science and Technology (4 Years, Bachelor of Technology) 	AI 	OPEN 	Female-only (including Supernumerary) 	13063 	14898
Indian Institute of Technology Guwahati	Civil Engineering (4 Years, Bachelor of Technology) 	AI 	OPEN 	Gender-Neutral 	6867 	7921
Indian Institute of Technology Guwahati	Civil Engineering (4 Years, Bachelor of Technology) 	AI 	OPEN 	Female-only (including Supernumerary) 	13434 	16309
Indian Institute of Technology Guwahati	Computer Science and Engineering (4 Years, Bachelor of Technology) 	AI 	OPEN 	Gender-Neutral 	504 	699
Indian Institute of Technology Guwahati	Computer Science and Engineering (4 Years, Bachelor of Technology) 	AI 	OPEN 	Female-only (including Supernumerary) 	2047 	2694
Indian Institute of Technology Guwahati	Data Science and Artificial Intelligence (4 Years, Bachelor of Technology) 	AI 	OPEN 	Gender-Neutral 	873 	1077
Indian Institute of Technology Guwahati	Data Science and Artificial Intelligence (4 Years, Bachelor of Technology) 	AI 	OPEN 	Female-only (including Supernumerary) 	2877 	3235
Indian Institute of Technology Guwahati	Electronics and Communication Engineering (4 Years, Bachelor of Technology) 	AI 	OPEN 	Gender-Neutral 	1399 	1656
Indian Institute of Technology Guwahati	Electronics and Communication Engineering (4 Years, Bachelor of Technology) 	AI 	OPEN 	Female-only (including Supernumerary) 	4734 	5263
Indian Institute of Technology Guwahati	Electronics and Electrical Engineering (4 Years, Bachelor of Technology) 	AI 	OPEN 	Gender-Neutral 	1727 	2064
Indian Institute of Technology Guwahati	Electronics and Electrical Engineering (4 Years, Bachelor of Technology) 	AI 	OPEN 	Female-only (including Supernumerary) 	5381 	5696
Indian Institute of Technology Guwahati	Energy Engineering (4 Years, Bachelor of Technology) 	AI 	OPEN 	Gender-Neutral 	4761 	5804
Indian Institute of Technology Guwahati	Energy Engineering (4 Years, Bachelor of Technology) 	AI 	OPEN 	Female-only (including Supernumerary) 	11994 	13282
Indian Institute of Technology Guwahati	Engineering Physics (4 Years, Bachelor of Technology) 	AI 	OPEN 	Gender-Neutral 	2692 	5805
Indian Institute of Technology Guwahati	Engineering Physics (4 Years, Bachelor of Technology) 	AI 	OPEN 	Female-only (including Supernumerary) 	11828 	13332
Indian Institute of Technology Guwahati	Mathematics and Computing (4 Years, Bachelor of Technology) 	AI 	OPEN 	Gender-Neutral 	740 	1222
Indian Institute of Technology Guwahati	Mathematics and Computing (4 Years, Bachelor of Technology) 	AI 	OPEN 	Female-only (including Supernumerary) 	2755 	3849
Indian Institute of Technology Guwahati	Mechanical Engineering (4 Years, Bachelor of Technology) 	AI 	OPEN 	Gender-Neutral 	3773 	4381
Indian Institute of Technology Guwahati	Mechanical Engineering (4 Years, Bachelor of Technology) 	AI 	OPEN 	Female-only (including Supernumerary) 	8789 	11913
Indian Institute of Technology Bhilai	Computer Science and Engineering (4 Years, Bachelor of Technology) 	AI 	OPEN 	Gender-Neutral 	4462 	6384
Indian Institute of Technology Bhilai	Computer Science and Engineering (4 Years, Bachelor of Technology) 	AI 	OPEN 	Female-only (including Supernumerary) 	9951 	12211
Indian Institute of Technology Bhilai	Data Science and Artificial Intelligence (4 Years, Bachelor of Technology) 	AI 	OPEN 	Gender-Neutral 	6646 	7568
Indian Institute of Technology Bhilai	Data Science and Artificial Intelligence (4 Years, Bachelor of Technology) 	AI 	OPEN 	Female-only (including Supernumerary) 	8600 	12215
Indian Institute of Technology Bhilai	Electrical Engineering (4 Years, Bachelor of Technology) 	AI 	OPEN 	Gender-Neutral 	7601 	9824
Indian Institute of Technology Bhilai	Electrical Engineering (4 Years, Bachelor of Technology) 	AI 	OPEN 	Female-only (including Supernumerary) 	14970 	17806
Indian Institute of Technology Bhilai	Electronics and Communication Engineering (4 Years, Bachelor of Technology) 	AI 	OPEN 	Gender-Neutral 	6974 	8302
Indian Institute of Technology Bhilai	Electronics and Communication Engineering (4 Years, Bachelor of Technology) 	AI 	OPEN 	Female-only (including Supernumerary) 	14098 	15395
Indian Institute of Technology Bhilai	Materials Science and Metallurgical Engineering (4 Years, Bachelor of Technology) 	AI 	OPEN 	Gender-Neutral 	14163 	14916
Indian Institute of Technology Bhilai	Materials Science and Metallurgical Engineering (4 Years, Bachelor of Technology) 	AI 	OPEN 	Female-only (including Supernumerary) 	23924 	24426
Indian Institute of Technology Bhilai	Mechanical Engineering (4 Years, Bachelor of Technology) 	AI 	OPEN 	Gender-Neutral 	10554 	12428
Indian Institute of Technology Bhilai	Mechanical Engineering (4 Years, Bachelor of Technology) 	AI 	OPEN 	Female-only (including Supernumerary) 	20066 	21916
Indian Institute of Technology Bhilai	Mechatronics Engineering (4 Years, Bachelor of Technology) 	AI 	OPEN 	Gender-Neutral 	9416 	10956
Indian Institute of Technology Bhilai	Mechatronics Engineering (4 Years, Bachelor of Technology) 	AI 	OPEN 	Female-only (including Supernumerary) 	20224 	21456
Indian Institute of Technology Goa	Computer Science and Engineering (4 Years, Bachelor of Technology) 	AI 	OPEN 	Gender-Neutral 	4176 	5626
Indian Institute of Technology Goa	Computer Science and Engineering (4 Years, Bachelor of Technology) 	AI 	OPEN 	Female-only (including Supernumerary) 	11372 	12097
Indian Institute of Technology Goa	Electrical Engineering (4 Years, Bachelor of Technology) 	AI 	OPEN 	Gender-Neutral 	6227 	8874
Indian Institute of Technology Goa	Electrical Engineering (4 Years, Bachelor of Technology) 	AI 	OPEN 	Female-only (including Supernumerary) 	15816 	16848
Indian Institute of Technology Goa	Mathematics and Computing (4 Years, Bachelor of Technology) 	AI 	OPEN 	Gender-Neutral 	5316 	6398
Indian Institute of Technology Goa	Mathematics and Computing (4 Years, Bachelor of Technology) 	AI 	OPEN 	Female-only (including Supernumerary) 	12219 	14225
Indian Institute of Technology Goa	Mechanical Engineering (4 Years, Bachelor of Technology) 	AI 	OPEN 	Gender-Neutral 	9502 	11363
Indian Institute of Technology Goa	Mechanical Engineering (4 Years, Bachelor of Technology) 	AI 	OPEN 	Female-only (including Supernumerary) 	20436 	21593
Indian Institute of Technology Palakkad	Civil Engineering (4 Years, Bachelor of Technology) 	AI 	OPEN 	Gender-Neutral 	12953 	14852
Indian Institute of Technology Palakkad	Civil Engineering (4 Years, Bachelor of Technology) 	AI 	OPEN 	Female-only (including Supernumerary) 	21748 	24168
Indian Institute of Technology Palakkad	Computer Science and Engineering (4 Years, Bachelor of Technology) 	AI 	OPEN 	Gender-Neutral 	4530 	5736
Indian Institute of Technology Palakkad	Computer Science and Engineering (4 Years, Bachelor of Technology) 	AI 	OPEN 	Female-only (including Supernumerary) 	6843 	8965
Indian Institute of Technology Palakkad	Data Science and Engineering (4 Years, Bachelor of Technology) 	AI 	OPEN 	Gender-Neutral 	6055 	7559
Indian Institute of Technology Palakkad	Data Science and Engineering (4 Years, Bachelor of Technology) 	AI 	OPEN 	Female-only (including Supernumerary) 	10280 	10964
Indian Institute of Technology Palakkad	Electrical Engineering (4 Years, Bachelor of Technology) 	AI 	OPEN 	Gender-Neutral 	8020 	9210
Indian Institute of Technology Palakkad	Electrical Engineering (4 Years, Bachelor of Technology) 	AI 	OPEN 	Female-only (including Supernumerary) 	12743 	16046
Indian Institute of Technology Palakkad	Mechanical Engineering (4 Years, Bachelor of Technology) 	AI 	OPEN 	Gender-Neutral 	8596 	11216
Indian Institute of Technology Palakkad	Mechanical Engineering (4 Years, Bachelor of Technology) 	AI 	OPEN 	Female-only (including Supernumerary) 	14960 	20929
Indian Institute of Technology Tirupati	Chemical Engineering (4 Years, Bachelor of Technology) 	AI 	OPEN 	Gender-Neutral 	10600 	13685
Indian Institute of Technology Tirupati	Chemical Engineering (4 Years, Bachelor of Technology) 	AI 	OPEN 	Female-only (including Supernumerary) 	16255 	18982
Indian Institute of Technology Tirupati	Civil Engineering (4 Years, Bachelor of Technology) 	AI 	OPEN 	Gender-Neutral 	8956 	14599
Indian Institute of Technology Tirupati	Civil Engineering (4 Years, Bachelor of Technology) 	AI 	OPEN 	Female-only (including Supernumerary) 	18486 	22200
Indian Institute of Technology Tirupati	Computer Science and Engineering (4 Years, Bachelor of Technology) 	AI 	OPEN 	Gender-Neutral 	1916 	4620
Indian Institute of Technology Tirupati	Computer Science and Engineering (4 Years, Bachelor of Technology) 	AI 	OPEN 	Female-only (including Supernumerary) 	5613 	8237
Indian Institute of Technology Tirupati	Electrical Engineering (4 Years, Bachelor of Technology) 	AI 	OPEN 	Gender-Neutral 	5098 	8163
Indian Institute of Technology Tirupati	Electrical Engineering (4 Years, Bachelor of Technology) 	AI 	OPEN 	Female-only (including Supernumerary) 	13602 	14880
Indian Institute of Technology Tirupati	Engineering Physics (4 Years, Bachelor of Technology) 	AI 	OPEN 	Gender-Neutral 	9387 	10165
Indian Institute of Technology Tirupati	Engineering Physics (4 Years, Bachelor of Technology) 	AI 	OPEN 	Female-only (including Supernumerary) 	16299 	16299
Indian Institute of Technology Tirupati	Mechanical Engineering (4 Years, Bachelor of Technology) 	AI 	OPEN 	Gender-Neutral 	8376 	10553
Indian Institute of Technology Tirupati	Mechanical Engineering (4 Years, Bachelor of Technology) 	AI 	OPEN 	Female-only (including Supernumerary) 	16542 	19519
Indian Institute of Technology Jammu	Chemical Engineering (4 Years, Bachelor of Technology) 	AI 	OPEN 	Gender-Neutral 	12991 	14275
Indian Institute of Technology Jammu	Chemical Engineering (4 Years, Bachelor of Technology) 	AI 	OPEN 	Female-only (including Supernumerary) 	22069 	22155
Indian Institute of Technology Jammu	Civil Engineering (4 Years, Bachelor of Technology) 	AI 	OPEN 	Gender-Neutral 	10641 	15217
Indian Institute of Technology Jammu	Civil Engineering (4 Years, Bachelor of Technology) 	AI 	OPEN 	Female-only (including Supernumerary) 	23651 	24870
Indian Institute of Technology Jammu	Computer Science and Engineering (4 Years, Bachelor of Technology) 	AI 	OPEN 	Gender-Neutral 	4298 	5988
Indian Institute of Technology Jammu	Computer Science and Engineering (4 Years, Bachelor of Technology) 	AI 	OPEN 	Female-only (including Supernumerary) 	9950 	11104
Indian Institute of Technology Jammu	Electrical Engineering (4 Years, Bachelor of Technology) 	AI 	OPEN 	Gender-Neutral 	7359 	9528
Indian Institute of Technology Jammu	Electrical Engineering (4 Years, Bachelor of Technology) 	AI 	OPEN 	Female-only (including Supernumerary) 	16113 	16793
Indian Institute of Technology Jammu	Engineering Physics (4 Years, Bachelor of Technology) 	AI 	OPEN 	Gender-Neutral 	11846 	13428
Indian Institute of Technology Jammu	Engineering Physics (4 Years, Bachelor of Technology) 	AI 	OPEN 	Female-only (including Supernumerary) 	22385 	22711
Indian Institute of Technology Jammu	Materials Engineering (4 Years, Bachelor of Technology) 	AI 	OPEN 	Gender-Neutral 	14357 	15597
Indian Institute of Technology Jammu	Materials Engineering (4 Years, Bachelor of Technology) 	AI 	OPEN 	Female-only (including Supernumerary) 	24772 	25163
Indian Institute of Technology Jammu	Mathematics and Computing (4 Years, Bachelor of Technology) 	AI 	OPEN 	Gender-Neutral 	6993 	7845
Indian Institute of Technology Jammu	Mathematics and Computing (4 Years, Bachelor of Technology) 	AI 	OPEN 	Female-only (including Supernumerary) 	13000 	16132
Indian Institute of Technology Jammu	Mechanical Engineering (4 Years, Bachelor of Technology) 	AI 	OPEN 	Gender-Neutral 	10308 	12326
Indian Institute of Technology Jammu	Mechanical Engineering (4 Years, Bachelor of Technology) 	AI 	OPEN 	Female-only (including Supernumerary) 	19472 	21997
Indian Institute of Technology Dharwad	Chemical and Biochemical Engineering (4 Years, Bachelor of Technology) 	AI 	OPEN 	Gender-Neutral 	11549 	14433
Indian Institute of Technology Dharwad	Chemical and Biochemical Engineering (4 Years, Bachelor of Technology) 	AI 	OPEN 	Female-only (including Supernumerary) 	21394 	21611
Indian Institute of Technology Dharwad	Civil and Infrastructure Engineering (4 Years, Bachelor of Technology) 	AI 	OPEN 	Gender-Neutral 	14638 	15218
Indian Institute of Technology Dharwad	Civil and Infrastructure Engineering (4 Years, Bachelor of Technology) 	AI 	OPEN 	Female-only (including Supernumerary) 	23183 	23385
Indian Institute of Technology Dharwad	Computer Science and Engineering (4 Years, Bachelor of Technology) 	AI 	OPEN 	Gender-Neutral 	3812 	6242
Indian Institute of Technology Dharwad	Computer Science and Engineering (4 Years, Bachelor of Technology) 	AI 	OPEN 	Female-only (including Supernumerary) 	8239 	8966
Indian Institute of Technology Dharwad	Electrical and Electronics Engineering (4 Years, Bachelor of Technology) 	AI 	OPEN 	Gender-Neutral 	6652 	9176
Indian Institute of Technology Dharwad	Electrical and Electronics Engineering (4 Years, Bachelor of Technology) 	AI 	OPEN 	Female-only (including Supernumerary) 	13284 	15422
Indian Institute of Technology Dharwad	Electronics and Communication Engineering (4 Years, Bachelor of Technology) 	AI 	OPEN 	Gender-Neutral 	6348 	8141
Indian Institute of Technology Dharwad	Electronics and Communication Engineering (4 Years, Bachelor of Technology) 	AI 	OPEN 	Female-only (including Supernumerary) 	9935 	12798
Indian Institute of Technology Dharwad	Engineering Physics (4 Years, Bachelor of Technology) 	AI 	OPEN 	Gender-Neutral 	11766 	12622
Indian Institute of Technology Dharwad	Engineering Physics (4 Years, Bachelor of Technology) 	AI 	OPEN 	Female-only (including Supernumerary) 	21963 	22094
Indian Institute of Technology Dharwad	Interdisciplinary Sciences (5 Years, Bachelor of Science and Master of Science (Dual Degree)) 	AI 	OPEN 	Gender-Neutral 	13451 	16317
Indian Institute of Technology Dharwad	Interdisciplinary Sciences (5 Years, Bachelor of Science and Master of Science (Dual Degree)) 	AI 	OPEN 	Female-only (including Supernumerary) 	19975 	25041
Indian Institute of Technology Dharwad	Mathematics and Computing (4 Years, Bachelor of Technology) 	AI 	OPEN 	Gender-Neutral 	6457 	7007
Indian Institute of Technology Dharwad	Mathematics and Computing (4 Years, Bachelor of Technology) 	AI 	OPEN 	Female-only (including Supernumerary) 	10860 	12015
Indian Institute of Technology Dharwad	Mechanical Engineering (4 Years, Bachelor of Technology) 	AI 	OPEN 	Gender-Neutral 	7151 	12206
Indian Institute of Technology Dharwad	Mechanical Engineering (4 Years, Bachelor of Technology) 	AI 	OPEN 	Female-only (including Supernumerary) 	16959 	21468
Dr. B R Ambedkar National Institute of Technology, Jalandhar	Bio Technology (4 Years, Bachelor of Technology) 	HS 	OPEN 	Gender-Neutral 	58313 	65917
Dr. B R Ambedkar National Institute of Technology, Jalandhar	Bio Technology (4 Years, Bachelor of Technology) 	HS 	OPEN 	Female-only (including Supernumerary) 	53084 	53648
Dr. B R Ambedkar National Institute of Technology, Jalandhar	Bio Technology (4 Years, Bachelor of Technology) 	OS 	OPEN 	Gender-Neutral 	29026 	41817
Dr. B R Ambedkar National Institute of Technology, Jalandhar	Bio Technology (4 Years, Bachelor of Technology) 	OS 	OPEN 	Female-only (including Supernumerary) 	41691 	43186
Dr. B R Ambedkar National Institute of Technology, Jalandhar	Chemical Engineering (4 Years, Bachelor of Technology) 	HS 	OPEN 	Gender-Neutral 	28297 	49650
Dr. B R Ambedkar National Institute of Technology, Jalandhar	Chemical Engineering (4 Years, Bachelor of Technology) 	HS 	OPEN 	Female-only (including Supernumerary) 	46216 	54809
Dr. B R Ambedkar National Institute of Technology, Jalandhar	Chemical Engineering (4 Years, Bachelor of Technology) 	OS 	OPEN 	Gender-Neutral 	21827 	33644
Dr. B R Ambedkar National Institute of Technology, Jalandhar	Chemical Engineering (4 Years, Bachelor of Technology) 	OS 	OPEN 	Female-only (including Supernumerary) 	39063 	41891
Dr. B R Ambedkar National Institute of Technology, Jalandhar	Civil Engineering (4 Years, Bachelor of Technology) 	HS 	OPEN 	Gender-Neutral 	34303 	52004
Dr. B R Ambedkar National Institute of Technology, Jalandhar	Civil Engineering (4 Years, Bachelor of Technology) 	HS 	OPEN 	Female-only (including Supernumerary) 	54402 	58821
Dr. B R Ambedkar National Institute of Technology, Jalandhar	Civil Engineering (4 Years, Bachelor of Technology) 	OS 	OPEN 	Gender-Neutral 	25507 	37500
Dr. B R Ambedkar National Institute of Technology, Jalandhar	Civil Engineering (4 Years, Bachelor of Technology) 	OS 	OPEN 	Female-only (including Supernumerary) 	42935 	46913
Dr. B R Ambedkar National Institute of Technology, Jalandhar	Computer Science and Engineering (4 Years, Bachelor of Technology) 	HS 	OPEN 	Gender-Neutral 	6821 	14502
Dr. B R Ambedkar National Institute of Technology, Jalandhar	Computer Science and Engineering (4 Years, Bachelor of Technology) 	HS 	OPEN 	Female-only (including Supernumerary) 	11180 	18113
Dr. B R Ambedkar National Institute of Technology, Jalandhar	Computer Science and Engineering (4 Years, Bachelor of Technology) 	OS 	OPEN 	Gender-Neutral 	1818 	10073
Dr. B R Ambedkar National Institute of Technology, Jalandhar	Computer Science and Engineering (4 Years, Bachelor of Technology) 	OS 	OPEN 	Female-only (including Supernumerary) 	13426 	18149
Dr. B R Ambedkar National Institute of Technology, Jalandhar	Data Science and Engineering (4 Years, Bachelor of Technology) 	HS 	OPEN 	Gender-Neutral 	14668 	18820
Dr. B R Ambedkar National Institute of Technology, Jalandhar	Data Science and Engineering (4 Years, Bachelor of Technology) 	HS 	OPEN 	Female-only (including Supernumerary) 	18504 	18504
Dr. B R Ambedkar National Institute of Technology, Jalandhar	Data Science and Engineering (4 Years, Bachelor of Technology) 	OS 	OPEN 	Gender-Neutral 	12086 	13847
Dr. B R Ambedkar National Institute of Technology, Jalandhar	Data Science and Engineering (4 Years, Bachelor of Technology) 	OS 	OPEN 	Female-only (including Supernumerary) 	18693 	19393
Dr. B R Ambedkar National Institute of Technology, Jalandhar	Electrical Engineering (4 Years, Bachelor of Technology) 	HS 	OPEN 	Gender-Neutral 	24679 	28694
Dr. B R Ambedkar National Institute of Technology, Jalandhar	Electrical Engineering (4 Years, Bachelor of Technology) 	HS 	OPEN 	Female-only (including Supernumerary) 	26666 	26765
Dr. B R Ambedkar National Institute of Technology, Jalandhar	Electrical Engineering (4 Years, Bachelor of Technology) 	OS 	OPEN 	Gender-Neutral 	15106 	18324
Dr. B R Ambedkar National Institute of Technology, Jalandhar	Electrical Engineering (4 Years, Bachelor of Technology) 	OS 	OPEN 	Female-only (including Supernumerary) 	26952 	28221
Dr. B R Ambedkar National Institute of Technology, Jalandhar	Electronics and Communication Engineering (4 Years, Bachelor of Technology) 	HS 	OPEN 	Gender-Neutral 	17414 	24521
Dr. B R Ambedkar National Institute of Technology, Jalandhar	Electronics and Communication Engineering (4 Years, Bachelor of Technology) 	HS 	OPEN 	Female-only (including Supernumerary) 	19009 	21429
Dr. B R Ambedkar National Institute of Technology, Jalandhar	Electronics and Communication Engineering (4 Years, Bachelor of Technology) 	OS 	OPEN 	Gender-Neutral 	13172 	14476
Dr. B R Ambedkar National Institute of Technology, Jalandhar	Electronics and Communication Engineering (4 Years, Bachelor of Technology) 	OS 	OPEN 	Female-only (including Supernumerary) 	21431 	21777
Dr. B R Ambedkar National Institute of Technology, Jalandhar	Electronics and VLSI Engineering (4 Years, Bachelor of Technology) 	HS 	OPEN 	Gender-Neutral 	24789 	26658
Dr. B R Ambedkar National Institute of Technology, Jalandhar	Electronics and VLSI Engineering (4 Years, Bachelor of Technology) 	HS 	OPEN 	Female-only (including Supernumerary) 	25280 	25280
Dr. B R Ambedkar National Institute of Technology, Jalandhar	Electronics and VLSI Engineering (4 Years, Bachelor of Technology) 	OS 	OPEN 	Gender-Neutral 	14546 	15467
Dr. B R Ambedkar National Institute of Technology, Jalandhar	Electronics and VLSI Engineering (4 Years, Bachelor of Technology) 	OS 	OPEN 	Female-only (including Supernumerary) 	24930 	24930
Dr. B R Ambedkar National Institute of Technology, Jalandhar	Industrial and Production Engineering (4 Years, Bachelor of Technology) 	HS 	OPEN 	Gender-Neutral 	36643 	56804
Dr. B R Ambedkar National Institute of Technology, Jalandhar	Industrial and Production Engineering (4 Years, Bachelor of Technology) 	HS 	OPEN 	Female-only (including Supernumerary) 	51164 	62629
Dr. B R Ambedkar National Institute of Technology, Jalandhar	Industrial and Production Engineering (4 Years, Bachelor of Technology) 	OS 	OPEN 	Gender-Neutral 	19975 	37762
Dr. B R Ambedkar National Institute of Technology, Jalandhar	Industrial and Production Engineering (4 Years, Bachelor of Technology) 	OS 	OPEN 	Female-only (including Supernumerary) 	51413 	51556
Dr. B R Ambedkar National Institute of Technology, Jalandhar	Information Technology (4 Years, Bachelor of Technology) 	HS 	OPEN 	Gender-Neutral 	15163 	21752
Dr. B R Ambedkar National Institute of Technology, Jalandhar	Information Technology (4 Years, Bachelor of Technology) 	HS 	OPEN 	Female-only (including Supernumerary) 	19075 	23461
Dr. B R Ambedkar National Institute of Technology, Jalandhar	Information Technology (4 Years, Bachelor of Technology) 	OS 	OPEN 	Gender-Neutral 	10088 	13050
Dr. B R Ambedkar National Institute of Technology, Jalandhar	Information Technology (4 Years, Bachelor of Technology) 	OS 	OPEN 	Female-only (including Supernumerary) 	18222 	20820
Dr. B R Ambedkar National Institute of Technology, Jalandhar	Instrumentation and Control Engineering (4 Years, Bachelor of Technology) 	HS 	OPEN 	Gender-Neutral 	28502 	38495
Dr. B R Ambedkar National Institute of Technology, Jalandhar	Instrumentation and Control Engineering (4 Years, Bachelor of Technology) 	HS 	OPEN 	Female-only (including Supernumerary) 	36779 	47330
Dr. B R Ambedkar National Institute of Technology, Jalandhar	Instrumentation and Control Engineering (4 Years, Bachelor of Technology) 	OS 	OPEN 	Gender-Neutral 	18375 	26079
Dr. B R Ambedkar National Institute of Technology, Jalandhar	Instrumentation and Control Engineering (4 Years, Bachelor of Technology) 	OS 	OPEN 	Female-only (including Supernumerary) 	33040 	38413
Dr. B R Ambedkar National Institute of Technology, Jalandhar	Mathematics and Computing (4 Years, Bachelor of Technology) 	HS 	OPEN 	Gender-Neutral 	12228 	19925
Dr. B R Ambedkar National Institute of Technology, Jalandhar	Mathematics and Computing (4 Years, Bachelor of Technology) 	HS 	OPEN 	Female-only (including Supernumerary) 	17921 	24158
Dr. B R Ambedkar National Institute of Technology, Jalandhar	Mathematics and Computing (4 Years, Bachelor of Technology) 	OS 	OPEN 	Gender-Neutral 	10431 	13285
Dr. B R Ambedkar National Institute of Technology, Jalandhar	Mathematics and Computing (4 Years, Bachelor of Technology) 	OS 	OPEN 	Female-only (including Supernumerary) 	20823 	21041
Dr. B R Ambedkar National Institute of Technology, Jalandhar	Mechanical Engineering (4 Years, Bachelor of Technology) 	HS 	OPEN 	Gender-Neutral 	29862 	42155
Dr. B R Ambedkar National Institute of Technology, Jalandhar	Mechanical Engineering (4 Years, Bachelor of Technology) 	HS 	OPEN 	Female-only (including Supernumerary) 	35572 	48452
Dr. B R Ambedkar National Institute of Technology, Jalandhar	Mechanical Engineering (4 Years, Bachelor of Technology) 	OS 	OPEN 	Gender-Neutral 	16808 	27699
Dr. B R Ambedkar National Institute of Technology, Jalandhar	Mechanical Engineering (4 Years, Bachelor of Technology) 	OS 	OPEN 	Female-only (including Supernumerary) 	29540 	40391
Dr. B R Ambedkar National Institute of Technology, Jalandhar	Textile Technology (4 Years, Bachelor of Technology) 	HS 	OPEN 	Gender-Neutral 	61273 	70398
Dr. B R Ambedkar National Institute of Technology, Jalandhar	Textile Technology (4 Years, Bachelor of Technology) 	HS 	OPEN 	Female-only (including Supernumerary) 	65722 	70817
Dr. B R Ambedkar National Institute of Technology, Jalandhar	Textile Technology (4 Years, Bachelor of Technology) 	OS 	OPEN 	Gender-Neutral 	35157 	44936
Dr. B R Ambedkar National Institute of Technology, Jalandhar	Textile Technology (4 Years, Bachelor of Technology) 	OS 	OPEN 	Female-only (including Supernumerary) 	46242 	54359
Malaviya National Institute of Technology Jaipur	Architecture (5 Years, Bachelor of Architecture) 	HS 	OPEN 	Gender-Neutral 	638 	1481
Malaviya National Institute of Technology Jaipur	Architecture (5 Years, Bachelor of Architecture) 	HS 	OPEN 	Female-only (including Supernumerary) 	312 	744
Malaviya National Institute of Technology Jaipur	Architecture (5 Years, Bachelor of Architecture) 	OS 	OPEN 	Gender-Neutral 	346 	525
Malaviya National Institute of Technology Jaipur	Architecture (5 Years, Bachelor of Architecture) 	OS 	OPEN 	Female-only (including Supernumerary) 	251 	394
Malaviya National Institute of Technology Jaipur	Artificial Intelligence and Data Engineering (4 Years, Bachelor of Technology) 	HS 	OPEN 	Gender-Neutral 	5769 	6225
Malaviya National Institute of Technology Jaipur	Artificial Intelligence and Data Engineering (4 Years, Bachelor of Technology) 	OS 	OPEN 	Gender-Neutral 	4886 	5555
Malaviya National Institute of Technology Jaipur	Artificial Intelligence and Data Engineering (4 Years, Bachelor of Technology) 	OS 	OPEN 	Female-only (including Supernumerary) 	9274 	9274
Malaviya National Institute of Technology Jaipur	Chemical Engineering (4 Years, Bachelor of Technology) 	HS 	OPEN 	Gender-Neutral 	14240 	24351
Malaviya National Institute of Technology Jaipur	Chemical Engineering (4 Years, Bachelor of Technology) 	HS 	OPEN 	Female-only (including Supernumerary) 	26304 	28752
Malaviya National Institute of Technology Jaipur	Chemical Engineering (4 Years, Bachelor of Technology) 	OS 	OPEN 	Gender-Neutral 	15363 	22258
Malaviya National Institute of Technology Jaipur	Chemical Engineering (4 Years, Bachelor of Technology) 	OS 	OPEN 	Female-only (including Supernumerary) 	23292 	32097
Malaviya National Institute of Technology Jaipur	Civil Engineering (4 Years, Bachelor of Technology) 	HS 	OPEN 	Gender-Neutral 	10944 	27034
Malaviya National Institute of Technology Jaipur	Civil Engineering (4 Years, Bachelor of Technology) 	HS 	OPEN 	Female-only (including Supernumerary) 	30434 	35777
Malaviya National Institute of Technology Jaipur	Civil Engineering (4 Years, Bachelor of Technology) 	OS 	OPEN 	Gender-Neutral 	21231 	30890
Malaviya National Institute of Technology Jaipur	Civil Engineering (4 Years, Bachelor of Technology) 	OS 	OPEN 	Female-only (including Supernumerary) 	37246 	43151
Malaviya National Institute of Technology Jaipur	Computer Science and Engineering (4 Years, Bachelor of Technology) 	HS 	OPEN 	Gender-Neutral 	2937 	5629
Malaviya National Institute of Technology Jaipur	Computer Science and Engineering (4 Years, Bachelor of Technology) 	HS 	OPEN 	Female-only (including Supernumerary) 	2422 	9393
Malaviya National Institute of Technology Jaipur	Computer Science and Engineering (4 Years, Bachelor of Technology) 	OS 	OPEN 	Gender-Neutral 	3027 	4748
Malaviya National Institute of Technology Jaipur	Computer Science and Engineering (4 Years, Bachelor of Technology) 	OS 	OPEN 	Female-only (including Supernumerary) 	5059 	8485
Malaviya National Institute of Technology Jaipur	Electrical Engineering (4 Years, Bachelor of Technology) 	HS 	OPEN 	Gender-Neutral 	10817 	12712
Malaviya National Institute of Technology Jaipur	Electrical Engineering (4 Years, Bachelor of Technology) 	HS 	OPEN 	Female-only (including Supernumerary) 	17818 	21027
Malaviya National Institute of Technology Jaipur	Electrical Engineering (4 Years, Bachelor of Technology) 	OS 	OPEN 	Gender-Neutral 	9795 	12061
Malaviya National Institute of Technology Jaipur	Electrical Engineering (4 Years, Bachelor of Technology) 	OS 	OPEN 	Female-only (including Supernumerary) 	14248 	20965
Malaviya National Institute of Technology Jaipur	Electronics and Communication Engineering (4 Years, Bachelor of Technology) 	HS 	OPEN 	Gender-Neutral 	7752 	9900
Malaviya National Institute of Technology Jaipur	Electronics and Communication Engineering (4 Years, Bachelor of Technology) 	HS 	OPEN 	Female-only (including Supernumerary) 	10644 	16938
Malaviya National Institute of Technology Jaipur	Electronics and Communication Engineering (4 Years, Bachelor of Technology) 	OS 	OPEN 	Gender-Neutral 	6608 	8614
Malaviya National Institute of Technology Jaipur	Electronics and Communication Engineering (4 Years, Bachelor of Technology) 	OS 	OPEN 	Female-only (including Supernumerary) 	11903 	13410
Malaviya National Institute of Technology Jaipur	Mechanical Engineering (4 Years, Bachelor of Technology) 	HS 	OPEN 	Gender-Neutral 	11118 	19096
Malaviya National Institute of Technology Jaipur	Mechanical Engineering (4 Years, Bachelor of Technology) 	HS 	OPEN 	Female-only (including Supernumerary) 	21551 	26463
Malaviya National Institute of Technology Jaipur	Mechanical Engineering (4 Years, Bachelor of Technology) 	OS 	OPEN 	Gender-Neutral 	8906 	17685
Malaviya National Institute of Technology Jaipur	Mechanical Engineering (4 Years, Bachelor of Technology) 	OS 	OPEN 	Female-only (including Supernumerary) 	24365 	31262
Malaviya National Institute of Technology Jaipur	Metallurgical and Materials Engineering (4 Years, Bachelor of Technology) 	HS 	OPEN 	Gender-Neutral 	28260 	33350
Malaviya National Institute of Technology Jaipur	Metallurgical and Materials Engineering (4 Years, Bachelor of Technology) 	HS 	OPEN 	Female-only (including Supernumerary) 	36660 	41140
Malaviya National Institute of Technology Jaipur	Metallurgical and Materials Engineering (4 Years, Bachelor of Technology) 	OS 	OPEN 	Gender-Neutral 	21537 	32875
Malaviya National Institute of Technology Jaipur	Metallurgical and Materials Engineering (4 Years, Bachelor of Technology) 	OS 	OPEN 	Female-only (including Supernumerary) 	36630 	40266
Maulana Azad National Institute of Technology Bhopal	Architecture (5 Years, Bachelor of Architecture) 	HS 	OPEN 	Gender-Neutral 	1019 	2157
Maulana Azad National Institute of Technology Bhopal	Architecture (5 Years, Bachelor of Architecture) 	HS 	OPEN 	Female-only (including Supernumerary) 	467 	879
Maulana Azad National Institute of Technology Bhopal	Architecture (5 Years, Bachelor of Architecture) 	OS 	OPEN 	Gender-Neutral 	566 	776
Maulana Azad National Institute of Technology Bhopal	Architecture (5 Years, Bachelor of Architecture) 	OS 	OPEN 	Female-only (including Supernumerary) 	426 	629
Maulana Azad National Institute of Technology Bhopal	B. Tech. and M. Tech. in Engineering and Computational Mechanics (Dual Degree) (5 Years, Bachelor and Master of Technology (Dual Degree)) 	HS 	OPEN 	Gender-Neutral 	25671 	30265
Maulana Azad National Institute of Technology Bhopal	B. Tech. and M. Tech. in Engineering and Computational Mechanics (Dual Degree) (5 Years, Bachelor and Master of Technology (Dual Degree)) 	HS 	OPEN 	Female-only (including Supernumerary) 	36013 	36013
Maulana Azad National Institute of Technology Bhopal	B. Tech. and M. Tech. in Engineering and Computational Mechanics (Dual Degree) (5 Years, Bachelor and Master of Technology (Dual Degree)) 	OS 	OPEN 	Gender-Neutral 	17476 	20056
Maulana Azad National Institute of Technology Bhopal	B. Tech. and M. Tech. in Engineering and Computational Mechanics (Dual Degree) (5 Years, Bachelor and Master of Technology (Dual Degree)) 	OS 	OPEN 	Female-only (including Supernumerary) 	29317 	29317
Maulana Azad National Institute of Technology Bhopal	Chemical Engineering (4 Years, Bachelor of Technology) 	HS 	OPEN 	Gender-Neutral 	24126 	35187
Maulana Azad National Institute of Technology Bhopal	Chemical Engineering (4 Years, Bachelor of Technology) 	HS 	OPEN 	Female-only (including Supernumerary) 	32902 	33870
Maulana Azad National Institute of Technology Bhopal	Chemical Engineering (4 Years, Bachelor of Technology) 	OS 	OPEN 	Gender-Neutral 	23432 	31982
Maulana Azad National Institute of Technology Bhopal	Chemical Engineering (4 Years, Bachelor of Technology) 	OS 	OPEN 	Female-only (including Supernumerary) 	37052 	37626
Maulana Azad National Institute of Technology Bhopal	Civil Engineering (4 Years, Bachelor of Technology) 	HS 	OPEN 	Gender-Neutral 	27877 	40724
Maulana Azad National Institute of Technology Bhopal	Civil Engineering (4 Years, Bachelor of Technology) 	HS 	OPEN 	Female-only (including Supernumerary) 	48728 	54665
Maulana Azad National Institute of Technology Bhopal	Civil Engineering (4 Years, Bachelor of Technology) 	OS 	OPEN 	Gender-Neutral 	26437 	36084
Maulana Azad National Institute of Technology Bhopal	Civil Engineering (4 Years, Bachelor of Technology) 	OS 	OPEN 	Female-only (including Supernumerary) 	43562 	47998
Maulana Azad National Institute of Technology Bhopal	Computer Science and Engineering (4 Years, Bachelor of Technology) 	HS 	OPEN 	Gender-Neutral 	5601 	10863
Maulana Azad National Institute of Technology Bhopal	Computer Science and Engineering (4 Years, Bachelor of Technology) 	HS 	OPEN 	Female-only (including Supernumerary) 	12477 	19524
Maulana Azad National Institute of Technology Bhopal	Computer Science and Engineering (4 Years, Bachelor of Technology) 	OS 	OPEN 	Gender-Neutral 	5163 	8547
Maulana Azad National Institute of Technology Bhopal	Computer Science and Engineering (4 Years, Bachelor of Technology) 	OS 	OPEN 	Female-only (including Supernumerary) 	8925 	15103
Maulana Azad National Institute of Technology Bhopal	Electrical Engineering (4 Years, Bachelor of Technology) 	HS 	OPEN 	Gender-Neutral 	16974 	21441
Maulana Azad National Institute of Technology Bhopal	Electrical Engineering (4 Years, Bachelor of Technology) 	HS 	OPEN 	Female-only (including Supernumerary) 	26048 	32070
Maulana Azad National Institute of Technology Bhopal	Electrical Engineering (4 Years, Bachelor of Technology) 	OS 	OPEN 	Gender-Neutral 	12816 	18379
Maulana Azad National Institute of Technology Bhopal	Electrical Engineering (4 Years, Bachelor of Technology) 	OS 	OPEN 	Female-only (including Supernumerary) 	23043 	26466
Maulana Azad National Institute of Technology Bhopal	Electronics and Communication Engineering (4 Years, Bachelor of Technology) 	HS 	OPEN 	Gender-Neutral 	11302 	16536
Maulana Azad National Institute of Technology Bhopal	Electronics and Communication Engineering (4 Years, Bachelor of Technology) 	HS 	OPEN 	Female-only (including Supernumerary) 	18188 	25119
Maulana Azad National Institute of Technology Bhopal	Electronics and Communication Engineering (4 Years, Bachelor of Technology) 	OS 	OPEN 	Gender-Neutral 	9640 	12706
Maulana Azad National Institute of Technology Bhopal	Electronics and Communication Engineering (4 Years, Bachelor of Technology) 	OS 	OPEN 	Female-only (including Supernumerary) 	16148 	21715
Maulana Azad National Institute of Technology Bhopal	Energy and Electrical Vehicle Engineering (4 Years, Bachelor of Technology) 	HS 	OPEN 	Gender-Neutral 	23805 	28034
Maulana Azad National Institute of Technology Bhopal	Energy and Electrical Vehicle Engineering (4 Years, Bachelor of Technology) 	HS 	OPEN 	Female-only (including Supernumerary) 	39901 	39901
Maulana Azad National Institute of Technology Bhopal	Energy and Electrical Vehicle Engineering (4 Years, Bachelor of Technology) 	OS 	OPEN 	Gender-Neutral 	16830 	23117
Maulana Azad National Institute of Technology Bhopal	Energy and Electrical Vehicle Engineering (4 Years, Bachelor of Technology) 	OS 	OPEN 	Female-only (including Supernumerary) 	30552 	30552
Maulana Azad National Institute of Technology Bhopal	Materials Science and Metallurgical Engineering (4 Years, Bachelor of Technology) 	HS 	OPEN 	Gender-Neutral 	37000 	45067
Maulana Azad National Institute of Technology Bhopal	Materials Science and Metallurgical Engineering (4 Years, Bachelor of Technology) 	HS 	OPEN 	Female-only (including Supernumerary) 	54796 	56839
Maulana Azad National Institute of Technology Bhopal	Materials Science and Metallurgical Engineering (4 Years, Bachelor of Technology) 	OS 	OPEN 	Gender-Neutral 	33161 	39322
Maulana Azad National Institute of Technology Bhopal	Materials Science and Metallurgical Engineering (4 Years, Bachelor of Technology) 	OS 	OPEN 	Female-only (including Supernumerary) 	45042 	47029
Maulana Azad National Institute of Technology Bhopal	Mathematics and Data Science (5 Years, Bachelor and Master of Technology (Dual Degree)) 	HS 	OPEN 	Gender-Neutral 	13200 	15911
Maulana Azad National Institute of Technology Bhopal	Mathematics and Data Science (5 Years, Bachelor and Master of Technology (Dual Degree)) 	HS 	OPEN 	Female-only (including Supernumerary) 	22952 	22952
Maulana Azad National Institute of Technology Bhopal	Mathematics and Data Science (5 Years, Bachelor and Master of Technology (Dual Degree)) 	OS 	OPEN 	Gender-Neutral 	10902 	13766
Maulana Azad National Institute of Technology Bhopal	Mathematics and Data Science (5 Years, Bachelor and Master of Technology (Dual Degree)) 	OS 	OPEN 	Female-only (including Supernumerary) 	20707 	20707
Maulana Azad National Institute of Technology Bhopal	Mechanical Engineering (4 Years, Bachelor of Technology) 	HS 	OPEN 	Gender-Neutral 	22945 	31264
Maulana Azad National Institute of Technology Bhopal	Mechanical Engineering (4 Years, Bachelor of Technology) 	HS 	OPEN 	Female-only (including Supernumerary) 	36403 	44629
Maulana Azad National Institute of Technology Bhopal	Mechanical Engineering (4 Years, Bachelor of Technology) 	OS 	OPEN 	Gender-Neutral 	18342 	25728
Maulana Azad National Institute of Technology Bhopal	Mechanical Engineering (4 Years, Bachelor of Technology) 	OS 	OPEN 	Female-only (including Supernumerary) 	33767 	41699
Maulana Azad National Institute of Technology Bhopal	Planning (4 Years, Bachelor of Planning) 	HS 	OPEN 	Gender-Neutral 	132 	1741
Maulana Azad National Institute of Technology Bhopal	Planning (4 Years, Bachelor of Planning) 	HS 	OPEN 	Female-only (including Supernumerary) 	519 	823
Maulana Azad National Institute of Technology Bhopal	Planning (4 Years, Bachelor of Planning) 	OS 	OPEN 	Gender-Neutral 	114 	342
Maulana Azad National Institute of Technology Bhopal	Planning (4 Years, Bachelor of Planning) 	OS 	OPEN 	Female-only (including Supernumerary) 	499 	535
Motilal Nehru National Institute of Technology Allahabad	Bio Technology (4 Years, Bachelor of Technology) 	HS 	OPEN 	Gender-Neutral 	29127 	35329
Motilal Nehru National Institute of Technology Allahabad	Bio Technology (4 Years, Bachelor of Technology) 	HS 	OPEN 	Female-only (including Supernumerary) 	27848 	42973
Motilal Nehru National Institute of Technology Allahabad	Bio Technology (4 Years, Bachelor of Technology) 	OS 	OPEN 	Gender-Neutral 	27111 	32380
Motilal Nehru National Institute of Technology Allahabad	Bio Technology (4 Years, Bachelor of Technology) 	OS 	OPEN 	Female-only (including Supernumerary) 	30782 	33107
Motilal Nehru National Institute of Technology Allahabad	Chemical Engineering (4 Years, Bachelor of Technology) 	HS 	OPEN 	Gender-Neutral 	16240 	20589
Motilal Nehru National Institute of Technology Allahabad	Chemical Engineering (4 Years, Bachelor of Technology) 	HS 	OPEN 	Female-only (including Supernumerary) 	22404 	30210
Motilal Nehru National Institute of Technology Allahabad	Chemical Engineering (4 Years, Bachelor of Technology) 	OS 	OPEN 	Gender-Neutral 	15480 	20109
Motilal Nehru National Institute of Technology Allahabad	Chemical Engineering (4 Years, Bachelor of Technology) 	OS 	OPEN 	Female-only (including Supernumerary) 	28759 	32378
Motilal Nehru National Institute of Technology Allahabad	Civil Engineering (4 Years, Bachelor of Technology) 	HS 	OPEN 	Gender-Neutral 	17628 	25983
Motilal Nehru National Institute of Technology Allahabad	Civil Engineering (4 Years, Bachelor of Technology) 	HS 	OPEN 	Female-only (including Supernumerary) 	34243 	43457
Motilal Nehru National Institute of Technology Allahabad	Civil Engineering (4 Years, Bachelor of Technology) 	OS 	OPEN 	Gender-Neutral 	8568 	28661
Motilal Nehru National Institute of Technology Allahabad	Civil Engineering (4 Years, Bachelor of Technology) 	OS 	OPEN 	Female-only (including Supernumerary) 	36822 	40028
Motilal Nehru National Institute of Technology Allahabad	Computer Science and Engineering (4 Years, Bachelor of Technology) 	HS 	OPEN 	Gender-Neutral 	2500 	6364
Motilal Nehru National Institute of Technology Allahabad	Computer Science and Engineering (4 Years, Bachelor of Technology) 	HS 	OPEN 	Female-only (including Supernumerary) 	5451 	11813
Motilal Nehru National Institute of Technology Allahabad	Computer Science and Engineering (4 Years, Bachelor of Technology) 	OS 	OPEN 	Gender-Neutral 	2730 	4265
Motilal Nehru National Institute of Technology Allahabad	Computer Science and Engineering (4 Years, Bachelor of Technology) 	OS 	OPEN 	Female-only (including Supernumerary) 	5064 	8792
Motilal Nehru National Institute of Technology Allahabad	Electrical Engineering (4 Years, Bachelor of Technology) 	HS 	OPEN 	Gender-Neutral 	9292 	10846
Motilal Nehru National Institute of Technology Allahabad	Electrical Engineering (4 Years, Bachelor of Technology) 	HS 	OPEN 	Female-only (including Supernumerary) 	18919 	21480
Motilal Nehru National Institute of Technology Allahabad	Electrical Engineering (4 Years, Bachelor of Technology) 	OS 	OPEN 	Gender-Neutral 	8212 	10309
Motilal Nehru National Institute of Technology Allahabad	Electrical Engineering (4 Years, Bachelor of Technology) 	OS 	OPEN 	Female-only (including Supernumerary) 	18071 	20650
Motilal Nehru National Institute of Technology Allahabad	Electronics and Communication Engineering (4 Years, Bachelor of Technology) 	HS 	OPEN 	Gender-Neutral 	6379 	9041
Motilal Nehru National Institute of Technology Allahabad	Electronics and Communication Engineering (4 Years, Bachelor of Technology) 	HS 	OPEN 	Female-only (including Supernumerary) 	13267 	16318
Motilal Nehru National Institute of Technology Allahabad	Electronics and Communication Engineering (4 Years, Bachelor of Technology) 	OS 	OPEN 	Gender-Neutral 	5253 	6710
Motilal Nehru National Institute of Technology Allahabad	Electronics and Communication Engineering (4 Years, Bachelor of Technology) 	OS 	OPEN 	Female-only (including Supernumerary) 	10515 	13750
Motilal Nehru National Institute of Technology Allahabad	Engineering and Computational Mechanics (4 Years, Bachelor of Technology) 	HS 	OPEN 	Gender-Neutral 	9363 	10922
Motilal Nehru National Institute of Technology Allahabad	Engineering and Computational Mechanics (4 Years, Bachelor of Technology) 	HS 	OPEN 	Female-only (including Supernumerary) 	19937 	19937
Motilal Nehru National Institute of Technology Allahabad	Engineering and Computational Mechanics (4 Years, Bachelor of Technology) 	OS 	OPEN 	Gender-Neutral 	7635 	10384
Motilal Nehru National Institute of Technology Allahabad	Engineering and Computational Mechanics (4 Years, Bachelor of Technology) 	OS 	OPEN 	Female-only (including Supernumerary) 	21208 	21208
Motilal Nehru National Institute of Technology Allahabad	Materials Engineering (4 Years, Bachelor of Technology) 	HS 	OPEN 	Gender-Neutral 	32846 	34121
Motilal Nehru National Institute of Technology Allahabad	Materials Engineering (4 Years, Bachelor of Technology) 	HS 	OPEN 	Female-only (including Supernumerary) 	45173 	45173
Motilal Nehru National Institute of Technology Allahabad	Materials Engineering (4 Years, Bachelor of Technology) 	OS 	OPEN 	Gender-Neutral 	26787 	33173
Motilal Nehru National Institute of Technology Allahabad	Materials Engineering (4 Years, Bachelor of Technology) 	OS 	OPEN 	Female-only (including Supernumerary) 	42632 	42632
Motilal Nehru National Institute of Technology Allahabad	Mechanical Engineering (4 Years, Bachelor of Technology) 	HS 	OPEN 	Gender-Neutral 	12888 	18750
Motilal Nehru National Institute of Technology Allahabad	Mechanical Engineering (4 Years, Bachelor of Technology) 	HS 	OPEN 	Female-only (including Supernumerary) 	24591 	29232
Motilal Nehru National Institute of Technology Allahabad	Mechanical Engineering (4 Years, Bachelor of Technology) 	OS 	OPEN 	Gender-Neutral 	11335 	17056
Motilal Nehru National Institute of Technology Allahabad	Mechanical Engineering (4 Years, Bachelor of Technology) 	OS 	OPEN 	Female-only (including Supernumerary) 	25231 	29637
Motilal Nehru National Institute of Technology Allahabad	Production and Industrial Engineering (4 Years, Bachelor of Technology) 	HS 	OPEN 	Gender-Neutral 	15406 	30471
Motilal Nehru National Institute of Technology Allahabad	Production and Industrial Engineering (4 Years, Bachelor of Technology) 	HS 	OPEN 	Female-only (including Supernumerary) 	45437 	47449
Motilal Nehru National Institute of Technology Allahabad	Production and Industrial Engineering (4 Years, Bachelor of Technology) 	OS 	OPEN 	Gender-Neutral 	22947 	29990
Motilal Nehru National Institute of Technology Allahabad	Production and Industrial Engineering (4 Years, Bachelor of Technology) 	OS 	OPEN 	Female-only (including Supernumerary) 	36470 	36766
National Institute of Technology Agartala	Biotechnology and Biochemical Engineering (4 Years, Bachelor of Technology) 	HS 	OPEN 	Gender-Neutral 	155221 	256165
National Institute of Technology Agartala	Biotechnology and Biochemical Engineering (4 Years, Bachelor of Technology) 	HS 	OPEN 	Female-only (including Supernumerary) 	243236 	260834
National Institute of Technology Agartala	Biotechnology and Biochemical Engineering (4 Years, Bachelor of Technology) 	OS 	OPEN 	Gender-Neutral 	39117 	50765
National Institute of Technology Agartala	Biotechnology and Biochemical Engineering (4 Years, Bachelor of Technology) 	OS 	OPEN 	Female-only (including Supernumerary) 	50178 	50724
National Institute of Technology Agartala	Chemical Engineering (4 Years, Bachelor of Technology) 	HS 	OPEN 	Gender-Neutral 	116971 	218902
National Institute of Technology Agartala	Chemical Engineering (4 Years, Bachelor of Technology) 	HS 	OPEN 	Female-only (including Supernumerary) 	137833 	160944
National Institute of Technology Agartala	Chemical Engineering (4 Years, Bachelor of Technology) 	OS 	OPEN 	Gender-Neutral 	40081 	45924
National Institute of Technology Agartala	Chemical Engineering (4 Years, Bachelor of Technology) 	OS 	OPEN 	Female-only (including Supernumerary) 	51032 	53452
National Institute of Technology Agartala	Chemistry (5 Years, Bachelor of Science and Master of Science (Dual Degree)) 	HS 	OPEN 	Gender-Neutral 	92546 	264741
National Institute of Technology Agartala	Chemistry (5 Years, Bachelor of Science and Master of Science (Dual Degree)) 	OS 	OPEN 	Gender-Neutral 	29624 	52233
National Institute of Technology Agartala	Civil Engineering (4 Years, Bachelor of Technology) 	HS 	OPEN 	Gender-Neutral 	73830 	216291
National Institute of Technology Agartala	Civil Engineering (4 Years, Bachelor of Technology) 	HS 	OPEN 	Female-only (including Supernumerary) 	120086 	196315
National Institute of Technology Agartala	Civil Engineering (4 Years, Bachelor of Technology) 	OS 	OPEN 	Gender-Neutral 	42058 	47387
National Institute of Technology Agartala	Civil Engineering (4 Years, Bachelor of Technology) 	OS 	OPEN 	Female-only (including Supernumerary) 	56170 	59923
National Institute of Technology Agartala	Computational Mathematics (5 Years, Bachelor and Master of Technology (Dual Degree)) 	HS 	OPEN 	Gender-Neutral 	111217 	164761
National Institute of Technology Agartala	Computational Mathematics (5 Years, Bachelor and Master of Technology (Dual Degree)) 	OS 	OPEN 	Gender-Neutral 	22449 	28397
National Institute of Technology Agartala	Computer Science and Engineering (4 Years, Bachelor of Technology) 	HS 	OPEN 	Gender-Neutral 	17769 	66895
National Institute of Technology Agartala	Computer Science and Engineering (4 Years, Bachelor of Technology) 	HS 	OPEN 	Female-only (including Supernumerary) 	37667 	69031
National Institute of Technology Agartala	Computer Science and Engineering (4 Years, Bachelor of Technology) 	OS 	OPEN 	Gender-Neutral 	10297 	19064
National Institute of Technology Agartala	Computer Science and Engineering (4 Years, Bachelor of Technology) 	OS 	OPEN 	Female-only (including Supernumerary) 	25725 	31912
National Institute of Technology Agartala	Electrical Engineering (4 Years, Bachelor of Technology) 	HS 	OPEN 	Gender-Neutral 	75417 	116330
National Institute of Technology Agartala	Electrical Engineering (4 Years, Bachelor of Technology) 	HS 	OPEN 	Female-only (including Supernumerary) 	93924 	104739
National Institute of Technology Agartala	Electrical Engineering (4 Years, Bachelor of Technology) 	OS 	OPEN 	Gender-Neutral 	23386 	33497
National Institute of Technology Agartala	Electrical Engineering (4 Years, Bachelor of Technology) 	OS 	OPEN 	Female-only (including Supernumerary) 	41109 	46985
National Institute of Technology Agartala	Electronics and Communication Engineering (4 Years, Bachelor of Technology) 	HS 	OPEN 	Gender-Neutral 	70884 	93804
National Institute of Technology Agartala	Electronics and Communication Engineering (4 Years, Bachelor of Technology) 	HS 	OPEN 	Female-only (including Supernumerary) 	71842 	91798
National Institute of Technology Agartala	Electronics and Communication Engineering (4 Years, Bachelor of Technology) 	OS 	OPEN 	Gender-Neutral 	20215 	25164
National Institute of Technology Agartala	Electronics and Communication Engineering (4 Years, Bachelor of Technology) 	OS 	OPEN 	Female-only (including Supernumerary) 	35770 	39872
National Institute of Technology Agartala	Electronics and Instrumentation Engineering (4 Years, Bachelor of Technology) 	HS 	OPEN 	Gender-Neutral 	82103 	130828
National Institute of Technology Agartala	Electronics and Instrumentation Engineering (4 Years, Bachelor of Technology) 	HS 	OPEN 	Female-only (including Supernumerary) 	118131 	127286
National Institute of Technology Agartala	Electronics and Instrumentation Engineering (4 Years, Bachelor of Technology) 	OS 	OPEN 	Gender-Neutral 	26608 	33191
National Institute of Technology Agartala	Electronics and Instrumentation Engineering (4 Years, Bachelor of Technology) 	OS 	OPEN 	Female-only (including Supernumerary) 	40691 	44222
National Institute of Technology Agartala	Engineering Physics (5 Years, Bachelor and Master of Technology (Dual Degree)) 	HS 	OPEN 	Gender-Neutral 	220764 	256124
National Institute of Technology Agartala	Engineering Physics (5 Years, Bachelor and Master of Technology (Dual Degree)) 	OS 	OPEN 	Gender-Neutral 	28112 	42216
National Institute of Technology Agartala	Mathematics & Computing (5 Years, Bachelor of Science and Master of Science (Dual Degree)) 	HS 	OPEN 	Gender-Neutral 	102834 	181085
National Institute of Technology Agartala	Mathematics & Computing (5 Years, Bachelor of Science and Master of Science (Dual Degree)) 	OS 	OPEN 	Gender-Neutral 	20987 	31487
National Institute of Technology Agartala	Mechanical Engineering (4 Years, Bachelor of Technology) 	HS 	OPEN 	Gender-Neutral 	118648 	169546
National Institute of Technology Agartala	Mechanical Engineering (4 Years, Bachelor of Technology) 	HS 	OPEN 	Female-only (including Supernumerary) 	122396 	187374
National Institute of Technology Agartala	Mechanical Engineering (4 Years, Bachelor of Technology) 	OS 	OPEN 	Gender-Neutral 	31846 	39049
National Institute of Technology Agartala	Mechanical Engineering (4 Years, Bachelor of Technology) 	OS 	OPEN 	Female-only (including Supernumerary) 	45711 	52836
National Institute of Technology Agartala	Physics (5 Years, Bachelor of Science and Master of Science (Dual Degree)) 	HS 	OPEN 	Gender-Neutral 	66356 	255047
National Institute of Technology Agartala	Physics (5 Years, Bachelor of Science and Master of Science (Dual Degree)) 	OS 	OPEN 	Gender-Neutral 	24786 	45304
National Institute of Technology Agartala	Production Engineering (4 Years, Bachelor of Technology) 	HS 	OPEN 	Gender-Neutral 	209522 	262622
National Institute of Technology Agartala	Production Engineering (4 Years, Bachelor of Technology) 	HS 	OPEN 	Female-only (including Supernumerary) 	221330 	251078
National Institute of Technology Agartala	Production Engineering (4 Years, Bachelor of Technology) 	OS 	OPEN 	Gender-Neutral 	44009 	50569
National Institute of Technology Agartala	Production Engineering (4 Years, Bachelor of Technology) 	OS 	OPEN 	Female-only (including Supernumerary) 	54826 	58621
National Institute of Technology Calicut	Architecture (5 Years, Bachelor of Architecture) 	HS 	OPEN 	Gender-Neutral 	93 	208
National Institute of Technology Calicut	Architecture (5 Years, Bachelor of Architecture) 	HS 	OPEN 	Female-only (including Supernumerary) 	25 	33
National Institute of Technology Calicut	Architecture (5 Years, Bachelor of Architecture) 	OS 	OPEN 	Gender-Neutral 	2 	232
National Institute of Technology Calicut	Architecture (5 Years, Bachelor of Architecture) 	OS 	OPEN 	Female-only (including Supernumerary) 	164 	169
National Institute of Technology Calicut	Bio Technology (4 Years, Bachelor of Technology) 	HS 	OPEN 	Gender-Neutral 	22636 	29616
National Institute of Technology Calicut	Bio Technology (4 Years, Bachelor of Technology) 	HS 	OPEN 	Female-only (including Supernumerary) 	14626 	24211
National Institute of Technology Calicut	Bio Technology (4 Years, Bachelor of Technology) 	OS 	OPEN 	Gender-Neutral 	8370 	26457
National Institute of Technology Calicut	Bio Technology (4 Years, Bachelor of Technology) 	OS 	OPEN 	Female-only (including Supernumerary) 	29726 	29726
National Institute of Technology Calicut	Chemical Engineering (4 Years, Bachelor of Technology) 	HS 	OPEN 	Gender-Neutral 	17181 	24071
National Institute of Technology Calicut	Chemical Engineering (4 Years, Bachelor of Technology) 	HS 	OPEN 	Female-only (including Supernumerary) 	17614 	29015
National Institute of Technology Calicut	Chemical Engineering (4 Years, Bachelor of Technology) 	OS 	OPEN 	Gender-Neutral 	16319 	21138
National Institute of Technology Calicut	Chemical Engineering (4 Years, Bachelor of Technology) 	OS 	OPEN 	Female-only (including Supernumerary) 	26381 	32972
National Institute of Technology Calicut	Civil Engineering (4 Years, Bachelor of Technology) 	HS 	OPEN 	Gender-Neutral 	19759 	33735
National Institute of Technology Calicut	Civil Engineering (4 Years, Bachelor of Technology) 	HS 	OPEN 	Female-only (including Supernumerary) 	25991 	33215
National Institute of Technology Calicut	Civil Engineering (4 Years, Bachelor of Technology) 	OS 	OPEN 	Gender-Neutral 	21512 	28830
National Institute of Technology Calicut	Civil Engineering (4 Years, Bachelor of Technology) 	OS 	OPEN 	Female-only (including Supernumerary) 	36568 	41195
National Institute of Technology Calicut	Computer Science and Engineering (4 Years, Bachelor of Technology) 	HS 	OPEN 	Gender-Neutral 	2998 	7971
National Institute of Technology Calicut	Computer Science and Engineering (4 Years, Bachelor of Technology) 	HS 	OPEN 	Female-only (including Supernumerary) 	7008 	9811
National Institute of Technology Calicut	Computer Science and Engineering (4 Years, Bachelor of Technology) 	OS 	OPEN 	Gender-Neutral 	3167 	4678
National Institute of Technology Calicut	Computer Science and Engineering (4 Years, Bachelor of Technology) 	OS 	OPEN 	Female-only (including Supernumerary) 	5066 	6856
National Institute of Technology Calicut	Electrical and Electronics Engineering (4 Years, Bachelor of Technology) 	HS 	OPEN 	Gender-Neutral 	11508 	14654
National Institute of Technology Calicut	Electrical and Electronics Engineering (4 Years, Bachelor of Technology) 	HS 	OPEN 	Female-only (including Supernumerary) 	17132 	17544
National Institute of Technology Calicut	Electrical and Electronics Engineering (4 Years, Bachelor of Technology) 	OS 	OPEN 	Gender-Neutral 	7302 	9624
National Institute of Technology Calicut	Electrical and Electronics Engineering (4 Years, Bachelor of Technology) 	OS 	OPEN 	Female-only (including Supernumerary) 	11419 	15861
National Institute of Technology Calicut	Electronics and Communication Engineering (4 Years, Bachelor of Technology) 	HS 	OPEN 	Gender-Neutral 	6028 	11606
National Institute of Technology Calicut	Electronics and Communication Engineering (4 Years, Bachelor of Technology) 	HS 	OPEN 	Female-only (including Supernumerary) 	12112 	16350
National Institute of Technology Calicut	Electronics and Communication Engineering (4 Years, Bachelor of Technology) 	OS 	OPEN 	Gender-Neutral 	5578 	7380
National Institute of Technology Calicut	Electronics and Communication Engineering (4 Years, Bachelor of Technology) 	OS 	OPEN 	Female-only (including Supernumerary) 	8324 	11234
National Institute of Technology Calicut	Energy Engineering (4 Years, Bachelor of Technology) 	HS 	OPEN 	Gender-Neutral 	19929 	27332
National Institute of Technology Calicut	Energy Engineering (4 Years, Bachelor of Technology) 	HS 	OPEN 	Female-only (including Supernumerary) 	30237 	34300
National Institute of Technology Calicut	Energy Engineering (4 Years, Bachelor of Technology) 	OS 	OPEN 	Gender-Neutral 	12759 	18696
National Institute of Technology Calicut	Energy Engineering (4 Years, Bachelor of Technology) 	OS 	OPEN 	Female-only (including Supernumerary) 	31203 	31203
National Institute of Technology Calicut	Engineering Physics (4 Years, Bachelor of Technology) 	HS 	OPEN 	Gender-Neutral 	17872 	21814
National Institute of Technology Calicut	Engineering Physics (4 Years, Bachelor of Technology) 	HS 	OPEN 	Female-only (including Supernumerary) 	19667 	19791
National Institute of Technology Calicut	Engineering Physics (4 Years, Bachelor of Technology) 	OS 	OPEN 	Gender-Neutral 	9630 	13924
National Institute of Technology Calicut	Engineering Physics (4 Years, Bachelor of Technology) 	OS 	OPEN 	Female-only (including Supernumerary) 	23296 	23296
National Institute of Technology Calicut	Materials Science and Engineering (4 Years, Bachelor of Technology) 	HS 	OPEN 	Gender-Neutral 	29825 	32901
National Institute of Technology Calicut	Materials Science and Engineering (4 Years, Bachelor of Technology) 	HS 	OPEN 	Female-only (including Supernumerary) 	32018 	32018
National Institute of Technology Calicut	Materials Science and Engineering (4 Years, Bachelor of Technology) 	OS 	OPEN 	Gender-Neutral 	19452 	26840
National Institute of Technology Calicut	Materials Science and Engineering (4 Years, Bachelor of Technology) 	OS 	OPEN 	Female-only (including Supernumerary) 	37797 	37797
National Institute of Technology Calicut	Mechanical Engineering (4 Years, Bachelor of Technology) 	HS 	OPEN 	Gender-Neutral 	12742 	18480
National Institute of Technology Calicut	Mechanical Engineering (4 Years, Bachelor of Technology) 	HS 	OPEN 	Female-only (including Supernumerary) 	23802 	30652
National Institute of Technology Calicut	Mechanical Engineering (4 Years, Bachelor of Technology) 	OS 	OPEN 	Gender-Neutral 	10576 	15624
National Institute of Technology Calicut	Mechanical Engineering (4 Years, Bachelor of Technology) 	OS 	OPEN 	Female-only (including Supernumerary) 	23427 	29216
National Institute of Technology Calicut	Production Engineering (4 Years, Bachelor of Technology) 	HS 	OPEN 	Gender-Neutral 	19111 	32538
National Institute of Technology Calicut	Production Engineering (4 Years, Bachelor of Technology) 	HS 	OPEN 	Female-only (including Supernumerary) 	33888 	34388
National Institute of Technology Calicut	Production Engineering (4 Years, Bachelor of Technology) 	OS 	OPEN 	Gender-Neutral 	18653 	28078
National Institute of Technology Calicut	Production Engineering (4 Years, Bachelor of Technology) 	OS 	OPEN 	Female-only (including Supernumerary) 	35210 	38670
National Institute of Technology Delhi	Aerospace Engineering (4 Years, Bachelor of Technology) 	HS 	OPEN 	Gender-Neutral 	13103 	14639
National Institute of Technology Delhi	Aerospace Engineering (4 Years, Bachelor of Technology) 	HS 	OPEN 	Female-only (including Supernumerary) 	27101 	27101
National Institute of Technology Delhi	Aerospace Engineering (4 Years, Bachelor of Technology) 	OS 	OPEN 	Gender-Neutral 	5722 	11260
National Institute of Technology Delhi	Aerospace Engineering (4 Years, Bachelor of Technology) 	OS 	OPEN 	Female-only (including Supernumerary) 	17050 	17050
National Institute of Technology Delhi	Artificial Intelligence and Data Science (4 Years, Bachelor of Technology) 	HS 	OPEN 	Gender-Neutral 	6449 	9420
National Institute of Technology Delhi	Artificial Intelligence and Data Science (4 Years, Bachelor of Technology) 	HS 	OPEN 	Female-only (including Supernumerary) 	16200 	16200
National Institute of Technology Delhi	Artificial Intelligence and Data Science (4 Years, Bachelor of Technology) 	OS 	OPEN 	Gender-Neutral 	5700 	6610
National Institute of Technology Delhi	Artificial Intelligence and Data Science (4 Years, Bachelor of Technology) 	OS 	OPEN 	Female-only (including Supernumerary) 	11917 	11917
National Institute of Technology Delhi	Civil Engineering (4 Years, Bachelor of Technology) 	HS 	OPEN 	Gender-Neutral 	23309 	28420
National Institute of Technology Delhi	Civil Engineering (4 Years, Bachelor of Technology) 	HS 	OPEN 	Female-only (including Supernumerary) 	23177 	23177
National Institute of Technology Delhi	Civil Engineering (4 Years, Bachelor of Technology) 	OS 	OPEN 	Gender-Neutral 	20507 	23444
National Institute of Technology Delhi	Civil Engineering (4 Years, Bachelor of Technology) 	OS 	OPEN 	Female-only (including Supernumerary) 	30069 	30069
National Institute of Technology Delhi	Computer Science and Engineering (4 Years, Bachelor of Technology) 	HS 	OPEN 	Gender-Neutral 	3155 	8971
National Institute of Technology Delhi	Computer Science and Engineering (4 Years, Bachelor of Technology) 	HS 	OPEN 	Female-only (including Supernumerary) 	6699 	13560
National Institute of Technology Delhi	Computer Science and Engineering (4 Years, Bachelor of Technology) 	OS 	OPEN 	Gender-Neutral 	1209 	6746
National Institute of Technology Delhi	Computer Science and Engineering (4 Years, Bachelor of Technology) 	OS 	OPEN 	Female-only (including Supernumerary) 	4930 	12218
National Institute of Technology Delhi	Electrical Engineering (4 Years, Bachelor of Technology) 	HS 	OPEN 	Gender-Neutral 	14243 	16098
National Institute of Technology Delhi	Electrical Engineering (4 Years, Bachelor of Technology) 	HS 	OPEN 	Female-only (including Supernumerary) 	24708 	29409
National Institute of Technology Delhi	Electrical Engineering (4 Years, Bachelor of Technology) 	OS 	OPEN 	Gender-Neutral 	7184 	12925
National Institute of Technology Delhi	Electrical Engineering (4 Years, Bachelor of Technology) 	OS 	OPEN 	Female-only (including Supernumerary) 	22961 	24871
National Institute of Technology Delhi	Electronics and Communication Engineering (4 Years, Bachelor of Technology) 	HS 	OPEN 	Gender-Neutral 	9839 	12508
National Institute of Technology Delhi	Electronics and Communication Engineering (4 Years, Bachelor of Technology) 	HS 	OPEN 	Female-only (including Supernumerary) 	16482 	18497
National Institute of Technology Delhi	Electronics and Communication Engineering (4 Years, Bachelor of Technology) 	OS 	OPEN 	Gender-Neutral 	3817 	9720
National Institute of Technology Delhi	Electronics and Communication Engineering (4 Years, Bachelor of Technology) 	OS 	OPEN 	Female-only (including Supernumerary) 	15910 	18083
National Institute of Technology Delhi	Mechanical Engineering (4 Years, Bachelor of Technology) 	HS 	OPEN 	Gender-Neutral 	15647 	19493
National Institute of Technology Delhi	Mechanical Engineering (4 Years, Bachelor of Technology) 	HS 	OPEN 	Female-only (including Supernumerary) 	37114 	37988
National Institute of Technology Delhi	Mechanical Engineering (4 Years, Bachelor of Technology) 	OS 	OPEN 	Gender-Neutral 	13780 	17835
National Institute of Technology Delhi	Mechanical Engineering (4 Years, Bachelor of Technology) 	OS 	OPEN 	Female-only (including Supernumerary) 	22256 	22256
National Institute of Technology Delhi	VLSI Design and Technology (4 Years, Bachelor of Technology) 	HS 	OPEN 	Gender-Neutral 	8096 	13927
National Institute of Technology Delhi	VLSI Design and Technology (4 Years, Bachelor of Technology) 	HS 	OPEN 	Female-only (including Supernumerary) 	22899 	22899
National Institute of Technology Delhi	VLSI Design and Technology (4 Years, Bachelor of Technology) 	OS 	OPEN 	Gender-Neutral 	10835 	11918
National Institute of Technology Delhi	VLSI Design and Technology (4 Years, Bachelor of Technology) 	OS 	OPEN 	Female-only (including Supernumerary) 	20667 	20667
National Institute of Technology Durgapur	B.Tech in Mathematics and Computing (4 Years, Bachelor of Technology) 	HS 	OPEN 	Gender-Neutral 	11090 	12429
National Institute of Technology Durgapur	B.Tech in Mathematics and Computing (4 Years, Bachelor of Technology) 	HS 	OPEN 	Female-only (including Supernumerary) 	20197 	21693
National Institute of Technology Durgapur	B.Tech in Mathematics and Computing (4 Years, Bachelor of Technology) 	OS 	OPEN 	Gender-Neutral 	9456 	10872
National Institute of Technology Durgapur	B.Tech in Mathematics and Computing (4 Years, Bachelor of Technology) 	OS 	OPEN 	Female-only (including Supernumerary) 	16465 	17750
National Institute of Technology Durgapur	Bio Technology (4 Years, Bachelor of Technology) 	HS 	OPEN 	Gender-Neutral 	27296 	39655
National Institute of Technology Durgapur	Bio Technology (4 Years, Bachelor of Technology) 	HS 	OPEN 	Female-only (including Supernumerary) 	37210 	41061
National Institute of Technology Durgapur	Bio Technology (4 Years, Bachelor of Technology) 	OS 	OPEN 	Gender-Neutral 	32493 	38406
National Institute of Technology Durgapur	Bio Technology (4 Years, Bachelor of Technology) 	OS 	OPEN 	Female-only (including Supernumerary) 	33808 	42892
National Institute of Technology Durgapur	Biotechnology (5 Years, Bachelor and Master of Technology (Dual Degree)) 	HS 	OPEN 	Gender-Neutral 	25511 	25511
National Institute of Technology Durgapur	Biotechnology (5 Years, Bachelor and Master of Technology (Dual Degree)) 	OS 	OPEN 	Gender-Neutral 	41867 	41977
National Institute of Technology Durgapur	Chemical Engineering (4 Years, Bachelor of Technology) 	HS 	OPEN 	Gender-Neutral 	25035 	31947
National Institute of Technology Durgapur	Chemical Engineering (4 Years, Bachelor of Technology) 	HS 	OPEN 	Female-only (including Supernumerary) 	36240 	38297
National Institute of Technology Durgapur	Chemical Engineering (4 Years, Bachelor of Technology) 	OS 	OPEN 	Gender-Neutral 	25470 	30862
National Institute of Technology Durgapur	Chemical Engineering (4 Years, Bachelor of Technology) 	OS 	OPEN 	Female-only (including Supernumerary) 	38972 	40846
National Institute of Technology Durgapur	Chemical Engineering (5 Years, Bachelor and Master of Technology (Dual Degree)) 	HS 	OPEN 	Gender-Neutral 	33117 	36669
National Institute of Technology Durgapur	Chemical Engineering (5 Years, Bachelor and Master of Technology (Dual Degree)) 	OS 	OPEN 	Gender-Neutral 	31057 	31057
National Institute of Technology Durgapur	Chemical Engineering (5 Years, Bachelor and Master of Technology (Dual Degree)) 	OS 	OPEN 	Female-only (including Supernumerary) 	42156 	42156
National Institute of Technology Durgapur	Chemistry (5 Years, Integrated Master of Science) 	HS 	OPEN 	Gender-Neutral 	36363 	48764
National Institute of Technology Durgapur	Chemistry (5 Years, Integrated Master of Science) 	HS 	OPEN 	Female-only (including Supernumerary) 	44052 	44052
National Institute of Technology Durgapur	Chemistry (5 Years, Integrated Master of Science) 	OS 	OPEN 	Gender-Neutral 	31800 	40883
National Institute of Technology Durgapur	Chemistry (5 Years, Integrated Master of Science) 	OS 	OPEN 	Female-only (including Supernumerary) 	52372 	52372
National Institute of Technology Durgapur	Civil Engineering (4 Years, Bachelor of Technology) 	HS 	OPEN 	Gender-Neutral 	30295 	36902
National Institute of Technology Durgapur	Civil Engineering (4 Years, Bachelor of Technology) 	HS 	OPEN 	Female-only (including Supernumerary) 	41900 	43887
National Institute of Technology Durgapur	Civil Engineering (4 Years, Bachelor of Technology) 	OS 	OPEN 	Gender-Neutral 	30006 	37328
National Institute of Technology Durgapur	Civil Engineering (4 Years, Bachelor of Technology) 	OS 	OPEN 	Female-only (including Supernumerary) 	44011 	44918
National Institute of Technology Durgapur	Computer Science and Engineering (4 Years, Bachelor of Technology) 	HS 	OPEN 	Gender-Neutral 	3827 	10493
National Institute of Technology Durgapur	Computer Science and Engineering (4 Years, Bachelor of Technology) 	HS 	OPEN 	Female-only (including Supernumerary) 	8443 	14274
National Institute of Technology Durgapur	Computer Science and Engineering (4 Years, Bachelor of Technology) 	OS 	OPEN 	Gender-Neutral 	6214 	8596
National Institute of Technology Durgapur	Computer Science and Engineering (4 Years, Bachelor of Technology) 	OS 	OPEN 	Female-only (including Supernumerary) 	10862 	12441
National Institute of Technology Durgapur	Electrical Engineering (4 Years, Bachelor of Technology) 	HS 	OPEN 	Gender-Neutral 	11783 	19950
National Institute of Technology Durgapur	Electrical Engineering (4 Years, Bachelor of Technology) 	HS 	OPEN 	Female-only (including Supernumerary) 	23724 	27906
National Institute of Technology Durgapur	Electrical Engineering (4 Years, Bachelor of Technology) 	OS 	OPEN 	Gender-Neutral 	14671 	18049
National Institute of Technology Durgapur	Electrical Engineering (4 Years, Bachelor of Technology) 	OS 	OPEN 	Female-only (including Supernumerary) 	27868 	29193
National Institute of Technology Durgapur	Electronics and Communication Engineering (4 Years, Bachelor of Technology) 	HS 	OPEN 	Gender-Neutral 	5577 	14676
National Institute of Technology Durgapur	Electronics and Communication Engineering (4 Years, Bachelor of Technology) 	HS 	OPEN 	Female-only (including Supernumerary) 	19068 	23217
National Institute of Technology Durgapur	Electronics and Communication Engineering (4 Years, Bachelor of Technology) 	OS 	OPEN 	Gender-Neutral 	8992 	12334
National Institute of Technology Durgapur	Electronics and Communication Engineering (4 Years, Bachelor of Technology) 	OS 	OPEN 	Female-only (including Supernumerary) 	17588 	20128
National Institute of Technology Durgapur	Mechanical Engineering (4 Years, Bachelor of Technology) 	HS 	OPEN 	Gender-Neutral 	15235 	26998
National Institute of Technology Durgapur	Mechanical Engineering (4 Years, Bachelor of Technology) 	HS 	OPEN 	Female-only (including Supernumerary) 	34306 	38036
National Institute of Technology Durgapur	Mechanical Engineering (4 Years, Bachelor of Technology) 	OS 	OPEN 	Gender-Neutral 	19058 	24706
National Institute of Technology Durgapur	Mechanical Engineering (4 Years, Bachelor of Technology) 	OS 	OPEN 	Female-only (including Supernumerary) 	34949 	39217
National Institute of Technology Durgapur	Metallurgical and Materials Engineering (4 Years, Bachelor of Technology) 	HS 	OPEN 	Gender-Neutral 	29439 	37198
National Institute of Technology Durgapur	Metallurgical and Materials Engineering (4 Years, Bachelor of Technology) 	HS 	OPEN 	Female-only (including Supernumerary) 	41592 	48925
National Institute of Technology Durgapur	Metallurgical and Materials Engineering (4 Years, Bachelor of Technology) 	OS 	OPEN 	Gender-Neutral 	26977 	36515
National Institute of Technology Durgapur	Metallurgical and Materials Engineering (4 Years, Bachelor of Technology) 	OS 	OPEN 	Female-only (including Supernumerary) 	47131 	51491
National Institute of Technology Goa	Civil Engineering (4 Years, Bachelor of Technology) 	GO 	OPEN 	Gender-Neutral 	74858 	84964
National Institute of Technology Goa	Civil Engineering (4 Years, Bachelor of Technology) 	GO 	OPEN 	Female-only (including Supernumerary) 	75521 	75521
National Institute of Technology Goa	Civil Engineering (4 Years, Bachelor of Technology) 	HS 	OPEN 	Gender-Neutral 	56169 	56169
National Institute of Technology Goa	Civil Engineering (4 Years, Bachelor of Technology) 	HS 	OPEN 	Female-only (including Supernumerary) 	168183 	168183
National Institute of Technology Goa	Civil Engineering (4 Years, Bachelor of Technology) 	OS 	OPEN 	Gender-Neutral 	24725 	34130
National Institute of Technology Goa	Civil Engineering (4 Years, Bachelor of Technology) 	OS 	OPEN 	Female-only (including Supernumerary) 	40244 	44090
National Institute of Technology Goa	Computer Science and Engineering (4 Years, Bachelor of Technology) 	GO 	OPEN 	Gender-Neutral 	24829 	27338
National Institute of Technology Goa	Computer Science and Engineering (4 Years, Bachelor of Technology) 	GO 	OPEN 	Female-only (including Supernumerary) 	49649 	60711
National Institute of Technology Goa	Computer Science and Engineering (4 Years, Bachelor of Technology) 	HS 	OPEN 	Gender-Neutral 	15961 	16198
National Institute of Technology Goa	Computer Science and Engineering (4 Years, Bachelor of Technology) 	OS 	OPEN 	Gender-Neutral 	6275 	11696
National Institute of Technology Goa	Computer Science and Engineering (4 Years, Bachelor of Technology) 	OS 	OPEN 	Female-only (including Supernumerary) 	16518 	16518
National Institute of Technology Goa	Electrical and Electronics Engineering (4 Years, Bachelor of Technology) 	GO 	OPEN 	Gender-Neutral 	37739 	51332
National Institute of Technology Goa	Electrical and Electronics Engineering (4 Years, Bachelor of Technology) 	GO 	OPEN 	Female-only (including Supernumerary) 	80052 	80052
National Institute of Technology Goa	Electrical and Electronics Engineering (4 Years, Bachelor of Technology) 	HS 	OPEN 	Gender-Neutral 	41813 	41813
National Institute of Technology Goa	Electrical and Electronics Engineering (4 Years, Bachelor of Technology) 	HS 	OPEN 	Female-only (including Supernumerary) 	81915 	81915
National Institute of Technology Goa	Electrical and Electronics Engineering (4 Years, Bachelor of Technology) 	OS 	OPEN 	Gender-Neutral 	17847 	20583
National Institute of Technology Goa	Electrical and Electronics Engineering (4 Years, Bachelor of Technology) 	OS 	OPEN 	Female-only (including Supernumerary) 	26281 	27650
National Institute of Technology Goa	Electronics and Communication Engineering (4 Years, Bachelor of Technology) 	GO 	OPEN 	Gender-Neutral 	33056 	45337
National Institute of Technology Goa	Electronics and Communication Engineering (4 Years, Bachelor of Technology) 	GO 	OPEN 	Female-only (including Supernumerary) 	70677 	73683
National Institute of Technology Goa	Electronics and Communication Engineering (4 Years, Bachelor of Technology) 	HS 	OPEN 	Gender-Neutral 	29059 	31764
National Institute of Technology Goa	Electronics and Communication Engineering (4 Years, Bachelor of Technology) 	OS 	OPEN 	Gender-Neutral 	12359 	15345
National Institute of Technology Goa	Electronics and Communication Engineering (4 Years, Bachelor of Technology) 	OS 	OPEN 	Female-only (including Supernumerary) 	20048 	20625
National Institute of Technology Goa	Mechanical Engineering (4 Years, Bachelor of Technology) 	GO 	OPEN 	Gender-Neutral 	32417 	64851
National Institute of Technology Goa	Mechanical Engineering (4 Years, Bachelor of Technology) 	GO 	OPEN 	Female-only (including Supernumerary) 	113370 	113370
National Institute of Technology Goa	Mechanical Engineering (4 Years, Bachelor of Technology) 	HS 	OPEN 	Gender-Neutral 	44999 	44999
National Institute of Technology Goa	Mechanical Engineering (4 Years, Bachelor of Technology) 	OS 	OPEN 	Gender-Neutral 	23405 	27118
National Institute of Technology Goa	Mechanical Engineering (4 Years, Bachelor of Technology) 	OS 	OPEN 	Female-only (including Supernumerary) 	33593 	33593
National Institute of Technology Hamirpur	Architecture (5 Years, Bachelor of Architecture) 	HS 	OPEN 	Gender-Neutral 	939 	5810
National Institute of Technology Hamirpur	Architecture (5 Years, Bachelor of Architecture) 	HS 	OPEN 	Female-only (including Supernumerary) 	197 	1959
National Institute of Technology Hamirpur	Architecture (5 Years, Bachelor of Architecture) 	OS 	OPEN 	Gender-Neutral 	609 	780
National Institute of Technology Hamirpur	Architecture (5 Years, Bachelor of Architecture) 	OS 	OPEN 	Female-only (including Supernumerary) 	520 	585
National Institute of Technology Hamirpur	Chemical Engineering (4 Years, Bachelor of Technology) 	HS 	OPEN 	Gender-Neutral 	55416 	83038
National Institute of Technology Hamirpur	Chemical Engineering (4 Years, Bachelor of Technology) 	HS 	OPEN 	Female-only (including Supernumerary) 	75372 	93980
National Institute of Technology Hamirpur	Chemical Engineering (4 Years, Bachelor of Technology) 	OS 	OPEN 	Gender-Neutral 	31111 	35719
National Institute of Technology Hamirpur	Chemical Engineering (4 Years, Bachelor of Technology) 	OS 	OPEN 	Female-only (including Supernumerary) 	42466 	44457
National Institute of Technology Hamirpur	Civil Engineering (4 Years, Bachelor of Technology) 	HS 	OPEN 	Gender-Neutral 	49980 	90801
National Institute of Technology Hamirpur	Civil Engineering (4 Years, Bachelor of Technology) 	HS 	OPEN 	Female-only (including Supernumerary) 	84534 	111972
National Institute of Technology Hamirpur	Civil Engineering (4 Years, Bachelor of Technology) 	OS 	OPEN 	Gender-Neutral 	36732 	41202
National Institute of Technology Hamirpur	Civil Engineering (4 Years, Bachelor of Technology) 	OS 	OPEN 	Female-only (including Supernumerary) 	43946 	48920
National Institute of Technology Hamirpur	Computer Science and Engineering (4 Years, Bachelor of Technology) 	HS 	OPEN 	Gender-Neutral 	12928 	22394
National Institute of Technology Hamirpur	Computer Science and Engineering (4 Years, Bachelor of Technology) 	HS 	OPEN 	Female-only (including Supernumerary) 	16106 	28558
National Institute of Technology Hamirpur	Computer Science and Engineering (4 Years, Bachelor of Technology) 	OS 	OPEN 	Gender-Neutral 	6425 	10852
National Institute of Technology Hamirpur	Computer Science and Engineering (4 Years, Bachelor of Technology) 	OS 	OPEN 	Female-only (including Supernumerary) 	15361 	18768
National Institute of Technology Hamirpur	Computer Science and Engineering (5 Years, Bachelor and Master of Technology (Dual Degree)) 	HS 	OPEN 	Gender-Neutral 	24000 	26321
National Institute of Technology Hamirpur	Computer Science and Engineering (5 Years, Bachelor and Master of Technology (Dual Degree)) 	HS 	OPEN 	Female-only (including Supernumerary) 	30714 	30714
National Institute of Technology Hamirpur	Computer Science and Engineering (5 Years, Bachelor and Master of Technology (Dual Degree)) 	OS 	OPEN 	Gender-Neutral 	10906 	12558
National Institute of Technology Hamirpur	Computer Science and Engineering (5 Years, Bachelor and Master of Technology (Dual Degree)) 	OS 	OPEN 	Female-only (including Supernumerary) 	19838 	19838
National Institute of Technology Hamirpur	Electrical Engineering (4 Years, Bachelor of Technology) 	HS 	OPEN 	Gender-Neutral 	35071 	54948
National Institute of Technology Hamirpur	Electrical Engineering (4 Years, Bachelor of Technology) 	HS 	OPEN 	Female-only (including Supernumerary) 	51830 	73132
National Institute of Technology Hamirpur	Electrical Engineering (4 Years, Bachelor of Technology) 	OS 	OPEN 	Gender-Neutral 	18991 	23305
National Institute of Technology Hamirpur	Electrical Engineering (4 Years, Bachelor of Technology) 	OS 	OPEN 	Female-only (including Supernumerary) 	29154 	32723
National Institute of Technology Hamirpur	Electronics and Communication Engineering (4 Years, Bachelor of Technology) 	HS 	OPEN 	Gender-Neutral 	28938 	43999
National Institute of Technology Hamirpur	Electronics and Communication Engineering (4 Years, Bachelor of Technology) 	HS 	OPEN 	Female-only (including Supernumerary) 	34004 	42419
National Institute of Technology Hamirpur	Electronics and Communication Engineering (4 Years, Bachelor of Technology) 	OS 	OPEN 	Gender-Neutral 	13107 	17112
National Institute of Technology Hamirpur	Electronics and Communication Engineering (4 Years, Bachelor of Technology) 	OS 	OPEN 	Female-only (including Supernumerary) 	25972 	28051
National Institute of Technology Hamirpur	Electronics and Communication Engineering (5 Years, Bachelor and Master of Technology (Dual Degree)) 	HS 	OPEN 	Gender-Neutral 	41707 	46432
National Institute of Technology Hamirpur	Electronics and Communication Engineering (5 Years, Bachelor and Master of Technology (Dual Degree)) 	HS 	OPEN 	Female-only (including Supernumerary) 	61846 	61846
National Institute of Technology Hamirpur	Electronics and Communication Engineering (5 Years, Bachelor and Master of Technology (Dual Degree)) 	OS 	OPEN 	Gender-Neutral 	18193 	18796
National Institute of Technology Hamirpur	Electronics and Communication Engineering (5 Years, Bachelor and Master of Technology (Dual Degree)) 	OS 	OPEN 	Female-only (including Supernumerary) 	30276 	30276
National Institute of Technology Hamirpur	Engineering Physics (4 Years, Bachelor of Technology) 	HS 	OPEN 	Gender-Neutral 	46728 	91171
National Institute of Technology Hamirpur	Engineering Physics (4 Years, Bachelor of Technology) 	HS 	OPEN 	Female-only (including Supernumerary) 	114889 	116767
National Institute of Technology Hamirpur	Engineering Physics (4 Years, Bachelor of Technology) 	OS 	OPEN 	Gender-Neutral 	23508 	30990
National Institute of Technology Hamirpur	Engineering Physics (4 Years, Bachelor of Technology) 	OS 	OPEN 	Female-only (including Supernumerary) 	42279 	43450
National Institute of Technology Hamirpur	Materials Science and Engineering (4 Years, Bachelor of Technology) 	HS 	OPEN 	Gender-Neutral 	74272 	100081
National Institute of Technology Hamirpur	Materials Science and Engineering (4 Years, Bachelor of Technology) 	HS 	OPEN 	Female-only (including Supernumerary) 	99169 	123798
National Institute of Technology Hamirpur	Materials Science and Engineering (4 Years, Bachelor of Technology) 	OS 	OPEN 	Gender-Neutral 	41063 	41548
National Institute of Technology Hamirpur	Materials Science and Engineering (4 Years, Bachelor of Technology) 	OS 	OPEN 	Female-only (including Supernumerary) 	33671 	33671
National Institute of Technology Hamirpur	Mathematics and Computing (4 Years, Bachelor of Technology) 	HS 	OPEN 	Gender-Neutral 	23646 	33284
National Institute of Technology Hamirpur	Mathematics and Computing (4 Years, Bachelor of Technology) 	HS 	OPEN 	Female-only (including Supernumerary) 	40875 	45810
National Institute of Technology Hamirpur	Mathematics and Computing (4 Years, Bachelor of Technology) 	OS 	OPEN 	Gender-Neutral 	13346 	14230
National Institute of Technology Hamirpur	Mathematics and Computing (4 Years, Bachelor of Technology) 	OS 	OPEN 	Female-only (including Supernumerary) 	22520 	23357
National Institute of Technology Hamirpur	Mechanical Engineering (4 Years, Bachelor of Technology) 	HS 	OPEN 	Gender-Neutral 	48183 	66968
National Institute of Technology Hamirpur	Mechanical Engineering (4 Years, Bachelor of Technology) 	HS 	OPEN 	Female-only (including Supernumerary) 	75321 	117712
National Institute of Technology Hamirpur	Mechanical Engineering (4 Years, Bachelor of Technology) 	OS 	OPEN 	Gender-Neutral 	25264 	30851
National Institute of Technology Hamirpur	Mechanical Engineering (4 Years, Bachelor of Technology) 	OS 	OPEN 	Female-only (including Supernumerary) 	35957 	43383
National Institute of Technology Karnataka, Surathkal	Artificial Intelligence (4 Years, Bachelor of Technology) 	HS 	OPEN 	Gender-Neutral 	2815 	3438
National Institute of Technology Karnataka, Surathkal	Artificial Intelligence (4 Years, Bachelor of Technology) 	HS 	OPEN 	Female-only (including Supernumerary) 	3677 	7056
National Institute of Technology Karnataka, Surathkal	Artificial Intelligence (4 Years, Bachelor of Technology) 	OS 	OPEN 	Gender-Neutral 	1607 	2372
National Institute of Technology Karnataka, Surathkal	Artificial Intelligence (4 Years, Bachelor of Technology) 	OS 	OPEN 	Female-only (including Supernumerary) 	3703 	3703
National Institute of Technology Karnataka, Surathkal	Chemical Engineering (4 Years, Bachelor of Technology) 	HS 	OPEN 	Gender-Neutral 	11386 	15821
National Institute of Technology Karnataka, Surathkal	Chemical Engineering (4 Years, Bachelor of Technology) 	HS 	OPEN 	Female-only (including Supernumerary) 	19450 	20212
National Institute of Technology Karnataka, Surathkal	Chemical Engineering (4 Years, Bachelor of Technology) 	OS 	OPEN 	Gender-Neutral 	11287 	12286
National Institute of Technology Karnataka, Surathkal	Chemical Engineering (4 Years, Bachelor of Technology) 	OS 	OPEN 	Female-only (including Supernumerary) 	19132 	20685
National Institute of Technology Karnataka, Surathkal	Civil Engineering (4 Years, Bachelor of Technology) 	HS 	OPEN 	Gender-Neutral 	11984 	22534
National Institute of Technology Karnataka, Surathkal	Civil Engineering (4 Years, Bachelor of Technology) 	HS 	OPEN 	Female-only (including Supernumerary) 	19022 	24186
National Institute of Technology Karnataka, Surathkal	Civil Engineering (4 Years, Bachelor of Technology) 	OS 	OPEN 	Gender-Neutral 	5148 	19255
National Institute of Technology Karnataka, Surathkal	Civil Engineering (4 Years, Bachelor of Technology) 	OS 	OPEN 	Female-only (including Supernumerary) 	28488 	31371
National Institute of Technology Karnataka, Surathkal	Computational and Data Science (4 Years, Bachelor of Technology) 	HS 	OPEN 	Gender-Neutral 	3581 	4342
National Institute of Technology Karnataka, Surathkal	Computational and Data Science (4 Years, Bachelor of Technology) 	HS 	OPEN 	Female-only (including Supernumerary) 	6453 	6453
National Institute of Technology Karnataka, Surathkal	Computational and Data Science (4 Years, Bachelor of Technology) 	OS 	OPEN 	Gender-Neutral 	2832 	3192
National Institute of Technology Karnataka, Surathkal	Computational and Data Science (4 Years, Bachelor of Technology) 	OS 	OPEN 	Female-only (including Supernumerary) 	3987 	3987
National Institute of Technology Karnataka, Surathkal	Computer Science and Engineering (4 Years, Bachelor of Technology) 	HS 	OPEN 	Gender-Neutral 	1050 	2726
National Institute of Technology Karnataka, Surathkal	Computer Science and Engineering (4 Years, Bachelor of Technology) 	HS 	OPEN 	Female-only (including Supernumerary) 	511 	3567
National Institute of Technology Karnataka, Surathkal	Computer Science and Engineering (4 Years, Bachelor of Technology) 	OS 	OPEN 	Gender-Neutral 	753 	1528
National Institute of Technology Karnataka, Surathkal	Computer Science and Engineering (4 Years, Bachelor of Technology) 	OS 	OPEN 	Female-only (including Supernumerary) 	2600 	3531
National Institute of Technology Karnataka, Surathkal	Electrical and Electronics Engineering (4 Years, Bachelor of Technology) 	HS 	OPEN 	Gender-Neutral 	5870 	6674
National Institute of Technology Karnataka, Surathkal	Electrical and Electronics Engineering (4 Years, Bachelor of Technology) 	HS 	OPEN 	Female-only (including Supernumerary) 	10004 	11998
National Institute of Technology Karnataka, Surathkal	Electrical and Electronics Engineering (4 Years, Bachelor of Technology) 	OS 	OPEN 	Gender-Neutral 	3407 	5728
National Institute of Technology Karnataka, Surathkal	Electrical and Electronics Engineering (4 Years, Bachelor of Technology) 	OS 	OPEN 	Female-only (including Supernumerary) 	7465 	9026
National Institute of Technology Karnataka, Surathkal	Electronics and Communication Engineering (4 Years, Bachelor of Technology) 	HS 	OPEN 	Gender-Neutral 	3415 	5327
National Institute of Technology Karnataka, Surathkal	Electronics and Communication Engineering (4 Years, Bachelor of Technology) 	HS 	OPEN 	Female-only (including Supernumerary) 	5752 	7027
National Institute of Technology Karnataka, Surathkal	Electronics and Communication Engineering (4 Years, Bachelor of Technology) 	OS 	OPEN 	Gender-Neutral 	2019 	3934
National Institute of Technology Karnataka, Surathkal	Electronics and Communication Engineering (4 Years, Bachelor of Technology) 	OS 	OPEN 	Female-only (including Supernumerary) 	5460 	6178
National Institute of Technology Karnataka, Surathkal	Information Technology (4 Years, Bachelor of Technology) 	HS 	OPEN 	Gender-Neutral 	3025 	4086
National Institute of Technology Karnataka, Surathkal	Information Technology (4 Years, Bachelor of Technology) 	HS 	OPEN 	Female-only (including Supernumerary) 	3867 	6323
National Institute of Technology Karnataka, Surathkal	Information Technology (4 Years, Bachelor of Technology) 	OS 	OPEN 	Gender-Neutral 	1540 	2787
National Institute of Technology Karnataka, Surathkal	Information Technology (4 Years, Bachelor of Technology) 	OS 	OPEN 	Female-only (including Supernumerary) 	4759 	5106
National Institute of Technology Karnataka, Surathkal	Mechanical Engineering (4 Years, Bachelor of Technology) 	HS 	OPEN 	Gender-Neutral 	3588 	11166
National Institute of Technology Karnataka, Surathkal	Mechanical Engineering (4 Years, Bachelor of Technology) 	HS 	OPEN 	Female-only (including Supernumerary) 	13972 	22672
National Institute of Technology Karnataka, Surathkal	Mechanical Engineering (4 Years, Bachelor of Technology) 	OS 	OPEN 	Gender-Neutral 	6485 	10057
National Institute of Technology Karnataka, Surathkal	Mechanical Engineering (4 Years, Bachelor of Technology) 	OS 	OPEN 	Female-only (including Supernumerary) 	14652 	19997
National Institute of Technology Karnataka, Surathkal	Metallurgical and Materials Engineering (4 Years, Bachelor of Technology) 	HS 	OPEN 	Gender-Neutral 	18007 	21243
National Institute of Technology Karnataka, Surathkal	Metallurgical and Materials Engineering (4 Years, Bachelor of Technology) 	HS 	OPEN 	Female-only (including Supernumerary) 	25773 	29117
National Institute of Technology Karnataka, Surathkal	Metallurgical and Materials Engineering (4 Years, Bachelor of Technology) 	OS 	OPEN 	Gender-Neutral 	13460 	20021
National Institute of Technology Karnataka, Surathkal	Metallurgical and Materials Engineering (4 Years, Bachelor of Technology) 	OS 	OPEN 	Female-only (including Supernumerary) 	27443 	29213
National Institute of Technology Karnataka, Surathkal	Mining Engineering (4 Years, Bachelor of Technology) 	HS 	OPEN 	Gender-Neutral 	18307 	27975
National Institute of Technology Karnataka, Surathkal	Mining Engineering (4 Years, Bachelor of Technology) 	HS 	OPEN 	Female-only (including Supernumerary) 	35269 	40373
National Institute of Technology Karnataka, Surathkal	Mining Engineering (4 Years, Bachelor of Technology) 	OS 	OPEN 	Gender-Neutral 	21229 	25160
National Institute of Technology Karnataka, Surathkal	Mining Engineering (4 Years, Bachelor of Technology) 	OS 	OPEN 	Female-only (including Supernumerary) 	38997 	41075
National Institute of Technology Meghalaya	Civil Engineering (4 Years, Bachelor of Technology) 	HS 	OPEN 	Gender-Neutral 	146176 	146176
National Institute of Technology Meghalaya	Civil Engineering (4 Years, Bachelor of Technology) 	HS 	OPEN 	Female-only (including Supernumerary) 	259481 	259481
National Institute of Technology Meghalaya	Civil Engineering (4 Years, Bachelor of Technology) 	OS 	OPEN 	Gender-Neutral 	32795 	44560
National Institute of Technology Meghalaya	Civil Engineering (4 Years, Bachelor of Technology) 	OS 	OPEN 	Female-only (including Supernumerary) 	48860 	53076
National Institute of Technology Meghalaya	Computer Science and Engineering (4 Years, Bachelor of Technology) 	HS 	OPEN 	Gender-Neutral 	59949 	59949
National Institute of Technology Meghalaya	Computer Science and Engineering (4 Years, Bachelor of Technology) 	HS 	OPEN 	Female-only (including Supernumerary) 	59005 	59005
National Institute of Technology Meghalaya	Computer Science and Engineering (4 Years, Bachelor of Technology) 	OS 	OPEN 	Gender-Neutral 	15044 	19623
National Institute of Technology Meghalaya	Computer Science and Engineering (4 Years, Bachelor of Technology) 	OS 	OPEN 	Female-only (including Supernumerary) 	31763 	31763
National Institute of Technology Meghalaya	Electrical and Electronics Engineering (4 Years, Bachelor of Technology) 	HS 	OPEN 	Gender-Neutral 	146012 	146012
National Institute of Technology Meghalaya	Electrical and Electronics Engineering (4 Years, Bachelor of Technology) 	HS 	OPEN 	Female-only (including Supernumerary) 	238430 	238430
National Institute of Technology Meghalaya	Electrical and Electronics Engineering (4 Years, Bachelor of Technology) 	OS 	OPEN 	Gender-Neutral 	29180 	35333
National Institute of Technology Meghalaya	Electrical and Electronics Engineering (4 Years, Bachelor of Technology) 	OS 	OPEN 	Female-only (including Supernumerary) 	35192 	35192
National Institute of Technology Meghalaya	Electronics and Communication Engineering (4 Years, Bachelor of Technology) 	HS 	OPEN 	Gender-Neutral 	81596 	96527
National Institute of Technology Meghalaya	Electronics and Communication Engineering (4 Years, Bachelor of Technology) 	HS 	OPEN 	Female-only (including Supernumerary) 	128954 	128954
National Institute of Technology Meghalaya	Electronics and Communication Engineering (4 Years, Bachelor of Technology) 	OS 	OPEN 	Gender-Neutral 	22943 	27344
National Institute of Technology Meghalaya	Electronics and Communication Engineering (4 Years, Bachelor of Technology) 	OS 	OPEN 	Female-only (including Supernumerary) 	38606 	38606
National Institute of Technology Meghalaya	Mechanical Engineering (4 Years, Bachelor of Technology) 	HS 	OPEN 	Gender-Neutral 	136427 	136427
National Institute of Technology Meghalaya	Mechanical Engineering (4 Years, Bachelor of Technology) 	HS 	OPEN 	Female-only (including Supernumerary) 	247266 	247266
National Institute of Technology Meghalaya	Mechanical Engineering (4 Years, Bachelor of Technology) 	OS 	OPEN 	Gender-Neutral 	30761 	41076
National Institute of Technology Meghalaya	Mechanical Engineering (4 Years, Bachelor of Technology) 	OS 	OPEN 	Female-only (including Supernumerary) 	52980 	52980
National Institute of Technology Nagaland	Civil Engineering (4 Years, Bachelor of Technology) 	OS 	OPEN 	Gender-Neutral 	44816 	52097
National Institute of Technology Nagaland	Civil Engineering (4 Years, Bachelor of Technology) 	OS 	OPEN 	Female-only (including Supernumerary) 	53803 	53803
National Institute of Technology Nagaland	Computer Science and Engineering (4 Years, Bachelor of Technology) 	OS 	OPEN 	Gender-Neutral 	14861 	32418
National Institute of Technology Nagaland	Computer Science and Engineering (4 Years, Bachelor of Technology) 	OS 	OPEN 	Female-only (including Supernumerary) 	43340 	44210
National Institute of Technology Nagaland	Electrical and Electronics Engineering (4 Years, Bachelor of Technology) 	OS 	OPEN 	Gender-Neutral 	40835 	42864
National Institute of Technology Nagaland	Electrical and Electronics Engineering (4 Years, Bachelor of Technology) 	OS 	OPEN 	Female-only (including Supernumerary) 	56736 	57613
National Institute of Technology Nagaland	Electronics and Communication Engineering (4 Years, Bachelor of Technology) 	OS 	OPEN 	Gender-Neutral 	20233 	38323
National Institute of Technology Nagaland	Electronics and Communication Engineering (4 Years, Bachelor of Technology) 	OS 	OPEN 	Female-only (including Supernumerary) 	40889 	48757
National Institute of Technology Nagaland	Electronics and Instrumentation Engineering (4 Years, Bachelor of Technology) 	OS 	OPEN 	Gender-Neutral 	36818 	44096
National Institute of Technology Nagaland	Electronics and Instrumentation Engineering (4 Years, Bachelor of Technology) 	OS 	OPEN 	Female-only (including Supernumerary) 	55977 	57997
National Institute of Technology Nagaland	Mechanical Engineering (4 Years, Bachelor of Technology) 	OS 	OPEN 	Gender-Neutral 	44158 	46466
National Institute of Technology Nagaland	Mechanical Engineering (4 Years, Bachelor of Technology) 	OS 	OPEN 	Female-only (including Supernumerary) 	57217 	59372
National Institute of Technology Patna	Architecture (5 Years, Bachelor of Architecture) 	HS 	OPEN 	Gender-Neutral 	1536 	3414
National Institute of Technology Patna	Architecture (5 Years, Bachelor of Architecture) 	HS 	OPEN 	Female-only (including Supernumerary) 	2438 	3222
National Institute of Technology Patna	Architecture (5 Years, Bachelor of Architecture) 	OS 	OPEN 	Gender-Neutral 	378 	878
National Institute of Technology Patna	Architecture (5 Years, Bachelor of Architecture) 	OS 	OPEN 	Female-only (including Supernumerary) 	701 	799
National Institute of Technology Patna	Artificial Intelligence and Data Science (4 Years, Bachelor of Technology) 	HS 	OPEN 	Gender-Neutral 	13233 	20710
National Institute of Technology Patna	Artificial Intelligence and Data Science (4 Years, Bachelor of Technology) 	HS 	OPEN 	Female-only (including Supernumerary) 	29369 	29689
National Institute of Technology Patna	Artificial Intelligence and Data Science (4 Years, Bachelor of Technology) 	OS 	OPEN 	Gender-Neutral 	10713 	15261
National Institute of Technology Patna	Artificial Intelligence and Data Science (4 Years, Bachelor of Technology) 	OS 	OPEN 	Female-only (including Supernumerary) 	23960 	24676
National Institute of Technology Patna	Chemical Technology (5 Years, Bachelor and Master of Technology (Dual Degree)) 	HS 	OPEN 	Gender-Neutral 	42031 	44108
National Institute of Technology Patna	Chemical Technology (5 Years, Bachelor and Master of Technology (Dual Degree)) 	HS 	OPEN 	Female-only (including Supernumerary) 	54558 	54558
National Institute of Technology Patna	Chemical Technology (5 Years, Bachelor and Master of Technology (Dual Degree)) 	OS 	OPEN 	Gender-Neutral 	28123 	28123
National Institute of Technology Patna	Chemical Technology (5 Years, Bachelor and Master of Technology (Dual Degree)) 	OS 	OPEN 	Female-only (including Supernumerary) 	49184 	49184
National Institute of Technology Patna	Civil Engineering (4 Years, Bachelor of Technology) 	HS 	OPEN 	Gender-Neutral 	28340 	43231
National Institute of Technology Patna	Civil Engineering (4 Years, Bachelor of Technology) 	HS 	OPEN 	Female-only (including Supernumerary) 	55036 	60965
National Institute of Technology Patna	Civil Engineering (4 Years, Bachelor of Technology) 	OS 	OPEN 	Gender-Neutral 	37128 	41773
National Institute of Technology Patna	Civil Engineering (4 Years, Bachelor of Technology) 	OS 	OPEN 	Female-only (including Supernumerary) 	48900 	50625
National Institute of Technology Patna	Civil Engineering with Specialization in Construction Technology and Management (5 Years, Bachelor and Master of Technology (Dual Degree)) 	HS 	OPEN 	Gender-Neutral 	43266 	44664
National Institute of Technology Patna	Civil Engineering with Specialization in Construction Technology and Management (5 Years, Bachelor and Master of Technology (Dual Degree)) 	HS 	OPEN 	Female-only (including Supernumerary) 	65506 	65506
National Institute of Technology Patna	Civil Engineering with Specialization in Construction Technology and Management (5 Years, Bachelor and Master of Technology (Dual Degree)) 	OS 	OPEN 	Gender-Neutral 	32401 	40690
National Institute of Technology Patna	Civil Engineering with Specialization in Construction Technology and Management (5 Years, Bachelor and Master of Technology (Dual Degree)) 	OS 	OPEN 	Female-only (including Supernumerary) 	50891 	50891
National Institute of Technology Patna	Computer Science and Engineering (4 Years, Bachelor of Technology) 	HS 	OPEN 	Gender-Neutral 	10323 	16345
National Institute of Technology Patna	Computer Science and Engineering (4 Years, Bachelor of Technology) 	HS 	OPEN 	Female-only (including Supernumerary) 	19388 	27961
National Institute of Technology Patna	Computer Science and Engineering (4 Years, Bachelor of Technology) 	OS 	OPEN 	Gender-Neutral 	8843 	13235
National Institute of Technology Patna	Computer Science and Engineering (4 Years, Bachelor of Technology) 	OS 	OPEN 	Female-only (including Supernumerary) 	19067 	20450
National Institute of Technology Patna	Computer Science and Engineering with Specialization in Cyber Security (5 Years, Bachelor and Master of Technology (Dual Degree)) 	HS 	OPEN 	Gender-Neutral 	21956 	22964
National Institute of Technology Patna	Computer Science and Engineering with Specialization in Cyber Security (5 Years, Bachelor and Master of Technology (Dual Degree)) 	HS 	OPEN 	Female-only (including Supernumerary) 	35063 	35063
National Institute of Technology Patna	Computer Science and Engineering with Specialization in Cyber Security (5 Years, Bachelor and Master of Technology (Dual Degree)) 	OS 	OPEN 	Gender-Neutral 	15393 	16088
National Institute of Technology Patna	Computer Science and Engineering with Specialization in Cyber Security (5 Years, Bachelor and Master of Technology (Dual Degree)) 	OS 	OPEN 	Female-only (including Supernumerary) 	27428 	27428
National Institute of Technology Patna	Computer Science and Engineering with Specialization in Data Science (5 Years, Bachelor and Master of Technology (Dual Degree)) 	HS 	OPEN 	Gender-Neutral 	19181 	21534
National Institute of Technology Patna	Computer Science and Engineering with Specialization in Data Science (5 Years, Bachelor and Master of Technology (Dual Degree)) 	HS 	OPEN 	Female-only (including Supernumerary) 	33716 	33716
National Institute of Technology Patna	Computer Science and Engineering with Specialization in Data Science (5 Years, Bachelor and Master of Technology (Dual Degree)) 	OS 	OPEN 	Gender-Neutral 	13629 	14600
National Institute of Technology Patna	Computer Science and Engineering with Specialization in Data Science (5 Years, Bachelor and Master of Technology (Dual Degree)) 	OS 	OPEN 	Female-only (including Supernumerary) 	26005 	26005
National Institute of Technology Patna	Electrical Engineering (4 Years, Bachelor of Technology) 	HS 	OPEN 	Gender-Neutral 	19201 	29069
National Institute of Technology Patna	Electrical Engineering (4 Years, Bachelor of Technology) 	HS 	OPEN 	Female-only (including Supernumerary) 	33425 	45226
National Institute of Technology Patna	Electrical Engineering (4 Years, Bachelor of Technology) 	OS 	OPEN 	Gender-Neutral 	20300 	24524
National Institute of Technology Patna	Electrical Engineering (4 Years, Bachelor of Technology) 	OS 	OPEN 	Female-only (including Supernumerary) 	31276 	37318
National Institute of Technology Patna	Electrical Engineering with Specialization In Power System Engineering (5 Years, Bachelor and Master of Technology (Dual Degree)) 	HS 	OPEN 	Gender-Neutral 	29291 	33615
National Institute of Technology Patna	Electrical Engineering with Specialization In Power System Engineering (5 Years, Bachelor and Master of Technology (Dual Degree)) 	HS 	OPEN 	Female-only (including Supernumerary) 	51534 	51534
National Institute of Technology Patna	Electrical Engineering with Specialization In Power System Engineering (5 Years, Bachelor and Master of Technology (Dual Degree)) 	OS 	OPEN 	Gender-Neutral 	25835 	27504
National Institute of Technology Patna	Electrical Engineering with Specialization In Power System Engineering (5 Years, Bachelor and Master of Technology (Dual Degree)) 	OS 	OPEN 	Female-only (including Supernumerary) 	38300 	38300
National Institute of Technology Patna	Electronics and Communication Engineering (4 Years, Bachelor of Technology) 	HS 	OPEN 	Gender-Neutral 	18503 	23727
National Institute of Technology Patna	Electronics and Communication Engineering (4 Years, Bachelor of Technology) 	HS 	OPEN 	Female-only (including Supernumerary) 	29769 	33271
National Institute of Technology Patna	Electronics and Communication Engineering (4 Years, Bachelor of Technology) 	OS 	OPEN 	Gender-Neutral 	14615 	18152
National Institute of Technology Patna	Electronics and Communication Engineering (4 Years, Bachelor of Technology) 	OS 	OPEN 	Female-only (including Supernumerary) 	26688 	28968
National Institute of Technology Patna	Electronics and Communication Engineering with Specialization in Microelectronics and VLSI System Design (5 Years, Bachelor and Master of Technology (Dual Degree)) 	HS 	OPEN 	Gender-Neutral 	26031 	29267
National Institute of Technology Patna	Electronics and Communication Engineering with Specialization in Microelectronics and VLSI System Design (5 Years, Bachelor and Master of Technology (Dual Degree)) 	HS 	OPEN 	Female-only (including Supernumerary) 	37875 	37875
National Institute of Technology Patna	Electronics and Communication Engineering with Specialization in Microelectronics and VLSI System Design (5 Years, Bachelor and Master of Technology (Dual Degree)) 	OS 	OPEN 	Gender-Neutral 	20624 	21593
National Institute of Technology Patna	Electronics and Communication Engineering with Specialization in Microelectronics and VLSI System Design (5 Years, Bachelor and Master of Technology (Dual Degree)) 	OS 	OPEN 	Female-only (including Supernumerary) 	28810 	28810
National Institute of Technology Patna	Electronics Engineering (VLSI Design and Technology) (4 Years, Bachelor of Technology) 	HS 	OPEN 	Gender-Neutral 	23939 	28016
National Institute of Technology Patna	Electronics Engineering (VLSI Design and Technology) (4 Years, Bachelor of Technology) 	HS 	OPEN 	Female-only (including Supernumerary) 	44257 	46474
National Institute of Technology Patna	Electronics Engineering (VLSI Design and Technology) (4 Years, Bachelor of Technology) 	OS 	OPEN 	Gender-Neutral 	18637 	20095
National Institute of Technology Patna	Electronics Engineering (VLSI Design and Technology) (4 Years, Bachelor of Technology) 	OS 	OPEN 	Female-only (including Supernumerary) 	30332 	31255
National Institute of Technology Patna	Material Science and Engineering (5 Years, Bachelor and Master of Technology (Dual Degree)) 	HS 	OPEN 	Gender-Neutral 	40162 	46166
National Institute of Technology Patna	Material Science and Engineering (5 Years, Bachelor and Master of Technology (Dual Degree)) 	HS 	OPEN 	Female-only (including Supernumerary) 	63591 	63591
National Institute of Technology Patna	Material Science and Engineering (5 Years, Bachelor and Master of Technology (Dual Degree)) 	OS 	OPEN 	Gender-Neutral 	29143 	35969
National Institute of Technology Patna	Material Science and Engineering (5 Years, Bachelor and Master of Technology (Dual Degree)) 	OS 	OPEN 	Female-only (including Supernumerary) 	40485 	40485
National Institute of Technology Patna	Mathematics and Computing Technology (5 Years, Bachelor and Master of Technology (Dual Degree)) 	HS 	OPEN 	Gender-Neutral 	23402 	24376
National Institute of Technology Patna	Mathematics and Computing Technology (5 Years, Bachelor and Master of Technology (Dual Degree)) 	HS 	OPEN 	Female-only (including Supernumerary) 	34477 	34477
National Institute of Technology Patna	Mathematics and Computing Technology (5 Years, Bachelor and Master of Technology (Dual Degree)) 	OS 	OPEN 	Gender-Neutral 	8191 	11555
National Institute of Technology Patna	Mathematics and Computing Technology (5 Years, Bachelor and Master of Technology (Dual Degree)) 	OS 	OPEN 	Female-only (including Supernumerary) 	26020 	26020
National Institute of Technology Patna	Mechanical Engineering (4 Years, Bachelor of Technology) 	HS 	OPEN 	Gender-Neutral 	31299 	35292
National Institute of Technology Patna	Mechanical Engineering (4 Years, Bachelor of Technology) 	HS 	OPEN 	Female-only (including Supernumerary) 	47593 	52384
National Institute of Technology Patna	Mechanical Engineering (4 Years, Bachelor of Technology) 	OS 	OPEN 	Gender-Neutral 	26068 	30791
National Institute of Technology Patna	Mechanical Engineering (4 Years, Bachelor of Technology) 	OS 	OPEN 	Female-only (including Supernumerary) 	42752 	45325
National Institute of Technology Patna	Mechanical Engineering with Specialization in Manufacturing and Industrial Engineering (5 Years, Bachelor and Master of Technology (Dual Degree)) 	HS 	OPEN 	Gender-Neutral 	33255 	40262
National Institute of Technology Patna	Mechanical Engineering with Specialization in Manufacturing and Industrial Engineering (5 Years, Bachelor and Master of Technology (Dual Degree)) 	HS 	OPEN 	Female-only (including Supernumerary) 	56301 	56301
National Institute of Technology Patna	Mechanical Engineering with Specialization in Manufacturing and Industrial Engineering (5 Years, Bachelor and Master of Technology (Dual Degree)) 	OS 	OPEN 	Gender-Neutral 	26264 	35056
National Institute of Technology Patna	Mechanical Engineering with Specialization in Manufacturing and Industrial Engineering (5 Years, Bachelor and Master of Technology (Dual Degree)) 	OS 	OPEN 	Female-only (including Supernumerary) 	45324 	45324
National Institute of Technology Patna	Mechatronics and Automation Engineering (4 Years, Bachelor of Technology) 	HS 	OPEN 	Gender-Neutral 	30994 	31627
National Institute of Technology Patna	Mechatronics and Automation Engineering (4 Years, Bachelor of Technology) 	HS 	OPEN 	Female-only (including Supernumerary) 	49673 	49673
National Institute of Technology Patna	Mechatronics and Automation Engineering (4 Years, Bachelor of Technology) 	OS 	OPEN 	Gender-Neutral 	13725 	21854
National Institute of Technology Patna	Mechatronics and Automation Engineering (4 Years, Bachelor of Technology) 	OS 	OPEN 	Female-only (including Supernumerary) 	37437 	37437
National Institute of Technology Puducherry	Civil Engineering (4 Years, Bachelor of Technology) 	HS 	OPEN 	Gender-Neutral 	51743 	160125
National Institute of Technology Puducherry	Civil Engineering (4 Years, Bachelor of Technology) 	HS 	OPEN 	Female-only (including Supernumerary) 	115035 	116333
National Institute of Technology Puducherry	Civil Engineering (4 Years, Bachelor of Technology) 	OS 	OPEN 	Gender-Neutral 	38092 	43223
National Institute of Technology Puducherry	Civil Engineering (4 Years, Bachelor of Technology) 	OS 	OPEN 	Female-only (including Supernumerary) 	42667 	48752
National Institute of Technology Puducherry	Computer Science and Engineering (4 Years, Bachelor of Technology) 	HS 	OPEN 	Gender-Neutral 	23787 	50932
National Institute of Technology Puducherry	Computer Science and Engineering (4 Years, Bachelor of Technology) 	HS 	OPEN 	Female-only (including Supernumerary) 	55541 	65403
National Institute of Technology Puducherry	Computer Science and Engineering (4 Years, Bachelor of Technology) 	OS 	OPEN 	Gender-Neutral 	8103 	14207
National Institute of Technology Puducherry	Computer Science and Engineering (4 Years, Bachelor of Technology) 	OS 	OPEN 	Female-only (including Supernumerary) 	12431 	12431
National Institute of Technology Puducherry	Electrical and Electronics Engineering (4 Years, Bachelor of Technology) 	HS 	OPEN 	Gender-Neutral 	79544 	90397
National Institute of Technology Puducherry	Electrical and Electronics Engineering (4 Years, Bachelor of Technology) 	HS 	OPEN 	Female-only (including Supernumerary) 	80686 	95419
National Institute of Technology Puducherry	Electrical and Electronics Engineering (4 Years, Bachelor of Technology) 	OS 	OPEN 	Gender-Neutral 	18384 	27169
National Institute of Technology Puducherry	Electrical and Electronics Engineering (4 Years, Bachelor of Technology) 	OS 	OPEN 	Female-only (including Supernumerary) 	29484 	29879
National Institute of Technology Puducherry	Electronics and Communication Engineering (4 Years, Bachelor of Technology) 	HS 	OPEN 	Gender-Neutral 	33724 	67546
National Institute of Technology Puducherry	Electronics and Communication Engineering (4 Years, Bachelor of Technology) 	HS 	OPEN 	Female-only (including Supernumerary) 	47299 	63930
National Institute of Technology Puducherry	Electronics and Communication Engineering (4 Years, Bachelor of Technology) 	OS 	OPEN 	Gender-Neutral 	14005 	21232
National Institute of Technology Puducherry	Electronics and Communication Engineering (4 Years, Bachelor of Technology) 	OS 	OPEN 	Female-only (including Supernumerary) 	21201 	23443
National Institute of Technology Puducherry	Mechanical Engineering (4 Years, Bachelor of Technology) 	HS 	OPEN 	Gender-Neutral 	31635 	116492
National Institute of Technology Puducherry	Mechanical Engineering (4 Years, Bachelor of Technology) 	HS 	OPEN 	Female-only (including Supernumerary) 	111878 	112979
National Institute of Technology Puducherry	Mechanical Engineering (4 Years, Bachelor of Technology) 	OS 	OPEN 	Gender-Neutral 	29965 	33709
National Institute of Technology Puducherry	Mechanical Engineering (4 Years, Bachelor of Technology) 	OS 	OPEN 	Female-only (including Supernumerary) 	39767 	41902
National Institute of Technology Raipur	Architecture (5 Years, Bachelor of Architecture) 	HS 	OPEN 	Gender-Neutral 	1170 	3366
National Institute of Technology Raipur	Architecture (5 Years, Bachelor of Architecture) 	HS 	OPEN 	Female-only (including Supernumerary) 	3142 	3142
National Institute of Technology Raipur	Architecture (5 Years, Bachelor of Architecture) 	OS 	OPEN 	Gender-Neutral 	626 	839
National Institute of Technology Raipur	Architecture (5 Years, Bachelor of Architecture) 	OS 	OPEN 	Female-only (including Supernumerary) 	652 	704
National Institute of Technology Raipur	Bio Medical Engineering (4 Years, Bachelor of Technology) 	HS 	OPEN 	Gender-Neutral 	71547 	107214
National Institute of Technology Raipur	Bio Medical Engineering (4 Years, Bachelor of Technology) 	HS 	OPEN 	Female-only (including Supernumerary) 	87530 	111855
National Institute of Technology Raipur	Bio Medical Engineering (4 Years, Bachelor of Technology) 	OS 	OPEN 	Gender-Neutral 	37705 	46378
National Institute of Technology Raipur	Bio Medical Engineering (4 Years, Bachelor of Technology) 	OS 	OPEN 	Female-only (including Supernumerary) 	32758 	45977
National Institute of Technology Raipur	Bio Technology (4 Years, Bachelor of Technology) 	HS 	OPEN 	Gender-Neutral 	52730 	92241
National Institute of Technology Raipur	Bio Technology (4 Years, Bachelor of Technology) 	HS 	OPEN 	Female-only (including Supernumerary) 	97706 	100879
National Institute of Technology Raipur	Bio Technology (4 Years, Bachelor of Technology) 	OS 	OPEN 	Gender-Neutral 	11421 	43061
National Institute of Technology Raipur	Bio Technology (4 Years, Bachelor of Technology) 	OS 	OPEN 	Female-only (including Supernumerary) 	45018 	47221
National Institute of Technology Raipur	Chemical Engineering (4 Years, Bachelor of Technology) 	HS 	OPEN 	Gender-Neutral 	42148 	62746
National Institute of Technology Raipur	Chemical Engineering (4 Years, Bachelor of Technology) 	HS 	OPEN 	Female-only (including Supernumerary) 	62654 	71922
National Institute of Technology Raipur	Chemical Engineering (4 Years, Bachelor of Technology) 	OS 	OPEN 	Gender-Neutral 	30382 	35946
National Institute of Technology Raipur	Chemical Engineering (4 Years, Bachelor of Technology) 	OS 	OPEN 	Female-only (including Supernumerary) 	42307 	45503
National Institute of Technology Raipur	Civil Engineering (4 Years, Bachelor of Technology) 	HS 	OPEN 	Gender-Neutral 	47242 	64072
National Institute of Technology Raipur	Civil Engineering (4 Years, Bachelor of Technology) 	HS 	OPEN 	Female-only (including Supernumerary) 	74075 	81244
National Institute of Technology Raipur	Civil Engineering (4 Years, Bachelor of Technology) 	OS 	OPEN 	Gender-Neutral 	36068 	41084
National Institute of Technology Raipur	Civil Engineering (4 Years, Bachelor of Technology) 	OS 	OPEN 	Female-only (including Supernumerary) 	47009 	51543
National Institute of Technology Raipur	Computer Science and Engineering (4 Years, Bachelor of Technology) 	HS 	OPEN 	Gender-Neutral 	12916 	21540
National Institute of Technology Raipur	Computer Science and Engineering (4 Years, Bachelor of Technology) 	HS 	OPEN 	Female-only (including Supernumerary) 	22821 	28150
National Institute of Technology Raipur	Computer Science and Engineering (4 Years, Bachelor of Technology) 	OS 	OPEN 	Gender-Neutral 	8140 	12123
National Institute of Technology Raipur	Computer Science and Engineering (4 Years, Bachelor of Technology) 	OS 	OPEN 	Female-only (including Supernumerary) 	11432 	17153
National Institute of Technology Raipur	Electrical Engineering (4 Years, Bachelor of Technology) 	HS 	OPEN 	Gender-Neutral 	24731 	42081
National Institute of Technology Raipur	Electrical Engineering (4 Years, Bachelor of Technology) 	HS 	OPEN 	Female-only (including Supernumerary) 	53284 	62086
National Institute of Technology Raipur	Electrical Engineering (4 Years, Bachelor of Technology) 	OS 	OPEN 	Gender-Neutral 	20316 	23631
National Institute of Technology Raipur	Electrical Engineering (4 Years, Bachelor of Technology) 	OS 	OPEN 	Female-only (including Supernumerary) 	33178 	35368
National Institute of Technology Raipur	Electronics and Communication Engineering (4 Years, Bachelor of Technology) 	HS 	OPEN 	Gender-Neutral 	10267 	34859
National Institute of Technology Raipur	Electronics and Communication Engineering (4 Years, Bachelor of Technology) 	HS 	OPEN 	Female-only (including Supernumerary) 	38269 	52691
National Institute of Technology Raipur	Electronics and Communication Engineering (4 Years, Bachelor of Technology) 	OS 	OPEN 	Gender-Neutral 	12933 	17969
National Institute of Technology Raipur	Electronics and Communication Engineering (4 Years, Bachelor of Technology) 	OS 	OPEN 	Female-only (including Supernumerary) 	25080 	26172
National Institute of Technology Raipur	Information Technology (4 Years, Bachelor of Technology) 	HS 	OPEN 	Gender-Neutral 	15169 	30190
National Institute of Technology Raipur	Information Technology (4 Years, Bachelor of Technology) 	HS 	OPEN 	Female-only (including Supernumerary) 	42131 	48270
National Institute of Technology Raipur	Information Technology (4 Years, Bachelor of Technology) 	OS 	OPEN 	Gender-Neutral 	12124 	14591
National Institute of Technology Raipur	Information Technology (4 Years, Bachelor of Technology) 	OS 	OPEN 	Female-only (including Supernumerary) 	18213 	23391
National Institute of Technology Raipur	Mechanical Engineering (4 Years, Bachelor of Technology) 	HS 	OPEN 	Gender-Neutral 	42784 	52957
National Institute of Technology Raipur	Mechanical Engineering (4 Years, Bachelor of Technology) 	HS 	OPEN 	Female-only (including Supernumerary) 	63413 	68892
National Institute of Technology Raipur	Mechanical Engineering (4 Years, Bachelor of Technology) 	OS 	OPEN 	Gender-Neutral 	22458 	29821
National Institute of Technology Raipur	Mechanical Engineering (4 Years, Bachelor of Technology) 	OS 	OPEN 	Female-only (including Supernumerary) 	42716 	45371
National Institute of Technology Raipur	Metallurgical and Materials Engineering (4 Years, Bachelor of Technology) 	HS 	OPEN 	Gender-Neutral 	58085 	75258
National Institute of Technology Raipur	Metallurgical and Materials Engineering (4 Years, Bachelor of Technology) 	HS 	OPEN 	Female-only (including Supernumerary) 	78338 	86272
National Institute of Technology Raipur	Metallurgical and Materials Engineering (4 Years, Bachelor of Technology) 	OS 	OPEN 	Gender-Neutral 	37262 	44142
National Institute of Technology Raipur	Metallurgical and Materials Engineering (4 Years, Bachelor of Technology) 	OS 	OPEN 	Female-only (including Supernumerary) 	49994 	53135
National Institute of Technology Raipur	Mining Engineering (4 Years, Bachelor of Technology) 	HS 	OPEN 	Gender-Neutral 	66834 	91812
National Institute of Technology Raipur	Mining Engineering (4 Years, Bachelor of Technology) 	HS 	OPEN 	Female-only (including Supernumerary) 	69849 	96895
National Institute of Technology Raipur	Mining Engineering (4 Years, Bachelor of Technology) 	OS 	OPEN 	Gender-Neutral 	26033 	47246
National Institute of Technology Raipur	Mining Engineering (4 Years, Bachelor of Technology) 	OS 	OPEN 	Female-only (including Supernumerary) 	53329 	55999
National Institute of Technology Sikkim	Artificial Intelligence and Machine Learning (4 Years, Bachelor of Technology) 	HS 	OPEN 	Gender-Neutral 	191905 	241662
National Institute of Technology Sikkim	Artificial Intelligence and Machine Learning (4 Years, Bachelor of Technology) 	HS 	OPEN 	Female-only (including Supernumerary) 	181877 	193935
National Institute of Technology Sikkim	Artificial Intelligence and Machine Learning (4 Years, Bachelor of Technology) 	OS 	OPEN 	Gender-Neutral 	10624 	26980
National Institute of Technology Sikkim	Artificial Intelligence and Machine Learning (4 Years, Bachelor of Technology) 	OS 	OPEN 	Female-only (including Supernumerary) 	37997 	37997
National Institute of Technology Sikkim	Civil Engineering (4 Years, Bachelor of Technology) 	HS 	OPEN 	Gender-Neutral 	306018 	417292
National Institute of Technology Sikkim	Civil Engineering (4 Years, Bachelor of Technology) 	HS 	OPEN 	Female-only (including Supernumerary) 	132276 	366127
National Institute of Technology Sikkim	Civil Engineering (4 Years, Bachelor of Technology) 	OS 	OPEN 	Gender-Neutral 	48260 	49684
National Institute of Technology Sikkim	Civil Engineering (4 Years, Bachelor of Technology) 	OS 	OPEN 	Female-only (including Supernumerary) 	56536 	56536
National Institute of Technology Sikkim	Computer Science and Engineering (4 Years, Bachelor of Technology) 	HS 	OPEN 	Gender-Neutral 	38627 	170692
National Institute of Technology Sikkim	Computer Science and Engineering (4 Years, Bachelor of Technology) 	HS 	OPEN 	Female-only (including Supernumerary) 	64054 	141592
National Institute of Technology Sikkim	Computer Science and Engineering (4 Years, Bachelor of Technology) 	OS 	OPEN 	Gender-Neutral 	8527 	21087
National Institute of Technology Sikkim	Computer Science and Engineering (4 Years, Bachelor of Technology) 	OS 	OPEN 	Female-only (including Supernumerary) 	17695 	23642
National Institute of Technology Sikkim	Electrical and Electronics Engineering (4 Years, Bachelor of Technology) 	HS 	OPEN 	Gender-Neutral 	251947 	458586
National Institute of Technology Sikkim	Electrical and Electronics Engineering (4 Years, Bachelor of Technology) 	HS 	OPEN 	Female-only (including Supernumerary) 	378246 	492523
National Institute of Technology Sikkim	Electrical and Electronics Engineering (4 Years, Bachelor of Technology) 	OS 	OPEN 	Gender-Neutral 	29721 	35180
National Institute of Technology Sikkim	Electrical and Electronics Engineering (4 Years, Bachelor of Technology) 	OS 	OPEN 	Female-only (including Supernumerary) 	50549 	50549
National Institute of Technology Sikkim	Electronics and Communication Engineering (4 Years, Bachelor of Technology) 	HS 	OPEN 	Gender-Neutral 	256698 	364930
National Institute of Technology Sikkim	Electronics and Communication Engineering (4 Years, Bachelor of Technology) 	HS 	OPEN 	Female-only (including Supernumerary) 	217304 	246353
National Institute of Technology Sikkim	Electronics and Communication Engineering (4 Years, Bachelor of Technology) 	OS 	OPEN 	Gender-Neutral 	24078 	31018
National Institute of Technology Sikkim	Electronics and Communication Engineering (4 Years, Bachelor of Technology) 	OS 	OPEN 	Female-only (including Supernumerary) 	39506 	39506
National Institute of Technology Sikkim	Mechanical Engineering (4 Years, Bachelor of Technology) 	HS 	OPEN 	Gender-Neutral 	295129 	504723
National Institute of Technology Sikkim	Mechanical Engineering (4 Years, Bachelor of Technology) 	HS 	OPEN 	Female-only (including Supernumerary) 	338000 	338000
National Institute of Technology Sikkim	Mechanical Engineering (4 Years, Bachelor of Technology) 	OS 	OPEN 	Gender-Neutral 	24282 	39937
National Institute of Technology Sikkim	Mechanical Engineering (4 Years, Bachelor of Technology) 	OS 	OPEN 	Female-only (including Supernumerary) 	51058 	54848
National Institute of Technology Arunachal Pradesh 	Biosciences and Bioengineering (4 Years, Bachelor of Technology) 	HS 	OPEN 	Gender-Neutral 	182602 	182602
National Institute of Technology Arunachal Pradesh 	Biosciences and Bioengineering (4 Years, Bachelor of Technology) 	OS 	OPEN 	Gender-Neutral 	46380 	47925
National Institute of Technology Arunachal Pradesh 	Biosciences and Bioengineering (4 Years, Bachelor of Technology) 	OS 	OPEN 	Female-only (including Supernumerary) 	47958 	49689
National Institute of Technology Arunachal Pradesh 	Civil Engineering (4 Years, Bachelor of Technology) 	HS 	OPEN 	Gender-Neutral 	173561 	174477
National Institute of Technology Arunachal Pradesh 	Civil Engineering (4 Years, Bachelor of Technology) 	OS 	OPEN 	Gender-Neutral 	46971 	50681
National Institute of Technology Arunachal Pradesh 	Civil Engineering (4 Years, Bachelor of Technology) 	OS 	OPEN 	Female-only (including Supernumerary) 	55116 	61121
National Institute of Technology Arunachal Pradesh 	Computer Science and Engineering (4 Years, Bachelor of Technology) 	HS 	OPEN 	Gender-Neutral 	42519 	78084
National Institute of Technology Arunachal Pradesh 	Computer Science and Engineering (4 Years, Bachelor of Technology) 	OS 	OPEN 	Gender-Neutral 	22752 	26036
National Institute of Technology Arunachal Pradesh 	Computer Science and Engineering (4 Years, Bachelor of Technology) 	OS 	OPEN 	Female-only (including Supernumerary) 	37651 	38553
National Institute of Technology Arunachal Pradesh 	Electrical Engineering (4 Years, Bachelor of Technology) 	HS 	OPEN 	Gender-Neutral 	123179 	169235
National Institute of Technology Arunachal Pradesh 	Electrical Engineering (4 Years, Bachelor of Technology) 	OS 	OPEN 	Gender-Neutral 	39602 	41005
National Institute of Technology Arunachal Pradesh 	Electrical Engineering (4 Years, Bachelor of Technology) 	OS 	OPEN 	Female-only (including Supernumerary) 	48091 	52051
National Institute of Technology Arunachal Pradesh 	Electronics and Communication Engineering (4 Years, Bachelor of Technology) 	HS 	OPEN 	Gender-Neutral 	103178 	112710
National Institute of Technology Arunachal Pradesh 	Electronics and Communication Engineering (4 Years, Bachelor of Technology) 	OS 	OPEN 	Gender-Neutral 	28813 	34867
National Institute of Technology Arunachal Pradesh 	Electronics and Communication Engineering (4 Years, Bachelor of Technology) 	OS 	OPEN 	Female-only (including Supernumerary) 	40232 	40431
National Institute of Technology Arunachal Pradesh 	Mechanical Engineering (4 Years, Bachelor of Technology) 	HS 	OPEN 	Gender-Neutral 	152525 	170231
National Institute of Technology Arunachal Pradesh 	Mechanical Engineering (4 Years, Bachelor of Technology) 	OS 	OPEN 	Gender-Neutral 	34535 	43137
National Institute of Technology Arunachal Pradesh 	Mechanical Engineering (4 Years, Bachelor of Technology) 	OS 	OPEN 	Female-only (including Supernumerary) 	48921 	53923
National Institute of Technology, Jamshedpur	Civil Engineering (4 Years, Bachelor of Technology) 	HS 	OPEN 	Gender-Neutral 	32453 	43248
National Institute of Technology, Jamshedpur	Civil Engineering (4 Years, Bachelor of Technology) 	HS 	OPEN 	Female-only (including Supernumerary) 	56202 	67115
National Institute of Technology, Jamshedpur	Civil Engineering (4 Years, Bachelor of Technology) 	OS 	OPEN 	Gender-Neutral 	31109 	36989
National Institute of Technology, Jamshedpur	Civil Engineering (4 Years, Bachelor of Technology) 	OS 	OPEN 	Female-only (including Supernumerary) 	45561 	48111
National Institute of Technology, Jamshedpur	Computer Science and Engineering (4 Years, Bachelor of Technology) 	HS 	OPEN 	Gender-Neutral 	8299 	11058
National Institute of Technology, Jamshedpur	Computer Science and Engineering (4 Years, Bachelor of Technology) 	HS 	OPEN 	Female-only (including Supernumerary) 	13563 	17944
National Institute of Technology, Jamshedpur	Computer Science and Engineering (4 Years, Bachelor of Technology) 	OS 	OPEN 	Gender-Neutral 	6378 	7855
National Institute of Technology, Jamshedpur	Computer Science and Engineering (4 Years, Bachelor of Technology) 	OS 	OPEN 	Female-only (including Supernumerary) 	15088 	15789
National Institute of Technology, Jamshedpur	Electrical Engineering (4 Years, Bachelor of Technology) 	HS 	OPEN 	Gender-Neutral 	17203 	21288
National Institute of Technology, Jamshedpur	Electrical Engineering (4 Years, Bachelor of Technology) 	HS 	OPEN 	Female-only (including Supernumerary) 	33576 	39017
National Institute of Technology, Jamshedpur	Electrical Engineering (4 Years, Bachelor of Technology) 	OS 	OPEN 	Gender-Neutral 	14272 	16641
National Institute of Technology, Jamshedpur	Electrical Engineering (4 Years, Bachelor of Technology) 	OS 	OPEN 	Female-only (including Supernumerary) 	25334 	28229
National Institute of Technology, Jamshedpur	Electronics and Communication Engineering (4 Years, Bachelor of Technology) 	HS 	OPEN 	Gender-Neutral 	12323 	17137
National Institute of Technology, Jamshedpur	Electronics and Communication Engineering (4 Years, Bachelor of Technology) 	HS 	OPEN 	Female-only (including Supernumerary) 	21476 	28907
National Institute of Technology, Jamshedpur	Electronics and Communication Engineering (4 Years, Bachelor of Technology) 	OS 	OPEN 	Gender-Neutral 	9000 	11364
National Institute of Technology, Jamshedpur	Electronics and Communication Engineering (4 Years, Bachelor of Technology) 	OS 	OPEN 	Female-only (including Supernumerary) 	19995 	22582
National Institute of Technology, Jamshedpur	Engineering and Computational Mechanics (4 Years, Bachelor of Technology) 	HS 	OPEN 	Gender-Neutral 	23028 	26546
National Institute of Technology, Jamshedpur	Engineering and Computational Mechanics (4 Years, Bachelor of Technology) 	HS 	OPEN 	Female-only (including Supernumerary) 	50133 	50133
National Institute of Technology, Jamshedpur	Engineering and Computational Mechanics (4 Years, Bachelor of Technology) 	OS 	OPEN 	Gender-Neutral 	16292 	18698
National Institute of Technology, Jamshedpur	Engineering and Computational Mechanics (4 Years, Bachelor of Technology) 	OS 	OPEN 	Female-only (including Supernumerary) 	28128 	28128
National Institute of Technology, Jamshedpur	Mechanical Engineering (4 Years, Bachelor of Technology) 	HS 	OPEN 	Gender-Neutral 	7733 	32236
National Institute of Technology, Jamshedpur	Mechanical Engineering (4 Years, Bachelor of Technology) 	HS 	OPEN 	Female-only (including Supernumerary) 	39997 	53114
National Institute of Technology, Jamshedpur	Mechanical Engineering (4 Years, Bachelor of Technology) 	OS 	OPEN 	Gender-Neutral 	16712 	24397
National Institute of Technology, Jamshedpur	Mechanical Engineering (4 Years, Bachelor of Technology) 	OS 	OPEN 	Female-only (including Supernumerary) 	30836 	41040
National Institute of Technology, Jamshedpur	Metallurgical and Materials Engineering (4 Years, Bachelor of Technology) 	HS 	OPEN 	Gender-Neutral 	34956 	46063
National Institute of Technology, Jamshedpur	Metallurgical and Materials Engineering (4 Years, Bachelor of Technology) 	HS 	OPEN 	Female-only (including Supernumerary) 	61890 	70329
National Institute of Technology, Jamshedpur	Metallurgical and Materials Engineering (4 Years, Bachelor of Technology) 	OS 	OPEN 	Gender-Neutral 	28005 	40443
National Institute of Technology, Jamshedpur	Metallurgical and Materials Engineering (4 Years, Bachelor of Technology) 	OS 	OPEN 	Female-only (including Supernumerary) 	42580 	49692
National Institute of Technology, Jamshedpur	Production and Industrial Engineering (4 Years, Bachelor of Technology) 	HS 	OPEN 	Gender-Neutral 	36897 	50896
National Institute of Technology, Jamshedpur	Production and Industrial Engineering (4 Years, Bachelor of Technology) 	HS 	OPEN 	Female-only (including Supernumerary) 	62623 	70969
National Institute of Technology, Jamshedpur	Production and Industrial Engineering (4 Years, Bachelor of Technology) 	OS 	OPEN 	Gender-Neutral 	28114 	37370
National Institute of Technology, Jamshedpur	Production and Industrial Engineering (4 Years, Bachelor of Technology) 	OS 	OPEN 	Female-only (including Supernumerary) 	48371 	49861
National Institute of Technology, Kurukshetra	Architecture (5 Years, Bachelor of Architecture) 	HS 	OPEN 	Gender-Neutral 	376 	1497
National Institute of Technology, Kurukshetra	Architecture (5 Years, Bachelor of Architecture) 	HS 	OPEN 	Female-only (including Supernumerary) 	978 	1201
National Institute of Technology, Kurukshetra	Architecture (5 Years, Bachelor of Architecture) 	OS 	OPEN 	Gender-Neutral 	531 	842
National Institute of Technology, Kurukshetra	Architecture (5 Years, Bachelor of Architecture) 	OS 	OPEN 	Female-only (including Supernumerary) 	281 	281
National Institute of Technology, Kurukshetra	Artificial Intelligence and Data Science (4 Years, Bachelor of Technology) 	HS 	OPEN 	Gender-Neutral 	8120 	11129
National Institute of Technology, Kurukshetra	Artificial Intelligence and Data Science (4 Years, Bachelor of Technology) 	HS 	OPEN 	Female-only (including Supernumerary) 	12609 	15964
National Institute of Technology, Kurukshetra	Artificial Intelligence and Data Science (4 Years, Bachelor of Technology) 	OS 	OPEN 	Gender-Neutral 	7122 	7844
National Institute of Technology, Kurukshetra	Artificial Intelligence and Data Science (4 Years, Bachelor of Technology) 	OS 	OPEN 	Female-only (including Supernumerary) 	13378 	14422
National Institute of Technology, Kurukshetra	Artificial Intelligence and Machine Learning (4 Years, Bachelor of Technology) 	HS 	OPEN 	Gender-Neutral 	5310 	10601
National Institute of Technology, Kurukshetra	Artificial Intelligence and Machine Learning (4 Years, Bachelor of Technology) 	HS 	OPEN 	Female-only (including Supernumerary) 	12986 	16221
National Institute of Technology, Kurukshetra	Artificial Intelligence and Machine Learning (4 Years, Bachelor of Technology) 	OS 	OPEN 	Gender-Neutral 	6993 	8048
National Institute of Technology, Kurukshetra	Artificial Intelligence and Machine Learning (4 Years, Bachelor of Technology) 	OS 	OPEN 	Female-only (including Supernumerary) 	11233 	13117
National Institute of Technology, Kurukshetra	Civil Engineering (4 Years, Bachelor of Technology) 	HS 	OPEN 	Gender-Neutral 	28543 	36317
National Institute of Technology, Kurukshetra	Civil Engineering (4 Years, Bachelor of Technology) 	HS 	OPEN 	Female-only (including Supernumerary) 	42070 	50993
National Institute of Technology, Kurukshetra	Civil Engineering (4 Years, Bachelor of Technology) 	OS 	OPEN 	Gender-Neutral 	16301 	28862
National Institute of Technology, Kurukshetra	Civil Engineering (4 Years, Bachelor of Technology) 	OS 	OPEN 	Female-only (including Supernumerary) 	20867 	40960
National Institute of Technology, Kurukshetra	Civil Engineering (5 Years, Bachelor and Master of Technology (Dual Degree)) 	HS 	OPEN 	Gender-Neutral 	36613 	36613
National Institute of Technology, Kurukshetra	Civil Engineering (5 Years, Bachelor and Master of Technology (Dual Degree)) 	HS 	OPEN 	Female-only (including Supernumerary) 	52199 	52199
National Institute of Technology, Kurukshetra	Civil Engineering (5 Years, Bachelor and Master of Technology (Dual Degree)) 	OS 	OPEN 	Gender-Neutral 	35469 	35469
National Institute of Technology, Kurukshetra	Civil Engineering (5 Years, Bachelor and Master of Technology (Dual Degree)) 	OS 	OPEN 	Female-only (including Supernumerary) 	46438 	46438
National Institute of Technology, Kurukshetra	Computer Science and Engineering (4 Years, Bachelor of Technology) 	HS 	OPEN 	Gender-Neutral 	4835 	7993
National Institute of Technology, Kurukshetra	Computer Science and Engineering (4 Years, Bachelor of Technology) 	HS 	OPEN 	Female-only (including Supernumerary) 	6972 	12130
National Institute of Technology, Kurukshetra	Computer Science and Engineering (4 Years, Bachelor of Technology) 	OS 	OPEN 	Gender-Neutral 	4139 	6268
National Institute of Technology, Kurukshetra	Computer Science and Engineering (4 Years, Bachelor of Technology) 	OS 	OPEN 	Female-only (including Supernumerary) 	9626 	11075
National Institute of Technology, Kurukshetra	Computer Science and Engineering (5 Years, Bachelor and Master of Technology (Dual Degree)) 	HS 	OPEN 	Gender-Neutral 	9517 	11456
National Institute of Technology, Kurukshetra	Computer Science and Engineering (5 Years, Bachelor and Master of Technology (Dual Degree)) 	OS 	OPEN 	Gender-Neutral 	6917 	6917
National Institute of Technology, Kurukshetra	Computer Science and Engineering (5 Years, Bachelor and Master of Technology (Dual Degree)) 	OS 	OPEN 	Female-only (including Supernumerary) 	13074 	13074
National Institute of Technology, Kurukshetra	Electrical Engineering (4 Years, Bachelor of Technology) 	HS 	OPEN 	Gender-Neutral 	15840 	22084
National Institute of Technology, Kurukshetra	Electrical Engineering (4 Years, Bachelor of Technology) 	HS 	OPEN 	Female-only (including Supernumerary) 	21088 	27080
National Institute of Technology, Kurukshetra	Electrical Engineering (4 Years, Bachelor of Technology) 	OS 	OPEN 	Gender-Neutral 	11488 	14535
National Institute of Technology, Kurukshetra	Electrical Engineering (4 Years, Bachelor of Technology) 	OS 	OPEN 	Female-only (including Supernumerary) 	19187 	24455
National Institute of Technology, Kurukshetra	Electrical Engineering (5 Years, Bachelor and Master of Technology (Dual Degree)) 	HS 	OPEN 	Gender-Neutral 	22646 	22663
National Institute of Technology, Kurukshetra	Electrical Engineering (5 Years, Bachelor and Master of Technology (Dual Degree)) 	OS 	OPEN 	Gender-Neutral 	15655 	15655
National Institute of Technology, Kurukshetra	Electrical Engineering (5 Years, Bachelor and Master of Technology (Dual Degree)) 	OS 	OPEN 	Female-only (including Supernumerary) 	25783 	25783
National Institute of Technology, Kurukshetra	Electronics and Communication Engineering (4 Years, Bachelor of Technology) 	HS 	OPEN 	Gender-Neutral 	9692 	14916
National Institute of Technology, Kurukshetra	Electronics and Communication Engineering (4 Years, Bachelor of Technology) 	HS 	OPEN 	Female-only (including Supernumerary) 	13315 	20080
National Institute of Technology, Kurukshetra	Electronics and Communication Engineering (4 Years, Bachelor of Technology) 	OS 	OPEN 	Gender-Neutral 	8462 	10533
National Institute of Technology, Kurukshetra	Electronics and Communication Engineering (4 Years, Bachelor of Technology) 	OS 	OPEN 	Female-only (including Supernumerary) 	15328 	17473
National Institute of Technology, Kurukshetra	Electronics and Communication Engineering (5 Years, Bachelor and Master of Technology (Dual Degree)) 	HS 	OPEN 	Gender-Neutral 	16112 	16112
National Institute of Technology, Kurukshetra	Electronics and Communication Engineering (5 Years, Bachelor and Master of Technology (Dual Degree)) 	HS 	OPEN 	Female-only (including Supernumerary) 	20177 	20177
National Institute of Technology, Kurukshetra	Electronics and Communication Engineering (5 Years, Bachelor and Master of Technology (Dual Degree)) 	OS 	OPEN 	Gender-Neutral 	9524 	9524
National Institute of Technology, Kurukshetra	Electronics and Communication Engineering (5 Years, Bachelor and Master of Technology (Dual Degree)) 	OS 	OPEN 	Female-only (including Supernumerary) 	18486 	18486
National Institute of Technology, Kurukshetra	Industrial Internet of Things (4 Years, Bachelor of Technology) 	HS 	OPEN 	Gender-Neutral 	16892 	22410
National Institute of Technology, Kurukshetra	Industrial Internet of Things (4 Years, Bachelor of Technology) 	HS 	OPEN 	Female-only (including Supernumerary) 	26284 	29052
National Institute of Technology, Kurukshetra	Industrial Internet of Things (4 Years, Bachelor of Technology) 	OS 	OPEN 	Gender-Neutral 	10811 	15941
National Institute of Technology, Kurukshetra	Industrial Internet of Things (4 Years, Bachelor of Technology) 	OS 	OPEN 	Female-only (including Supernumerary) 	23143 	24622
National Institute of Technology, Kurukshetra	Information Technology (4 Years, Bachelor of Technology) 	HS 	OPEN 	Gender-Neutral 	8245 	10866
National Institute of Technology, Kurukshetra	Information Technology (4 Years, Bachelor of Technology) 	HS 	OPEN 	Female-only (including Supernumerary) 	12437 	13242
National Institute of Technology, Kurukshetra	Information Technology (4 Years, Bachelor of Technology) 	OS 	OPEN 	Gender-Neutral 	6562 	7618
National Institute of Technology, Kurukshetra	Information Technology (4 Years, Bachelor of Technology) 	OS 	OPEN 	Female-only (including Supernumerary) 	11881 	14711
National Institute of Technology, Kurukshetra	Mathematics and Computing (4 Years, Bachelor of Technology) 	HS 	OPEN 	Gender-Neutral 	10654 	12985
National Institute of Technology, Kurukshetra	Mathematics and Computing (4 Years, Bachelor of Technology) 	HS 	OPEN 	Female-only (including Supernumerary) 	13080 	17842
National Institute of Technology, Kurukshetra	Mathematics and Computing (4 Years, Bachelor of Technology) 	OS 	OPEN 	Gender-Neutral 	6817 	9457
National Institute of Technology, Kurukshetra	Mathematics and Computing (4 Years, Bachelor of Technology) 	OS 	OPEN 	Female-only (including Supernumerary) 	15090 	15118
National Institute of Technology, Kurukshetra	Mechanical Engineering (4 Years, Bachelor of Technology) 	HS 	OPEN 	Gender-Neutral 	23285 	27319
National Institute of Technology, Kurukshetra	Mechanical Engineering (4 Years, Bachelor of Technology) 	HS 	OPEN 	Female-only (including Supernumerary) 	29077 	37992
National Institute of Technology, Kurukshetra	Mechanical Engineering (4 Years, Bachelor of Technology) 	OS 	OPEN 	Gender-Neutral 	16551 	20888
National Institute of Technology, Kurukshetra	Mechanical Engineering (4 Years, Bachelor of Technology) 	OS 	OPEN 	Female-only (including Supernumerary) 	31532 	33976
National Institute of Technology, Kurukshetra	Mechanical Engineering (5 Years, Bachelor and Master of Technology (Dual Degree)) 	HS 	OPEN 	Gender-Neutral 	27581 	29194
National Institute of Technology, Kurukshetra	Mechanical Engineering (5 Years, Bachelor and Master of Technology (Dual Degree)) 	OS 	OPEN 	Gender-Neutral 	18772 	18772
National Institute of Technology, Kurukshetra	Mechanical Engineering (5 Years, Bachelor and Master of Technology (Dual Degree)) 	OS 	OPEN 	Female-only (including Supernumerary) 	38789 	38789
National Institute of Technology, Kurukshetra	Microelectronics & VLSI Engineering (4 Years, Bachelor of Technology) 	HS 	OPEN 	Gender-Neutral 	12733 	20595
National Institute of Technology, Kurukshetra	Microelectronics & VLSI Engineering (4 Years, Bachelor of Technology) 	HS 	OPEN 	Female-only (including Supernumerary) 	25326 	25886
National Institute of Technology, Kurukshetra	Microelectronics & VLSI Engineering (4 Years, Bachelor of Technology) 	OS 	OPEN 	Gender-Neutral 	10938 	13775
National Institute of Technology, Kurukshetra	Microelectronics & VLSI Engineering (4 Years, Bachelor of Technology) 	OS 	OPEN 	Female-only (including Supernumerary) 	20664 	21653
National Institute of Technology, Kurukshetra	Production and Industrial Engineering (4 Years, Bachelor of Technology) 	HS 	OPEN 	Gender-Neutral 	31033 	36959
National Institute of Technology, Kurukshetra	Production and Industrial Engineering (4 Years, Bachelor of Technology) 	HS 	OPEN 	Female-only (including Supernumerary) 	49456 	53194
National Institute of Technology, Kurukshetra	Production and Industrial Engineering (4 Years, Bachelor of Technology) 	OS 	OPEN 	Gender-Neutral 	27860 	31527
National Institute of Technology, Kurukshetra	Production and Industrial Engineering (4 Years, Bachelor of Technology) 	OS 	OPEN 	Female-only (including Supernumerary) 	42545 	42545
National Institute of Technology, Kurukshetra	ROBOTICS & AUTOMATION (4 Years, Bachelor of Technology) 	HS 	OPEN 	Gender-Neutral 	14763 	19399
National Institute of Technology, Kurukshetra	ROBOTICS & AUTOMATION (4 Years, Bachelor of Technology) 	HS 	OPEN 	Female-only (including Supernumerary) 	18339 	19412
National Institute of Technology, Kurukshetra	ROBOTICS & AUTOMATION (4 Years, Bachelor of Technology) 	OS 	OPEN 	Gender-Neutral 	9625 	11769
National Institute of Technology, Kurukshetra	ROBOTICS & AUTOMATION (4 Years, Bachelor of Technology) 	OS 	OPEN 	Female-only (including Supernumerary) 	16686 	16686
National Institute of Technology, Kurukshetra	SUSTAINABLE ENERGY TECHNOLOGIES (4 Years, Bachelor of Technology) 	HS 	OPEN 	Gender-Neutral 	23712 	40265
National Institute of Technology, Kurukshetra	SUSTAINABLE ENERGY TECHNOLOGIES (4 Years, Bachelor of Technology) 	HS 	OPEN 	Female-only (including Supernumerary) 	50047 	52806
National Institute of Technology, Kurukshetra	SUSTAINABLE ENERGY TECHNOLOGIES (4 Years, Bachelor of Technology) 	OS 	OPEN 	Gender-Neutral 	20285 	30100
National Institute of Technology, Kurukshetra	SUSTAINABLE ENERGY TECHNOLOGIES (4 Years, Bachelor of Technology) 	OS 	OPEN 	Female-only (including Supernumerary) 	36798 	41864
National Institute of Technology, Manipur	Civil Engineering (4 Years, Bachelor of Technology) 	HS 	OPEN 	Gender-Neutral 	171740 	276080
National Institute of Technology, Manipur	Civil Engineering (4 Years, Bachelor of Technology) 	HS 	OPEN 	Female-only (including Supernumerary) 	287849 	287849
National Institute of Technology, Manipur	Civil Engineering (4 Years, Bachelor of Technology) 	OS 	OPEN 	Gender-Neutral 	43865 	51493
National Institute of Technology, Manipur	Civil Engineering (4 Years, Bachelor of Technology) 	OS 	OPEN 	Female-only (including Supernumerary) 	60904 	61138
National Institute of Technology, Manipur	Computer Science and Engineering (4 Years, Bachelor of Technology) 	HS 	OPEN 	Gender-Neutral 	48088 	166719
National Institute of Technology, Manipur	Computer Science and Engineering (4 Years, Bachelor of Technology) 	HS 	OPEN 	Female-only (including Supernumerary) 	107156 	245850
National Institute of Technology, Manipur	Computer Science and Engineering (4 Years, Bachelor of Technology) 	OS 	OPEN 	Gender-Neutral 	19482 	26617
National Institute of Technology, Manipur	Computer Science and Engineering (4 Years, Bachelor of Technology) 	OS 	OPEN 	Female-only (including Supernumerary) 	37538 	42334
National Institute of Technology, Manipur	Electrical Engineering (4 Years, Bachelor of Technology) 	HS 	OPEN 	Gender-Neutral 	143879 	312646
National Institute of Technology, Manipur	Electrical Engineering (4 Years, Bachelor of Technology) 	HS 	OPEN 	Female-only (including Supernumerary) 	519643 	519643
National Institute of Technology, Manipur	Electrical Engineering (4 Years, Bachelor of Technology) 	OS 	OPEN 	Gender-Neutral 	25722 	42064
National Institute of Technology, Manipur	Electrical Engineering (4 Years, Bachelor of Technology) 	OS 	OPEN 	Female-only (including Supernumerary) 	52498 	55677
National Institute of Technology, Manipur	Electronics and Communication Engineering (4 Years, Bachelor of Technology) 	HS 	OPEN 	Gender-Neutral 	133978 	233574
National Institute of Technology, Manipur	Electronics and Communication Engineering (4 Years, Bachelor of Technology) 	HS 	OPEN 	Female-only (including Supernumerary) 	323476 	397945
National Institute of Technology, Manipur	Electronics and Communication Engineering (4 Years, Bachelor of Technology) 	OS 	OPEN 	Gender-Neutral 	30444 	36764
National Institute of Technology, Manipur	Electronics and Communication Engineering (4 Years, Bachelor of Technology) 	OS 	OPEN 	Female-only (including Supernumerary) 	51261 	51368
National Institute of Technology, Manipur	Mechanical Engineering (4 Years, Bachelor of Technology) 	HS 	OPEN 	Gender-Neutral 	234181 	288637
National Institute of Technology, Manipur	Mechanical Engineering (4 Years, Bachelor of Technology) 	HS 	OPEN 	Female-only (including Supernumerary) 	625673 	632369
National Institute of Technology, Manipur	Mechanical Engineering (4 Years, Bachelor of Technology) 	OS 	OPEN 	Gender-Neutral 	21461 	42976
National Institute of Technology, Manipur	Mechanical Engineering (4 Years, Bachelor of Technology) 	OS 	OPEN 	Female-only (including Supernumerary) 	57357 	60757
National Institute of Technology, Mizoram	Chemical Science and Technology (4 Years, Bachelor of Technology) 	HS 	OPEN 	Gender-Neutral 	888104 	937704
National Institute of Technology, Mizoram	Chemical Science and Technology (4 Years, Bachelor of Technology) 	HS 	OPEN 	Female-only (including Supernumerary) 	800138 	800138
National Institute of Technology, Mizoram	Chemical Science and Technology (4 Years, Bachelor of Technology) 	OS 	OPEN 	Gender-Neutral 	39069 	39552
National Institute of Technology, Mizoram	Chemical Science and Technology (4 Years, Bachelor of Technology) 	OS 	OPEN 	Female-only (including Supernumerary) 	53113 	53113
National Institute of Technology, Mizoram	Civil Engineering (4 Years, Bachelor of Technology) 	HS 	OPEN 	Gender-Neutral 	364422 	418215
National Institute of Technology, Mizoram	Civil Engineering (4 Years, Bachelor of Technology) 	HS 	OPEN 	Female-only (including Supernumerary) 	381812 	513914
National Institute of Technology, Mizoram	Civil Engineering (4 Years, Bachelor of Technology) 	OS 	OPEN 	Gender-Neutral 	50753 	51888
National Institute of Technology, Mizoram	Civil Engineering (4 Years, Bachelor of Technology) 	OS 	OPEN 	Female-only (including Supernumerary) 	64221 	64221
National Institute of Technology, Mizoram	Computer Science and Engineering (4 Years, Bachelor of Technology) 	HS 	OPEN 	Gender-Neutral 	112390 	350610
National Institute of Technology, Mizoram	Computer Science and Engineering (4 Years, Bachelor of Technology) 	HS 	OPEN 	Female-only (including Supernumerary) 	726400 	726400
National Institute of Technology, Mizoram	Computer Science and Engineering (4 Years, Bachelor of Technology) 	OS 	OPEN 	Gender-Neutral 	27500 	31124
National Institute of Technology, Mizoram	Computer Science and Engineering (4 Years, Bachelor of Technology) 	OS 	OPEN 	Female-only (including Supernumerary) 	36191 	36191
National Institute of Technology, Mizoram	Electrical Engineering (4 Years, Bachelor of Technology) 	HS 	OPEN 	Gender-Neutral 	485704 	644180
National Institute of Technology, Mizoram	Electrical Engineering (4 Years, Bachelor of Technology) 	HS 	OPEN 	Female-only (including Supernumerary) 	888223 	1221717
National Institute of Technology, Mizoram	Electrical Engineering (4 Years, Bachelor of Technology) 	OS 	OPEN 	Gender-Neutral 	37236 	42626
National Institute of Technology, Mizoram	Electrical Engineering (4 Years, Bachelor of Technology) 	OS 	OPEN 	Female-only (including Supernumerary) 	53927 	53927
National Institute of Technology, Mizoram	Electronics and Communication Engineering (4 Years, Bachelor of Technology) 	HS 	OPEN 	Gender-Neutral 	546208 	750728
National Institute of Technology, Mizoram	Electronics and Communication Engineering (4 Years, Bachelor of Technology) 	OS 	OPEN 	Gender-Neutral 	32680 	38127
National Institute of Technology, Mizoram	Electronics and Communication Engineering (4 Years, Bachelor of Technology) 	OS 	OPEN 	Female-only (including Supernumerary) 	49910 	49910
National Institute of Technology, Mizoram	Mathematics and Computing (4 Years, Bachelor of Technology) 	HS 	OPEN 	Gender-Neutral 	667009 	724185
National Institute of Technology, Mizoram	Mathematics and Computing (4 Years, Bachelor of Technology) 	HS 	OPEN 	Female-only (including Supernumerary) 	1019344 	1019344
National Institute of Technology, Mizoram	Mathematics and Computing (4 Years, Bachelor of Technology) 	OS 	OPEN 	Gender-Neutral 	20007 	20801
National Institute of Technology, Mizoram	Mathematics and Computing (4 Years, Bachelor of Technology) 	OS 	OPEN 	Female-only (including Supernumerary) 	46638 	46638
National Institute of Technology, Mizoram	Mechanical Engineering (4 Years, Bachelor of Technology) 	HS 	OPEN 	Gender-Neutral 	309288 	840727
National Institute of Technology, Mizoram	Mechanical Engineering (4 Years, Bachelor of Technology) 	OS 	OPEN 	Gender-Neutral 	43376 	46244
National Institute of Technology, Mizoram	Mechanical Engineering (4 Years, Bachelor of Technology) 	OS 	OPEN 	Female-only (including Supernumerary) 	54906 	54906
National Institute of Technology, Rourkela	Architecture (5 Years, Bachelor of Architecture) 	HS 	OPEN 	Gender-Neutral 	643 	1204
National Institute of Technology, Rourkela	Architecture (5 Years, Bachelor of Architecture) 	HS 	OPEN 	Female-only (including Supernumerary) 	1046 	1046
National Institute of Technology, Rourkela	Architecture (5 Years, Bachelor of Architecture) 	OS 	OPEN 	Gender-Neutral 	316 	369
National Institute of Technology, Rourkela	Architecture (5 Years, Bachelor of Architecture) 	OS 	OPEN 	Female-only (including Supernumerary) 	277 	277
National Institute of Technology, Rourkela	Artificial Intelligence (4 Years, Bachelor of Technology) 	HS 	OPEN 	Gender-Neutral 	8001 	9099
National Institute of Technology, Rourkela	Artificial Intelligence (4 Years, Bachelor of Technology) 	HS 	OPEN 	Female-only (including Supernumerary) 	16197 	17226
National Institute of Technology, Rourkela	Artificial Intelligence (4 Years, Bachelor of Technology) 	OS 	OPEN 	Gender-Neutral 	2962 	3650
National Institute of Technology, Rourkela	Artificial Intelligence (4 Years, Bachelor of Technology) 	OS 	OPEN 	Female-only (including Supernumerary) 	5770 	6735
National Institute of Technology, Rourkela	Bio Medical Engineering (4 Years, Bachelor of Technology) 	HS 	OPEN 	Gender-Neutral 	28234 	39689
National Institute of Technology, Rourkela	Bio Medical Engineering (4 Years, Bachelor of Technology) 	HS 	OPEN 	Female-only (including Supernumerary) 	33331 	41982
National Institute of Technology, Rourkela	Bio Medical Engineering (4 Years, Bachelor of Technology) 	OS 	OPEN 	Gender-Neutral 	20837 	22637
National Institute of Technology, Rourkela	Bio Medical Engineering (4 Years, Bachelor of Technology) 	OS 	OPEN 	Female-only (including Supernumerary) 	13114 	20720
National Institute of Technology, Rourkela	Bio Technology (4 Years, Bachelor of Technology) 	HS 	OPEN 	Gender-Neutral 	12305 	30355
National Institute of Technology, Rourkela	Bio Technology (4 Years, Bachelor of Technology) 	HS 	OPEN 	Female-only (including Supernumerary) 	32351 	32636
National Institute of Technology, Rourkela	Bio Technology (4 Years, Bachelor of Technology) 	OS 	OPEN 	Gender-Neutral 	12088 	23562
National Institute of Technology, Rourkela	Bio Technology (4 Years, Bachelor of Technology) 	OS 	OPEN 	Female-only (including Supernumerary) 	22173 	29206
National Institute of Technology, Rourkela	Ceramic Engineering (4 Years, Bachelor of Technology) 	HS 	OPEN 	Gender-Neutral 	27121 	35045
National Institute of Technology, Rourkela	Ceramic Engineering (4 Years, Bachelor of Technology) 	HS 	OPEN 	Female-only (including Supernumerary) 	43108 	47758
National Institute of Technology, Rourkela	Ceramic Engineering (4 Years, Bachelor of Technology) 	OS 	OPEN 	Gender-Neutral 	21855 	26762
National Institute of Technology, Rourkela	Ceramic Engineering (4 Years, Bachelor of Technology) 	OS 	OPEN 	Female-only (including Supernumerary) 	41743 	47115
National Institute of Technology, Rourkela	Ceramic Engineering and M.Tech Industrial Ceramic (5 Years, Bachelor and Master of Technology (Dual Degree)) 	HS 	OPEN 	Gender-Neutral 	37725 	44149
National Institute of Technology, Rourkela	Ceramic Engineering and M.Tech Industrial Ceramic (5 Years, Bachelor and Master of Technology (Dual Degree)) 	HS 	OPEN 	Female-only (including Supernumerary) 	50253 	50253
National Institute of Technology, Rourkela	Ceramic Engineering and M.Tech Industrial Ceramic (5 Years, Bachelor and Master of Technology (Dual Degree)) 	OS 	OPEN 	Gender-Neutral 	29633 	31064
National Institute of Technology, Rourkela	Ceramic Engineering and M.Tech Industrial Ceramic (5 Years, Bachelor and Master of Technology (Dual Degree)) 	OS 	OPEN 	Female-only (including Supernumerary) 	48228 	48228
National Institute of Technology, Rourkela	Chemical Engineering (4 Years, Bachelor of Technology) 	HS 	OPEN 	Gender-Neutral 	19047 	22716
National Institute of Technology, Rourkela	Chemical Engineering (4 Years, Bachelor of Technology) 	HS 	OPEN 	Female-only (including Supernumerary) 	31957 	32697
National Institute of Technology, Rourkela	Chemical Engineering (4 Years, Bachelor of Technology) 	OS 	OPEN 	Gender-Neutral 	13111 	15509
National Institute of Technology, Rourkela	Chemical Engineering (4 Years, Bachelor of Technology) 	OS 	OPEN 	Female-only (including Supernumerary) 	24875 	27489
National Institute of Technology, Rourkela	Chemical Engineering (5 Years, Bachelor and Master of Technology (Dual Degree)) 	HS 	OPEN 	Gender-Neutral 	23165 	24496
National Institute of Technology, Rourkela	Chemical Engineering (5 Years, Bachelor and Master of Technology (Dual Degree)) 	OS 	OPEN 	Gender-Neutral 	14550 	16985
National Institute of Technology, Rourkela	Chemical Engineering (5 Years, Bachelor and Master of Technology (Dual Degree)) 	OS 	OPEN 	Female-only (including Supernumerary) 	30124 	30124
National Institute of Technology, Rourkela	Chemistry (5 Years, Integrated Master of Science) 	HS 	OPEN 	Gender-Neutral 	47931 	50408
National Institute of Technology, Rourkela	Chemistry (5 Years, Integrated Master of Science) 	HS 	OPEN 	Female-only (including Supernumerary) 	51433 	51433
National Institute of Technology, Rourkela	Chemistry (5 Years, Integrated Master of Science) 	OS 	OPEN 	Gender-Neutral 	26083 	29185
National Institute of Technology, Rourkela	Chemistry (5 Years, Integrated Master of Science) 	OS 	OPEN 	Female-only (including Supernumerary) 	34430 	34430
National Institute of Technology, Rourkela	Civil Engineering (4 Years, Bachelor of Technology) 	HS 	OPEN 	Gender-Neutral 	21266 	26250
National Institute of Technology, Rourkela	Civil Engineering (4 Years, Bachelor of Technology) 	HS 	OPEN 	Female-only (including Supernumerary) 	24043 	37288
National Institute of Technology, Rourkela	Civil Engineering (4 Years, Bachelor of Technology) 	OS 	OPEN 	Gender-Neutral 	12171 	23208
National Institute of Technology, Rourkela	Civil Engineering (4 Years, Bachelor of Technology) 	OS 	OPEN 	Female-only (including Supernumerary) 	30429 	34358
National Institute of Technology, Rourkela	Computer Science and Engineering (4 Years, Bachelor of Technology) 	HS 	OPEN 	Gender-Neutral 	4082 	7371
National Institute of Technology, Rourkela	Computer Science and Engineering (4 Years, Bachelor of Technology) 	HS 	OPEN 	Female-only (including Supernumerary) 	6969 	15727
National Institute of Technology, Rourkela	Computer Science and Engineering (4 Years, Bachelor of Technology) 	OS 	OPEN 	Gender-Neutral 	2192 	3122
National Institute of Technology, Rourkela	Computer Science and Engineering (4 Years, Bachelor of Technology) 	OS 	OPEN 	Female-only (including Supernumerary) 	1434 	5524
National Institute of Technology, Rourkela	Electrical Engineering (4 Years, Bachelor of Technology) 	HS 	OPEN 	Gender-Neutral 	11122 	15456
National Institute of Technology, Rourkela	Electrical Engineering (4 Years, Bachelor of Technology) 	HS 	OPEN 	Female-only (including Supernumerary) 	18371 	24439
National Institute of Technology, Rourkela	Electrical Engineering (4 Years, Bachelor of Technology) 	OS 	OPEN 	Gender-Neutral 	7141 	9416
National Institute of Technology, Rourkela	Electrical Engineering (4 Years, Bachelor of Technology) 	OS 	OPEN 	Female-only (including Supernumerary) 	9437 	15342
National Institute of Technology, Rourkela	Electronics and Communication Engineering (4 Years, Bachelor of Technology) 	HS 	OPEN 	Gender-Neutral 	7615 	10758
National Institute of Technology, Rourkela	Electronics and Communication Engineering (4 Years, Bachelor of Technology) 	HS 	OPEN 	Female-only (including Supernumerary) 	20039 	20920
National Institute of Technology, Rourkela	Electronics and Communication Engineering (4 Years, Bachelor of Technology) 	OS 	OPEN 	Gender-Neutral 	4524 	5109
National Institute of Technology, Rourkela	Electronics and Communication Engineering (4 Years, Bachelor of Technology) 	OS 	OPEN 	Female-only (including Supernumerary) 	6458 	6697
National Institute of Technology, Rourkela	Electronics and Instrumentation Engineering (4 Years, Bachelor of Technology) 	HS 	OPEN 	Gender-Neutral 	11195 	13717
National Institute of Technology, Rourkela	Electronics and Instrumentation Engineering (4 Years, Bachelor of Technology) 	HS 	OPEN 	Female-only (including Supernumerary) 	21765 	21904
National Institute of Technology, Rourkela	Electronics and Instrumentation Engineering (4 Years, Bachelor of Technology) 	OS 	OPEN 	Gender-Neutral 	6929 	8167
National Institute of Technology, Rourkela	Electronics and Instrumentation Engineering (4 Years, Bachelor of Technology) 	OS 	OPEN 	Female-only (including Supernumerary) 	11705 	13968
National Institute of Technology, Rourkela	Food Process Engineering (4 Years, Bachelor of Technology) 	HS 	OPEN 	Gender-Neutral 	39427 	44029
National Institute of Technology, Rourkela	Food Process Engineering (4 Years, Bachelor of Technology) 	HS 	OPEN 	Female-only (including Supernumerary) 	51979 	51979
National Institute of Technology, Rourkela	Food Process Engineering (4 Years, Bachelor of Technology) 	OS 	OPEN 	Gender-Neutral 	30560 	34766
National Institute of Technology, Rourkela	Food Process Engineering (4 Years, Bachelor of Technology) 	OS 	OPEN 	Female-only (including Supernumerary) 	33994 	33994
National Institute of Technology, Rourkela	Industrial Design (4 Years, Bachelor of Technology) 	HS 	OPEN 	Gender-Neutral 	21196 	25881
National Institute of Technology, Rourkela	Industrial Design (4 Years, Bachelor of Technology) 	HS 	OPEN 	Female-only (including Supernumerary) 	34171 	34233
National Institute of Technology, Rourkela	Industrial Design (4 Years, Bachelor of Technology) 	OS 	OPEN 	Gender-Neutral 	17896 	22900
National Institute of Technology, Rourkela	Industrial Design (4 Years, Bachelor of Technology) 	OS 	OPEN 	Female-only (including Supernumerary) 	16077 	27788
National Institute of Technology, Rourkela	Life Science (5 Years, Integrated Master of Science) 	HS 	OPEN 	Gender-Neutral 	30608 	50526
National Institute of Technology, Rourkela	Life Science (5 Years, Integrated Master of Science) 	HS 	OPEN 	Female-only (including Supernumerary) 	55873 	55873
National Institute of Technology, Rourkela	Life Science (5 Years, Integrated Master of Science) 	OS 	OPEN 	Gender-Neutral 	5945 	30511
National Institute of Technology, Rourkela	Life Science (5 Years, Integrated Master of Science) 	OS 	OPEN 	Female-only (including Supernumerary) 	43307 	43307
National Institute of Technology, Rourkela	Mathematics (5 Years, Integrated Master of Science) 	HS 	OPEN 	Gender-Neutral 	24472 	45854
National Institute of Technology, Rourkela	Mathematics (5 Years, Integrated Master of Science) 	HS 	OPEN 	Female-only (including Supernumerary) 	51226 	51226
National Institute of Technology, Rourkela	Mathematics (5 Years, Integrated Master of Science) 	OS 	OPEN 	Gender-Neutral 	13303 	23032
National Institute of Technology, Rourkela	Mathematics (5 Years, Integrated Master of Science) 	OS 	OPEN 	Female-only (including Supernumerary) 	34818 	34818
National Institute of Technology, Rourkela	Mechanical Engineering (4 Years, Bachelor of Technology) 	HS 	OPEN 	Gender-Neutral 	15797 	20378
National Institute of Technology, Rourkela	Mechanical Engineering (4 Years, Bachelor of Technology) 	HS 	OPEN 	Female-only (including Supernumerary) 	20184 	31244
National Institute of Technology, Rourkela	Mechanical Engineering (4 Years, Bachelor of Technology) 	OS 	OPEN 	Gender-Neutral 	7093 	12248
National Institute of Technology, Rourkela	Mechanical Engineering (4 Years, Bachelor of Technology) 	OS 	OPEN 	Female-only (including Supernumerary) 	22323 	24059
National Institute of Technology, Rourkela	Metallurgical and Materials Engineering (4 Years, Bachelor of Technology) 	HS 	OPEN 	Gender-Neutral 	21289 	29716
National Institute of Technology, Rourkela	Metallurgical and Materials Engineering (4 Years, Bachelor of Technology) 	HS 	OPEN 	Female-only (including Supernumerary) 	35727 	40082
National Institute of Technology, Rourkela	Metallurgical and Materials Engineering (4 Years, Bachelor of Technology) 	OS 	OPEN 	Gender-Neutral 	21036 	26442
National Institute of Technology, Rourkela	Metallurgical and Materials Engineering (4 Years, Bachelor of Technology) 	OS 	OPEN 	Female-only (including Supernumerary) 	39426 	39801
National Institute of Technology, Rourkela	Metallurgical and Materials Engineering (5 Years, Bachelor and Master of Technology (Dual Degree)) 	HS 	OPEN 	Gender-Neutral 	31705 	36055
National Institute of Technology, Rourkela	Metallurgical and Materials Engineering (5 Years, Bachelor and Master of Technology (Dual Degree)) 	OS 	OPEN 	Gender-Neutral 	29283 	30376
National Institute of Technology, Rourkela	Metallurgical and Materials Engineering (5 Years, Bachelor and Master of Technology (Dual Degree)) 	OS 	OPEN 	Female-only (including Supernumerary) 	41441 	41441
National Institute of Technology, Rourkela	Mining Engineering (4 Years, Bachelor of Technology) 	HS 	OPEN 	Gender-Neutral 	23730 	30411
National Institute of Technology, Rourkela	Mining Engineering (4 Years, Bachelor of Technology) 	HS 	OPEN 	Female-only (including Supernumerary) 	31320 	42304
National Institute of Technology, Rourkela	Mining Engineering (4 Years, Bachelor of Technology) 	OS 	OPEN 	Gender-Neutral 	24815 	29975
National Institute of Technology, Rourkela	Mining Engineering (4 Years, Bachelor of Technology) 	OS 	OPEN 	Female-only (including Supernumerary) 	41419 	42811
National Institute of Technology, Rourkela	Mining Engineering (5 Years, Bachelor and Master of Technology (Dual Degree)) 	HS 	OPEN 	Gender-Neutral 	35047 	36780
National Institute of Technology, Rourkela	Mining Engineering (5 Years, Bachelor and Master of Technology (Dual Degree)) 	OS 	OPEN 	Gender-Neutral 	33247 	34630
National Institute of Technology, Rourkela	Physics (5 Years, Integrated Master of Science) 	HS 	OPEN 	Gender-Neutral 	31829 	44676
National Institute of Technology, Rourkela	Physics (5 Years, Integrated Master of Science) 	HS 	OPEN 	Female-only (including Supernumerary) 	43878 	43878
National Institute of Technology, Rourkela	Physics (5 Years, Integrated Master of Science) 	OS 	OPEN 	Gender-Neutral 	10305 	16278
National Institute of Technology, Rourkela	Physics (5 Years, Integrated Master of Science) 	OS 	OPEN 	Female-only (including Supernumerary) 	27473 	27473
National Institute of Technology, Silchar	Civil Engineering (4 Years, Bachelor of Technology) 	HS 	OPEN 	Gender-Neutral 	58033 	69771
National Institute of Technology, Silchar	Civil Engineering (4 Years, Bachelor of Technology) 	HS 	OPEN 	Female-only (including Supernumerary) 	42790 	78072
National Institute of Technology, Silchar	Civil Engineering (4 Years, Bachelor of Technology) 	OS 	OPEN 	Gender-Neutral 	32514 	39914
National Institute of Technology, Silchar	Civil Engineering (4 Years, Bachelor of Technology) 	OS 	OPEN 	Female-only (including Supernumerary) 	45063 	50540
National Institute of Technology, Silchar	Computer Science and Engineering (4 Years, Bachelor of Technology) 	HS 	OPEN 	Gender-Neutral 	9260 	21987
National Institute of Technology, Silchar	Computer Science and Engineering (4 Years, Bachelor of Technology) 	HS 	OPEN 	Female-only (including Supernumerary) 	22196 	45010
National Institute of Technology, Silchar	Computer Science and Engineering (4 Years, Bachelor of Technology) 	OS 	OPEN 	Gender-Neutral 	8010 	11112
National Institute of Technology, Silchar	Computer Science and Engineering (4 Years, Bachelor of Technology) 	OS 	OPEN 	Female-only (including Supernumerary) 	12035 	17987
National Institute of Technology, Silchar	Electrical Engineering (4 Years, Bachelor of Technology) 	HS 	OPEN 	Gender-Neutral 	35284 	52637
National Institute of Technology, Silchar	Electrical Engineering (4 Years, Bachelor of Technology) 	HS 	OPEN 	Female-only (including Supernumerary) 	64896 	73141
National Institute of Technology, Silchar	Electrical Engineering (4 Years, Bachelor of Technology) 	OS 	OPEN 	Gender-Neutral 	16949 	22146
National Institute of Technology, Silchar	Electrical Engineering (4 Years, Bachelor of Technology) 	OS 	OPEN 	Female-only (including Supernumerary) 	26836 	34382
National Institute of Technology, Silchar	Electronics and Communication Engineering (4 Years, Bachelor of Technology) 	HS 	OPEN 	Gender-Neutral 	21993 	34934
National Institute of Technology, Silchar	Electronics and Communication Engineering (4 Years, Bachelor of Technology) 	HS 	OPEN 	Female-only (including Supernumerary) 	47951 	58994
National Institute of Technology, Silchar	Electronics and Communication Engineering (4 Years, Bachelor of Technology) 	OS 	OPEN 	Gender-Neutral 	10772 	15294
National Institute of Technology, Silchar	Electronics and Communication Engineering (4 Years, Bachelor of Technology) 	OS 	OPEN 	Female-only (including Supernumerary) 	22208 	25810
National Institute of Technology, Silchar	Electronics and Instrumentation Engineering (4 Years, Bachelor of Technology) 	HS 	OPEN 	Gender-Neutral 	19980 	44952
National Institute of Technology, Silchar	Electronics and Instrumentation Engineering (4 Years, Bachelor of Technology) 	HS 	OPEN 	Female-only (including Supernumerary) 	60453 	63019
National Institute of Technology, Silchar	Electronics and Instrumentation Engineering (4 Years, Bachelor of Technology) 	OS 	OPEN 	Gender-Neutral 	15997 	19912
National Institute of Technology, Silchar	Electronics and Instrumentation Engineering (4 Years, Bachelor of Technology) 	OS 	OPEN 	Female-only (including Supernumerary) 	27153 	32164
National Institute of Technology, Silchar	Mechanical Engineering (4 Years, Bachelor of Technology) 	HS 	OPEN 	Gender-Neutral 	33832 	60412
National Institute of Technology, Silchar	Mechanical Engineering (4 Years, Bachelor of Technology) 	HS 	OPEN 	Female-only (including Supernumerary) 	27017 	75820
National Institute of Technology, Silchar	Mechanical Engineering (4 Years, Bachelor of Technology) 	OS 	OPEN 	Gender-Neutral 	19161 	29097
National Institute of Technology, Silchar	Mechanical Engineering (4 Years, Bachelor of Technology) 	OS 	OPEN 	Female-only (including Supernumerary) 	40912 	44667
National Institute of Technology, Srinagar	Chemical Engineering (4 Years, Bachelor of Technology) 	JK 	OPEN 	Gender-Neutral 	78216 	98352
National Institute of Technology, Srinagar	Chemical Engineering (4 Years, Bachelor of Technology) 	JK 	OPEN 	Female-only (including Supernumerary) 	129322 	133300
National Institute of Technology, Srinagar	Chemical Engineering (4 Years, Bachelor of Technology) 	LA 	OPEN 	Gender-Neutral 	372690 	372690
National Institute of Technology, Srinagar	Chemical Engineering (4 Years, Bachelor of Technology) 	OS 	OPEN 	Gender-Neutral 	40712 	46040
National Institute of Technology, Srinagar	Chemical Engineering (4 Years, Bachelor of Technology) 	OS 	OPEN 	Female-only (including Supernumerary) 	49400 	53611
National Institute of Technology, Srinagar	Civil Engineering (4 Years, Bachelor of Technology) 	JK 	OPEN 	Gender-Neutral 	10796 	78584
National Institute of Technology, Srinagar	Civil Engineering (4 Years, Bachelor of Technology) 	JK 	OPEN 	Female-only (including Supernumerary) 	45500 	105578
National Institute of Technology, Srinagar	Civil Engineering (4 Years, Bachelor of Technology) 	LA 	OPEN 	Gender-Neutral 	266955 	306845
National Institute of Technology, Srinagar	Civil Engineering (4 Years, Bachelor of Technology) 	OS 	OPEN 	Gender-Neutral 	21747 	49291
National Institute of Technology, Srinagar	Civil Engineering (4 Years, Bachelor of Technology) 	OS 	OPEN 	Female-only (including Supernumerary) 	52562 	61173
National Institute of Technology, Srinagar	Computer Science and Engineering (4 Years, Bachelor of Technology) 	JK 	OPEN 	Gender-Neutral 	9003 	35088
National Institute of Technology, Srinagar	Computer Science and Engineering (4 Years, Bachelor of Technology) 	JK 	OPEN 	Female-only (including Supernumerary) 	9490 	44114
National Institute of Technology, Srinagar	Computer Science and Engineering (4 Years, Bachelor of Technology) 	LA 	OPEN 	Gender-Neutral 	220991 	220991
National Institute of Technology, Srinagar	Computer Science and Engineering (4 Years, Bachelor of Technology) 	LA 	OPEN 	Female-only (including Supernumerary) 	295441 	295441
National Institute of Technology, Srinagar	Computer Science and Engineering (4 Years, Bachelor of Technology) 	OS 	OPEN 	Gender-Neutral 	12528 	22015
National Institute of Technology, Srinagar	Computer Science and Engineering (4 Years, Bachelor of Technology) 	OS 	OPEN 	Female-only (including Supernumerary) 	27896 	33853
National Institute of Technology, Srinagar	Electrical Engineering (4 Years, Bachelor of Technology) 	JK 	OPEN 	Gender-Neutral 	27934 	66040
National Institute of Technology, Srinagar	Electrical Engineering (4 Years, Bachelor of Technology) 	JK 	OPEN 	Female-only (including Supernumerary) 	84521 	115153
National Institute of Technology, Srinagar	Electrical Engineering (4 Years, Bachelor of Technology) 	LA 	OPEN 	Gender-Neutral 	340899 	340899
National Institute of Technology, Srinagar	Electrical Engineering (4 Years, Bachelor of Technology) 	LA 	OPEN 	Female-only (including Supernumerary) 	619954 	619954
National Institute of Technology, Srinagar	Electrical Engineering (4 Years, Bachelor of Technology) 	OS 	OPEN 	Gender-Neutral 	30224 	37774
National Institute of Technology, Srinagar	Electrical Engineering (4 Years, Bachelor of Technology) 	OS 	OPEN 	Female-only (including Supernumerary) 	43841 	48769
National Institute of Technology, Srinagar	Electronics and Communication Engineering (4 Years, Bachelor of Technology) 	JK 	OPEN 	Gender-Neutral 	30313 	59224
National Institute of Technology, Srinagar	Electronics and Communication Engineering (4 Years, Bachelor of Technology) 	JK 	OPEN 	Female-only (including Supernumerary) 	44832 	91365
National Institute of Technology, Srinagar	Electronics and Communication Engineering (4 Years, Bachelor of Technology) 	LA 	OPEN 	Gender-Neutral 	237585 	237585
National Institute of Technology, Srinagar	Electronics and Communication Engineering (4 Years, Bachelor of Technology) 	LA 	OPEN 	Female-only (including Supernumerary) 	512090 	512090
National Institute of Technology, Srinagar	Electronics and Communication Engineering (4 Years, Bachelor of Technology) 	OS 	OPEN 	Gender-Neutral 	17491 	30003
National Institute of Technology, Srinagar	Electronics and Communication Engineering (4 Years, Bachelor of Technology) 	OS 	OPEN 	Female-only (including Supernumerary) 	36792 	42976
National Institute of Technology, Srinagar	Information Technology (4 Years, Bachelor of Technology) 	JK 	OPEN 	Gender-Neutral 	35574 	52271
National Institute of Technology, Srinagar	Information Technology (4 Years, Bachelor of Technology) 	JK 	OPEN 	Female-only (including Supernumerary) 	52847 	87969
National Institute of Technology, Srinagar	Information Technology (4 Years, Bachelor of Technology) 	LA 	OPEN 	Gender-Neutral 	238562 	238562
National Institute of Technology, Srinagar	Information Technology (4 Years, Bachelor of Technology) 	LA 	OPEN 	Female-only (including Supernumerary) 	374943 	374943
National Institute of Technology, Srinagar	Information Technology (4 Years, Bachelor of Technology) 	OS 	OPEN 	Gender-Neutral 	22311 	28216
National Institute of Technology, Srinagar	Information Technology (4 Years, Bachelor of Technology) 	OS 	OPEN 	Female-only (including Supernumerary) 	19126 	41214
National Institute of Technology, Srinagar	Mechanical Engineering (4 Years, Bachelor of Technology) 	JK 	OPEN 	Gender-Neutral 	40747 	75558
National Institute of Technology, Srinagar	Mechanical Engineering (4 Years, Bachelor of Technology) 	JK 	OPEN 	Female-only (including Supernumerary) 	118540 	120565
National Institute of Technology, Srinagar	Mechanical Engineering (4 Years, Bachelor of Technology) 	LA 	OPEN 	Gender-Neutral 	334003 	334003
National Institute of Technology, Srinagar	Mechanical Engineering (4 Years, Bachelor of Technology) 	LA 	OPEN 	Female-only (including Supernumerary) 	526791 	526791
National Institute of Technology, Srinagar	Mechanical Engineering (4 Years, Bachelor of Technology) 	OS 	OPEN 	Gender-Neutral 	25442 	41768
National Institute of Technology, Srinagar	Mechanical Engineering (4 Years, Bachelor of Technology) 	OS 	OPEN 	Female-only (including Supernumerary) 	47719 	50829
National Institute of Technology, Srinagar	Metallurgical and Materials Engineering (4 Years, Bachelor of Technology) 	JK 	OPEN 	Gender-Neutral 	86335 	104665
National Institute of Technology, Srinagar	Metallurgical and Materials Engineering (4 Years, Bachelor of Technology) 	JK 	OPEN 	Female-only (including Supernumerary) 	115234 	147544
National Institute of Technology, Srinagar	Metallurgical and Materials Engineering (4 Years, Bachelor of Technology) 	LA 	OPEN 	Gender-Neutral 	399034 	399034
National Institute of Technology, Srinagar	Metallurgical and Materials Engineering (4 Years, Bachelor of Technology) 	OS 	OPEN 	Gender-Neutral 	39437 	50145
National Institute of Technology, Srinagar	Metallurgical and Materials Engineering (4 Years, Bachelor of Technology) 	OS 	OPEN 	Female-only (including Supernumerary) 	55159 	62306
National Institute of Technology, Tiruchirappalli	Architecture (5 Years, Bachelor of Architecture) 	HS 	OPEN 	Gender-Neutral 	112 	276
National Institute of Technology, Tiruchirappalli	Architecture (5 Years, Bachelor of Architecture) 	HS 	OPEN 	Female-only (including Supernumerary) 	163 	168
National Institute of Technology, Tiruchirappalli	Architecture (5 Years, Bachelor of Architecture) 	OS 	OPEN 	Gender-Neutral 	20 	151
National Institute of Technology, Tiruchirappalli	Architecture (5 Years, Bachelor of Architecture) 	OS 	OPEN 	Female-only (including Supernumerary) 	12 	12
National Institute of Technology, Tiruchirappalli	Chemical Engineering (4 Years, Bachelor of Technology) 	HS 	OPEN 	Gender-Neutral 	5865 	17196
National Institute of Technology, Tiruchirappalli	Chemical Engineering (4 Years, Bachelor of Technology) 	HS 	OPEN 	Female-only (including Supernumerary) 	19506 	28004
National Institute of Technology, Tiruchirappalli	Chemical Engineering (4 Years, Bachelor of Technology) 	OS 	OPEN 	Gender-Neutral 	8763 	11454
National Institute of Technology, Tiruchirappalli	Chemical Engineering (4 Years, Bachelor of Technology) 	OS 	OPEN 	Female-only (including Supernumerary) 	8241 	17003
National Institute of Technology, Tiruchirappalli	Civil Engineering (4 Years, Bachelor of Technology) 	HS 	OPEN 	Gender-Neutral 	10131 	27257
National Institute of Technology, Tiruchirappalli	Civil Engineering (4 Years, Bachelor of Technology) 	HS 	OPEN 	Female-only (including Supernumerary) 	22905 	33141
National Institute of Technology, Tiruchirappalli	Civil Engineering (4 Years, Bachelor of Technology) 	OS 	OPEN 	Gender-Neutral 	4970 	15575
National Institute of Technology, Tiruchirappalli	Civil Engineering (4 Years, Bachelor of Technology) 	OS 	OPEN 	Female-only (including Supernumerary) 	20723 	24635
National Institute of Technology, Tiruchirappalli	Computer Science and Engineering (4 Years, Bachelor of Technology) 	HS 	OPEN 	Gender-Neutral 	559 	4463
National Institute of Technology, Tiruchirappalli	Computer Science and Engineering (4 Years, Bachelor of Technology) 	HS 	OPEN 	Female-only (including Supernumerary) 	2040 	7644
National Institute of Technology, Tiruchirappalli	Computer Science and Engineering (4 Years, Bachelor of Technology) 	OS 	OPEN 	Gender-Neutral 	634 	1104
National Institute of Technology, Tiruchirappalli	Computer Science and Engineering (4 Years, Bachelor of Technology) 	OS 	OPEN 	Female-only (including Supernumerary) 	714 	1646
National Institute of Technology, Tiruchirappalli	Electrical and Electronics Engineering (4 Years, Bachelor of Technology) 	HS 	OPEN 	Gender-Neutral 	4209 	9052
National Institute of Technology, Tiruchirappalli	Electrical and Electronics Engineering (4 Years, Bachelor of Technology) 	HS 	OPEN 	Female-only (including Supernumerary) 	12612 	15395
National Institute of Technology, Tiruchirappalli	Electrical and Electronics Engineering (4 Years, Bachelor of Technology) 	OS 	OPEN 	Gender-Neutral 	3481 	5057
National Institute of Technology, Tiruchirappalli	Electrical and Electronics Engineering (4 Years, Bachelor of Technology) 	OS 	OPEN 	Female-only (including Supernumerary) 	7021 	8861
National Institute of Technology, Tiruchirappalli	Electronics and Communication Engineering (4 Years, Bachelor of Technology) 	HS 	OPEN 	Gender-Neutral 	2232 	6947
National Institute of Technology, Tiruchirappalli	Electronics and Communication Engineering (4 Years, Bachelor of Technology) 	HS 	OPEN 	Female-only (including Supernumerary) 	7785 	10277
National Institute of Technology, Tiruchirappalli	Electronics and Communication Engineering (4 Years, Bachelor of Technology) 	OS 	OPEN 	Gender-Neutral 	1269 	3221
National Institute of Technology, Tiruchirappalli	Electronics and Communication Engineering (4 Years, Bachelor of Technology) 	OS 	OPEN 	Female-only (including Supernumerary) 	4249 	5401
National Institute of Technology, Tiruchirappalli	Instrumentation and Control Engineering (4 Years, Bachelor of Technology) 	HS 	OPEN 	Gender-Neutral 	7001 	12414
National Institute of Technology, Tiruchirappalli	Instrumentation and Control Engineering (4 Years, Bachelor of Technology) 	HS 	OPEN 	Female-only (including Supernumerary) 	17995 	21779
National Institute of Technology, Tiruchirappalli	Instrumentation and Control Engineering (4 Years, Bachelor of Technology) 	OS 	OPEN 	Gender-Neutral 	3441 	9163
National Institute of Technology, Tiruchirappalli	Instrumentation and Control Engineering (4 Years, Bachelor of Technology) 	OS 	OPEN 	Female-only (including Supernumerary) 	10766 	15399
National Institute of Technology, Tiruchirappalli	Mechanical Engineering (4 Years, Bachelor of Technology) 	HS 	OPEN 	Gender-Neutral 	9004 	13628
National Institute of Technology, Tiruchirappalli	Mechanical Engineering (4 Years, Bachelor of Technology) 	HS 	OPEN 	Female-only (including Supernumerary) 	18294 	25413
National Institute of Technology, Tiruchirappalli	Mechanical Engineering (4 Years, Bachelor of Technology) 	OS 	OPEN 	Gender-Neutral 	3106 	7675
National Institute of Technology, Tiruchirappalli	Mechanical Engineering (4 Years, Bachelor of Technology) 	OS 	OPEN 	Female-only (including Supernumerary) 	14208 	16486
National Institute of Technology, Tiruchirappalli	Metallurgical and Materials Engineering (4 Years, Bachelor of Technology) 	HS 	OPEN 	Gender-Neutral 	18321 	25473
National Institute of Technology, Tiruchirappalli	Metallurgical and Materials Engineering (4 Years, Bachelor of Technology) 	HS 	OPEN 	Female-only (including Supernumerary) 	28506 	32490
National Institute of Technology, Tiruchirappalli	Metallurgical and Materials Engineering (4 Years, Bachelor of Technology) 	OS 	OPEN 	Gender-Neutral 	10999 	17800
National Institute of Technology, Tiruchirappalli	Metallurgical and Materials Engineering (4 Years, Bachelor of Technology) 	OS 	OPEN 	Female-only (including Supernumerary) 	23901 	29448
National Institute of Technology, Tiruchirappalli	Production Engineering (4 Years, Bachelor of Technology) 	HS 	OPEN 	Gender-Neutral 	13762 	23644
National Institute of Technology, Tiruchirappalli	Production Engineering (4 Years, Bachelor of Technology) 	HS 	OPEN 	Female-only (including Supernumerary) 	26567 	31378
National Institute of Technology, Tiruchirappalli	Production Engineering (4 Years, Bachelor of Technology) 	OS 	OPEN 	Gender-Neutral 	11476 	18304
National Institute of Technology, Tiruchirappalli	Production Engineering (4 Years, Bachelor of Technology) 	OS 	OPEN 	Female-only (including Supernumerary) 	28306 	31101
National Institute of Technology, Uttarakhand	Civil Engineering (4 Years, Bachelor of Technology) 	HS 	OPEN 	Gender-Neutral 	45940 	53260
National Institute of Technology, Uttarakhand	Civil Engineering (4 Years, Bachelor of Technology) 	HS 	OPEN 	Female-only (including Supernumerary) 	61640 	61640
National Institute of Technology, Uttarakhand	Civil Engineering (4 Years, Bachelor of Technology) 	OS 	OPEN 	Gender-Neutral 	39362 	43569
National Institute of Technology, Uttarakhand	Civil Engineering (4 Years, Bachelor of Technology) 	OS 	OPEN 	Female-only (including Supernumerary) 	50522 	50522
National Institute of Technology, Uttarakhand	Computer Science and Engineering (4 Years, Bachelor of Technology) 	HS 	OPEN 	Gender-Neutral 	19599 	28371
National Institute of Technology, Uttarakhand	Computer Science and Engineering (4 Years, Bachelor of Technology) 	HS 	OPEN 	Female-only (including Supernumerary) 	23690 	36271
National Institute of Technology, Uttarakhand	Computer Science and Engineering (4 Years, Bachelor of Technology) 	OS 	OPEN 	Gender-Neutral 	9702 	16717
National Institute of Technology, Uttarakhand	Computer Science and Engineering (4 Years, Bachelor of Technology) 	OS 	OPEN 	Female-only (including Supernumerary) 	27450 	28468
National Institute of Technology, Uttarakhand	Electrical and Electronics Engineering (4 Years, Bachelor of Technology) 	HS 	OPEN 	Gender-Neutral 	26664 	43526
National Institute of Technology, Uttarakhand	Electrical and Electronics Engineering (4 Years, Bachelor of Technology) 	HS 	OPEN 	Female-only (including Supernumerary) 	54614 	54614
National Institute of Technology, Uttarakhand	Electrical and Electronics Engineering (4 Years, Bachelor of Technology) 	OS 	OPEN 	Gender-Neutral 	19638 	27268
National Institute of Technology, Uttarakhand	Electrical and Electronics Engineering (4 Years, Bachelor of Technology) 	OS 	OPEN 	Female-only (including Supernumerary) 	39213 	39213
National Institute of Technology, Uttarakhand	Electronics and Communication Engineering (4 Years, Bachelor of Technology) 	HS 	OPEN 	Gender-Neutral 	34673 	37522
National Institute of Technology, Uttarakhand	Electronics and Communication Engineering (4 Years, Bachelor of Technology) 	HS 	OPEN 	Female-only (including Supernumerary) 	50766 	50766
National Institute of Technology, Uttarakhand	Electronics and Communication Engineering (4 Years, Bachelor of Technology) 	OS 	OPEN 	Gender-Neutral 	18091 	23975
National Institute of Technology, Uttarakhand	Electronics and Communication Engineering (4 Years, Bachelor of Technology) 	OS 	OPEN 	Female-only (including Supernumerary) 	29215 	31735
National Institute of Technology, Uttarakhand	Mechanical Engineering (4 Years, Bachelor of Technology) 	HS 	OPEN 	Gender-Neutral 	40050 	48910
National Institute of Technology, Uttarakhand	Mechanical Engineering (4 Years, Bachelor of Technology) 	HS 	OPEN 	Female-only (including Supernumerary) 	56396 	56396
National Institute of Technology, Uttarakhand	Mechanical Engineering (4 Years, Bachelor of Technology) 	OS 	OPEN 	Gender-Neutral 	32346 	34585
National Institute of Technology, Uttarakhand	Mechanical Engineering (4 Years, Bachelor of Technology) 	OS 	OPEN 	Female-only (including Supernumerary) 	46231 	46231
National Institute of Technology, Warangal	Bio Technology (4 Years, Bachelor of Technology) 	HS 	OPEN 	Gender-Neutral 	30171 	38013
National Institute of Technology, Warangal	Bio Technology (4 Years, Bachelor of Technology) 	HS 	OPEN 	Female-only (including Supernumerary) 	40859 	41484
National Institute of Technology, Warangal	Bio Technology (4 Years, Bachelor of Technology) 	OS 	OPEN 	Gender-Neutral 	14352 	25220
National Institute of Technology, Warangal	Bio Technology (4 Years, Bachelor of Technology) 	OS 	OPEN 	Female-only (including Supernumerary) 	17441 	20764
National Institute of Technology, Warangal	Chemical Engineering (4 Years, Bachelor of Technology) 	HS 	OPEN 	Gender-Neutral 	18483 	22117
National Institute of Technology, Warangal	Chemical Engineering (4 Years, Bachelor of Technology) 	HS 	OPEN 	Female-only (including Supernumerary) 	23338 	28099
National Institute of Technology, Warangal	Chemical Engineering (4 Years, Bachelor of Technology) 	OS 	OPEN 	Gender-Neutral 	11617 	14794
National Institute of Technology, Warangal	Chemical Engineering (4 Years, Bachelor of Technology) 	OS 	OPEN 	Female-only (including Supernumerary) 	17846 	22160
National Institute of Technology, Warangal	Chemical Engineering (5 Years, Bachelor and Master of Technology (Dual Degree)) 	HS 	OPEN 	Gender-Neutral 	26026 	27667
National Institute of Technology, Warangal	Chemical Engineering (5 Years, Bachelor and Master of Technology (Dual Degree)) 	HS 	OPEN 	Female-only (including Supernumerary) 	25178 	25178
National Institute of Technology, Warangal	Chemical Engineering (5 Years, Bachelor and Master of Technology (Dual Degree)) 	OS 	OPEN 	Gender-Neutral 	15045 	16989
National Institute of Technology, Warangal	Chemistry (5 Years, Integrated Master of Science) 	HS 	OPEN 	Gender-Neutral 	37366 	37969
National Institute of Technology, Warangal	Chemistry (5 Years, Integrated Master of Science) 	HS 	OPEN 	Female-only (including Supernumerary) 	31451 	31451
National Institute of Technology, Warangal	Chemistry (5 Years, Integrated Master of Science) 	OS 	OPEN 	Gender-Neutral 	16916 	26818
National Institute of Technology, Warangal	Chemistry (5 Years, Integrated Master of Science) 	OS 	OPEN 	Female-only (including Supernumerary) 	35952 	35952
National Institute of Technology, Warangal	Civil Engineering (4 Years, Bachelor of Technology) 	HS 	OPEN 	Gender-Neutral 	21590 	29999
National Institute of Technology, Warangal	Civil Engineering (4 Years, Bachelor of Technology) 	HS 	OPEN 	Female-only (including Supernumerary) 	19768 	33480
National Institute of Technology, Warangal	Civil Engineering (4 Years, Bachelor of Technology) 	OS 	OPEN 	Gender-Neutral 	20517 	23086
National Institute of Technology, Warangal	Civil Engineering (4 Years, Bachelor of Technology) 	OS 	OPEN 	Female-only (including Supernumerary) 	19212 	32770
National Institute of Technology, Warangal	Computer Science and Engineering ( Artificial Intelligence & Data Science) (4 Years, Bachelor of Technology) 	HS 	OPEN 	Gender-Neutral 	1858 	4100
National Institute of Technology, Warangal	Computer Science and Engineering ( Artificial Intelligence & Data Science) (4 Years, Bachelor of Technology) 	HS 	OPEN 	Female-only (including Supernumerary) 	5195 	5347
National Institute of Technology, Warangal	Computer Science and Engineering ( Artificial Intelligence & Data Science) (4 Years, Bachelor of Technology) 	OS 	OPEN 	Gender-Neutral 	2222 	2550
National Institute of Technology, Warangal	Computer Science and Engineering ( Artificial Intelligence & Data Science) (4 Years, Bachelor of Technology) 	OS 	OPEN 	Female-only (including Supernumerary) 	4227 	4781
National Institute of Technology, Warangal	Computer Science and Engineering (4 Years, Bachelor of Technology) 	HS 	OPEN 	Gender-Neutral 	1166 	3386
National Institute of Technology, Warangal	Computer Science and Engineering (4 Years, Bachelor of Technology) 	HS 	OPEN 	Female-only (including Supernumerary) 	2347 	4386
National Institute of Technology, Warangal	Computer Science and Engineering (4 Years, Bachelor of Technology) 	OS 	OPEN 	Gender-Neutral 	822 	2135
National Institute of Technology, Warangal	Computer Science and Engineering (4 Years, Bachelor of Technology) 	OS 	OPEN 	Female-only (including Supernumerary) 	3692 	4045
National Institute of Technology, Warangal	Electrical and Electronics Engineering (4 Years, Bachelor of Technology) 	HS 	OPEN 	Gender-Neutral 	5957 	10299
National Institute of Technology, Warangal	Electrical and Electronics Engineering (4 Years, Bachelor of Technology) 	HS 	OPEN 	Female-only (including Supernumerary) 	13301 	16279
National Institute of Technology, Warangal	Electrical and Electronics Engineering (4 Years, Bachelor of Technology) 	OS 	OPEN 	Gender-Neutral 	5081 	6612
National Institute of Technology, Warangal	Electrical and Electronics Engineering (4 Years, Bachelor of Technology) 	OS 	OPEN 	Female-only (including Supernumerary) 	9001 	10842
National Institute of Technology, Warangal	Electronics and Communication Engineering (4 Years, Bachelor of Technology) 	HS 	OPEN 	Gender-Neutral 	2987 	5654
National Institute of Technology, Warangal	Electronics and Communication Engineering (4 Years, Bachelor of Technology) 	HS 	OPEN 	Female-only (including Supernumerary) 	6544 	10457
National Institute of Technology, Warangal	Electronics and Communication Engineering (4 Years, Bachelor of Technology) 	OS 	OPEN 	Gender-Neutral 	2578 	4470
National Institute of Technology, Warangal	Electronics and Communication Engineering (4 Years, Bachelor of Technology) 	OS 	OPEN 	Female-only (including Supernumerary) 	6422 	7120
National Institute of Technology, Warangal	Electronics and Communication Engineering (VLSI Design and Technology) (4 Years, Bachelor of Technology) 	HS 	OPEN 	Gender-Neutral 	5694 	6395
National Institute of Technology, Warangal	Electronics and Communication Engineering (VLSI Design and Technology) (4 Years, Bachelor of Technology) 	HS 	OPEN 	Female-only (including Supernumerary) 	8214 	10506
National Institute of Technology, Warangal	Electronics and Communication Engineering (VLSI Design and Technology) (4 Years, Bachelor of Technology) 	OS 	OPEN 	Gender-Neutral 	4516 	4889
National Institute of Technology, Warangal	Electronics and Communication Engineering (VLSI Design and Technology) (4 Years, Bachelor of Technology) 	OS 	OPEN 	Female-only (including Supernumerary) 	8009 	8009
National Institute of Technology, Warangal	Mathematics (5 Years, Integrated Master of Science) 	HS 	OPEN 	Gender-Neutral 	11082 	35597
National Institute of Technology, Warangal	Mathematics (5 Years, Integrated Master of Science) 	HS 	OPEN 	Female-only (including Supernumerary) 	24956 	24956
National Institute of Technology, Warangal	Mathematics (5 Years, Integrated Master of Science) 	OS 	OPEN 	Gender-Neutral 	8417 	16581
National Institute of Technology, Warangal	Mathematics (5 Years, Integrated Master of Science) 	OS 	OPEN 	Female-only (including Supernumerary) 	22245 	22245
National Institute of Technology, Warangal	Mathematics and Computing (4 Years, Bachelor of Technology) 	HS 	OPEN 	Gender-Neutral 	4192 	4533
National Institute of Technology, Warangal	Mathematics and Computing (4 Years, Bachelor of Technology) 	HS 	OPEN 	Female-only (including Supernumerary) 	5867 	5867
National Institute of Technology, Warangal	Mathematics and Computing (4 Years, Bachelor of Technology) 	OS 	OPEN 	Gender-Neutral 	2845 	3160
National Institute of Technology, Warangal	Mathematics and Computing (4 Years, Bachelor of Technology) 	OS 	OPEN 	Female-only (including Supernumerary) 	5639 	5639
National Institute of Technology, Warangal	Mechanical Engineering (4 Years, Bachelor of Technology) 	HS 	OPEN 	Gender-Neutral 	11204 	15240
National Institute of Technology, Warangal	Mechanical Engineering (4 Years, Bachelor of Technology) 	HS 	OPEN 	Female-only (including Supernumerary) 	17223 	23476
National Institute of Technology, Warangal	Mechanical Engineering (4 Years, Bachelor of Technology) 	OS 	OPEN 	Gender-Neutral 	9973 	11967
National Institute of Technology, Warangal	Mechanical Engineering (4 Years, Bachelor of Technology) 	OS 	OPEN 	Female-only (including Supernumerary) 	20174 	22291
National Institute of Technology, Warangal	Metallurgical and Materials Engineering (4 Years, Bachelor of Technology) 	HS 	OPEN 	Gender-Neutral 	24324 	33045
National Institute of Technology, Warangal	Metallurgical and Materials Engineering (4 Years, Bachelor of Technology) 	HS 	OPEN 	Female-only (including Supernumerary) 	34729 	35261
National Institute of Technology, Warangal	Metallurgical and Materials Engineering (4 Years, Bachelor of Technology) 	OS 	OPEN 	Gender-Neutral 	19224 	23910
National Institute of Technology, Warangal	Metallurgical and Materials Engineering (4 Years, Bachelor of Technology) 	OS 	OPEN 	Female-only (including Supernumerary) 	27014 	32895
National Institute of Technology, Warangal	Metallurgical and Materials Engineering (5 Years, Bachelor and Master of Technology (Dual Degree)) 	HS 	OPEN 	Gender-Neutral 	35289 	35900
National Institute of Technology, Warangal	Metallurgical and Materials Engineering (5 Years, Bachelor and Master of Technology (Dual Degree)) 	OS 	OPEN 	Gender-Neutral 	18976 	27320
National Institute of Technology, Warangal	Physics (5 Years, Integrated Master of Science) 	HS 	OPEN 	Gender-Neutral 	27083 	31618
National Institute of Technology, Warangal	Physics (5 Years, Integrated Master of Science) 	HS 	OPEN 	Female-only (including Supernumerary) 	44379 	44379
National Institute of Technology, Warangal	Physics (5 Years, Integrated Master of Science) 	OS 	OPEN 	Gender-Neutral 	3563 	8962
National Institute of Technology, Warangal	Physics (5 Years, Integrated Master of Science) 	OS 	OPEN 	Female-only (including Supernumerary) 	29164 	29164
Sardar Vallabhbhai National Institute of Technology, Surat	Artificial Intelligence (4 Years, Bachelor of Technology) 	HS 	OPEN 	Gender-Neutral 	5523 	10905
Sardar Vallabhbhai National Institute of Technology, Surat	Artificial Intelligence (4 Years, Bachelor of Technology) 	HS 	OPEN 	Female-only (including Supernumerary) 	10943 	15836
Sardar Vallabhbhai National Institute of Technology, Surat	Artificial Intelligence (4 Years, Bachelor of Technology) 	OS 	OPEN 	Gender-Neutral 	7661 	9112
Sardar Vallabhbhai National Institute of Technology, Surat	Artificial Intelligence (4 Years, Bachelor of Technology) 	OS 	OPEN 	Female-only (including Supernumerary) 	13562 	15694
Sardar Vallabhbhai National Institute of Technology, Surat	Artificial Intelligence (5 Years, Integrated B. Tech. and M. Tech.) 	HS 	OPEN 	Gender-Neutral 	6924 	14037
Sardar Vallabhbhai National Institute of Technology, Surat	Artificial Intelligence (5 Years, Integrated B. Tech. and M. Tech.) 	HS 	OPEN 	Female-only (including Supernumerary) 	17967 	23523
Sardar Vallabhbhai National Institute of Technology, Surat	Artificial Intelligence (5 Years, Integrated B. Tech. and M. Tech.) 	OS 	OPEN 	Gender-Neutral 	7777 	10823
Sardar Vallabhbhai National Institute of Technology, Surat	Artificial Intelligence (5 Years, Integrated B. Tech. and M. Tech.) 	OS 	OPEN 	Female-only (including Supernumerary) 	16823 	17523
Sardar Vallabhbhai National Institute of Technology, Surat	Chemical Engineering (4 Years, Bachelor of Technology) 	HS 	OPEN 	Gender-Neutral 	24830 	36577
Sardar Vallabhbhai National Institute of Technology, Surat	Chemical Engineering (4 Years, Bachelor of Technology) 	HS 	OPEN 	Female-only (including Supernumerary) 	33367 	47408
Sardar Vallabhbhai National Institute of Technology, Surat	Chemical Engineering (4 Years, Bachelor of Technology) 	OS 	OPEN 	Gender-Neutral 	23796 	29242
Sardar Vallabhbhai National Institute of Technology, Surat	Chemical Engineering (4 Years, Bachelor of Technology) 	OS 	OPEN 	Female-only (including Supernumerary) 	25295 	36209
Sardar Vallabhbhai National Institute of Technology, Surat	Chemistry (5 Years, Integrated Master of Science) 	HS 	OPEN 	Gender-Neutral 	43520 	63257
Sardar Vallabhbhai National Institute of Technology, Surat	Chemistry (5 Years, Integrated Master of Science) 	OS 	OPEN 	Gender-Neutral 	31073 	47636
Sardar Vallabhbhai National Institute of Technology, Surat	Civil Engineering (4 Years, Bachelor of Technology) 	HS 	OPEN 	Gender-Neutral 	18532 	42193
Sardar Vallabhbhai National Institute of Technology, Surat	Civil Engineering (4 Years, Bachelor of Technology) 	HS 	OPEN 	Female-only (including Supernumerary) 	33022 	53037
Sardar Vallabhbhai National Institute of Technology, Surat	Civil Engineering (4 Years, Bachelor of Technology) 	OS 	OPEN 	Gender-Neutral 	21958 	36274
Sardar Vallabhbhai National Institute of Technology, Surat	Civil Engineering (4 Years, Bachelor of Technology) 	OS 	OPEN 	Female-only (including Supernumerary) 	41343 	47332
Sardar Vallabhbhai National Institute of Technology, Surat	Computer Science and Engineering (4 Years, Bachelor of Technology) 	HS 	OPEN 	Gender-Neutral 	3654 	7470
Sardar Vallabhbhai National Institute of Technology, Surat	Computer Science and Engineering (4 Years, Bachelor of Technology) 	HS 	OPEN 	Female-only (including Supernumerary) 	7529 	10177
Sardar Vallabhbhai National Institute of Technology, Surat	Computer Science and Engineering (4 Years, Bachelor of Technology) 	OS 	OPEN 	Gender-Neutral 	6013 	7203
Sardar Vallabhbhai National Institute of Technology, Surat	Computer Science and Engineering (4 Years, Bachelor of Technology) 	OS 	OPEN 	Female-only (including Supernumerary) 	9766 	13768
Sardar Vallabhbhai National Institute of Technology, Surat	Electrical Engineering (4 Years, Bachelor of Technology) 	HS 	OPEN 	Gender-Neutral 	15232 	20074
Sardar Vallabhbhai National Institute of Technology, Surat	Electrical Engineering (4 Years, Bachelor of Technology) 	HS 	OPEN 	Female-only (including Supernumerary) 	10626 	24209
Sardar Vallabhbhai National Institute of Technology, Surat	Electrical Engineering (4 Years, Bachelor of Technology) 	OS 	OPEN 	Gender-Neutral 	13821 	16883
Sardar Vallabhbhai National Institute of Technology, Surat	Electrical Engineering (4 Years, Bachelor of Technology) 	OS 	OPEN 	Female-only (including Supernumerary) 	22065 	25252
Sardar Vallabhbhai National Institute of Technology, Surat	Electronics and Communication Engineering (4 Years, Bachelor of Technology) 	HS 	OPEN 	Gender-Neutral 	9787 	13453
Sardar Vallabhbhai National Institute of Technology, Surat	Electronics and Communication Engineering (4 Years, Bachelor of Technology) 	HS 	OPEN 	Female-only (including Supernumerary) 	15895 	20733
Sardar Vallabhbhai National Institute of Technology, Surat	Electronics and Communication Engineering (4 Years, Bachelor of Technology) 	OS 	OPEN 	Gender-Neutral 	9815 	11872
Sardar Vallabhbhai National Institute of Technology, Surat	Electronics and Communication Engineering (4 Years, Bachelor of Technology) 	OS 	OPEN 	Female-only (including Supernumerary) 	16662 	18940
Sardar Vallabhbhai National Institute of Technology, Surat	Electronics and VLSI Engineering (4 Years, Bachelor of Technology) 	HS 	OPEN 	Gender-Neutral 	8979 	15097
Sardar Vallabhbhai National Institute of Technology, Surat	Electronics and VLSI Engineering (4 Years, Bachelor of Technology) 	HS 	OPEN 	Female-only (including Supernumerary) 	19062 	22662
Sardar Vallabhbhai National Institute of Technology, Surat	Electronics and VLSI Engineering (4 Years, Bachelor of Technology) 	OS 	OPEN 	Gender-Neutral 	12071 	14064
Sardar Vallabhbhai National Institute of Technology, Surat	Electronics and VLSI Engineering (4 Years, Bachelor of Technology) 	OS 	OPEN 	Female-only (including Supernumerary) 	20713 	22915
Sardar Vallabhbhai National Institute of Technology, Surat	Engineering Physics (4 Years, Bachelor of Technology) 	HS 	OPEN 	Gender-Neutral 	20343 	34332
Sardar Vallabhbhai National Institute of Technology, Surat	Engineering Physics (4 Years, Bachelor of Technology) 	HS 	OPEN 	Female-only (including Supernumerary) 	25649 	25649
Sardar Vallabhbhai National Institute of Technology, Surat	Engineering Physics (4 Years, Bachelor of Technology) 	OS 	OPEN 	Gender-Neutral 	12260 	18080
Sardar Vallabhbhai National Institute of Technology, Surat	Engineering Physics (4 Years, Bachelor of Technology) 	OS 	OPEN 	Female-only (including Supernumerary) 	29096 	29096
Sardar Vallabhbhai National Institute of Technology, Surat	Industrial Chemistry (4 Years, Bachelor of Technology) 	HS 	OPEN 	Gender-Neutral 	37324 	45494
Sardar Vallabhbhai National Institute of Technology, Surat	Industrial Chemistry (4 Years, Bachelor of Technology) 	HS 	OPEN 	Female-only (including Supernumerary) 	55653 	55653
Sardar Vallabhbhai National Institute of Technology, Surat	Industrial Chemistry (4 Years, Bachelor of Technology) 	OS 	OPEN 	Gender-Neutral 	36479 	39630
Sardar Vallabhbhai National Institute of Technology, Surat	Industrial Chemistry (4 Years, Bachelor of Technology) 	OS 	OPEN 	Female-only (including Supernumerary) 	47430 	47430
Sardar Vallabhbhai National Institute of Technology, Surat	Mathematics (5 Years, Integrated Master of Science) 	HS 	OPEN 	Gender-Neutral 	35621 	48979
Sardar Vallabhbhai National Institute of Technology, Surat	Mathematics (5 Years, Integrated Master of Science) 	OS 	OPEN 	Gender-Neutral 	24712 	38062
Sardar Vallabhbhai National Institute of Technology, Surat	Mathematics and Computing (4 Years, Bachelor of Technology) 	HS 	OPEN 	Gender-Neutral 	6896 	8902
Sardar Vallabhbhai National Institute of Technology, Surat	Mathematics and Computing (4 Years, Bachelor of Technology) 	HS 	OPEN 	Female-only (including Supernumerary) 	2253 	2253
Sardar Vallabhbhai National Institute of Technology, Surat	Mathematics and Computing (4 Years, Bachelor of Technology) 	OS 	OPEN 	Gender-Neutral 	6807 	9145
Sardar Vallabhbhai National Institute of Technology, Surat	Mathematics and Computing (4 Years, Bachelor of Technology) 	OS 	OPEN 	Female-only (including Supernumerary) 	15747 	15747
Sardar Vallabhbhai National Institute of Technology, Surat	Mechanical Engineering (4 Years, Bachelor of Technology) 	HS 	OPEN 	Gender-Neutral 	18691 	29083
Sardar Vallabhbhai National Institute of Technology, Surat	Mechanical Engineering (4 Years, Bachelor of Technology) 	HS 	OPEN 	Female-only (including Supernumerary) 	30163 	43645
Sardar Vallabhbhai National Institute of Technology, Surat	Mechanical Engineering (4 Years, Bachelor of Technology) 	OS 	OPEN 	Gender-Neutral 	18393 	22917
Sardar Vallabhbhai National Institute of Technology, Surat	Mechanical Engineering (4 Years, Bachelor of Technology) 	OS 	OPEN 	Female-only (including Supernumerary) 	29684 	38836
Sardar Vallabhbhai National Institute of Technology, Surat	Physics (5 Years, Integrated Master of Science) 	HS 	OPEN 	Gender-Neutral 	22333 	52501
Sardar Vallabhbhai National Institute of Technology, Surat	Physics (5 Years, Integrated Master of Science) 	OS 	OPEN 	Gender-Neutral 	17947 	37895
Visvesvaraya National Institute of Technology, Nagpur	Architecture (5 Years, Bachelor of Architecture) 	HS 	OPEN 	Gender-Neutral 	153 	398
Visvesvaraya National Institute of Technology, Nagpur	Architecture (5 Years, Bachelor of Architecture) 	HS 	OPEN 	Female-only (including Supernumerary) 	3 	46
Visvesvaraya National Institute of Technology, Nagpur	Architecture (5 Years, Bachelor of Architecture) 	OS 	OPEN 	Gender-Neutral 	271 	617
Visvesvaraya National Institute of Technology, Nagpur	Architecture (5 Years, Bachelor of Architecture) 	OS 	OPEN 	Female-only (including Supernumerary) 	409 	549
Visvesvaraya National Institute of Technology, Nagpur	Chemical Engineering (4 Years, Bachelor of Technology) 	HS 	OPEN 	Gender-Neutral 	18657 	26516
Visvesvaraya National Institute of Technology, Nagpur	Chemical Engineering (4 Years, Bachelor of Technology) 	HS 	OPEN 	Female-only (including Supernumerary) 	31774 	38926
Visvesvaraya National Institute of Technology, Nagpur	Chemical Engineering (4 Years, Bachelor of Technology) 	OS 	OPEN 	Gender-Neutral 	19438 	26875
Visvesvaraya National Institute of Technology, Nagpur	Chemical Engineering (4 Years, Bachelor of Technology) 	OS 	OPEN 	Female-only (including Supernumerary) 	32766 	38023
Visvesvaraya National Institute of Technology, Nagpur	Civil Engineering (4 Years, Bachelor of Technology) 	HS 	OPEN 	Gender-Neutral 	26136 	35305
Visvesvaraya National Institute of Technology, Nagpur	Civil Engineering (4 Years, Bachelor of Technology) 	HS 	OPEN 	Female-only (including Supernumerary) 	40377 	43103
Visvesvaraya National Institute of Technology, Nagpur	Civil Engineering (4 Years, Bachelor of Technology) 	OS 	OPEN 	Gender-Neutral 	26821 	32228
Visvesvaraya National Institute of Technology, Nagpur	Civil Engineering (4 Years, Bachelor of Technology) 	OS 	OPEN 	Female-only (including Supernumerary) 	36466 	42223
Visvesvaraya National Institute of Technology, Nagpur	Computer Science and Engineering (4 Years, Bachelor of Technology) 	HS 	OPEN 	Gender-Neutral 	3387 	6150
Visvesvaraya National Institute of Technology, Nagpur	Computer Science and Engineering (4 Years, Bachelor of Technology) 	HS 	OPEN 	Female-only (including Supernumerary) 	5649 	10434
Visvesvaraya National Institute of Technology, Nagpur	Computer Science and Engineering (4 Years, Bachelor of Technology) 	OS 	OPEN 	Gender-Neutral 	4442 	5809
Visvesvaraya National Institute of Technology, Nagpur	Computer Science and Engineering (4 Years, Bachelor of Technology) 	OS 	OPEN 	Female-only (including Supernumerary) 	6943 	10492
Visvesvaraya National Institute of Technology, Nagpur	Electrical and Electronics Engineering (4 Years, Bachelor of Technology) 	HS 	OPEN 	Gender-Neutral 	10683 	14358
Visvesvaraya National Institute of Technology, Nagpur	Electrical and Electronics Engineering (4 Years, Bachelor of Technology) 	HS 	OPEN 	Female-only (including Supernumerary) 	15374 	20146
Visvesvaraya National Institute of Technology, Nagpur	Electrical and Electronics Engineering (4 Years, Bachelor of Technology) 	OS 	OPEN 	Gender-Neutral 	10157 	13127
Visvesvaraya National Institute of Technology, Nagpur	Electrical and Electronics Engineering (4 Years, Bachelor of Technology) 	OS 	OPEN 	Female-only (including Supernumerary) 	16882 	20228
Visvesvaraya National Institute of Technology, Nagpur	Electronics and Communication Engineering (4 Years, Bachelor of Technology) 	HS 	OPEN 	Gender-Neutral 	6751 	10301
Visvesvaraya National Institute of Technology, Nagpur	Electronics and Communication Engineering (4 Years, Bachelor of Technology) 	HS 	OPEN 	Female-only (including Supernumerary) 	12560 	14609
Visvesvaraya National Institute of Technology, Nagpur	Electronics and Communication Engineering (4 Years, Bachelor of Technology) 	OS 	OPEN 	Gender-Neutral 	7600 	9532
Visvesvaraya National Institute of Technology, Nagpur	Electronics and Communication Engineering (4 Years, Bachelor of Technology) 	OS 	OPEN 	Female-only (including Supernumerary) 	13836 	15392
Visvesvaraya National Institute of Technology, Nagpur	Mechanical Engineering (4 Years, Bachelor of Technology) 	HS 	OPEN 	Gender-Neutral 	11111 	18271
Visvesvaraya National Institute of Technology, Nagpur	Mechanical Engineering (4 Years, Bachelor of Technology) 	HS 	OPEN 	Female-only (including Supernumerary) 	24398 	30642
Visvesvaraya National Institute of Technology, Nagpur	Mechanical Engineering (4 Years, Bachelor of Technology) 	OS 	OPEN 	Gender-Neutral 	15792 	19357
Visvesvaraya National Institute of Technology, Nagpur	Mechanical Engineering (4 Years, Bachelor of Technology) 	OS 	OPEN 	Female-only (including Supernumerary) 	30678 	33595
Visvesvaraya National Institute of Technology, Nagpur	Metallurgical and Materials Engineering (4 Years, Bachelor of Technology) 	HS 	OPEN 	Gender-Neutral 	27192 	38573
Visvesvaraya National Institute of Technology, Nagpur	Metallurgical and Materials Engineering (4 Years, Bachelor of Technology) 	HS 	OPEN 	Female-only (including Supernumerary) 	40434 	44388
Visvesvaraya National Institute of Technology, Nagpur	Metallurgical and Materials Engineering (4 Years, Bachelor of Technology) 	OS 	OPEN 	Gender-Neutral 	25520 	36462
Visvesvaraya National Institute of Technology, Nagpur	Metallurgical and Materials Engineering (4 Years, Bachelor of Technology) 	OS 	OPEN 	Female-only (including Supernumerary) 	41970 	47592
Visvesvaraya National Institute of Technology, Nagpur	Mining Engineering (4 Years, Bachelor of Technology) 	HS 	OPEN 	Gender-Neutral 	34548 	44328
Visvesvaraya National Institute of Technology, Nagpur	Mining Engineering (4 Years, Bachelor of Technology) 	HS 	OPEN 	Female-only (including Supernumerary) 	48120 	49801
Visvesvaraya National Institute of Technology, Nagpur	Mining Engineering (4 Years, Bachelor of Technology) 	OS 	OPEN 	Gender-Neutral 	33358 	39303
Visvesvaraya National Institute of Technology, Nagpur	Mining Engineering (4 Years, Bachelor of Technology) 	OS 	OPEN 	Female-only (including Supernumerary) 	48097 	48378
National Institute of Technology, Andhra Pradesh	Bio Technology (4 Years, Bachelor of Technology) 	HS 	OPEN 	Gender-Neutral 	45926 	54603
National Institute of Technology, Andhra Pradesh	Bio Technology (4 Years, Bachelor of Technology) 	HS 	OPEN 	Female-only (including Supernumerary) 	55216 	60190
National Institute of Technology, Andhra Pradesh	Bio Technology (4 Years, Bachelor of Technology) 	OS 	OPEN 	Gender-Neutral 	38455 	38938
National Institute of Technology, Andhra Pradesh	Bio Technology (4 Years, Bachelor of Technology) 	OS 	OPEN 	Female-only (including Supernumerary) 	36464 	36464
National Institute of Technology, Andhra Pradesh	Chemical Engineering (4 Years, Bachelor of Technology) 	HS 	OPEN 	Gender-Neutral 	38000 	43409
National Institute of Technology, Andhra Pradesh	Chemical Engineering (4 Years, Bachelor of Technology) 	HS 	OPEN 	Female-only (including Supernumerary) 	49343 	49343
National Institute of Technology, Andhra Pradesh	Chemical Engineering (4 Years, Bachelor of Technology) 	OS 	OPEN 	Gender-Neutral 	35821 	38453
National Institute of Technology, Andhra Pradesh	Chemical Engineering (4 Years, Bachelor of Technology) 	OS 	OPEN 	Female-only (including Supernumerary) 	46905 	46905
National Institute of Technology, Andhra Pradesh	Civil Engineering (4 Years, Bachelor of Technology) 	HS 	OPEN 	Gender-Neutral 	36984 	46774
National Institute of Technology, Andhra Pradesh	Civil Engineering (4 Years, Bachelor of Technology) 	HS 	OPEN 	Female-only (including Supernumerary) 	47159 	57864
National Institute of Technology, Andhra Pradesh	Civil Engineering (4 Years, Bachelor of Technology) 	OS 	OPEN 	Gender-Neutral 	25557 	42596
National Institute of Technology, Andhra Pradesh	Civil Engineering (4 Years, Bachelor of Technology) 	OS 	OPEN 	Female-only (including Supernumerary) 	47106 	50203
National Institute of Technology, Andhra Pradesh	Computer Science and Engineering (4 Years, Bachelor of Technology) 	HS 	OPEN 	Gender-Neutral 	9610 	17114
National Institute of Technology, Andhra Pradesh	Computer Science and Engineering (4 Years, Bachelor of Technology) 	HS 	OPEN 	Female-only (including Supernumerary) 	10450 	19173
National Institute of Technology, Andhra Pradesh	Computer Science and Engineering (4 Years, Bachelor of Technology) 	OS 	OPEN 	Gender-Neutral 	9244 	16537
National Institute of Technology, Andhra Pradesh	Computer Science and Engineering (4 Years, Bachelor of Technology) 	OS 	OPEN 	Female-only (including Supernumerary) 	19898 	27253
National Institute of Technology, Andhra Pradesh	Electrical and Electronics Engineering (4 Years, Bachelor of Technology) 	HS 	OPEN 	Gender-Neutral 	26797 	33006
National Institute of Technology, Andhra Pradesh	Electrical and Electronics Engineering (4 Years, Bachelor of Technology) 	HS 	OPEN 	Female-only (including Supernumerary) 	40292 	43479
National Institute of Technology, Andhra Pradesh	Electrical and Electronics Engineering (4 Years, Bachelor of Technology) 	OS 	OPEN 	Gender-Neutral 	25181 	29595
National Institute of Technology, Andhra Pradesh	Electrical and Electronics Engineering (4 Years, Bachelor of Technology) 	OS 	OPEN 	Female-only (including Supernumerary) 	39371 	40146
National Institute of Technology, Andhra Pradesh	Electronics and Communication Engineering (4 Years, Bachelor of Technology) 	HS 	OPEN 	Gender-Neutral 	16000 	25487
National Institute of Technology, Andhra Pradesh	Electronics and Communication Engineering (4 Years, Bachelor of Technology) 	HS 	OPEN 	Female-only (including Supernumerary) 	28589 	32051
National Institute of Technology, Andhra Pradesh	Electronics and Communication Engineering (4 Years, Bachelor of Technology) 	OS 	OPEN 	Gender-Neutral 	14995 	23732
National Institute of Technology, Andhra Pradesh	Electronics and Communication Engineering (4 Years, Bachelor of Technology) 	OS 	OPEN 	Female-only (including Supernumerary) 	31925 	34012
National Institute of Technology, Andhra Pradesh	Mechanical Engineering (4 Years, Bachelor of Technology) 	HS 	OPEN 	Gender-Neutral 	25661 	39188
National Institute of Technology, Andhra Pradesh	Mechanical Engineering (4 Years, Bachelor of Technology) 	HS 	OPEN 	Female-only (including Supernumerary) 	46958 	50537
National Institute of Technology, Andhra Pradesh	Mechanical Engineering (4 Years, Bachelor of Technology) 	OS 	OPEN 	Gender-Neutral 	27287 	35218
National Institute of Technology, Andhra Pradesh	Mechanical Engineering (4 Years, Bachelor of Technology) 	OS 	OPEN 	Female-only (including Supernumerary) 	46821 	47207
National Institute of Technology, Andhra Pradesh	Metallurgical and Materials Engineering (4 Years, Bachelor of Technology) 	HS 	OPEN 	Gender-Neutral 	45695 	55175
National Institute of Technology, Andhra Pradesh	Metallurgical and Materials Engineering (4 Years, Bachelor of Technology) 	HS 	OPEN 	Female-only (including Supernumerary) 	59913 	59913
National Institute of Technology, Andhra Pradesh	Metallurgical and Materials Engineering (4 Years, Bachelor of Technology) 	OS 	OPEN 	Gender-Neutral 	43748 	46158
National Institute of Technology, Andhra Pradesh	Metallurgical and Materials Engineering (4 Years, Bachelor of Technology) 	OS 	OPEN 	Female-only (including Supernumerary) 	42788 	42788
Indian Institute of Engineering Science and Technology, Shibpur	Aerospace Engineering (4 Years, Bachelor of Technology) 	HS 	OPEN 	Gender-Neutral 	20731 	27707
Indian Institute of Engineering Science and Technology, Shibpur	Aerospace Engineering (4 Years, Bachelor of Technology) 	HS 	OPEN 	Female-only (including Supernumerary) 	28379 	39057
Indian Institute of Engineering Science and Technology, Shibpur	Aerospace Engineering (4 Years, Bachelor of Technology) 	OS 	OPEN 	Gender-Neutral 	7316 	20919
Indian Institute of Engineering Science and Technology, Shibpur	Aerospace Engineering (4 Years, Bachelor of Technology) 	OS 	OPEN 	Female-only (including Supernumerary) 	29764 	35609
Indian Institute of Engineering Science and Technology, Shibpur	Architecture (5 Years, Bachelor of Architecture) 	HS 	OPEN 	Gender-Neutral 	375 	685
Indian Institute of Engineering Science and Technology, Shibpur	Architecture (5 Years, Bachelor of Architecture) 	HS 	OPEN 	Female-only (including Supernumerary) 	494 	494
Indian Institute of Engineering Science and Technology, Shibpur	Architecture (5 Years, Bachelor of Architecture) 	OS 	OPEN 	Gender-Neutral 	491 	646
Indian Institute of Engineering Science and Technology, Shibpur	Architecture (5 Years, Bachelor of Architecture) 	OS 	OPEN 	Female-only (including Supernumerary) 	434 	434
Indian Institute of Engineering Science and Technology, Shibpur	Civil Engineering (4 Years, Bachelor of Technology) 	HS 	OPEN 	Gender-Neutral 	31370 	42734
Indian Institute of Engineering Science and Technology, Shibpur	Civil Engineering (4 Years, Bachelor of Technology) 	HS 	OPEN 	Female-only (including Supernumerary) 	46948 	55531
Indian Institute of Engineering Science and Technology, Shibpur	Civil Engineering (4 Years, Bachelor of Technology) 	OS 	OPEN 	Gender-Neutral 	33329 	45283
Indian Institute of Engineering Science and Technology, Shibpur	Civil Engineering (4 Years, Bachelor of Technology) 	OS 	OPEN 	Female-only (including Supernumerary) 	49533 	52725
Indian Institute of Engineering Science and Technology, Shibpur	Computer Science and Engineering (4 Years, Bachelor of Technology) 	HS 	OPEN 	Gender-Neutral 	6346 	13881
Indian Institute of Engineering Science and Technology, Shibpur	Computer Science and Engineering (4 Years, Bachelor of Technology) 	HS 	OPEN 	Female-only (including Supernumerary) 	16496 	20104
Indian Institute of Engineering Science and Technology, Shibpur	Computer Science and Engineering (4 Years, Bachelor of Technology) 	OS 	OPEN 	Gender-Neutral 	9678 	14316
Indian Institute of Engineering Science and Technology, Shibpur	Computer Science and Engineering (4 Years, Bachelor of Technology) 	OS 	OPEN 	Female-only (including Supernumerary) 	21377 	24192
Indian Institute of Engineering Science and Technology, Shibpur	Electrical Engineering (4 Years, Bachelor of Technology) 	HS 	OPEN 	Gender-Neutral 	20725 	22478
Indian Institute of Engineering Science and Technology, Shibpur	Electrical Engineering (4 Years, Bachelor of Technology) 	HS 	OPEN 	Female-only (including Supernumerary) 	29132 	32445
Indian Institute of Engineering Science and Technology, Shibpur	Electrical Engineering (4 Years, Bachelor of Technology) 	OS 	OPEN 	Gender-Neutral 	21292 	26800
Indian Institute of Engineering Science and Technology, Shibpur	Electrical Engineering (4 Years, Bachelor of Technology) 	OS 	OPEN 	Female-only (including Supernumerary) 	33620 	42229
Indian Institute of Engineering Science and Technology, Shibpur	Electronics and Telecommunication Engineering (4 Years, Bachelor of Technology) 	HS 	OPEN 	Gender-Neutral 	13497 	20238
Indian Institute of Engineering Science and Technology, Shibpur	Electronics and Telecommunication Engineering (4 Years, Bachelor of Technology) 	HS 	OPEN 	Female-only (including Supernumerary) 	26043 	26104
Indian Institute of Engineering Science and Technology, Shibpur	Electronics and Telecommunication Engineering (4 Years, Bachelor of Technology) 	OS 	OPEN 	Gender-Neutral 	16174 	20619
Indian Institute of Engineering Science and Technology, Shibpur	Electronics and Telecommunication Engineering (4 Years, Bachelor of Technology) 	OS 	OPEN 	Female-only (including Supernumerary) 	25732 	31580
Indian Institute of Engineering Science and Technology, Shibpur	Information Technology (4 Years, Bachelor of Technology) 	HS 	OPEN 	Gender-Neutral 	15329 	20224
Indian Institute of Engineering Science and Technology, Shibpur	Information Technology (4 Years, Bachelor of Technology) 	HS 	OPEN 	Female-only (including Supernumerary) 	22836 	26711
Indian Institute of Engineering Science and Technology, Shibpur	Information Technology (4 Years, Bachelor of Technology) 	OS 	OPEN 	Gender-Neutral 	9302 	17641
Indian Institute of Engineering Science and Technology, Shibpur	Information Technology (4 Years, Bachelor of Technology) 	OS 	OPEN 	Female-only (including Supernumerary) 	25528 	28131
Indian Institute of Engineering Science and Technology, Shibpur	Mechanical Engineering (4 Years, Bachelor of Technology) 	HS 	OPEN 	Gender-Neutral 	22893 	30378
Indian Institute of Engineering Science and Technology, Shibpur	Mechanical Engineering (4 Years, Bachelor of Technology) 	HS 	OPEN 	Female-only (including Supernumerary) 	34493 	40617
Indian Institute of Engineering Science and Technology, Shibpur	Mechanical Engineering (4 Years, Bachelor of Technology) 	OS 	OPEN 	Gender-Neutral 	27305 	33765
Indian Institute of Engineering Science and Technology, Shibpur	Mechanical Engineering (4 Years, Bachelor of Technology) 	OS 	OPEN 	Female-only (including Supernumerary) 	46420 	49936
Indian Institute of Engineering Science and Technology, Shibpur	Metallurgy and Materials Engineering (4 Years, Bachelor of Technology) 	HS 	OPEN 	Gender-Neutral 	35990 	41629
Indian Institute of Engineering Science and Technology, Shibpur	Metallurgy and Materials Engineering (4 Years, Bachelor of Technology) 	HS 	OPEN 	Female-only (including Supernumerary) 	43537 	48328
Indian Institute of Engineering Science and Technology, Shibpur	Metallurgy and Materials Engineering (4 Years, Bachelor of Technology) 	OS 	OPEN 	Gender-Neutral 	36037 	47630
Indian Institute of Engineering Science and Technology, Shibpur	Metallurgy and Materials Engineering (4 Years, Bachelor of Technology) 	OS 	OPEN 	Female-only (including Supernumerary) 	55287 	56788
Indian Institute of Engineering Science and Technology, Shibpur	Mining Engineering (4 Years, Bachelor of Technology) 	HS 	OPEN 	Gender-Neutral 	43144 	48337
Indian Institute of Engineering Science and Technology, Shibpur	Mining Engineering (4 Years, Bachelor of Technology) 	HS 	OPEN 	Female-only (including Supernumerary) 	56646 	60549
Indian Institute of Engineering Science and Technology, Shibpur	Mining Engineering (4 Years, Bachelor of Technology) 	OS 	OPEN 	Gender-Neutral 	23421 	48578
Indian Institute of Engineering Science and Technology, Shibpur	Mining Engineering (4 Years, Bachelor of Technology) 	OS 	OPEN 	Female-only (including Supernumerary) 	59458 	59625
Atal Bihari Vajpayee Indian Institute of Information Technology & Management Gwalior	Computer Science and Engineering (4 Years, Bachelor of Technology) 	AI 	OPEN 	Gender-Neutral 	5514 	7835
Atal Bihari Vajpayee Indian Institute of Information Technology & Management Gwalior	Computer Science and Engineering (4 Years, Bachelor of Technology) 	AI 	OPEN 	Female-only (including Supernumerary) 	9323 	14651
Atal Bihari Vajpayee Indian Institute of Information Technology & Management Gwalior	Electrical and Electronics Engineering (4 Years, Bachelor of Technology) 	AI 	OPEN 	Gender-Neutral 	10908 	15482
Atal Bihari Vajpayee Indian Institute of Information Technology & Management Gwalior	Electrical and Electronics Engineering (4 Years, Bachelor of Technology) 	AI 	OPEN 	Female-only (including Supernumerary) 	20940 	24824
Atal Bihari Vajpayee Indian Institute of Information Technology & Management Gwalior	Integrated B. Tech.(IT) and M. Tech (IT) (5 Years, Integrated B. Tech. and M. Tech.) 	AI 	OPEN 	Gender-Neutral 	9345 	12276
Atal Bihari Vajpayee Indian Institute of Information Technology & Management Gwalior	Integrated B. Tech.(IT) and M. Tech (IT) (5 Years, Integrated B. Tech. and M. Tech.) 	AI 	OPEN 	Female-only (including Supernumerary) 	17025 	19657
Atal Bihari Vajpayee Indian Institute of Information Technology & Management Gwalior	Integrated B. Tech.(IT) and MBA (5 Years, Integrated B. Tech. and MBA) 	AI 	OPEN 	Gender-Neutral 	9421 	14457
Atal Bihari Vajpayee Indian Institute of Information Technology & Management Gwalior	Integrated B. Tech.(IT) and MBA (5 Years, Integrated B. Tech. and MBA) 	AI 	OPEN 	Female-only (including Supernumerary) 	20461 	21486
Atal Bihari Vajpayee Indian Institute of Information Technology & Management Gwalior	Mathematics and Scientific Computing (4 Years, Bachelor of Technology) 	AI 	OPEN 	Gender-Neutral 	7995 	10587
Atal Bihari Vajpayee Indian Institute of Information Technology & Management Gwalior	Mathematics and Scientific Computing (4 Years, Bachelor of Technology) 	AI 	OPEN 	Female-only (including Supernumerary) 	15152 	17248
Indian Institute of Information Technology (IIIT)Kota, Rajasthan	Artificial Intelligence and Data Engineering (4 Years, Bachelor of Technology) 	AI 	OPEN 	Gender-Neutral 	11695 	25801
Indian Institute of Information Technology (IIIT)Kota, Rajasthan	Artificial Intelligence and Data Engineering (4 Years, Bachelor of Technology) 	AI 	OPEN 	Female-only (including Supernumerary) 	23023 	34100
Indian Institute of Information Technology (IIIT)Kota, Rajasthan	Computer Science and Engineering (4 Years, Bachelor of Technology) 	AI 	OPEN 	Gender-Neutral 	15209 	23800
Indian Institute of Information Technology (IIIT)Kota, Rajasthan	Computer Science and Engineering (4 Years, Bachelor of Technology) 	AI 	OPEN 	Female-only (including Supernumerary) 	25009 	31746
Indian Institute of Information Technology (IIIT)Kota, Rajasthan	Electronics and Communication Engineering (4 Years, Bachelor of Technology) 	AI 	OPEN 	Gender-Neutral 	11210 	30755
Indian Institute of Information Technology (IIIT)Kota, Rajasthan	Electronics and Communication Engineering (4 Years, Bachelor of Technology) 	AI 	OPEN 	Female-only (including Supernumerary) 	32376 	36882
Indian Institute of Information Technology Guwahati	Computer Science and Engineering (4 Years, Bachelor of Technology) 	AI 	OPEN 	Gender-Neutral 	8474 	19105
Indian Institute of Information Technology Guwahati	Computer Science and Engineering (4 Years, Bachelor of Technology) 	AI 	OPEN 	Female-only (including Supernumerary) 	16782 	30009
Indian Institute of Information Technology Guwahati	Electronics and Communication Engineering (4 Years, Bachelor of Technology) 	AI 	OPEN 	Gender-Neutral 	6552 	26015
Indian Institute of Information Technology Guwahati	Electronics and Communication Engineering (4 Years, Bachelor of Technology) 	AI 	OPEN 	Female-only (including Supernumerary) 	34656 	37709
Indian Institute of Information Technology(IIIT) Kalyani, West Bengal	Computer Science and Engineering ( Artificial Intelligence & Data Science) (4 Years, Bachelor of Technology) 	AI 	OPEN 	Gender-Neutral 	18253 	31407
Indian Institute of Information Technology(IIIT) Kalyani, West Bengal	Computer Science and Engineering ( Artificial Intelligence & Data Science) (4 Years, Bachelor of Technology) 	AI 	OPEN 	Female-only (including Supernumerary) 	34972 	34972
Indian Institute of Information Technology(IIIT) Kalyani, West Bengal	Computer Science and Engineering (4 Years, Bachelor of Technology) 	AI 	OPEN 	Gender-Neutral 	23118 	37079
Indian Institute of Information Technology(IIIT) Kalyani, West Bengal	Computer Science and Engineering (4 Years, Bachelor of Technology) 	AI 	OPEN 	Female-only (including Supernumerary) 	30612 	37359
Indian Institute of Information Technology(IIIT) Kalyani, West Bengal	Computer Science and Engineering (Cyber Security) (4 Years, Bachelor of Technology) 	AI 	OPEN 	Gender-Neutral 	28527 	37267
Indian Institute of Information Technology(IIIT) Kalyani, West Bengal	Computer Science and Engineering (Cyber Security) (4 Years, Bachelor of Technology) 	AI 	OPEN 	Female-only (including Supernumerary) 	38822 	38822
Indian Institute of Information Technology(IIIT) Kalyani, West Bengal	Electronics and Communication Engineering (4 Years, Bachelor of Technology) 	AI 	OPEN 	Gender-Neutral 	24392 	39257
Indian Institute of Information Technology(IIIT) Kalyani, West Bengal	Electronics and Communication Engineering (4 Years, Bachelor of Technology) 	AI 	OPEN 	Female-only (including Supernumerary) 	32015 	40506
Indian Institute of Information Technology(IIIT) Kilohrad, Sonepat, Haryana	Computer Science and Engineering (4 Years, Bachelor of Technology) 	AI 	OPEN 	Gender-Neutral 	16074 	27194
Indian Institute of Information Technology(IIIT) Kilohrad, Sonepat, Haryana	CSE ( Data Science & Analytics) (4 Years, Bachelor of Technology) 	AI 	OPEN 	Gender-Neutral 	24828 	29823
Indian Institute of Information Technology(IIIT) Kilohrad, Sonepat, Haryana	Information Technology (4 Years, Bachelor of Technology) 	AI 	OPEN 	Gender-Neutral 	12983 	30680
Indian Institute of Information Technology(IIIT) Una, Himachal Pradesh	Computer Science and Engineering (4 Years, Bachelor of Technology) 	AI 	OPEN 	Gender-Neutral 	21276 	29642
Indian Institute of Information Technology(IIIT) Una, Himachal Pradesh	Computer Science and Engineering (4 Years, Bachelor of Technology) 	AI 	OPEN 	Female-only (including Supernumerary) 	25976 	28384
Indian Institute of Information Technology(IIIT) Una, Himachal Pradesh	Computer Science and Engineering (Cyber Security) (4 Years, Bachelor of Technology) 	AI 	OPEN 	Gender-Neutral 	26263 	31192
Indian Institute of Information Technology(IIIT) Una, Himachal Pradesh	Computer Science and Engineering (Data Science) (4 Years, Bachelor of Technology) 	AI 	OPEN 	Gender-Neutral 	29961 	30961
Indian Institute of Information Technology(IIIT) Una, Himachal Pradesh	Electronics and Communication Engineering (4 Years, Bachelor of Technology) 	AI 	OPEN 	Gender-Neutral 	29341 	35148
Indian Institute of Information Technology(IIIT) Una, Himachal Pradesh	Electronics and Communication Engineering (4 Years, Bachelor of Technology) 	AI 	OPEN 	Female-only (including Supernumerary) 	33670 	33670
Indian Institute of Information Technology (IIIT), Sri City, Chittoor	Artificial Intelligence and Data Science (4 Years, Bachelor of Technology) 	AI 	OPEN 	Gender-Neutral 	18106 	25197
Indian Institute of Information Technology (IIIT), Sri City, Chittoor	Artificial Intelligence and Data Science (4 Years, Bachelor of Technology) 	AI 	OPEN 	Female-only (including Supernumerary) 	23237 	30414
Indian Institute of Information Technology (IIIT), Sri City, Chittoor	Computer Science and Engineering (4 Years, Bachelor of Technology) 	AI 	OPEN 	Gender-Neutral 	11759 	24016
Indian Institute of Information Technology (IIIT), Sri City, Chittoor	Computer Science and Engineering (4 Years, Bachelor of Technology) 	AI 	OPEN 	Female-only (including Supernumerary) 	21348 	30312
Indian Institute of Information Technology (IIIT), Sri City, Chittoor	Electronics and Communication Engineering (4 Years, Bachelor of Technology) 	AI 	OPEN 	Gender-Neutral 	20649 	29056
Indian Institute of Information Technology (IIIT), Sri City, Chittoor	Electronics and Communication Engineering (4 Years, Bachelor of Technology) 	AI 	OPEN 	Female-only (including Supernumerary) 	31530 	38560
Indian Institute of Information Technology(IIIT), Vadodara, Gujrat	Artificial Intelligence (4 Years, Bachelor of Technology) 	AI 	OPEN 	Gender-Neutral 	19027 	23173
Indian Institute of Information Technology(IIIT), Vadodara, Gujrat	Artificial Intelligence (4 Years, Bachelor of Technology) 	AI 	OPEN 	Female-only (including Supernumerary) 	29943 	32709
Indian Institute of Information Technology(IIIT), Vadodara, Gujrat	Computer Science and Engineering (4 Years, Bachelor of Technology) 	AI 	OPEN 	Gender-Neutral 	12919 	21060
Indian Institute of Information Technology(IIIT), Vadodara, Gujrat	Computer Science and Engineering (4 Years, Bachelor of Technology) 	AI 	OPEN 	Female-only (including Supernumerary) 	13715 	28232
Indian Institute of Information Technology(IIIT), Vadodara, Gujrat	Electronics and Communication Engineering (4 Years, Bachelor of Technology) 	AI 	OPEN 	Gender-Neutral 	20897 	31029
Indian Institute of Information Technology(IIIT), Vadodara, Gujrat	Electronics and Communication Engineering (4 Years, Bachelor of Technology) 	AI 	OPEN 	Female-only (including Supernumerary) 	29098 	38819
Indian Institute of Information Technology(IIIT), Vadodara, Gujrat	Information Technology (4 Years, Bachelor of Technology) 	AI 	OPEN 	Gender-Neutral 	21863 	24053
Indian Institute of Information Technology(IIIT), Vadodara, Gujrat	Information Technology (4 Years, Bachelor of Technology) 	AI 	OPEN 	Female-only (including Supernumerary) 	30238 	32279
Indian Institute of Information Technology, Allahabad	Electronics and Communication Engineering (4 Years, Bachelor of Technology) 	AI 	OPEN 	Gender-Neutral 	5270 	7228
Indian Institute of Information Technology, Allahabad	Electronics and Communication Engineering (4 Years, Bachelor of Technology) 	AI 	OPEN 	Female-only (including Supernumerary) 	10602 	14511
Indian Institute of Information Technology, Allahabad	Information Technology (4 Years, Bachelor of Technology) 	AI 	OPEN 	Gender-Neutral 	2055 	5177
Indian Institute of Information Technology, Allahabad	Information Technology (4 Years, Bachelor of Technology) 	AI 	OPEN 	Female-only (including Supernumerary) 	2286 	10333
Indian Institute of Information Technology, Allahabad	Information Technology-Business Informatics (4 Years, Bachelor of Technology) 	AI 	OPEN 	Gender-Neutral 	1783 	5368
Indian Institute of Information Technology, Allahabad	Information Technology-Business Informatics (4 Years, Bachelor of Technology) 	AI 	OPEN 	Female-only (including Supernumerary) 	6587 	10412
Indian Institute of Information Technology, Design & Manufacturing, Kancheepuram	B.Tech in Mechanical Engineering and M.Tech in AI and Robotics (5 Years, B.Tech. + M.Tech./MS (Dual Degree)) 	AI 	OPEN 	Gender-Neutral 	23358 	33876
Indian Institute of Information Technology, Design & Manufacturing, Kancheepuram	B.Tech in Mechanical Engineering and M.Tech in AI and Robotics (5 Years, B.Tech. + M.Tech./MS (Dual Degree)) 	AI 	OPEN 	Female-only (including Supernumerary) 	26360 	41751
Indian Institute of Information Technology, Design & Manufacturing, Kancheepuram	B.Tech. in Electronics and Communication Engineering and M.Tech. in Communication Systems (5 Years, Bachelor and Master of Technology (Dual Degree)) 	AI 	OPEN 	Gender-Neutral 	18273 	25266
Indian Institute of Information Technology, Design & Manufacturing, Kancheepuram	B.Tech. in Electronics and Communication Engineering and M.Tech. in Communication Systems (5 Years, Bachelor and Master of Technology (Dual Degree)) 	AI 	OPEN 	Female-only (including Supernumerary) 	34134 	34334
Indian Institute of Information Technology, Design & Manufacturing, Kancheepuram	B.Tech. in Electronics and Communication Engineering and M.Tech. in Microelectronics and VLSI Systems (5 Years, Bachelor and Master of Technology (Dual Degree)) 	AI 	OPEN 	Gender-Neutral 	14526 	23466
Indian Institute of Information Technology, Design & Manufacturing, Kancheepuram	B.Tech. in Electronics and Communication Engineering and M.Tech. in Microelectronics and VLSI Systems (5 Years, Bachelor and Master of Technology (Dual Degree)) 	AI 	OPEN 	Female-only (including Supernumerary) 	18590 	30829
Indian Institute of Information Technology, Design & Manufacturing, Kancheepuram	Computer Science and Engineering (4 Years, Bachelor of Technology) 	AI 	OPEN 	Gender-Neutral 	7634 	16711
Indian Institute of Information Technology, Design & Manufacturing, Kancheepuram	Computer Science and Engineering (4 Years, Bachelor of Technology) 	AI 	OPEN 	Female-only (including Supernumerary) 	14284 	20684
Indian Institute of Information Technology, Design & Manufacturing, Kancheepuram	Computer Science and Engineering (5 Years, Bachelor and Master of Technology (Dual Degree)) 	AI 	OPEN 	Gender-Neutral 	13363 	20607
Indian Institute of Information Technology, Design & Manufacturing, Kancheepuram	Computer Science and Engineering (5 Years, Bachelor and Master of Technology (Dual Degree)) 	AI 	OPEN 	Female-only (including Supernumerary) 	22069 	25568
Indian Institute of Information Technology, Design & Manufacturing, Kancheepuram	Computer Science and Engineering with Major in Artificial Intelligence (4 Years, Bachelor of Technology) 	AI 	OPEN 	Gender-Neutral 	13140 	17950
Indian Institute of Information Technology, Design & Manufacturing, Kancheepuram	Computer Science and Engineering with Major in Artificial Intelligence (4 Years, Bachelor of Technology) 	AI 	OPEN 	Female-only (including Supernumerary) 	12856 	20709
Indian Institute of Information Technology, Design & Manufacturing, Kancheepuram	Design Engineering (4 Years, Bachelor of Technology) 	AI 	OPEN 	Gender-Neutral 	29086 	40225
Indian Institute of Information Technology, Design & Manufacturing, Kancheepuram	Electronics and Communication Engineering (4 Years, Bachelor of Technology) 	AI 	OPEN 	Gender-Neutral 	16217 	23099
Indian Institute of Information Technology, Design & Manufacturing, Kancheepuram	Electronics and Communication Engineering (4 Years, Bachelor of Technology) 	AI 	OPEN 	Female-only (including Supernumerary) 	23168 	30288
Indian Institute of Information Technology, Design & Manufacturing, Kancheepuram	Engineering Physics (4 Years, Bachelor of Technology) 	AI 	OPEN 	Gender-Neutral 	22675 	32881
Indian Institute of Information Technology, Design & Manufacturing, Kancheepuram	Mechanical Engineering (4 Years, Bachelor of Technology) 	AI 	OPEN 	Gender-Neutral 	21187 	37105
Indian Institute of Information Technology, Design & Manufacturing, Kancheepuram	Mechanical Engineering (4 Years, Bachelor of Technology) 	AI 	OPEN 	Female-only (including Supernumerary) 	40363 	47940
Indian Institute of Information Technology, Design & Manufacturing, Kancheepuram	Smart Manufacturing (4 Years, Bachelor of Technology) 	AI 	OPEN 	Gender-Neutral 	28850 	43961
Indian Institute of Information Technology, Design & Manufacturing, Kancheepuram	Smart Manufacturing (4 Years, Bachelor of Technology) 	AI 	OPEN 	Female-only (including Supernumerary) 	41103 	44981
Pt. Dwarka Prasad Mishra Indian Institute of Information Technology, Design & Manufacture Jabalpur	Computer Science and Engineering (4 Years, Bachelor of Technology) 	AI 	OPEN 	Gender-Neutral 	8498 	13297
Pt. Dwarka Prasad Mishra Indian Institute of Information Technology, Design & Manufacture Jabalpur	Computer Science and Engineering (4 Years, Bachelor of Technology) 	AI 	OPEN 	Female-only (including Supernumerary) 	11049 	22018
Pt. Dwarka Prasad Mishra Indian Institute of Information Technology, Design & Manufacture Jabalpur	Electronics and Communication Engineering (4 Years, Bachelor of Technology) 	AI 	OPEN 	Gender-Neutral 	14660 	17840
Pt. Dwarka Prasad Mishra Indian Institute of Information Technology, Design & Manufacture Jabalpur	Electronics and Communication Engineering (4 Years, Bachelor of Technology) 	AI 	OPEN 	Female-only (including Supernumerary) 	22241 	28029
Pt. Dwarka Prasad Mishra Indian Institute of Information Technology, Design & Manufacture Jabalpur	Mechanical Engineering (4 Years, Bachelor of Technology) 	AI 	OPEN 	Gender-Neutral 	28064 	35665
Pt. Dwarka Prasad Mishra Indian Institute of Information Technology, Design & Manufacture Jabalpur	Mechanical Engineering (4 Years, Bachelor of Technology) 	AI 	OPEN 	Female-only (including Supernumerary) 	36975 	44699
Pt. Dwarka Prasad Mishra Indian Institute of Information Technology, Design & Manufacture Jabalpur	Smart Manufacturing (4 Years, Bachelor of Technology) 	AI 	OPEN 	Gender-Neutral 	31147 	43412
Pt. Dwarka Prasad Mishra Indian Institute of Information Technology, Design & Manufacture Jabalpur	Smart Manufacturing (4 Years, Bachelor of Technology) 	AI 	OPEN 	Female-only (including Supernumerary) 	42902 	55535
INDIAN INSTITUTE OF INFORMATION TECHNOLOGY SENAPATI MANIPUR	Computer Science and Engineering (4 Years, Bachelor of Technology) 	AI 	OPEN 	Gender-Neutral 	37847 	48986
INDIAN INSTITUTE OF INFORMATION TECHNOLOGY SENAPATI MANIPUR	Computer Science and Engineering (4 Years, Bachelor of Technology) 	AI 	OPEN 	Female-only (including Supernumerary) 	45170 	56639
INDIAN INSTITUTE OF INFORMATION TECHNOLOGY SENAPATI MANIPUR	Computer Science and Engineering with specialization in Artificial Intelligence and Data Science (4 Years, Bachelor of Technology) 	AI 	OPEN 	Gender-Neutral 	36550 	48433
INDIAN INSTITUTE OF INFORMATION TECHNOLOGY SENAPATI MANIPUR	Computer Science and Engineering with specialization in Artificial Intelligence and Data Science (4 Years, Bachelor of Technology) 	AI 	OPEN 	Female-only (including Supernumerary) 	49648 	55896
INDIAN INSTITUTE OF INFORMATION TECHNOLOGY SENAPATI MANIPUR	Computer Science and Engineering with specialization in Cyber Security (4 Years, Bachelor of Technology) 	AI 	OPEN 	Gender-Neutral 	38252 	52895
INDIAN INSTITUTE OF INFORMATION TECHNOLOGY SENAPATI MANIPUR	Computer Science and Engineering with specialization in Cyber Security (4 Years, Bachelor of Technology) 	AI 	OPEN 	Female-only (including Supernumerary) 	52471 	59552
INDIAN INSTITUTE OF INFORMATION TECHNOLOGY SENAPATI MANIPUR	Computer Science and Engineering with specialization in Quantum Technologies (4 Years, Bachelor of Technology) 	AI 	OPEN 	Gender-Neutral 	32256 	45341
INDIAN INSTITUTE OF INFORMATION TECHNOLOGY SENAPATI MANIPUR	Computer Science and Engineering with specialization in Quantum Technologies (4 Years, Bachelor of Technology) 	AI 	OPEN 	Female-only (including Supernumerary) 	43956 	53123
INDIAN INSTITUTE OF INFORMATION TECHNOLOGY SENAPATI MANIPUR	Electronics and Communication Engineering (4 Years, Bachelor of Technology) 	AI 	OPEN 	Gender-Neutral 	44414 	53718
INDIAN INSTITUTE OF INFORMATION TECHNOLOGY SENAPATI MANIPUR	Electronics and Communication Engineering (4 Years, Bachelor of Technology) 	AI 	OPEN 	Female-only (including Supernumerary) 	51860 	61004
INDIAN INSTITUTE OF INFORMATION TECHNOLOGY SENAPATI MANIPUR	Electronics and Communication Engineering with specialization in VLSI and Embedded Systems (4 Years, Bachelor of Technology) 	AI 	OPEN 	Gender-Neutral 	43009 	56825
INDIAN INSTITUTE OF INFORMATION TECHNOLOGY SENAPATI MANIPUR	Electronics and Communication Engineering with specialization in VLSI and Embedded Systems (4 Years, Bachelor of Technology) 	AI 	OPEN 	Female-only (including Supernumerary) 	56509 	63960
Indian Institute of Information Technology Tiruchirappalli	Computer Science and Engineering ( Artificial Intelligence & Data Science) (4 Years, Bachelor of Technology) 	AI 	OPEN 	Gender-Neutral 	7602 	18196
Indian Institute of Information Technology Tiruchirappalli	Computer Science and Engineering (4 Years, Bachelor of Technology) 	AI 	OPEN 	Gender-Neutral 	4992 	24734
Indian Institute of Information Technology Tiruchirappalli	Computer Science and Engineering (4 Years, Bachelor of Technology) 	AI 	OPEN 	Female-only (including Supernumerary) 	8366 	33768
Indian Institute of Information Technology Tiruchirappalli	Electronics and Communication Engineering (4 Years, Bachelor of Technology) 	AI 	OPEN 	Gender-Neutral 	15553 	31337
Indian Institute of Information Technology Tiruchirappalli	Electronics and Communication Engineering (4 Years, Bachelor of Technology) 	AI 	OPEN 	Female-only (including Supernumerary) 	36485 	41400
Indian Institute of Information Technology Tiruchirappalli	Electronics and Communication Engineering (VLSI Design) (4 Years, Bachelor of Technology) 	AI 	OPEN 	Gender-Neutral 	9352 	28063
Indian Institute of Information Technology Lucknow	Computer Science (4 Years, Bachelor of Technology) 	AI 	OPEN 	Gender-Neutral 	5678 	8540
Indian Institute of Information Technology Lucknow	Computer Science (4 Years, Bachelor of Technology) 	AI 	OPEN 	Female-only (including Supernumerary) 	8202 	14459
Indian Institute of Information Technology Lucknow	Computer Science and Artificial Intelligence (4 Years, Bachelor of Technology) 	AI 	OPEN 	Gender-Neutral 	5372 	8844
Indian Institute of Information Technology Lucknow	Computer Science and Artificial Intelligence (4 Years, Bachelor of Technology) 	AI 	OPEN 	Female-only (including Supernumerary) 	11683 	14171
Indian Institute of Information Technology Lucknow	Computer Science and Business (4 Years, Bachelor of Technology) 	AI 	OPEN 	Gender-Neutral 	7854 	10105
Indian Institute of Information Technology Lucknow	Computer Science and Business (4 Years, Bachelor of Technology) 	AI 	OPEN 	Female-only (including Supernumerary) 	14837 	18174
Indian Institute of Information Technology Lucknow	Information Technology (4 Years, Bachelor of Technology) 	AI 	OPEN 	Gender-Neutral 	8885 	10165
Indian Institute of Information Technology Lucknow	Information Technology (4 Years, Bachelor of Technology) 	AI 	OPEN 	Female-only (including Supernumerary) 	15421 	16957
Indian Institute of Information Technology(IIIT) Dharwad 	Computer Science and Engineering (4 Years, Bachelor of Technology) 	AI 	OPEN 	Gender-Neutral 	10788 	34726
Indian Institute of Information Technology(IIIT) Dharwad 	Computer Science and Engineering (4 Years, Bachelor of Technology) 	AI 	OPEN 	Female-only (including Supernumerary) 	17805 	38042
Indian Institute of Information Technology(IIIT) Dharwad 	Data Science and Artificial Intelligence (4 Years, Bachelor of Technology) 	AI 	OPEN 	Gender-Neutral 	17276 	36354
Indian Institute of Information Technology(IIIT) Dharwad 	Data Science and Artificial Intelligence (4 Years, Bachelor of Technology) 	AI 	OPEN 	Female-only (including Supernumerary) 	27623 	39861
Indian Institute of Information Technology(IIIT) Dharwad 	Electronics and Communication Engineering (4 Years, Bachelor of Technology) 	AI 	OPEN 	Gender-Neutral 	20015 	37861
Indian Institute of Information Technology(IIIT) Dharwad 	Electronics and Communication Engineering (4 Years, Bachelor of Technology) 	AI 	OPEN 	Female-only (including Supernumerary) 	39349 	41807
Indian Institute of Information Technology Design & Manufacturing Kurnool, Andhra Pradesh	Artificial Intelligence and Data Science (4 Years, Bachelor of Technology) 	AI 	OPEN 	Gender-Neutral 	23518 	33418
Indian Institute of Information Technology Design & Manufacturing Kurnool, Andhra Pradesh	Artificial Intelligence and Data Science (4 Years, Bachelor of Technology) 	AI 	OPEN 	Female-only (including Supernumerary) 	34504 	37880
Indian Institute of Information Technology Design & Manufacturing Kurnool, Andhra Pradesh	Computer Science and Engineering (4 Years, Bachelor of Technology) 	AI 	OPEN 	Gender-Neutral 	21566 	30326
Indian Institute of Information Technology Design & Manufacturing Kurnool, Andhra Pradesh	Computer Science and Engineering (4 Years, Bachelor of Technology) 	AI 	OPEN 	Female-only (including Supernumerary) 	32102 	34411
Indian Institute of Information Technology Design & Manufacturing Kurnool, Andhra Pradesh	Computer Science and Engineering (5 Years, Bachelor and Master of Technology (Dual Degree)) 	AI 	OPEN 	Gender-Neutral 	30902 	32506
Indian Institute of Information Technology Design & Manufacturing Kurnool, Andhra Pradesh	Computer Science and Engineering (5 Years, Bachelor and Master of Technology (Dual Degree)) 	AI 	OPEN 	Female-only (including Supernumerary) 	33733 	35296
Indian Institute of Information Technology Design & Manufacturing Kurnool, Andhra Pradesh	Electronics and Communication Engineering (5 Years, Bachelor and Master of Technology (Dual Degree)) 	AI 	OPEN 	Gender-Neutral 	33164 	38868
Indian Institute of Information Technology Design & Manufacturing Kurnool, Andhra Pradesh	Electronics and Communication Engineering (5 Years, Bachelor and Master of Technology (Dual Degree)) 	AI 	OPEN 	Female-only (including Supernumerary) 	41618 	42290
Indian Institute of Information Technology Design & Manufacturing Kurnool, Andhra Pradesh	Electronics and Communication Engineering with specialization in Design and Manufacturing (4 Years, Bachelor of Technology) 	AI 	OPEN 	Gender-Neutral 	29475 	37333
Indian Institute of Information Technology Design & Manufacturing Kurnool, Andhra Pradesh	Electronics and Communication Engineering with specialization in Design and Manufacturing (4 Years, Bachelor of Technology) 	AI 	OPEN 	Female-only (including Supernumerary) 	37089 	43793
Indian Institute of Information Technology Design & Manufacturing Kurnool, Andhra Pradesh	Mechanical Engineering (5 Years, Bachelor and Master of Technology (Dual Degree)) 	AI 	OPEN 	Gender-Neutral 	43136 	48197
Indian Institute of Information Technology Design & Manufacturing Kurnool, Andhra Pradesh	Mechanical Engineering (5 Years, Bachelor and Master of Technology (Dual Degree)) 	AI 	OPEN 	Female-only (including Supernumerary) 	55035 	55871
Indian Institute of Information Technology Design & Manufacturing Kurnool, Andhra Pradesh	Mechanical Engineering with specialization in Design and Manufacturing (4 Years, Bachelor of Technology) 	AI 	OPEN 	Gender-Neutral 	37917 	45861
Indian Institute of Information Technology Design & Manufacturing Kurnool, Andhra Pradesh	Mechanical Engineering with specialization in Design and Manufacturing (4 Years, Bachelor of Technology) 	AI 	OPEN 	Female-only (including Supernumerary) 	49116 	53597
Indian Institute of Information Technology(IIIT) Kottayam	Computer Science and Engineering (4 Years, Bachelor of Technology) 	AI 	OPEN 	Gender-Neutral 	13510 	33766
Indian Institute of Information Technology(IIIT) Kottayam	Computer Science and Engineering (4 Years, Bachelor of Technology) 	AI 	OPEN 	Female-only (including Supernumerary) 	23583 	38645
Indian Institute of Information Technology(IIIT) Kottayam	Computer Science and Engineering with specialization in Artificial Intelligence and Data Science (4 Years, Bachelor of Technology) 	AI 	OPEN 	Gender-Neutral 	16538 	29054
Indian Institute of Information Technology(IIIT) Kottayam	Computer Science and Engineering with specialization in Artificial Intelligence and Data Science (4 Years, Bachelor of Technology) 	AI 	OPEN 	Female-only (including Supernumerary) 	18016 	35199
Indian Institute of Information Technology(IIIT) Kottayam	Computer Science and Engineering with specialization in Cyber Security (4 Years, Bachelor of Technology) 	AI 	OPEN 	Gender-Neutral 	23499 	34406
Indian Institute of Information Technology(IIIT) Kottayam	Computer Science and Engineering with specialization in Cyber Security (4 Years, Bachelor of Technology) 	AI 	OPEN 	Female-only (including Supernumerary) 	21436 	39535
Indian Institute of Information Technology(IIIT) Kottayam	Electronics and Communication Engineering (4 Years, Bachelor of Technology) 	AI 	OPEN 	Gender-Neutral 	15511 	35831
Indian Institute of Information Technology(IIIT) Kottayam	Electronics and Communication Engineering (4 Years, Bachelor of Technology) 	AI 	OPEN 	Female-only (including Supernumerary) 	17739 	40273
Indian Institute of Information Technology (IIIT) Ranchi	B.Tech in Mathematics and Computing (4 Years, Bachelor of Technology) 	AI 	OPEN 	Gender-Neutral 	8556 	35506
Indian Institute of Information Technology (IIIT) Ranchi	Computer Science and Engineering (4 Years, Bachelor of Technology) 	AI 	OPEN 	Gender-Neutral 	20320 	31909
Indian Institute of Information Technology (IIIT) Ranchi	Computer Science and Engineering (with Specialization of Data Science and Artificial Intelligence) (4 Years, B. Tech / B. Tech (Hons.)) 	AI 	OPEN 	Gender-Neutral 	22156 	30554
Indian Institute of Information Technology (IIIT) Ranchi	Electronics and Communication Engineering (4 Years, Bachelor of Technology) 	AI 	OPEN 	Gender-Neutral 	30754 	38192
Indian Institute of Information Technology (IIIT) Ranchi	Electronics and Communication Engineering (with Specialization of Embedded Systems and Internet of Things) (4 Years, B. Tech / B. Tech (Hons.)) 	AI 	OPEN 	Gender-Neutral 	34688 	37950
Indian Institute of Information Technology (IIIT) Nagpur	Computer Science and Engineering (4 Years, Bachelor of Technology) 	AI 	OPEN 	Gender-Neutral 	11155 	25974
Indian Institute of Information Technology (IIIT) Nagpur	Computer Science Engineering (Artificial lntelligence and Machine Learning) (4 Years, Bachelor of Technology) 	AI 	OPEN 	Gender-Neutral 	9207 	24516
Indian Institute of Information Technology (IIIT) Nagpur	Computer Science Engineering (Data Science and Analytics) (4 Years, Bachelor of Technology) 	AI 	OPEN 	Gender-Neutral 	11635 	26981
Indian Institute of Information Technology (IIIT) Nagpur	Computer Science Engineering (Human Computer lnteraction and Gaming Technology) (4 Years, Bachelor of Technology) 	AI 	OPEN 	Gender-Neutral 	14823 	28729
Indian Institute of Information Technology (IIIT) Nagpur	Electronics and Communication Engineering (4 Years, Bachelor of Technology) 	AI 	OPEN 	Gender-Neutral 	19743 	34046
Indian Institute of Information Technology (IIIT) Nagpur	Electronics and Communication Engineering (Internet of Things) (4 Years, Bachelor of Technology) 	AI 	OPEN 	Gender-Neutral 	21160 	33717
Indian Institute of Information Technology (IIIT) Pune	Computer Science and Engineering (4 Years, Bachelor of Technology) 	AI 	OPEN 	Gender-Neutral 	9436 	17707
Indian Institute of Information Technology (IIIT) Pune	Computer Science and Engineering (4 Years, Bachelor of Technology) 	AI 	OPEN 	Female-only (including Supernumerary) 	11439 	25825
Indian Institute of Information Technology (IIIT) Pune	Electronics and Communication Engineering (4 Years, Bachelor of Technology) 	AI 	OPEN 	Gender-Neutral 	17512 	23113
Indian Institute of Information Technology (IIIT) Pune	Electronics and Communication Engineering (4 Years, Bachelor of Technology) 	AI 	OPEN 	Female-only (including Supernumerary) 	23759 	33189
Indian Institute of Information Technology Bhagalpur	Computer Science and Engineering (4 Years, Bachelor of Technology) 	AI 	OPEN 	Gender-Neutral 	24940 	37751
Indian Institute of Information Technology Bhagalpur	Computer Science and Engineering (4 Years, Bachelor of Technology) 	AI 	OPEN 	Female-only (including Supernumerary) 	29881 	41217
Indian Institute of Information Technology Bhagalpur	Electronics and Communication Engineering (4 Years, Bachelor of Technology) 	AI 	OPEN 	Gender-Neutral 	26166 	40291
Indian Institute of Information Technology Bhagalpur	Electronics and Communication Engineering (4 Years, Bachelor of Technology) 	AI 	OPEN 	Female-only (including Supernumerary) 	41748 	43451
Indian Institute of Information Technology Bhagalpur	Mathematics and Computing (4 Years, Bachelor of Technology) 	AI 	OPEN 	Gender-Neutral 	25314 	38171
Indian Institute of Information Technology Bhagalpur	Mechatronics and Automation Engineering (4 Years, Bachelor of Technology) 	AI 	OPEN 	Gender-Neutral 	39691 	44374
Indian Institute of Information Technology Bhagalpur	Mechatronics and Automation Engineering (4 Years, Bachelor of Technology) 	AI 	OPEN 	Female-only (including Supernumerary) 	48514 	49478
Indian Institute of Information Technology Bhopal	B.Tech in Mathematics and Computing (4 Years, Bachelor of Technology) 	AI 	OPEN 	Gender-Neutral 	13707 	27762
Indian Institute of Information Technology Bhopal	Computer Science and Engineering (4 Years, Bachelor of Technology) 	AI 	OPEN 	Gender-Neutral 	8627 	24300
Indian Institute of Information Technology Bhopal	Computer Science and Engineering (Artificial Intelligence) (4 Years, Bachelor of Technology) 	AI 	OPEN 	Gender-Neutral 	16175 	24372
Indian Institute of Information Technology Bhopal	Computer Science and Engineering (Cyber Physical System) (4 Years, Bachelor of Technology) 	AI 	OPEN 	Gender-Neutral 	20997 	30625
Indian Institute of Information Technology Bhopal	Computer Science and Engineering (Cyber Security) (4 Years, Bachelor of Technology) 	AI 	OPEN 	Gender-Neutral 	21825 	26819
Indian Institute of Information Technology Bhopal	Computer Science and Engineering (Data Science) (4 Years, Bachelor of Technology) 	AI 	OPEN 	Gender-Neutral 	14306 	24360
Indian Institute of Information Technology Bhopal	Electronics and Communication Engineering (4 Years, Bachelor of Technology) 	AI 	OPEN 	Gender-Neutral 	18068 	32861
Indian Institute of Information Technology Bhopal	Information Technology (4 Years, Bachelor of Technology) 	AI 	OPEN 	Gender-Neutral 	24981 	30645
Indian Institute of Information Technology Bhopal	Physics and Computational Engineering (4 Years, Bachelor of Technology) 	AI 	OPEN 	Gender-Neutral 	30736 	37840
Indian Institute of Information Technology Surat	Computer Science and Engineering (4 Years, Bachelor of Technology) 	AI 	OPEN 	Gender-Neutral 	10012 	24049
Indian Institute of Information Technology Surat	Computer Science and Engineering (4 Years, Bachelor of Technology) 	AI 	OPEN 	Female-only (including Supernumerary) 	20230 	30759
Indian Institute of Information Technology Surat	Computer Science and Engineering (Artificial Intelligence and Machine Learning) (4 Years, Bachelor of Technology) 	AI 	OPEN 	Gender-Neutral 	9443 	23449
Indian Institute of Information Technology Surat	Computer Science and Engineering (Artificial Intelligence and Machine Learning) (4 Years, Bachelor of Technology) 	AI 	OPEN 	Female-only (including Supernumerary) 	26758 	27775
Indian Institute of Information Technology Surat	Computer Science and Engineering (Cyber Security) (4 Years, Bachelor of Technology) 	AI 	OPEN 	Gender-Neutral 	9203 	21474
Indian Institute of Information Technology Surat	Computer Science and Engineering (Cyber Security) (4 Years, Bachelor of Technology) 	AI 	OPEN 	Female-only (including Supernumerary) 	24313 	29068
Indian Institute of Information Technology Surat	Electronics and Communication Engineering (4 Years, Bachelor of Technology) 	AI 	OPEN 	Gender-Neutral 	22654 	31598
Indian Institute of Information Technology Surat	Electronics and Communication Engineering (4 Years, Bachelor of Technology) 	AI 	OPEN 	Female-only (including Supernumerary) 	31499 	38217
Indian Institute of Information Technology, Agartala	Computer Science and Engineering (4 Years, Bachelor of Technology) 	AI 	OPEN 	Gender-Neutral 	15909 	37181
Indian Institute of Information Technology, Agartala	Computer Science and Engineering (4 Years, Bachelor of Technology) 	AI 	OPEN 	Female-only (including Supernumerary) 	32815 	43093
Indian institute of information technology, Raichur, Karnataka	Artificial Intelligence and Data Science (4 Years, Bachelor of Technology) 	AI 	OPEN 	Gender-Neutral 	26003 	34912
Indian institute of information technology, Raichur, Karnataka	Artificial Intelligence and Data Science (4 Years, Bachelor of Technology) 	AI 	OPEN 	Female-only (including Supernumerary) 	30722 	41733
Indian institute of information technology, Raichur, Karnataka	Computer Science and Engineering (4 Years, Bachelor of Technology) 	AI 	OPEN 	Gender-Neutral 	6868 	31744
Indian institute of information technology, Raichur, Karnataka	Computer Science and Engineering (4 Years, Bachelor of Technology) 	AI 	OPEN 	Female-only (including Supernumerary) 	33321 	39209
Indian institute of information technology, Raichur, Karnataka	Mathematics and Computing (4 Years, Bachelor of Technology) 	AI 	OPEN 	Gender-Neutral 	15754 	36313
Indian institute of information technology, Raichur, Karnataka	Mathematics and Computing (4 Years, Bachelor of Technology) 	AI 	OPEN 	Female-only (including Supernumerary) 	38271 	42173
Indian Institute of Information Technology, Vadodara International Campus Diu (IIITVICD)	Artificial Intelligence (4 Years, Bachelor of Technology) 	AI 	OPEN 	Gender-Neutral 	23976 	35419
Indian Institute of Information Technology, Vadodara International Campus Diu (IIITVICD)	Artificial Intelligence (4 Years, Bachelor of Technology) 	AI 	OPEN 	Female-only (including Supernumerary) 	37563 	38403
Indian Institute of Information Technology, Vadodara International Campus Diu (IIITVICD)	Computer Science and Engineering (4 Years, Bachelor of Technology) 	AI 	OPEN 	Gender-Neutral 	19881 	31524
Indian Institute of Information Technology, Vadodara International Campus Diu (IIITVICD)	Computer Science and Engineering (4 Years, Bachelor of Technology) 	AI 	OPEN 	Female-only (including Supernumerary) 	32842 	36520
Indian Institute of Information Technology, Vadodara International Campus Diu (IIITVICD)	Electronics and Communication Engineering (4 Years, Bachelor of Technology) 	AI 	OPEN 	Gender-Neutral 	29552 	39003
Indian Institute of Information Technology, Vadodara International Campus Diu (IIITVICD)	Electronics and Communication Engineering (4 Years, Bachelor of Technology) 	AI 	OPEN 	Female-only (including Supernumerary) 	41053 	42959
Assam University, Silchar	Agricultural Engineering (4 Years, Bachelor of Technology) 	AI 	OPEN 	Gender-Neutral 	39074 	66923
Assam University, Silchar	Agricultural Engineering (4 Years, Bachelor of Technology) 	AI 	OPEN 	Female-only (including Supernumerary) 	68243 	68243
Assam University, Silchar	Agricultural Engineering (4 Years, Bachelor of Technology) 	HS 	OPEN 	Gender-Neutral 	94565 	141227
Assam University, Silchar	Agricultural Engineering (4 Years, Bachelor of Technology) 	HS 	OPEN 	Female-only (including Supernumerary) 	129629 	129629
Assam University, Silchar	Computer Science and Engineering (4 Years, Bachelor of Technology) 	AI 	OPEN 	Gender-Neutral 	32251 	45009
Assam University, Silchar	Computer Science and Engineering (4 Years, Bachelor of Technology) 	AI 	OPEN 	Female-only (including Supernumerary) 	44196 	44196
Assam University, Silchar	Computer Science and Engineering (4 Years, Bachelor of Technology) 	HS 	OPEN 	Gender-Neutral 	51515 	84087
Assam University, Silchar	Computer Science and Engineering (4 Years, Bachelor of Technology) 	HS 	OPEN 	Female-only (including Supernumerary) 	58413 	58413
Assam University, Silchar	Electronics and Communication Engineering (4 Years, Bachelor of Technology) 	AI 	OPEN 	Gender-Neutral 	29871 	50710
Assam University, Silchar	Electronics and Communication Engineering (4 Years, Bachelor of Technology) 	AI 	OPEN 	Female-only (including Supernumerary) 	57126 	57126
Assam University, Silchar	Electronics and Communication Engineering (4 Years, Bachelor of Technology) 	HS 	OPEN 	Gender-Neutral 	79517 	92405
Assam University, Silchar	Electronics and Communication Engineering (4 Years, Bachelor of Technology) 	HS 	OPEN 	Female-only (including Supernumerary) 	89120 	89120
Birla Institute of Technology, Mesra, Ranchi	Architecture (5 Years, Bachelor of Architecture) 	AI 	OPEN 	Gender-Neutral 	506 	648
Birla Institute of Technology, Mesra, Ranchi	Architecture (5 Years, Bachelor of Architecture) 	HS 	OPEN 	Gender-Neutral 	867 	1527
Birla Institute of Technology, Mesra, Ranchi	Artificial Intelligence and Machine Learning (4 Years, Bachelor of Technology) 	AI 	OPEN 	Gender-Neutral 	16494 	18212
Birla Institute of Technology, Mesra, Ranchi	Artificial Intelligence and Machine Learning (4 Years, Bachelor of Technology) 	AI 	OPEN 	Female-only (including Supernumerary) 	26734 	28439
Birla Institute of Technology, Mesra, Ranchi	Artificial Intelligence and Machine Learning (4 Years, Bachelor of Technology) 	HS 	OPEN 	Gender-Neutral 	29200 	34355
Birla Institute of Technology, Mesra, Ranchi	Artificial Intelligence and Machine Learning (4 Years, Bachelor of Technology) 	HS 	OPEN 	Female-only (including Supernumerary) 	42703 	47214
Birla Institute of Technology, Mesra, Ranchi	Bio Technology (4 Years, Bachelor of Technology) 	AI 	OPEN 	Gender-Neutral 	37534 	46939
Birla Institute of Technology, Mesra, Ranchi	Bio Technology (4 Years, Bachelor of Technology) 	AI 	OPEN 	Female-only (including Supernumerary) 	39577 	39577
Birla Institute of Technology, Mesra, Ranchi	Bio Technology (4 Years, Bachelor of Technology) 	HS 	OPEN 	Gender-Neutral 	77686 	84818
Birla Institute of Technology, Mesra, Ranchi	Bio Technology (4 Years, Bachelor of Technology) 	HS 	OPEN 	Female-only (including Supernumerary) 	48221 	55797
Birla Institute of Technology, Mesra, Ranchi	Chemical Engineering (4 Years, Bachelor of Technology) 	AI 	OPEN 	Gender-Neutral 	38260 	47248
Birla Institute of Technology, Mesra, Ranchi	Chemical Engineering (4 Years, Bachelor of Technology) 	AI 	OPEN 	Female-only (including Supernumerary) 	45174 	49373
Birla Institute of Technology, Mesra, Ranchi	Chemical Engineering (4 Years, Bachelor of Technology) 	HS 	OPEN 	Gender-Neutral 	48312 	77379
Birla Institute of Technology, Mesra, Ranchi	Chemical Engineering (4 Years, Bachelor of Technology) 	HS 	OPEN 	Female-only (including Supernumerary) 	77556 	84314
Birla Institute of Technology, Mesra, Ranchi	Civil Engineering (4 Years, Bachelor of Technology) 	AI 	OPEN 	Gender-Neutral 	39328 	48654
Birla Institute of Technology, Mesra, Ranchi	Civil Engineering (4 Years, Bachelor of Technology) 	AI 	OPEN 	Female-only (including Supernumerary) 	50450 	53180
Birla Institute of Technology, Mesra, Ranchi	Civil Engineering (4 Years, Bachelor of Technology) 	HS 	OPEN 	Gender-Neutral 	51117 	76113
Birla Institute of Technology, Mesra, Ranchi	Civil Engineering (4 Years, Bachelor of Technology) 	HS 	OPEN 	Female-only (including Supernumerary) 	83158 	90846
Birla Institute of Technology, Mesra, Ranchi	Computer Science and Engineering (4 Years, Bachelor of Technology) 	AI 	OPEN 	Gender-Neutral 	10978 	16476
Birla Institute of Technology, Mesra, Ranchi	Computer Science and Engineering (4 Years, Bachelor of Technology) 	AI 	OPEN 	Female-only (including Supernumerary) 	16975 	24250
Birla Institute of Technology, Mesra, Ranchi	Computer Science and Engineering (4 Years, Bachelor of Technology) 	HS 	OPEN 	Gender-Neutral 	16669 	29002
Birla Institute of Technology, Mesra, Ranchi	Computer Science and Engineering (4 Years, Bachelor of Technology) 	HS 	OPEN 	Female-only (including Supernumerary) 	25408 	45510
Birla Institute of Technology, Mesra, Ranchi	Electrical and Electronics Engineering (4 Years, Bachelor of Technology) 	AI 	OPEN 	Gender-Neutral 	23884 	28399
Birla Institute of Technology, Mesra, Ranchi	Electrical and Electronics Engineering (4 Years, Bachelor of Technology) 	AI 	OPEN 	Female-only (including Supernumerary) 	32968 	38953
Birla Institute of Technology, Mesra, Ranchi	Electrical and Electronics Engineering (4 Years, Bachelor of Technology) 	HS 	OPEN 	Gender-Neutral 	32062 	49025
Birla Institute of Technology, Mesra, Ranchi	Electrical and Electronics Engineering (4 Years, Bachelor of Technology) 	HS 	OPEN 	Female-only (including Supernumerary) 	61497 	74925
Birla Institute of Technology, Mesra, Ranchi	Electronics and Communication Engineering (4 Years, Bachelor of Technology) 	AI 	OPEN 	Gender-Neutral 	12976 	23407
Birla Institute of Technology, Mesra, Ranchi	Electronics and Communication Engineering (4 Years, Bachelor of Technology) 	AI 	OPEN 	Female-only (including Supernumerary) 	29692 	33123
Birla Institute of Technology, Mesra, Ranchi	Electronics and Communication Engineering (4 Years, Bachelor of Technology) 	HS 	OPEN 	Gender-Neutral 	29512 	42550
Birla Institute of Technology, Mesra, Ranchi	Electronics and Communication Engineering (4 Years, Bachelor of Technology) 	HS 	OPEN 	Female-only (including Supernumerary) 	49010 	61254
Birla Institute of Technology, Mesra, Ranchi	Food Engineering and Technology (4 Years, Bachelor of Technology) 	AI 	OPEN 	Gender-Neutral 	48994 	52305
Birla Institute of Technology, Mesra, Ranchi	Food Engineering and Technology (4 Years, Bachelor of Technology) 	AI 	OPEN 	Female-only (including Supernumerary) 	58726 	58726
Birla Institute of Technology, Mesra, Ranchi	Food Engineering and Technology (4 Years, Bachelor of Technology) 	HS 	OPEN 	Gender-Neutral 	56300 	92424
Birla Institute of Technology, Mesra, Ranchi	Food Engineering and Technology (4 Years, Bachelor of Technology) 	HS 	OPEN 	Female-only (including Supernumerary) 	101554 	101650
Birla Institute of Technology, Mesra, Ranchi	Mathematics and Computing (5 Years, Integrated Master of Science) 	AI 	OPEN 	Gender-Neutral 	13094 	26412
Birla Institute of Technology, Mesra, Ranchi	Mathematics and Computing (5 Years, Integrated Master of Science) 	AI 	OPEN 	Female-only (including Supernumerary) 	31173 	34777
Birla Institute of Technology, Mesra, Ranchi	Mathematics and Computing (5 Years, Integrated Master of Science) 	HS 	OPEN 	Gender-Neutral 	35594 	60003
Birla Institute of Technology, Mesra, Ranchi	Mathematics and Computing (5 Years, Integrated Master of Science) 	HS 	OPEN 	Female-only (including Supernumerary) 	71196 	77022
Birla Institute of Technology, Mesra, Ranchi	Mechanical Engineering (4 Years, Bachelor of Technology) 	AI 	OPEN 	Gender-Neutral 	30296 	39483
Birla Institute of Technology, Mesra, Ranchi	Mechanical Engineering (4 Years, Bachelor of Technology) 	AI 	OPEN 	Female-only (including Supernumerary) 	39723 	50136
Birla Institute of Technology, Mesra, Ranchi	Mechanical Engineering (4 Years, Bachelor of Technology) 	HS 	OPEN 	Gender-Neutral 	43316 	63964
Birla Institute of Technology, Mesra, Ranchi	Mechanical Engineering (4 Years, Bachelor of Technology) 	HS 	OPEN 	Female-only (including Supernumerary) 	75467 	78487
Birla Institute of Technology, Mesra, Ranchi	Physics (5 Years, Integrated Master of Science) 	AI 	OPEN 	Gender-Neutral 	18275 	45477
Birla Institute of Technology, Mesra, Ranchi	Physics (5 Years, Integrated Master of Science) 	AI 	OPEN 	Female-only (including Supernumerary) 	44975 	44975
Birla Institute of Technology, Mesra, Ranchi	Physics (5 Years, Integrated Master of Science) 	HS 	OPEN 	Gender-Neutral 	55115 	92572
Birla Institute of Technology, Mesra, Ranchi	Physics (5 Years, Integrated Master of Science) 	HS 	OPEN 	Female-only (including Supernumerary) 	102330 	106297
Birla Institute of Technology, Mesra, Ranchi	Production and Industrial Engineering (4 Years, Bachelor of Technology) 	AI 	OPEN 	Gender-Neutral 	38967 	49244
Birla Institute of Technology, Mesra, Ranchi	Production and Industrial Engineering (4 Years, Bachelor of Technology) 	AI 	OPEN 	Female-only (including Supernumerary) 	51883 	60268
Birla Institute of Technology, Mesra, Ranchi	Production and Industrial Engineering (4 Years, Bachelor of Technology) 	HS 	OPEN 	Gender-Neutral 	68595 	91410
Birla Institute of Technology, Mesra, Ranchi	Production and Industrial Engineering (4 Years, Bachelor of Technology) 	HS 	OPEN 	Female-only (including Supernumerary) 	74852 	85163
Birla Institute of Technology, Mesra, Ranchi	Quantitative Economics & Data Science (5 Years, Integrated Master of Science) 	AI 	OPEN 	Gender-Neutral 	21919 	35457
Birla Institute of Technology, Mesra, Ranchi	Quantitative Economics & Data Science (5 Years, Integrated Master of Science) 	AI 	OPEN 	Female-only (including Supernumerary) 	34841 	34841
Birla Institute of Technology, Mesra, Ranchi	Quantitative Economics & Data Science (5 Years, Integrated Master of Science) 	HS 	OPEN 	Gender-Neutral 	60664 	82470
Birla Institute of Technology, Mesra, Ranchi	Quantitative Economics & Data Science (5 Years, Integrated Master of Science) 	HS 	OPEN 	Female-only (including Supernumerary) 	87103 	96524
Gurukula Kangri Vishwavidyalaya, Haridwar	Computer Science and Engineering (4 Years, Bachelor of Technology) 	AI 	OPEN 	Gender-Neutral 	35226 	61724
Gurukula Kangri Vishwavidyalaya, Haridwar	Electrical Engineering (4 Years, Bachelor of Technology) 	AI 	OPEN 	Gender-Neutral 	37560 	61888
Gurukula Kangri Vishwavidyalaya, Haridwar	Electronics and Communication Engineering (4 Years, Bachelor of Technology) 	AI 	OPEN 	Gender-Neutral 	50282 	70431
Gurukula Kangri Vishwavidyalaya, Haridwar	Mechanical Engineering (4 Years, Bachelor of Technology) 	AI 	OPEN 	Gender-Neutral 	43954 	79077
Indian Institute of Carpet Technology, Bhadohi	Carpet and Textile Technology (4 Years, Bachelor of Technology) 	AI 	OPEN 	Gender-Neutral 	62005 	85440
Indian Institute of Carpet Technology, Bhadohi	Carpet and Textile Technology (4 Years, Bachelor of Technology) 	AI 	OPEN 	Female-only (including Supernumerary) 	69114 	81636
Institute of Infrastructure, Technology, Research and Management-Ahmedabad	Civil Engineering (4 Years, Bachelor of Technology) 	AI 	OPEN 	Gender-Neutral 	53749 	64881
Institute of Infrastructure, Technology, Research and Management-Ahmedabad	Computer Engineering (4 Years, Bachelor of Technology) 	AI 	OPEN 	Gender-Neutral 	19494 	37733
Institute of Infrastructure, Technology, Research and Management-Ahmedabad	Electrical Engineering (4 Years, Bachelor of Technology) 	AI 	OPEN 	Gender-Neutral 	36337 	50717
Institute of Infrastructure, Technology, Research and Management-Ahmedabad	Mechanical Engineering (4 Years, Bachelor of Technology) 	AI 	OPEN 	Gender-Neutral 	39200 	55854
School of Studies of Engineering and Technology, Guru Ghasidas Vishwavidyalaya, Bilaspur	Animation and VFX (4 Years, Bachelor of Technology) 	AI 	OPEN 	Gender-Neutral 	38715 	67147
School of Studies of Engineering and Technology, Guru Ghasidas Vishwavidyalaya, Bilaspur	Artificial Intelligence and Data Science (4 Years, Bachelor of Technology) 	AI 	OPEN 	Gender-Neutral 	41842 	60899
School of Studies of Engineering and Technology, Guru Ghasidas Vishwavidyalaya, Bilaspur	Chemical Engineering (4 Years, Bachelor of Technology) 	AI 	OPEN 	Gender-Neutral 	68248 	81228
School of Studies of Engineering and Technology, Guru Ghasidas Vishwavidyalaya, Bilaspur	Civil Engineering (4 Years, Bachelor of Technology) 	AI 	OPEN 	Gender-Neutral 	61529 	76879
School of Studies of Engineering and Technology, Guru Ghasidas Vishwavidyalaya, Bilaspur	Computer Science and Engineering (4 Years, Bachelor of Technology) 	AI 	OPEN 	Gender-Neutral 	39272 	59667
School of Studies of Engineering and Technology, Guru Ghasidas Vishwavidyalaya, Bilaspur	Electrical Engineering (4 Years, Bachelor of Technology) 	AI 	OPEN 	Gender-Neutral 	67978 	73669
School of Studies of Engineering and Technology, Guru Ghasidas Vishwavidyalaya, Bilaspur	Electronics and Communication Engineering (4 Years, Bachelor of Technology) 	AI 	OPEN 	Gender-Neutral 	36709 	63739
School of Studies of Engineering and Technology, Guru Ghasidas Vishwavidyalaya, Bilaspur	Industrial and Production Engineering (4 Years, Bachelor of Technology) 	AI 	OPEN 	Gender-Neutral 	69617 	85380
School of Studies of Engineering and Technology, Guru Ghasidas Vishwavidyalaya, Bilaspur	Information Technology (4 Years, Bachelor of Technology) 	AI 	OPEN 	Gender-Neutral 	48061 	67772
School of Studies of Engineering and Technology, Guru Ghasidas Vishwavidyalaya, Bilaspur	Mechanical Engineering (4 Years, Bachelor of Technology) 	AI 	OPEN 	Gender-Neutral 	56594 	77538
J.K. Institute of Applied Physics & Technology, Department of Electronics & Communication, University of Allahabad- Allahabad	Computer Science and Engineering with Major in Artificial Intelligence (4 Years, Bachelor of Technology) 	AI 	OPEN 	Gender-Neutral 	28392 	39197
J.K. Institute of Applied Physics & Technology, Department of Electronics & Communication, University of Allahabad- Allahabad	Electronics and Communication Engineering (4 Years, Bachelor of Technology) 	AI 	OPEN 	Gender-Neutral 	33588 	51560
National Institute of Electronics and Information Technology, Aurangabad (Maharashtra)	Computer Science and Engineering (4 Years, Bachelor of Technology) 	AI 	OPEN 	Gender-Neutral 	17660 	42183
National Institute of Electronics and Information Technology, Aurangabad (Maharashtra)	Electronic Engineering (4 Years, Bachelor of Technology) 	AI 	OPEN 	Gender-Neutral 	43687 	50951
National Institute of Advanced Manufacturing Technology, Ranchi	Computer Engineering (4 Years, Bachelor of Technology) 	AI 	OPEN 	Gender-Neutral 	15814 	44591
National Institute of Advanced Manufacturing Technology, Ranchi	Computer Engineering (4 Years, Bachelor of Technology) 	AI 	OPEN 	Female-only (including Supernumerary) 	38242 	51112
National Institute of Advanced Manufacturing Technology, Ranchi	Mechanical Engineering (4 Years, Bachelor of Technology) 	AI 	OPEN 	Gender-Neutral 	36625 	57853
National Institute of Advanced Manufacturing Technology, Ranchi	Mechanical Engineering (4 Years, Bachelor of Technology) 	AI 	OPEN 	Female-only (including Supernumerary) 	59899 	65967
National Institute of Advanced Manufacturing Technology, Ranchi	Metallurgy and Materials Engineering (4 Years, Bachelor of Technology) 	AI 	OPEN 	Gender-Neutral 	52129 	68691
National Institute of Advanced Manufacturing Technology, Ranchi	Metallurgy and Materials Engineering (4 Years, Bachelor of Technology) 	AI 	OPEN 	Female-only (including Supernumerary) 	66798 	76313
National Institute of Advanced Manufacturing Technology, Ranchi	Production and Industrial Engineering (4 Years, Bachelor of Technology) 	AI 	OPEN 	Gender-Neutral 	53828 	68354
National Institute of Advanced Manufacturing Technology, Ranchi	Production and Industrial Engineering (4 Years, Bachelor of Technology) 	AI 	OPEN 	Female-only (including Supernumerary) 	67894 	73801
Sant Longowal Institute of Engineering and Technology	Artificial Intelligence and Data Science (4 Years, Bachelor of Technology) 	AI 	OPEN 	Gender-Neutral 	32828 	53941
Sant Longowal Institute of Engineering and Technology	Chemical Engineering (4 Years, Bachelor of Technology) 	AI 	OPEN 	Gender-Neutral 	51811 	74174
Sant Longowal Institute of Engineering and Technology	Chemistry (5 Years, Integrated Master of Science) 	AI 	OPEN 	Gender-Neutral 	60607 	67722
Sant Longowal Institute of Engineering and Technology	Civil Engineering (4 Years, Bachelor of Technology) 	AI 	OPEN 	Gender-Neutral 	54961 	77398
Sant Longowal Institute of Engineering and Technology	Computer Science and Engineering (4 Years, Bachelor of Technology) 	AI 	OPEN 	Gender-Neutral 	34723 	51942
Sant Longowal Institute of Engineering and Technology	Computer Science and Engineering (5 Years, Bachelor and Master of Technology (Dual Degree)) 	AI 	OPEN 	Gender-Neutral 	39225 	57074
Sant Longowal Institute of Engineering and Technology	Electrical Engineering (4 Years, Bachelor of Technology) 	AI 	OPEN 	Gender-Neutral 	48443 	64954
Sant Longowal Institute of Engineering and Technology	Electrical Engineering (5 Years, Bachelor and Master of Technology (Dual Degree)) 	AI 	OPEN 	Gender-Neutral 	58343 	69898
Sant Longowal Institute of Engineering and Technology	Electronics and Communication Engineering (4 Years, Bachelor of Technology) 	AI 	OPEN 	Gender-Neutral 	44971 	56483
Sant Longowal Institute of Engineering and Technology	Food Technology (4 Years, Bachelor of Technology) 	AI 	OPEN 	Gender-Neutral 	65727 	87172
Sant Longowal Institute of Engineering and Technology	Instrumentation and Control Engineering (4 Years, Bachelor of Technology) 	AI 	OPEN 	Gender-Neutral 	60669 	78277
Sant Longowal Institute of Engineering and Technology	Mathematics (5 Years, Integrated Master of Science) 	AI 	OPEN 	Gender-Neutral 	45779 	62164
Sant Longowal Institute of Engineering and Technology	Mechanical Engineering (4 Years, Bachelor of Technology) 	AI 	OPEN 	Gender-Neutral 	48955 	76329
Sant Longowal Institute of Engineering and Technology	Mechanical Engineering (5 Years, Bachelor and Master of Technology (Dual Degree)) 	AI 	OPEN 	Gender-Neutral 	63252 	78783
Sant Longowal Institute of Engineering and Technology	Physics (5 Years, Integrated Master of Science) 	AI 	OPEN 	Gender-Neutral 	53080 	60942
Mizoram University, Aizawl	Architecture (5 Years, Bachelor of Architecture) 	AI 	OPEN 	Gender-Neutral 	905 	962
Mizoram University, Aizawl	Civil Engineering (4 Years, Bachelor of Technology) 	AI 	OPEN 	Gender-Neutral 	64858 	76781
Mizoram University, Aizawl	Computer Engineering (4 Years, Bachelor of Technology) 	AI 	OPEN 	Gender-Neutral 	34482 	60031
Mizoram University, Aizawl	Electrical Engineering (4 Years, Bachelor of Technology) 	AI 	OPEN 	Gender-Neutral 	37501 	67224
Mizoram University, Aizawl	Electronics and Communication Engineering (4 Years, Bachelor of Technology) 	AI 	OPEN 	Gender-Neutral 	53616 	67177
Mizoram University, Aizawl	Information Technology (4 Years, Bachelor of Technology) 	AI 	OPEN 	Gender-Neutral 	58787 	64832
School of Engineering, Tezpur University, Napaam, Tezpur	B.Tech. (Civil Engineering) - MBA (5 Years, Bachelor of Technology and MBA (Dual Degree)) 	AI 	OPEN 	Gender-Neutral 	71485 	72944
School of Engineering, Tezpur University, Napaam, Tezpur	B.Tech. (Computer Science and Engineering) - MBA (5 Years, Bachelor of Technology and MBA (Dual Degree)) 	AI 	OPEN 	Gender-Neutral 	45598 	48058
School of Engineering, Tezpur University, Napaam, Tezpur	B.Tech. (Elctrical Engineering) - MBA (5 Years, Bachelor of Technology and MBA (Dual Degree)) 	AI 	OPEN 	Gender-Neutral 	64426 	64796
School of Engineering, Tezpur University, Napaam, Tezpur	B.Tech. (Electronics and Communication Engineering) - MBA (5 Years, Bachelor of Technology and MBA (Dual Degree)) 	AI 	OPEN 	Gender-Neutral 	51609 	51609
School of Engineering, Tezpur University, Napaam, Tezpur	B.Tech. (Food Engineering and Technology) - MBA (5 Years, Bachelor of Technology and MBA (Dual Degree)) 	AI 	OPEN 	Gender-Neutral 	65041 	69176
School of Engineering, Tezpur University, Napaam, Tezpur	B.Tech. (Mechanical Engineering) - MBA (5 Years, Bachelor of Technology and MBA (Dual Degree)) 	AI 	OPEN 	Gender-Neutral 	50880 	57814
School of Engineering, Tezpur University, Napaam, Tezpur	Bachelor of Design (4 Years, Bachelor of Design) 	AI 	OPEN 	Gender-Neutral 	75532 	75532
School of Engineering, Tezpur University, Napaam, Tezpur	Civil Engineering (4 Years, Bachelor of Technology) 	AI 	OPEN 	Gender-Neutral 	71687 	78808
School of Engineering, Tezpur University, Napaam, Tezpur	Computer Science and Engineering (4 Years, Bachelor of Technology) 	AI 	OPEN 	Gender-Neutral 	42722 	52131
School of Engineering, Tezpur University, Napaam, Tezpur	Electrical Engineering (4 Years, Bachelor of Technology) 	AI 	OPEN 	Gender-Neutral 	61962 	65400
School of Engineering, Tezpur University, Napaam, Tezpur	Electronics and Communication Engineering (4 Years, Bachelor of Technology) 	AI 	OPEN 	Gender-Neutral 	46481 	61069
School of Engineering, Tezpur University, Napaam, Tezpur	Food Engineering and Technology (4 Years, Bachelor of Technology) 	AI 	OPEN 	Gender-Neutral 	57602 	83934
School of Engineering, Tezpur University, Napaam, Tezpur	Mechanical Engineering (4 Years, Bachelor of Technology) 	AI 	OPEN 	Gender-Neutral 	49048 	69170
School of Planning & Architecture, Bhopal	Architecture (5 Years, Bachelor of Architecture) 	AI 	OPEN 	Gender-Neutral 	74 	367
School of Planning & Architecture, Bhopal	Planning (4 Years, Bachelor of Planning) 	AI 	OPEN 	Gender-Neutral 	159 	411
School of Planning & Architecture, New Delhi	Architecture (5 Years, Bachelor of Architecture) 	AI 	OPEN 	Gender-Neutral 	4 	158
School of Planning & Architecture, New Delhi	Planning (4 Years, Bachelor of Planning) 	AI 	OPEN 	Gender-Neutral 	8 	133
School of Planning & Architecture: Vijayawada	Architecture (5 Years, Bachelor of Architecture) 	AI 	OPEN 	Gender-Neutral 	37 	478
School of Planning & Architecture: Vijayawada	Planning (4 Years, Bachelor of Planning) 	AI 	OPEN 	Gender-Neutral 	155 	467
Shri Mata Vaishno Devi University, Katra, Jammu & Kashmir	Architecture (5 Years, Bachelor of Architecture) 	AI 	OPEN 	Gender-Neutral 	124 	929
Shri Mata Vaishno Devi University, Katra, Jammu & Kashmir	B.Tech in Mathematics and Computing (4 Years, Bachelor of Technology) 	AI 	OPEN 	Gender-Neutral 	42448 	57736
Shri Mata Vaishno Devi University, Katra, Jammu & Kashmir	Bio Technology (4 Years, Bachelor of Technology) 	AI 	OPEN 	Gender-Neutral 	48521 	60850
Shri Mata Vaishno Devi University, Katra, Jammu & Kashmir	Civil Engineering (4 Years, Bachelor of Technology) 	AI 	OPEN 	Gender-Neutral 	53182 	77606
Shri Mata Vaishno Devi University, Katra, Jammu & Kashmir	Computer Science and Engineering (4 Years, Bachelor of Technology) 	AI 	OPEN 	Gender-Neutral 	33316 	56963
Shri Mata Vaishno Devi University, Katra, Jammu & Kashmir	Electrical Engineering (4 Years, Bachelor of Technology) 	AI 	OPEN 	Gender-Neutral 	59058 	69199
Shri Mata Vaishno Devi University, Katra, Jammu & Kashmir	Electronics and Communication Engineering (4 Years, Bachelor of Technology) 	AI 	OPEN 	Gender-Neutral 	55063 	67778
Shri Mata Vaishno Devi University, Katra, Jammu & Kashmir	Mechanical Engineering (4 Years, Bachelor of Technology) 	AI 	OPEN 	Gender-Neutral 	48819 	70443
Shri Mata Vaishno Devi University, Katra, Jammu & Kashmir	Robotics and AI (4 Years, Bachelor of Technology) 	AI 	OPEN 	Gender-Neutral 	45791 	58770
International Institute of Information Technology, Naya Raipur	Computer Science and Engineering (4 Years, Bachelor of Technology) 	AI 	OPEN 	Gender-Neutral 	14537 	17875
International Institute of Information Technology, Naya Raipur	Computer Science and Engineering (4 Years, Bachelor of Technology) 	AI 	OPEN 	Female-only (including Supernumerary) 	23924 	27680
International Institute of Information Technology, Naya Raipur	Data Science and Artificial Intelligence (4 Years, Bachelor of Technology) 	AI 	OPEN 	Gender-Neutral 	18256 	19939
International Institute of Information Technology, Naya Raipur	Data Science and Artificial Intelligence (4 Years, Bachelor of Technology) 	AI 	OPEN 	Female-only (including Supernumerary) 	28205 	30109
International Institute of Information Technology, Naya Raipur	Electronics and Communication Engineering (4 Years, Bachelor of Technology) 	AI 	OPEN 	Gender-Neutral 	22396 	26786
International Institute of Information Technology, Naya Raipur	Electronics and Communication Engineering (4 Years, Bachelor of Technology) 	AI 	OPEN 	Female-only (including Supernumerary) 	31715 	37582
University of Hyderabad	Computer Science and Engineering (5 Years, Bachelor and Master of Technology (Dual Degree)) 	AI 	OPEN 	Gender-Neutral 	16128 	29479
University of Hyderabad	Materials Engineering (5 Years, Integrated Master of Technology) 	AI 	OPEN 	Gender-Neutral 	29527 	59393
Punjab Engineering College, Chandigarh	Aerospace Engineering (4 Years, Bachelor of Technology) 	HS 	OPEN 	Gender-Neutral 	33610 	49666
Punjab Engineering College, Chandigarh	Aerospace Engineering (4 Years, Bachelor of Technology) 	OS 	OPEN 	Gender-Neutral 	14167 	22726
Punjab Engineering College, Chandigarh	Civil Engineering (4 Years, Bachelor of Technology) 	HS 	OPEN 	Gender-Neutral 	57010 	90642
Punjab Engineering College, Chandigarh	Civil Engineering (4 Years, Bachelor of Technology) 	OS 	OPEN 	Gender-Neutral 	36956 	46622
Punjab Engineering College, Chandigarh	Computer Science and Engineering (4 Years, Bachelor of Technology) 	HS 	OPEN 	Gender-Neutral 	5317 	18868
Punjab Engineering College, Chandigarh	Computer Science and Engineering (4 Years, Bachelor of Technology) 	OS 	OPEN 	Gender-Neutral 	5701 	11591
Punjab Engineering College, Chandigarh	Computer Science Engineering (Artificial Intelligence) (4 Years, B. Tech / B. Tech (Hons.)) 	HS 	OPEN 	Gender-Neutral 	11093 	20061
Punjab Engineering College, Chandigarh	Computer Science Engineering (Artificial Intelligence) (4 Years, B. Tech / B. Tech (Hons.)) 	OS 	OPEN 	Gender-Neutral 	7174 	11966
Punjab Engineering College, Chandigarh	Computer Science Engineering (Data Science) (4 Years, B. Tech / B. Tech (Hons.)) 	HS 	OPEN 	Gender-Neutral 	16104 	24380
Punjab Engineering College, Chandigarh	Computer Science Engineering (Data Science) (4 Years, B. Tech / B. Tech (Hons.)) 	OS 	OPEN 	Gender-Neutral 	11371 	13689
Punjab Engineering College, Chandigarh	Electrical Engineering (4 Years, Bachelor of Technology) 	HS 	OPEN 	Gender-Neutral 	35774 	44738
Punjab Engineering College, Chandigarh	Electrical Engineering (4 Years, Bachelor of Technology) 	OS 	OPEN 	Gender-Neutral 	20299 	25189
Punjab Engineering College, Chandigarh	Electronics and Communication Engineering (4 Years, Bachelor of Technology) 	HS 	OPEN 	Gender-Neutral 	17514 	34343
Punjab Engineering College, Chandigarh	Electronics and Communication Engineering (4 Years, Bachelor of Technology) 	OS 	OPEN 	Gender-Neutral 	12819 	17892
Punjab Engineering College, Chandigarh	Electronics Engineering (VLSI Design and Technology) (4 Years, Bachelor of Technology) 	HS 	OPEN 	Gender-Neutral 	26610 	35571
Punjab Engineering College, Chandigarh	Electronics Engineering (VLSI Design and Technology) (4 Years, Bachelor of Technology) 	OS 	OPEN 	Gender-Neutral 	14764 	19710
Punjab Engineering College, Chandigarh	Mathematics and Computing (4 Years, Bachelor of Technology) 	HS 	OPEN 	Gender-Neutral 	24530 	29360
Punjab Engineering College, Chandigarh	Mathematics and Computing (4 Years, Bachelor of Technology) 	OS 	OPEN 	Gender-Neutral 	12794 	14707
Punjab Engineering College, Chandigarh	Mechanical Engineering (4 Years, Bachelor of Technology) 	HS 	OPEN 	Gender-Neutral 	35198 	60057
Punjab Engineering College, Chandigarh	Mechanical Engineering (4 Years, Bachelor of Technology) 	OS 	OPEN 	Gender-Neutral 	25149 	35958
Punjab Engineering College, Chandigarh	Metallurgical and Materials Engineering (4 Years, Bachelor of Technology) 	HS 	OPEN 	Gender-Neutral 	67120 	99427
Punjab Engineering College, Chandigarh	Metallurgical and Materials Engineering (4 Years, Bachelor of Technology) 	OS 	OPEN 	Gender-Neutral 	39275 	51355
Punjab Engineering College, Chandigarh	Production and Industrial Engineering (4 Years, Bachelor of Technology) 	HS 	OPEN 	Gender-Neutral 	51500 	78714
Punjab Engineering College, Chandigarh	Production and Industrial Engineering (4 Years, Bachelor of Technology) 	OS 	OPEN 	Gender-Neutral 	36330 	43420
Jawaharlal Nehru University, Delhi	Computer Science and Engineering (4 Years, Bachelor of Technology) 	AI 	OPEN 	Gender-Neutral 	11749 	25706
Jawaharlal Nehru University, Delhi	Electronics and Communication Engineering (4 Years, Bachelor of Technology) 	AI 	OPEN 	Gender-Neutral 	25670 	33831
International Institute of Information Technology, Bhubaneswar	Computer Engineering (4 Years, Bachelor of Technology) 	AI 	OPEN 	Gender-Neutral 	29316 	33062
International Institute of Information Technology, Bhubaneswar	Computer Science and Engineering (4 Years, Bachelor of Technology) 	AI 	OPEN 	Gender-Neutral 	8698 	29537
International Institute of Information Technology, Bhubaneswar	Electrical and Electronics Engineering (4 Years, Bachelor of Technology) 	AI 	OPEN 	Gender-Neutral 	9820 	38848
International Institute of Information Technology, Bhubaneswar	Electronics and Telecommunication Engineering (4 Years, Bachelor of Technology) 	AI 	OPEN 	Gender-Neutral 	5244 	38133
International Institute of Information Technology, Bhubaneswar	Information Technology (4 Years, Bachelor of Technology) 	AI 	OPEN 	Gender-Neutral 	26426 	33320
Central institute of Technology Kokrajar, Assam	Civil Engineering (4 Years, Bachelor of Technology) 	AI 	OPEN 	Gender-Neutral 	59330 	60500
Central institute of Technology Kokrajar, Assam	Civil Engineering (4 Years, Bachelor of Technology) 	AI 	OPEN 	Female-only (including Supernumerary) 	78453 	78453
Central institute of Technology Kokrajar, Assam	Computer Science and Engineering (4 Years, Bachelor of Technology) 	AI 	OPEN 	Gender-Neutral 	48271 	50806
Central institute of Technology Kokrajar, Assam	Computer Science and Engineering (4 Years, Bachelor of Technology) 	AI 	OPEN 	Female-only (including Supernumerary) 	54049 	54049
Central institute of Technology Kokrajar, Assam	Electronics and Communication Engineering (4 Years, Bachelor of Technology) 	AI 	OPEN 	Gender-Neutral 	48832 	57520
Central institute of Technology Kokrajar, Assam	Electronics and Communication Engineering (4 Years, Bachelor of Technology) 	AI 	OPEN 	Female-only (including Supernumerary) 	61245 	61245
Central institute of Technology Kokrajar, Assam	Food Engineering and Technology (4 Years, Bachelor of Technology) 	AI 	OPEN 	Gender-Neutral 	73070 	73070
Central institute of Technology Kokrajar, Assam	Food Engineering and Technology (4 Years, Bachelor of Technology) 	AI 	OPEN 	Female-only (including Supernumerary) 	76412 	76412
Central institute of Technology Kokrajar, Assam	Instrumentation Engineering (4 Years, Bachelor of Technology) 	AI 	OPEN 	Gender-Neutral 	65149 	65149
Puducherry Technological University, Puducherry	Chemical Engineering (4 Years, Bachelor of Technology) 	AI 	OPEN 	Gender-Neutral 	45886 	55422
Puducherry Technological University, Puducherry	Civil Engineering (4 Years, Bachelor of Technology) 	AI 	OPEN 	Gender-Neutral 	51785 	66588
Puducherry Technological University, Puducherry	Civil Engineering (4 Years, Bachelor of Technology) 	HS 	OPEN 	Gender-Neutral 	157181 	250437
Puducherry Technological University, Puducherry	Computer Science and Engineering (4 Years, Bachelor of Technology) 	AI 	OPEN 	Gender-Neutral 	22266 	44440
Puducherry Technological University, Puducherry	Computer Science and Engineering (4 Years, Bachelor of Technology) 	HS 	OPEN 	Gender-Neutral 	92324 	130526
Puducherry Technological University, Puducherry	Electrical and Electronics Engineering (4 Years, Bachelor of Technology) 	AI 	OPEN 	Gender-Neutral 	38769 	41414
Puducherry Technological University, Puducherry	Electronics and Communication Engineering (4 Years, Bachelor of Technology) 	AI 	OPEN 	Gender-Neutral 	26492 	48629
Puducherry Technological University, Puducherry	Electronics and Communication Engineering (4 Years, Bachelor of Technology) 	HS 	OPEN 	Gender-Neutral 	156557 	176565
Puducherry Technological University, Puducherry	Electronics and Instrumentation Engineering (4 Years, Bachelor of Technology) 	AI 	OPEN 	Gender-Neutral 	47161 	50042
Puducherry Technological University, Puducherry	Information Technology (4 Years, Bachelor of Technology) 	AI 	OPEN 	Gender-Neutral 	40465 	42527
Puducherry Technological University, Puducherry	Mechanical Engineering (4 Years, Bachelor of Technology) 	AI 	OPEN 	Gender-Neutral 	43840 	61190
Puducherry Technological University, Puducherry	Mechanical Engineering (4 Years, Bachelor of Technology) 	HS 	OPEN 	Gender-Neutral 	159264 	220216
Puducherry Technological University, Puducherry	Mechatronics Engineering (4 Years, Bachelor of Technology) 	AI 	OPEN 	Gender-Neutral 	34754 	50562
Puducherry Technological University, Puducherry	Mechatronics Engineering (4 Years, Bachelor of Technology) 	HS 	OPEN 	Gender-Neutral 	156592 	201559
Ghani Khan Choudhary Institute of Engineering and Technology, Malda, West Bengal	Civil and Environmental Engineering (4 Years, Bachelor of Technology) 	HS 	OPEN 	Gender-Neutral 	164509 	204687
Ghani Khan Choudhary Institute of Engineering and Technology, Malda, West Bengal	Civil and Environmental Engineering (4 Years, Bachelor of Technology) 	HS 	OPEN 	Female-only (including Supernumerary) 	194084 	213143
Ghani Khan Choudhary Institute of Engineering and Technology, Malda, West Bengal	Civil and Environmental Engineering (4 Years, Bachelor of Technology) 	OS 	OPEN 	Gender-Neutral 	72319 	77926
Ghani Khan Choudhary Institute of Engineering and Technology, Malda, West Bengal	Civil and Environmental Engineering (4 Years, Bachelor of Technology) 	OS 	OPEN 	Female-only (including Supernumerary) 	79277 	80400
Ghani Khan Choudhary Institute of Engineering and Technology, Malda, West Bengal	Computer Science Engineering (Artificial lntelligence and Machine Learning) (4 Years, Bachelor of Technology) 	HS 	OPEN 	Gender-Neutral 	62228 	110055
Ghani Khan Choudhary Institute of Engineering and Technology, Malda, West Bengal	Computer Science Engineering (Artificial lntelligence and Machine Learning) (4 Years, Bachelor of Technology) 	HS 	OPEN 	Female-only (including Supernumerary) 	62962 	62962
Ghani Khan Choudhary Institute of Engineering and Technology, Malda, West Bengal	Computer Science Engineering (Artificial lntelligence and Machine Learning) (4 Years, Bachelor of Technology) 	OS 	OPEN 	Gender-Neutral 	38289 	46508
Ghani Khan Choudhary Institute of Engineering and Technology, Malda, West Bengal	Computer Science Engineering (Artificial lntelligence and Machine Learning) (4 Years, Bachelor of Technology) 	OS 	OPEN 	Female-only (including Supernumerary) 	43380 	50436
Ghani Khan Choudhary Institute of Engineering and Technology, Malda, West Bengal	Electrical Engineering (4 Years, Bachelor of Technology) 	HS 	OPEN 	Gender-Neutral 	119572 	164368
Ghani Khan Choudhary Institute of Engineering and Technology, Malda, West Bengal	Electrical Engineering (4 Years, Bachelor of Technology) 	HS 	OPEN 	Female-only (including Supernumerary) 	147561 	147561
Ghani Khan Choudhary Institute of Engineering and Technology, Malda, West Bengal	Electrical Engineering (4 Years, Bachelor of Technology) 	OS 	OPEN 	Gender-Neutral 	48298 	62191
Ghani Khan Choudhary Institute of Engineering and Technology, Malda, West Bengal	Electrical Engineering (4 Years, Bachelor of Technology) 	OS 	OPEN 	Female-only (including Supernumerary) 	60182 	60182
Ghani Khan Choudhary Institute of Engineering and Technology, Malda, West Bengal	Food Technology (4 Years, Bachelor of Technology) 	HS 	OPEN 	Gender-Neutral 	196864 	237344
Ghani Khan Choudhary Institute of Engineering and Technology, Malda, West Bengal	Food Technology (4 Years, Bachelor of Technology) 	OS 	OPEN 	Gender-Neutral 	72513 	79733
Ghani Khan Choudhary Institute of Engineering and Technology, Malda, West Bengal	Mechanical Engineering (4 Years, Bachelor of Technology) 	HS 	OPEN 	Gender-Neutral 	99322 	156355
Ghani Khan Choudhary Institute of Engineering and Technology, Malda, West Bengal	Mechanical Engineering (4 Years, Bachelor of Technology) 	HS 	OPEN 	Female-only (including Supernumerary) 	169800 	173260
Ghani Khan Choudhary Institute of Engineering and Technology, Malda, West Bengal	Mechanical Engineering (4 Years, Bachelor of Technology) 	OS 	OPEN 	Gender-Neutral 	62105 	73595
Ghani Khan Choudhary Institute of Engineering and Technology, Malda, West Bengal	Mechanical Engineering (4 Years, Bachelor of Technology) 	OS 	OPEN 	Female-only (including Supernumerary) 	65203 	65203
Central University of Rajasthan, Rajasthan	Bio Medical Engineering (4 Years, Bachelor of Technology) 	AI 	OPEN 	Gender-Neutral 	27295 	58678
Central University of Rajasthan, Rajasthan	Computer Science and Engineering (4 Years, Bachelor of Technology) 	AI 	OPEN 	Gender-Neutral 	34454 	43274
Central University of Rajasthan, Rajasthan	Electronics and Communication Engineering (4 Years, Bachelor of Technology) 	AI 	OPEN 	Gender-Neutral 	44785 	54166
National Institute of Food Technology Entrepreneurship and Management, Kundli	Food Technology and Management (4 Years, Bachelor of Technology) 	AI 	OPEN 	Gender-Neutral 	41152 	81078
National Institute of Food Technology Entrepreneurship and Management, Thanjavur	Food Technology (4 Years, Bachelor of Technology) 	AI 	OPEN 	Gender-Neutral 	16168 	66380
North Eastern Regional Institute of Science and Technology, Nirjuli-791109 (Itanagar),Arunachal Pradesh 	Agricultural Engineering (4 Years, Bachelor of Technology) 	AI 	OPEN 	Gender-Neutral 	51838 	51838
North Eastern Regional Institute of Science and Technology, Nirjuli-791109 (Itanagar),Arunachal Pradesh 	Computer Science and Engineering (4 Years, Bachelor of Technology) 	AI 	OPEN 	Gender-Neutral 	29107 	46694
Indian Institute of Handloom Technology(IIHT), Varanasi	Handloom and Textile Technology (4 Years, Bachelor of Technology) 	AI 	OPEN 	Gender-Neutral 	64116 	80309
Chhattisgarh Swami Vivekanada Technical University, Bhilai (CSVTU Bhilai)	Civil Engineering (4 Years, Bachelor of Technology) 	AI 	OPEN 	Gender-Neutral 	60765 	73143
Chhattisgarh Swami Vivekanada Technical University, Bhilai (CSVTU Bhilai)	Computer Science Engineering (Artificial Intelligence) (4 Years, B. Tech / B. Tech (Hons.)) 	AI 	OPEN 	Gender-Neutral 	43208 	59245
Chhattisgarh Swami Vivekanada Technical University, Bhilai (CSVTU Bhilai)	Computer Science Engineering (Data Science) (4 Years, B. Tech / B. Tech (Hons.)) 	AI 	OPEN 	Gender-Neutral 	43824 	58374
Institute of Chemical Technology, Mumbai: Indian Oil Odisha Campus, Bhubaneswar	Chemical Engineering (5 Years, Integrated Masters in Technology) 	AI 	OPEN 	Gender-Neutral 	33883 	50603
Institute of Chemical Technology, Mumbai: Indian Oil Odisha Campus, Bhubaneswar	Chemical Engineering (5 Years, Integrated Masters in Technology) 	HS 	OPEN 	Gender-Neutral 	52353 	66030
North-Eastern Hill University, Shillong	Biomedical Engineering (4 Years, Bachelor of Technology) 	AI 	OPEN 	Gender-Neutral 	51421 	69748
North-Eastern Hill University, Shillong	Electronics and Communication Engineering (4 Years, Bachelor of Technology) 	AI 	OPEN 	Gender-Neutral 	47987 	67527
North-Eastern Hill University, Shillong	Energy Engineering (4 Years, Bachelor of Technology) 	AI 	OPEN 	Gender-Neutral 	65374 	69315
North-Eastern Hill University, Shillong	Information Technology (4 Years, Bachelor of Technology) 	AI 	OPEN 	Gender-Neutral 	45652 	61868
Central University of Jammu	Computer Science and Engineering (4 Years, Bachelor of Technology) 	AI 	OPEN 	Gender-Neutral 	27209 	62430
Central University of Jammu	Computer Science and Engineering with specialization in Cyber Security (4 Years, Bachelor of Technology) 	AI 	OPEN 	Gender-Neutral 	56533 	63946
Central University of Jammu	Electronics and Communication Engineering (4 Years, Bachelor of Technology) 	AI 	OPEN 	Gender-Neutral 	56318 	66462
Central University of Jammu	Electronics and Communication Engineering (Avionics) (4 Years, Bachelor of Technology) 	AI 	OPEN 	Gender-Neutral 	65504 	72614
Central University of Jammu	Mathematics and Computing (4 Years, Bachelor of Technology) 	AI 	OPEN 	Gender-Neutral 	55505 	69244
Institute of Engineering and Technology, Dr. H. S. Gour University. Sagar (A Central University)	Aeronautical Engineering (4 Years, Bachelor of Technology) 	AI 	OPEN 	Gender-Neutral 	29023 	61960
Institute of Engineering and Technology, Dr. H. S. Gour University. Sagar (A Central University)	Computer Science and Engineering (4 Years, Bachelor of Technology) 	AI 	OPEN 	Gender-Neutral 	40116 	54972
Institute of Engineering and Technology, Dr. H. S. Gour University. Sagar (A Central University)	Dairy Engineering (4 Years, Bachelor of Technology) 	AI 	OPEN 	Gender-Neutral 	63607 	86549
Institute of Engineering and Technology, Dr. H. S. Gour University. Sagar (A Central University)	Electronics and Communication Engineering (4 Years, Bachelor of Technology) 	AI 	OPEN 	Gender-Neutral 	49654 	67073
Institute of Engineering and Technology, Dr. H. S. Gour University. Sagar (A Central University)	Fashion and Apparel Engineering (4 Years, Bachelor of Technology) 	AI 	OPEN 	Gender-Neutral 	51533 	82835
Institute of Engineering and Technology, Dr. H. S. Gour University. Sagar (A Central University)	Food Engineering and Technology (4 Years, Bachelor of Technology) 	AI 	OPEN 	Gender-Neutral 	66254 	88022
Central University of Haryana	Civil Engineering (4 Years, Bachelor of Technology) 	AI 	OPEN 	Gender-Neutral 	63267 	76682
Central University of Haryana	Computer Science and Engineering (4 Years, Bachelor of Technology) 	AI 	OPEN 	Gender-Neutral 	30501 	49644
Central University of Haryana	Electrical Engineering (4 Years, Bachelor of Technology) 	AI 	OPEN 	Gender-Neutral 	49849 	64402
Central University of Haryana	Printing and Packaging Technology (4 Years, Bachelor of Technology) 	AI 	OPEN 	Gender-Neutral 	59711 	71473
Birla Institute of Technology, Deoghar Off-Campus	Computer Science and Engineering (4 Years, Bachelor of Technology) 	AI 	OPEN 	Gender-Neutral 	33283 	46953
Birla Institute of Technology, Deoghar Off-Campus	Computer Science and Engineering (4 Years, Bachelor of Technology) 	AI 	OPEN 	Female-only (including Supernumerary) 	44061 	49057
Birla Institute of Technology, Deoghar Off-Campus	Computer Science and Engineering (4 Years, Bachelor of Technology) 	HS 	OPEN 	Gender-Neutral 	51550 	83196
Birla Institute of Technology, Deoghar Off-Campus	Computer Science and Engineering (4 Years, Bachelor of Technology) 	HS 	OPEN 	Female-only (including Supernumerary) 	69172 	92468
Birla Institute of Technology, Deoghar Off-Campus	Electrical and Electronics Engineering (4 Years, Bachelor of Technology) 	AI 	OPEN 	Gender-Neutral 	39192 	56684
Birla Institute of Technology, Deoghar Off-Campus	Electrical and Electronics Engineering (4 Years, Bachelor of Technology) 	AI 	OPEN 	Female-only (including Supernumerary) 	52108 	56686
Birla Institute of Technology, Deoghar Off-Campus	Electrical and Electronics Engineering (4 Years, Bachelor of Technology) 	HS 	OPEN 	Gender-Neutral 	65508 	99408
Birla Institute of Technology, Deoghar Off-Campus	Electrical and Electronics Engineering (4 Years, Bachelor of Technology) 	HS 	OPEN 	Female-only (including Supernumerary) 	92865 	108276
Birla Institute of Technology, Deoghar Off-Campus	Electronics and Communication Engineering (4 Years, Bachelor of Technology) 	AI 	OPEN 	Gender-Neutral 	44338 	55073
Birla Institute of Technology, Deoghar Off-Campus	Electronics and Communication Engineering (4 Years, Bachelor of Technology) 	AI 	OPEN 	Female-only (including Supernumerary) 	50695 	55572
Birla Institute of Technology, Deoghar Off-Campus	Electronics and Communication Engineering (4 Years, Bachelor of Technology) 	HS 	OPEN 	Gender-Neutral 	86399 	92107
Birla Institute of Technology, Deoghar Off-Campus	Electronics and Communication Engineering (4 Years, Bachelor of Technology) 	HS 	OPEN 	Female-only (including Supernumerary) 	92531 	94505
Birla Institute of Technology, Deoghar Off-Campus	Mechanical Engineering (4 Years, Bachelor of Technology) 	AI 	OPEN 	Gender-Neutral 	47617 	59607
Birla Institute of Technology, Deoghar Off-Campus	Mechanical Engineering (4 Years, Bachelor of Technology) 	AI 	OPEN 	Female-only (including Supernumerary) 	62889 	62889
Birla Institute of Technology, Deoghar Off-Campus	Mechanical Engineering (4 Years, Bachelor of Technology) 	HS 	OPEN 	Gender-Neutral 	96295 	101643
Birla Institute of Technology, Deoghar Off-Campus	Mechanical Engineering (4 Years, Bachelor of Technology) 	HS 	OPEN 	Female-only (including Supernumerary) 	100658 	113306
Birla Institute of Technology, Patna Off-Campus	Artificial Intelligence and Machine Learning (4 Years, Bachelor of Technology) 	AI 	OPEN 	Gender-Neutral 	35396 	46455
Birla Institute of Technology, Patna Off-Campus	Artificial Intelligence and Machine Learning (4 Years, Bachelor of Technology) 	AI 	OPEN 	Female-only (including Supernumerary) 	41279 	46192
Birla Institute of Technology, Patna Off-Campus	Artificial Intelligence and Machine Learning (4 Years, Bachelor of Technology) 	HS 	OPEN 	Gender-Neutral 	54633 	65742
Birla Institute of Technology, Patna Off-Campus	Artificial Intelligence and Machine Learning (4 Years, Bachelor of Technology) 	HS 	OPEN 	Female-only (including Supernumerary) 	70674 	76776
Birla Institute of Technology, Patna Off-Campus	Civil Engineering (4 Years, Bachelor of Technology) 	AI 	OPEN 	Gender-Neutral 	51339 	61726
Birla Institute of Technology, Patna Off-Campus	Civil Engineering (4 Years, Bachelor of Technology) 	AI 	OPEN 	Female-only (including Supernumerary) 	61873 	67921
Birla Institute of Technology, Patna Off-Campus	Civil Engineering (4 Years, Bachelor of Technology) 	HS 	OPEN 	Gender-Neutral 	72925 	87798
Birla Institute of Technology, Patna Off-Campus	Civil Engineering (4 Years, Bachelor of Technology) 	HS 	OPEN 	Female-only (including Supernumerary) 	94608 	102206
Birla Institute of Technology, Patna Off-Campus	Computer Science and Engineering (4 Years, Bachelor of Technology) 	AI 	OPEN 	Gender-Neutral 	20757 	41711
Birla Institute of Technology, Patna Off-Campus	Computer Science and Engineering (4 Years, Bachelor of Technology) 	AI 	OPEN 	Female-only (including Supernumerary) 	41403 	44962
Birla Institute of Technology, Patna Off-Campus	Computer Science and Engineering (4 Years, Bachelor of Technology) 	HS 	OPEN 	Gender-Neutral 	47899 	58279
Birla Institute of Technology, Patna Off-Campus	Computer Science and Engineering (4 Years, Bachelor of Technology) 	HS 	OPEN 	Female-only (including Supernumerary) 	65033 	68627
Birla Institute of Technology, Patna Off-Campus	Electrical and Electronics Engineering (4 Years, Bachelor of Technology) 	AI 	OPEN 	Gender-Neutral 	28758 	54458
Birla Institute of Technology, Patna Off-Campus	Electrical and Electronics Engineering (4 Years, Bachelor of Technology) 	AI 	OPEN 	Female-only (including Supernumerary) 	56701 	58960
Birla Institute of Technology, Patna Off-Campus	Electrical and Electronics Engineering (4 Years, Bachelor of Technology) 	HS 	OPEN 	Gender-Neutral 	62437 	81562
Birla Institute of Technology, Patna Off-Campus	Electrical and Electronics Engineering (4 Years, Bachelor of Technology) 	HS 	OPEN 	Female-only (including Supernumerary) 	90003 	93143
Birla Institute of Technology, Patna Off-Campus	Electronics and Communication Engineering (4 Years, Bachelor of Technology) 	AI 	OPEN 	Gender-Neutral 	29262 	48176
Birla Institute of Technology, Patna Off-Campus	Electronics and Communication Engineering (4 Years, Bachelor of Technology) 	AI 	OPEN 	Female-only (including Supernumerary) 	54147 	58953
Birla Institute of Technology, Patna Off-Campus	Electronics and Communication Engineering (4 Years, Bachelor of Technology) 	HS 	OPEN 	Gender-Neutral 	59690 	74556
Birla Institute of Technology, Patna Off-Campus	Electronics and Communication Engineering (4 Years, Bachelor of Technology) 	HS 	OPEN 	Female-only (including Supernumerary) 	76824 	82454
Birla Institute of Technology, Patna Off-Campus	Mathematics and Computing (5 Years, Integrated Master of Science) 	AI 	OPEN 	Gender-Neutral 	35398 	47839
Birla Institute of Technology, Patna Off-Campus	Mathematics and Computing (5 Years, Integrated Master of Science) 	AI 	OPEN 	Female-only (including Supernumerary) 	46916 	46916
Birla Institute of Technology, Patna Off-Campus	Mathematics and Computing (5 Years, Integrated Master of Science) 	HS 	OPEN 	Gender-Neutral 	67185 	79760
Birla Institute of Technology, Patna Off-Campus	Mathematics and Computing (5 Years, Integrated Master of Science) 	HS 	OPEN 	Female-only (including Supernumerary) 	66013 	73338
Birla Institute of Technology, Patna Off-Campus	Mechanical Engineering (4 Years, Bachelor of Technology) 	AI 	OPEN 	Gender-Neutral 	45301 	57374
Birla Institute of Technology, Patna Off-Campus	Mechanical Engineering (4 Years, Bachelor of Technology) 	AI 	OPEN 	Female-only (including Supernumerary) 	58832 	63151
Birla Institute of Technology, Patna Off-Campus	Mechanical Engineering (4 Years, Bachelor of Technology) 	HS 	OPEN 	Gender-Neutral 	73028 	87801
Birla Institute of Technology, Patna Off-Campus	Mechanical Engineering (4 Years, Bachelor of Technology) 	HS 	OPEN 	Female-only (including Supernumerary) 	93020 	97324
Indian Institute of Handloom Technology, Salem	Handloom and Textile Technology (4 Years, Bachelor of Technology) 	AI 	OPEN 	Gender-Neutral 	60375 	72130
Gati Shakti Vishwavidyalaya, Vadodara	B.Tech in Artificial Intelligenece and Data Science (Transportation and Logistics) (4 Years, Bachelor of Technology) 	AI 	OPEN 	Gender-Neutral 	17802 	46443
Gati Shakti Vishwavidyalaya, Vadodara	B.Tech in Artificial Intelligenece and Data Science (Transportation and Logistics) (4 Years, Bachelor of Technology) 	AI 	OPEN 	Female-only (including Supernumerary) 	42561 	42836
Gati Shakti Vishwavidyalaya, Vadodara	B.Tech in Aviation Engineering (4 Years, Bachelor of Technology) 	AI 	OPEN 	Gender-Neutral 	38892 	56790
Gati Shakti Vishwavidyalaya, Vadodara	B.Tech in Civil Engineering (Rail Engineering) (4 Years, Bachelor of Technology) 	AI 	OPEN 	Gender-Neutral 	49981 	70538
Gati Shakti Vishwavidyalaya, Vadodara	B.Tech in Civil Engineering (Rail Engineering) (4 Years, Bachelor of Technology) 	AI 	OPEN 	Female-only (including Supernumerary) 	62464 	65019
Gati Shakti Vishwavidyalaya, Vadodara	B.Tech in Electrical Engineering ( Rail Engineering) (4 Years, Bachelor of Technology) 	AI 	OPEN 	Gender-Neutral 	46456 	61620
Gati Shakti Vishwavidyalaya, Vadodara	B.Tech in Electronics & Communication Engineering (Rail Engineering) (4 Years, Bachelor of Technology) 	AI 	OPEN 	Gender-Neutral 	42311 	55512
Gati Shakti Vishwavidyalaya, Vadodara	B.Tech in Electronics & Communication Engineering (Rail Engineering) (4 Years, Bachelor of Technology) 	AI 	OPEN 	Female-only (including Supernumerary) 	52507 	56975
Gati Shakti Vishwavidyalaya, Vadodara	B.Tech in Mechanical Engineering ( Rail Engineering) (4 Years, Bachelor of Technology) 	AI 	OPEN 	Gender-Neutral 	29925 	60854
Gati Shakti Vishwavidyalaya, Vadodara	B.Tech in Mechanical Engineering ( Rail Engineering) (4 Years, Bachelor of Technology) 	AI 	OPEN 	Female-only (including Supernumerary) 	56017 	57482
CU Jharkhand	Civil Engineering (4 Years, Bachelor of Technology) 	AI 	OPEN 	Gender-Neutral 	49146 	67148
CU Jharkhand	Computer Science and Engineering (4 Years, Bachelor of Technology) 	AI 	OPEN 	Gender-Neutral 	44403 	59801
CU Jharkhand	Electrical Engineering (4 Years, Bachelor of Technology) 	AI 	OPEN 	Gender-Neutral 	60060 	70853
CU Jharkhand	Metallurgical and Materials Engineering (4 Years, Bachelor of Technology) 	AI 	OPEN 	Gender-Neutral 	67291 	79279
National Institute of Electronics and Information Technology, Ropar (Punjab)	B.Tech in CSE (AI and ML) (4 Years, Bachelor of Technology) 	AI 	OPEN 	Gender-Neutral 	13853 	40473
National Institute of Electronics and Information Technology, Patna (Bihar)	Computer Science and Engineering (4 Years, Bachelor of Technology) 	AI 	OPEN 	Gender-Neutral 	19360 	50162
National Institute of Electronics and Information Technology, Ajmer (Rajasthan)	Computer Science and Engineering (Internet of Things, Cyber Security including Block Chain Technology ) (4 Years, Bachelor of Technology) 	AI 	OPEN 	Gender-Neutral 	31197 	47166
National Institute of Electronics and Information Technology, Gorakhpur (UP)	B. Tech in Electronics and Communication Engineering with minor in Wearable Electronics (4 Years, Bachelor of Technology) 	AI 	OPEN 	Gender-Neutral 	42565 	60253
National Institute of Electronics and Information Technology, Gorakhpur (UP)	Computer Science and Engineering with minor in AI and ML (4 Years, Bachelor of Technology) 	AI 	OPEN 	Gender-Neutral 	40073 	55068
Rajiv Gandhi National Aviation University, Fursatganj, Amethi (UP)	Aerospace Engineering (4 Years, Bachelor of Technology) 	AI 	OPEN 	Gender-Neutral 	8837 	50676
Rajiv Gandhi National Aviation University, Fursatganj, Amethi (UP)	Electronics and Communication Engineering (Avionics) (4 Years, Bachelor of Technology) 	AI 	OPEN 	Gender-Neutral 	48193 	60402
Islamic University of Science and Technology Kashmir	Architecture (5 Years, Bachelor of Architecture) 	AI 	OPEN 	Gender-Neutral 	970 	1119
Islamic University of Science and Technology Kashmir	Architecture (5 Years, Bachelor of Architecture) 	HS 	OPEN 	Gender-Neutral 	1233 	6782
Shri G. S. Institute of Technology and Science Indore	Biomedical Engineering (4 Years, Bachelor of Technology) 	AI 	OPEN 	Gender-Neutral 	41020 	44024
Shri G. S. Institute of Technology and Science Indore	Civil Engineering (4 Years, Bachelor of Technology) 	AI 	OPEN 	Gender-Neutral 	50074 	54761
Shri G. S. Institute of Technology and Science Indore	Computer Science and Engineering (4 Years, Bachelor of Technology) 	AI 	OPEN 	Gender-Neutral 	9767 	21533
Shri G. S. Institute of Technology and Science Indore	Electrical Engineering (4 Years, Bachelor of Technology) 	AI 	OPEN 	Gender-Neutral 	32812 	41294
Shri G. S. Institute of Technology and Science Indore	Electronics and Instrumentation Engineering (4 Years, Bachelor of Technology) 	AI 	OPEN 	Gender-Neutral 	22415 	39962
Shri G. S. Institute of Technology and Science Indore	Electronics and Telecommunication Engineering (4 Years, Bachelor of Technology) 	AI 	OPEN 	Gender-Neutral 	21602 	35170
Shri G. S. Institute of Technology and Science Indore	Industrial and Production Engineering (4 Years, Bachelor of Technology) 	AI 	OPEN 	Gender-Neutral 	54412 	58539
Shri G. S. Institute of Technology and Science Indore	Information Technology (4 Years, Bachelor of Technology) 	AI 	OPEN 	Gender-Neutral 	22649 	26568
Shri G. S. Institute of Technology and Science Indore	Mechanical Engineering (4 Years, Bachelor of Technology) 	AI 	OPEN 	Gender-Neutral 	36547 	47041
