Indian Institute of Technology Bhubaneswar	Civil Engineering (4 Years, Bachelor of Technology) 	AI 	OBC-NCL 	Gender-Neutral 	4402 	4996
Indian Institute of Technology Bhubaneswar	Civil Engineering (4 Years, Bachelor of Technology) 	AI 	OBC-NCL 	Female-only (including Supernumerary) 	8189 	8599
Indian Institute of Technology Bhubaneswar	Computer Science and Engineering (4 Years, Bachelor of Technology) 	AI 	OBC-NCL 	Gender-Neutral 	984 	1415
Indian Institute of Technology Bhubaneswar	Computer Science and Engineering (4 Years, Bachelor of Technology) 	AI 	OBC-NCL 	Female-only (including Supernumerary) 	2515 	2988
Indian Institute of Technology Bhubaneswar	Electrical Engineering (4 Years, Bachelor of Technology) 	AI 	OBC-NCL 	Gender-Neutral 	2076 	3151
Indian Institute of Technology Bhubaneswar	Electrical Engineering (4 Years, Bachelor of Technology) 	AI 	OBC-NCL 	Female-only (including Supernumerary) 	5062 	5470
Indian Institute of Technology Bhubaneswar	Electronics and Communication Engineering (4 Years, Bachelor of Technology) 	AI 	OBC-NCL 	Gender-Neutral 	1422 	2072
Indian Institute of Technology Bhubaneswar	Electronics and Communication Engineering (4 Years, Bachelor of Technology) 	AI 	OBC-NCL 	Female-only (including Supernumerary) 	3635 	4551
Indian Institute of Technology Bhubaneswar	Engineering Physics (4 Years, Bachelor of Technology) 	AI 	OBC-NCL 	Gender-Neutral 	3444 	4500
Indian Institute of Technology Bhubaneswar	Engineering Physics (4 Years, Bachelor of Technology) 	AI 	OBC-NCL 	Female-only (including Supernumerary) 	6849 	6849
Indian Institute of Technology Bhubaneswar	Mathematics and Computing (4 Years, Bachelor of Technology) 	AI 	OBC-NCL 	Gender-Neutral 	1664 	1935
Indian Institute of Technology Bhubaneswar	Mathematics and Computing (4 Years, Bachelor of Technology) 	AI 	OBC-NCL 	Female-only (including Supernumerary) 	4715 	4715
Indian Institute of Technology Bhubaneswar	Mechanical Engineering (4 Years, Bachelor of Technology) 	AI 	OBC-NCL 	Gender-Neutral 	3085 	3975
Indian Institute of Technology Bhubaneswar	Mechanical Engineering (4 Years, Bachelor of Technology) 	AI 	OBC-NCL 	Female-only (including Supernumerary) 	6760 	7321
Indian Institute of Technology Bhubaneswar	Metallurgical and Materials Engineering (4 Years, Bachelor of Technology) 	AI 	OBC-NCL 	Gender-Neutral 	5004 	5323
Indian Institute of Technology Bhubaneswar	Metallurgical and Materials Engineering (4 Years, Bachelor of Technology) 	AI 	OBC-NCL 	Female-only (including Supernumerary) 	8517 	8849
Indian Institute of Technology Bombay	Aerospace Engineering (4 Years, Bachelor of Technology) 	AI 	OBC-NCL 	Gender-Neutral 	909 	1283
Indian Institute of Technology Bombay	Aerospace Engineering (4 Years, Bachelor of Technology) 	AI 	OBC-NCL 	Female-only (including Supernumerary) 	2823 	3552
Indian Institute of Technology Bombay	Applied Geophysics (4 Years, Bachelor of Science) 	AI 	OBC-NCL 	Gender-Neutral 	2786 	4014
Indian Institute of Technology Bombay	Applied Geophysics (4 Years, Bachelor of Science) 	AI 	OBC-NCL 	Female-only (including Supernumerary) 	5934 	5934
Indian Institute of Technology Bombay	BS in Mathematics (4 Years, Bachelor of Science) 	AI 	OBC-NCL 	Gender-Neutral 	266 	742
Indian Institute of Technology Bombay	BS in Mathematics (4 Years, Bachelor of Science) 	AI 	OBC-NCL 	Female-only (including Supernumerary) 	2616 	2616
Indian Institute of Technology Bombay	Chemical Engineering (4 Years, Bachelor of Technology) 	AI 	OBC-NCL 	Gender-Neutral 	800 	1255
Indian Institute of Technology Bombay	Chemical Engineering (4 Years, Bachelor of Technology) 	AI 	OBC-NCL 	Female-only (including Supernumerary) 	2840 	3320
Indian Institute of Technology Bombay	Chemistry (4 Years, Bachelor of Science) 	AI 	OBC-NCL 	Gender-Neutral 	2548 	3367
Indian Institute of Technology Bombay	Chemistry (4 Years, Bachelor of Science) 	AI 	OBC-NCL 	Female-only (including Supernumerary) 	6467 	6573
Indian Institute of Technology Bombay	Civil Engineering (4 Years, Bachelor of Technology) 	AI 	OBC-NCL 	Gender-Neutral 	973 	1783
Indian Institute of Technology Bombay	Civil Engineering (4 Years, Bachelor of Technology) 	AI 	OBC-NCL 	Female-only (including Supernumerary) 	2873 	4549
Indian Institute of Technology Bombay	Computer Science and Engineering (4 Years, Bachelor of Technology) 	AI 	OBC-NCL 	Gender-Neutral 	6 	54
Indian Institute of Technology Bombay	Computer Science and Engineering (4 Years, Bachelor of Technology) 	AI 	OBC-NCL 	Female-only (including Supernumerary) 	70 	331
Indian Institute of Technology Bombay	Economics (4 Years, Bachelor of Science) 	AI 	OBC-NCL 	Gender-Neutral 	993 	1405
Indian Institute of Technology Bombay	Economics (4 Years, Bachelor of Science) 	AI 	OBC-NCL 	Female-only (including Supernumerary) 	2899 	3344
Indian Institute of Technology Bombay	Electrical Engineering (4 Years, Bachelor of Technology) 	AI 	OBC-NCL 	Gender-Neutral 	122 	325
Indian Institute of Technology Bombay	Electrical Engineering (4 Years, Bachelor of Technology) 	AI 	OBC-NCL 	Female-only (including Supernumerary) 	588 	1117
Indian Institute of Technology Bombay	Electrical Engineering (5 Years, Bachelor and Master of Technology (Dual Degree)) 	AI 	OBC-NCL 	Gender-Neutral 	417 	549
Indian Institute of Technology Bombay	Electrical Engineering (5 Years, Bachelor and Master of Technology (Dual Degree)) 	AI 	OBC-NCL 	Female-only (including Supernumerary) 	1211 	1463
Indian Institute of Technology Bombay	Energy Engineering (4 Years, Bachelor of Technology) 	AI 	OBC-NCL 	Gender-Neutral 	1089 	1455
Indian Institute of Technology Bombay	Energy Engineering (4 Years, Bachelor of Technology) 	AI 	OBC-NCL 	Female-only (including Supernumerary) 	3365 	3818
Indian Institute of Technology Bombay	Engineering Physics (4 Years, Bachelor of Technology) 	AI 	OBC-NCL 	Gender-Neutral 	269 	1215
Indian Institute of Technology Bombay	Engineering Physics (4 Years, Bachelor of Technology) 	AI 	OBC-NCL 	Female-only (including Supernumerary) 	1588 	3571
Indian Institute of Technology Bombay	Environmental Science and Engineering (4 Years, Bachelor of Technology) 	AI 	OBC-NCL 	Gender-Neutral 	2015 	2320
Indian Institute of Technology Bombay	Environmental Science and Engineering (4 Years, Bachelor of Technology) 	AI 	OBC-NCL 	Female-only (including Supernumerary) 	4389 	4903
Indian Institute of Technology Bombay	Industrial Engineering and Operations Research (4 Years, Bachelor of Technology) 	AI 	OBC-NCL 	Gender-Neutral 	668 	974
Indian Institute of Technology Bombay	Industrial Engineering and Operations Research (4 Years, Bachelor of Technology) 	AI 	OBC-NCL 	Female-only (including Supernumerary) 	2844 	2913
Indian Institute of Technology Bombay	Mechanical Engineering (4 Years, Bachelor of Technology) 	AI 	OBC-NCL 	Gender-Neutral 	311 	919
Indian Institute of Technology Bombay	Mechanical Engineering (4 Years, Bachelor of Technology) 	AI 	OBC-NCL 	Female-only (including Supernumerary) 	1158 	2576
Indian Institute of Technology Bombay	Metallurgical Engineering and Materials Science (4 Years, Bachelor of Technology) 	AI 	OBC-NCL 	Gender-Neutral 	1356 	2129
Indian Institute of Technology Bombay	Metallurgical Engineering and Materials Science (4 Years, Bachelor of Technology) 	AI 	OBC-NCL 	Female-only (including Supernumerary) 	3828 	4695
Indian Institute of Technology Mandi	B.Tech in General Engineering (4 Years, Bachelor of Technology) 	AI 	OBC-NCL 	Gender-Neutral 	3067 	4575
Indian Institute of Technology Mandi	B.Tech in General Engineering (4 Years, Bachelor of Technology) 	AI 	OBC-NCL 	Female-only (including Supernumerary) 	7992 	8658
Indian Institute of Technology Mandi	B.Tech in Materials Science and Engineering (4 Years, Bachelor of Technology) 	AI 	OBC-NCL 	Gender-Neutral 	4765 	5037
Indian Institute of Technology Mandi	B.Tech in Materials Science and Engineering (4 Years, Bachelor of Technology) 	AI 	OBC-NCL 	Female-only (including Supernumerary) 	8495 	8928
Indian Institute of Technology Mandi	B.Tech in Mathematics and Computing (4 Years, Bachelor of Technology) 	AI 	OBC-NCL 	Gender-Neutral 	1498 	1764
Indian Institute of Technology Mandi	B.Tech in Mathematics and Computing (4 Years, Bachelor of Technology) 	AI 	OBC-NCL 	Female-only (including Supernumerary) 	4094 	4949
Indian Institute of Technology Mandi	B.Tech in Microelectronics & VLSI (4 Years, Bachelor of Technology) 	AI 	OBC-NCL 	Gender-Neutral 	1975 	2685
Indian Institute of Technology Mandi	B.Tech in Microelectronics & VLSI (4 Years, Bachelor of Technology) 	AI 	OBC-NCL 	Female-only (including Supernumerary) 	6323 	6451
Indian Institute of Technology Mandi	Bio Engineering (4 Years, Bachelor of Technology) 	AI 	OBC-NCL 	Gender-Neutral 	5173 	5386
Indian Institute of Technology Mandi	Bio Engineering (4 Years, Bachelor of Technology) 	AI 	OBC-NCL 	Female-only (including Supernumerary) 	7905 	9009
Indian Institute of Technology Mandi	BS in Chemical Sciences (4 Years, Bachelor of Science) 	AI 	OBC-NCL 	Gender-Neutral 	5581 	5718
Indian Institute of Technology Mandi	BS in Chemical Sciences (4 Years, Bachelor of Science) 	AI 	OBC-NCL 	Female-only (including Supernumerary) 	9709 	9831
Indian Institute of Technology Mandi	Civil Engineering (4 Years, Bachelor of Technology) 	AI 	OBC-NCL 	Gender-Neutral 	4031 	4730
Indian Institute of Technology Mandi	Civil Engineering (4 Years, Bachelor of Technology) 	AI 	OBC-NCL 	Female-only (including Supernumerary) 	7852 	8286
Indian Institute of Technology Mandi	Computer Science and Engineering (4 Years, Bachelor of Technology) 	AI 	OBC-NCL 	Gender-Neutral 	904 	1382
Indian Institute of Technology Mandi	Computer Science and Engineering (4 Years, Bachelor of Technology) 	AI 	OBC-NCL 	Female-only (including Supernumerary) 	3513 	3841
Indian Institute of Technology Mandi	Data Science and Artificial Intelligence (4 Years, Bachelor of Technology) 	AI 	OBC-NCL 	Gender-Neutral 	1438 	1717
Indian Institute of Technology Mandi	Data Science and Artificial Intelligence (4 Years, Bachelor of Technology) 	AI 	OBC-NCL 	Female-only (including Supernumerary) 	4293 	4502
Indian Institute of Technology Mandi	Electrical Engineering (4 Years, Bachelor of Technology) 	AI 	OBC-NCL 	Gender-Neutral 	2504 	3066
Indian Institute of Technology Mandi	Electrical Engineering (4 Years, Bachelor of Technology) 	AI 	OBC-NCL 	Female-only (including Supernumerary) 	6397 	6584
Indian Institute of Technology Mandi	Engineering Physics (4 Years, Bachelor of Technology) 	AI 	OBC-NCL 	Gender-Neutral 	3287 	4391
Indian Institute of Technology Mandi	Engineering Physics (4 Years, Bachelor of Technology) 	AI 	OBC-NCL 	Female-only (including Supernumerary) 	5330 	7637
Indian Institute of Technology Mandi	Mechanical Engineering (4 Years, Bachelor of Technology) 	AI 	OBC-NCL 	Gender-Neutral 	3395 	3899
Indian Institute of Technology Mandi	Mechanical Engineering (4 Years, Bachelor of Technology) 	AI 	OBC-NCL 	Female-only (including Supernumerary) 	7239 	7792
Indian Institute of Technology Delhi	Abu Dhabi Campus - Chemical Engineering (4 Years, Bachelor of Technology) 	AI 	OBC-NCL 	Gender-Neutral 	2006 	2006
Indian Institute of Technology Delhi	Abu Dhabi Campus - Chemical Engineering (4 Years, Bachelor of Technology) 	AI 	OBC-NCL 	Female-only (including Supernumerary) 	5884 	5884
Indian Institute of Technology Delhi	Abu Dhabi Campus - Computer Science and Engineering (4 Years, Bachelor of Technology) 	AI 	OBC-NCL 	Gender-Neutral 	591 	591
Indian Institute of Technology Delhi	Abu Dhabi Campus - Computer Science and Engineering (4 Years, Bachelor of Technology) 	AI 	OBC-NCL 	Female-only (including Supernumerary) 	5340 	5340
Indian Institute of Technology Delhi	Abu Dhabi Campus - Energy Engineering (4 Years, Bachelor of Technology) 	AI 	OBC-NCL 	Gender-Neutral 	1710 	1870
Indian Institute of Technology Delhi	Abu Dhabi Campus - Energy Engineering (4 Years, Bachelor of Technology) 	AI 	OBC-NCL 	Female-only (including Supernumerary) 	6493 	6493
Indian Institute of Technology Delhi	Biotechnology and Biochemical Engineering (4 Years, Bachelor of Technology) 	AI 	OBC-NCL 	Gender-Neutral 	1465 	2552
Indian Institute of Technology Delhi	Biotechnology and Biochemical Engineering (4 Years, Bachelor of Technology) 	AI 	OBC-NCL 	Female-only (including Supernumerary) 	5398 	5965
Indian Institute of Technology Delhi	Chemical Engineering (4 Years, Bachelor of Technology) 	AI 	OBC-NCL 	Gender-Neutral 	840 	1257
Indian Institute of Technology Delhi	Chemical Engineering (4 Years, Bachelor of Technology) 	AI 	OBC-NCL 	Female-only (including Supernumerary) 	3193 	3385
Indian Institute of Technology Delhi	Chemical Engineering (5 Years, Bachelor and Master of Technology (Dual Degree)) 	AI 	OBC-NCL 	Gender-Neutral 	1383 	1812
Indian Institute of Technology Delhi	Chemical Engineering (5 Years, Bachelor and Master of Technology (Dual Degree)) 	AI 	OBC-NCL 	Female-only (including Supernumerary) 	3814 	4267
Indian Institute of Technology Delhi	Chemistry (4 Years, Bachelor of Science) 	AI 	OBC-NCL 	Gender-Neutral 	3547 	4352
Indian Institute of Technology Delhi	Chemistry (4 Years, Bachelor of Science) 	AI 	OBC-NCL 	Female-only (including Supernumerary) 	8247 	8744
Indian Institute of Technology Delhi	Civil Engineering (4 Years, Bachelor of Technology) 	AI 	OBC-NCL 	Gender-Neutral 	1054 	1916
Indian Institute of Technology Delhi	Civil Engineering (4 Years, Bachelor of Technology) 	AI 	OBC-NCL 	Female-only (including Supernumerary) 	3597 	4703
Indian Institute of Technology Delhi	Computer Science and Engineering (4 Years, Bachelor of Technology) 	AI 	OBC-NCL 	Gender-Neutral 	55 	91
Indian Institute of Technology Delhi	Computer Science and Engineering (4 Years, Bachelor of Technology) 	AI 	OBC-NCL 	Female-only (including Supernumerary) 	246 	551
Indian Institute of Technology Delhi	Computer Science and Engineering (5 Years, Bachelor and Master of Technology (Dual Degree)) 	AI 	OBC-NCL 	Gender-Neutral 	105 	163
Indian Institute of Technology Delhi	Computer Science and Engineering (5 Years, Bachelor and Master of Technology (Dual Degree)) 	AI 	OBC-NCL 	Female-only (including Supernumerary) 	619 	679
Indian Institute of Technology Delhi	Design (4 Years, Bachelor of Technology) 	AI 	OBC-NCL 	Gender-Neutral 	2661 	3133
Indian Institute of Technology Delhi	Design (4 Years, Bachelor of Technology) 	AI 	OBC-NCL 	Female-only (including Supernumerary) 	7930 	7930
Indian Institute of Technology Delhi	Electrical Engineering (4 Years, Bachelor of Technology) 	AI 	OBC-NCL 	Gender-Neutral 	216 	398
Indian Institute of Technology Delhi	Electrical Engineering (4 Years, Bachelor of Technology) 	AI 	OBC-NCL 	Female-only (including Supernumerary) 	1249 	1388
Indian Institute of Technology Delhi	Electrical Engineering (Power and Automation) (4 Years, Bachelor of Technology) 	AI 	OBC-NCL 	Gender-Neutral 	405 	495
Indian Institute of Technology Delhi	Electrical Engineering (Power and Automation) (4 Years, Bachelor of Technology) 	AI 	OBC-NCL 	Female-only (including Supernumerary) 	1542 	1673
Indian Institute of Technology Delhi	Energy Engineering (4 Years, Bachelor of Technology) 	AI 	OBC-NCL 	Gender-Neutral 	1345 	1643
Indian Institute of Technology Delhi	Energy Engineering (4 Years, Bachelor of Technology) 	AI 	OBC-NCL 	Female-only (including Supernumerary) 	3795 	4047
Indian Institute of Technology Delhi	Engineering and Computational Mechanics (4 Years, Bachelor of Technology) 	AI 	OBC-NCL 	Gender-Neutral 	496 	691
Indian Institute of Technology Delhi	Engineering and Computational Mechanics (4 Years, Bachelor of Technology) 	AI 	OBC-NCL 	Female-only (including Supernumerary) 	1970 	2408
Indian Institute of Technology Delhi	Engineering Physics (4 Years, Bachelor of Technology) 	AI 	OBC-NCL 	Gender-Neutral 	1252 	1569
Indian Institute of Technology Delhi	Engineering Physics (4 Years, Bachelor of Technology) 	AI 	OBC-NCL 	Female-only (including Supernumerary) 	4360 	4738
Indian Institute of Technology Delhi	Materials Engineering (4 Years, Bachelor of Technology) 	AI 	OBC-NCL 	Gender-Neutral 	1979 	2317
Indian Institute of Technology Delhi	Materials Engineering (4 Years, Bachelor of Technology) 	AI 	OBC-NCL 	Female-only (including Supernumerary) 	4908 	4991
Indian Institute of Technology Delhi	Mathematics and Computing (4 Years, Bachelor of Technology) 	AI 	OBC-NCL 	Gender-Neutral 	96 	211
Indian Institute of Technology Delhi	Mathematics and Computing (4 Years, Bachelor of Technology) 	AI 	OBC-NCL 	Female-only (including Supernumerary) 	611 	813
Indian Institute of Technology Delhi	Mathematics and Computing (5 Years, Bachelor and Master of Technology (Dual Degree)) 	AI 	OBC-NCL 	Gender-Neutral 	241 	317
Indian Institute of Technology Delhi	Mathematics and Computing (5 Years, Bachelor and Master of Technology (Dual Degree)) 	AI 	OBC-NCL 	Female-only (including Supernumerary) 	1023 	1107
Indian Institute of Technology Delhi	Mechanical Engineering (4 Years, Bachelor of Technology) 	AI 	OBC-NCL 	Gender-Neutral 	448 	966
Indian Institute of Technology Delhi	Mechanical Engineering (4 Years, Bachelor of Technology) 	AI 	OBC-NCL 	Female-only (including Supernumerary) 	1559 	3162
Indian Institute of Technology Delhi	Production and Industrial Engineering (4 Years, Bachelor of Technology) 	AI 	OBC-NCL 	Gender-Neutral 	1340 	1948
Indian Institute of Technology Delhi	Production and Industrial Engineering (4 Years, Bachelor of Technology) 	AI 	OBC-NCL 	Female-only (including Supernumerary) 	5175 	5279
Indian Institute of Technology Delhi	Textile Technology (4 Years, Bachelor of Technology) 	AI 	OBC-NCL 	Gender-Neutral 	2402 	3016
Indian Institute of Technology Delhi	Textile Technology (4 Years, Bachelor of Technology) 	AI 	OBC-NCL 	Female-only (including Supernumerary) 	5645 	6368
Indian Institute of Technology Indore	Chemical Engineering (4 Years, Bachelor of Technology) 	AI 	OBC-NCL 	Gender-Neutral 	2437 	3233
Indian Institute of Technology Indore	Chemical Engineering (4 Years, Bachelor of Technology) 	AI 	OBC-NCL 	Female-only (including Supernumerary) 	6614 	6755
Indian Institute of Technology Indore	Civil Engineering (4 Years, Bachelor of Technology) 	AI 	OBC-NCL 	Gender-Neutral 	3189 	3728
Indian Institute of Technology Indore	Civil Engineering (4 Years, Bachelor of Technology) 	AI 	OBC-NCL 	Female-only (including Supernumerary) 	6229 	7580
Indian Institute of Technology Indore	Computer Science and Engineering (4 Years, Bachelor of Technology) 	AI 	OBC-NCL 	Gender-Neutral 	425 	571
Indian Institute of Technology Indore	Computer Science and Engineering (4 Years, Bachelor of Technology) 	AI 	OBC-NCL 	Female-only (including Supernumerary) 	1705 	2012
Indian Institute of Technology Indore	Electrical Engineering (4 Years, Bachelor of Technology) 	AI 	OBC-NCL 	Gender-Neutral 	1063 	1565
Indian Institute of Technology Indore	Electrical Engineering (4 Years, Bachelor of Technology) 	AI 	OBC-NCL 	Female-only (including Supernumerary) 	2698 	4023
Indian Institute of Technology Indore	Engineering Physics (4 Years, Bachelor of Technology) 	AI 	OBC-NCL 	Gender-Neutral 	3188 	3380
Indian Institute of Technology Indore	Engineering Physics (4 Years, Bachelor of Technology) 	AI 	OBC-NCL 	Female-only (including Supernumerary) 	7062 	7062
Indian Institute of Technology Indore	Mathematics and Computing (4 Years, Bachelor of Technology) 	AI 	OBC-NCL 	Gender-Neutral 	855 	896
Indian Institute of Technology Indore	Mathematics and Computing (4 Years, Bachelor of Technology) 	AI 	OBC-NCL 	Female-only (including Supernumerary) 	2246 	2488
Indian Institute of Technology Indore	Mechanical Engineering (4 Years, Bachelor of Technology) 	AI 	OBC-NCL 	Gender-Neutral 	2014 	2776
Indian Institute of Technology Indore	Mechanical Engineering (4 Years, Bachelor of Technology) 	AI 	OBC-NCL 	Female-only (including Supernumerary) 	5816 	6741
Indian Institute of Technology Indore	Metallurgical Engineering and Materials Science (4 Years, Bachelor of Technology) 	AI 	OBC-NCL 	Gender-Neutral 	3969 	4383
Indian Institute of Technology Indore	Metallurgical Engineering and Materials Science (4 Years, Bachelor of Technology) 	AI 	OBC-NCL 	Female-only (including Supernumerary) 	8111 	8462
Indian Institute of Technology Indore	Space Science and Engineering (4 Years, Bachelor of Technology) 	AI 	OBC-NCL 	Gender-Neutral 	2290 	2696
Indian Institute of Technology Indore	Space Science and Engineering (4 Years, Bachelor of Technology) 	AI 	OBC-NCL 	Female-only (including Supernumerary) 	6205 	6205
Indian Institute of Technology Kharagpur	Aerospace Engineering (4 Years, Bachelor of Technology) 	AI 	OBC-NCL 	Gender-Neutral 	1638 	2185
Indian Institute of Technology Kharagpur	Aerospace Engineering (4 Years, Bachelor of Technology) 	AI 	OBC-NCL 	Female-only (including Supernumerary) 	4002 	4641
Indian Institute of Technology Kharagpur	Agricultural and Food Engineering (4 Years, Bachelor of Technology) 	AI 	OBC-NCL 	Gender-Neutral 	3070 	4322
Indian Institute of Technology Kharagpur	Agricultural and Food Engineering (4 Years, Bachelor of Technology) 	AI 	OBC-NCL 	Female-only (including Supernumerary) 	6046 	7538
Indian Institute of Technology Kharagpur	Applied Geology (4 Years, Bachelor of Science) 	AI 	OBC-NCL 	Gender-Neutral 	3570 	5221
Indian Institute of Technology Kharagpur	Applied Geology (4 Years, Bachelor of Science) 	AI 	OBC-NCL 	Female-only (including Supernumerary) 	9204 	9476
Indian Institute of Technology Kharagpur	Architecture (5 Years, Bachelor of Architecture) 	AI 	OBC-NCL 	Gender-Neutral 	5668 	6719
Indian Institute of Technology Kharagpur	Artificial Intelligence (4 Years, Bachelor of Technology) 	AI 	OBC-NCL 	Gender-Neutral 	218 	352
Indian Institute of Technology Kharagpur	Artificial Intelligence (4 Years, Bachelor of Technology) 	AI 	OBC-NCL 	Female-only (including Supernumerary) 	1056 	1146
Indian Institute of Technology Kharagpur	Biotechnology and Biochemical Engineering (4 Years, Bachelor of Technology) 	AI 	OBC-NCL 	Gender-Neutral 	3172 	3598
Indian Institute of Technology Kharagpur	Biotechnology and Biochemical Engineering (4 Years, Bachelor of Technology) 	AI 	OBC-NCL 	Female-only (including Supernumerary) 	4241 	7216
Indian Institute of Technology Kharagpur	Chemical Engineering (4 Years, Bachelor of Technology) 	AI 	OBC-NCL 	Gender-Neutral 	1863 	2255
Indian Institute of Technology Kharagpur	Chemical Engineering (4 Years, Bachelor of Technology) 	AI 	OBC-NCL 	Female-only (including Supernumerary) 	4139 	5031
Indian Institute of Technology Kharagpur	Chemistry (4 Years, Bachelor of Science) 	AI 	OBC-NCL 	Gender-Neutral 	4609 	5129
Indian Institute of Technology Kharagpur	Chemistry (4 Years, Bachelor of Science) 	AI 	OBC-NCL 	Female-only (including Supernumerary) 	8757 	8806
Indian Institute of Technology Kharagpur	Civil Engineering (4 Years, Bachelor of Technology) 	AI 	OBC-NCL 	Gender-Neutral 	2443 	2943
Indian Institute of Technology Kharagpur	Civil Engineering (4 Years, Bachelor of Technology) 	AI 	OBC-NCL 	Female-only (including Supernumerary) 	4756 	5694
Indian Institute of Technology Kharagpur	Computer Science and Engineering (4 Years, Bachelor of Technology) 	AI 	OBC-NCL 	Gender-Neutral 	94 	209
Indian Institute of Technology Kharagpur	Computer Science and Engineering (4 Years, Bachelor of Technology) 	AI 	OBC-NCL 	Female-only (including Supernumerary) 	583 	779
Indian Institute of Technology Kharagpur	Economics (4 Years, Bachelor of Science) 	AI 	OBC-NCL 	Gender-Neutral 	2200 	2586
Indian Institute of Technology Kharagpur	Economics (4 Years, Bachelor of Science) 	AI 	OBC-NCL 	Female-only (including Supernumerary) 	4805 	5904
Indian Institute of Technology Kharagpur	Electrical Engineering (4 Years, Bachelor of Technology) 	AI 	OBC-NCL 	Gender-Neutral 	700 	820
Indian Institute of Technology Kharagpur	Electrical Engineering (4 Years, Bachelor of Technology) 	AI 	OBC-NCL 	Female-only (including Supernumerary) 	2240 	2547
Indian Institute of Technology Kharagpur	Electronics and Electrical Communication Engineering (4 Years, Bachelor of Technology) 	AI 	OBC-NCL 	Gender-Neutral 	415 	640
Indian Institute of Technology Kharagpur	Electronics and Electrical Communication Engineering (4 Years, Bachelor of Technology) 	AI 	OBC-NCL 	Female-only (including Supernumerary) 	1467 	1798
Indian Institute of Technology Kharagpur	Exploration Geophysics (4 Years, Bachelor of Science) 	AI 	OBC-NCL 	Gender-Neutral 	4503 	5095
Indian Institute of Technology Kharagpur	Exploration Geophysics (4 Years, Bachelor of Science) 	AI 	OBC-NCL 	Female-only (including Supernumerary) 	8690 	8732
Indian Institute of Technology Kharagpur	Industrial and Systems Engineering (4 Years, Bachelor of Technology) 	AI 	OBC-NCL 	Gender-Neutral 	1185 	2077
Indian Institute of Technology Kharagpur	Industrial and Systems Engineering (4 Years, Bachelor of Technology) 	AI 	OBC-NCL 	Female-only (including Supernumerary) 	3805 	4998
Indian Institute of Technology Kharagpur	Instrumentation Engineering (4 Years, Bachelor of Technology) 	AI 	OBC-NCL 	Gender-Neutral 	890 	1207
Indian Institute of Technology Kharagpur	Instrumentation Engineering (4 Years, Bachelor of Technology) 	AI 	OBC-NCL 	Female-only (including Supernumerary) 	3342 	3619
Indian Institute of Technology Kharagpur	Manufacturing Science and Engineering (4 Years, Bachelor of Technology) 	AI 	OBC-NCL 	Gender-Neutral 	2449 	3116
Indian Institute of Technology Kharagpur	Manufacturing Science and Engineering (4 Years, Bachelor of Technology) 	AI 	OBC-NCL 	Female-only (including Supernumerary) 	5331 	6324
Indian Institute of Technology Kharagpur	Mathematics and Computing (4 Years, Bachelor of Science) 	AI 	OBC-NCL 	Gender-Neutral 	380 	697
Indian Institute of Technology Kharagpur	Mathematics and Computing (4 Years, Bachelor of Science) 	AI 	OBC-NCL 	Female-only (including Supernumerary) 	1968 	2525
Indian Institute of Technology Kharagpur	Mechanical Engineering (4 Years, Bachelor of Technology) 	AI 	OBC-NCL 	Gender-Neutral 	1040 	1590
Indian Institute of Technology Kharagpur	Mechanical Engineering (4 Years, Bachelor of Technology) 	AI 	OBC-NCL 	Female-only (including Supernumerary) 	3627 	4687
Indian Institute of Technology Kharagpur	Metallurgical and Materials Engineering (4 Years, Bachelor of Technology) 	AI 	OBC-NCL 	Gender-Neutral 	2389 	3173
Indian Institute of Technology Kharagpur	Metallurgical and Materials Engineering (4 Years, Bachelor of Technology) 	AI 	OBC-NCL 	Female-only (including Supernumerary) 	6353 	6828
Indian Institute of Technology Kharagpur	Mining Engineering (4 Years, Bachelor of Technology) 	AI 	OBC-NCL 	Gender-Neutral 	3182 	3886
Indian Institute of Technology Kharagpur	Mining Engineering (4 Years, Bachelor of Technology) 	AI 	OBC-NCL 	Female-only (including Supernumerary) 	7623 	8117
Indian Institute of Technology Kharagpur	Ocean Engineering and Naval Architecture (4 Years, Bachelor of Technology) 	AI 	OBC-NCL 	Gender-Neutral 	2895 	3931
Indian Institute of Technology Kharagpur	Ocean Engineering and Naval Architecture (4 Years, Bachelor of Technology) 	AI 	OBC-NCL 	Female-only (including Supernumerary) 	6791 	7202
Indian Institute of Technology Kharagpur	Physics (4 Years, Bachelor of Science) 	AI 	OBC-NCL 	Gender-Neutral 	3556 	4095
Indian Institute of Technology Kharagpur	Physics (4 Years, Bachelor of Science) 	AI 	OBC-NCL 	Female-only (including Supernumerary) 	8473 	8620
Indian Institute of Technology Hyderabad	Artificial Intelligence (4 Years, Bachelor of Technology) 	AI 	OBC-NCL 	Gender-Neutral 	309 	375
Indian Institute of Technology Hyderabad	Artificial Intelligence (4 Years, Bachelor of Technology) 	AI 	OBC-NCL 	Female-only (including Supernumerary) 	1039 	1039
Indian Institute of Technology Hyderabad	Biomedical Engineering (4 Years, Bachelor of Technology) 	AI 	OBC-NCL 	Gender-Neutral 	3181 	3922
Indian Institute of Technology Hyderabad	Biomedical Engineering (4 Years, Bachelor of Technology) 	AI 	OBC-NCL 	Female-only (including Supernumerary) 	5321 	5436
Indian Institute of Technology Hyderabad	Biotechnology and Bioinformatics (4 Years, Bachelor of Technology) 	AI 	OBC-NCL 	Gender-Neutral 	3378 	3959
Indian Institute of Technology Hyderabad	Biotechnology and Bioinformatics (4 Years, Bachelor of Technology) 	AI 	OBC-NCL 	Female-only (including Supernumerary) 	5286 	6001
Indian Institute of Technology Hyderabad	Chemical Engineering (4 Years, Bachelor of Technology) 	AI 	OBC-NCL 	Gender-Neutral 	1934 	2440
Indian Institute of Technology Hyderabad	Chemical Engineering (4 Years, Bachelor of Technology) 	AI 	OBC-NCL 	Female-only (including Supernumerary) 	4379 	4864
Indian Institute of Technology Hyderabad	Civil Engineering (4 Years, Bachelor of Technology) 	AI 	OBC-NCL 	Gender-Neutral 	2312 	3177
Indian Institute of Technology Hyderabad	Civil Engineering (4 Years, Bachelor of Technology) 	AI 	OBC-NCL 	Female-only (including Supernumerary) 	5461 	5919
Indian Institute of Technology Hyderabad	Computational Engineering (4 Years, Bachelor of Technology) 	AI 	OBC-NCL 	Gender-Neutral 	744 	900
Indian Institute of Technology Hyderabad	Computational Engineering (4 Years, Bachelor of Technology) 	AI 	OBC-NCL 	Female-only (including Supernumerary) 	1806 	2257
Indian Institute of Technology Hyderabad	Computer Science and Engineering (4 Years, Bachelor of Technology) 	AI 	OBC-NCL 	Gender-Neutral 	133 	284
Indian Institute of Technology Hyderabad	Computer Science and Engineering (4 Years, Bachelor of Technology) 	AI 	OBC-NCL 	Female-only (including Supernumerary) 	647 	887
Indian Institute of Technology Hyderabad	Electrical Engineering (4 Years, Bachelor of Technology) 	AI 	OBC-NCL 	Gender-Neutral 	671 	971
Indian Institute of Technology Hyderabad	Electrical Engineering (4 Years, Bachelor of Technology) 	AI 	OBC-NCL 	Female-only (including Supernumerary) 	1519 	2304
Indian Institute of Technology Hyderabad	Electrical Engineering (IC Design and Technology) (4 Years, Bachelor of Technology) 	AI 	OBC-NCL 	Gender-Neutral 	657 	860
Indian Institute of Technology Hyderabad	Electrical Engineering (IC Design and Technology) (4 Years, Bachelor of Technology) 	AI 	OBC-NCL 	Female-only (including Supernumerary) 	2363 	2388
Indian Institute of Technology Hyderabad	Engineering Physics (4 Years, Bachelor of Technology) 	AI 	OBC-NCL 	Gender-Neutral 	1247 	2494
Indian Institute of Technology Hyderabad	Engineering Physics (4 Years, Bachelor of Technology) 	AI 	OBC-NCL 	Female-only (including Supernumerary) 	4418 	4517
Indian Institute of Technology Hyderabad	Engineering Science (4 Years, Bachelor of Technology) 	AI 	OBC-NCL 	Gender-Neutral 	1014 	1786
Indian Institute of Technology Hyderabad	Engineering Science (4 Years, Bachelor of Technology) 	AI 	OBC-NCL 	Female-only (including Supernumerary) 	3281 	3364
Indian Institute of Technology Hyderabad	Industrial Chemistry (4 Years, Bachelor of Technology) 	AI 	OBC-NCL 	Gender-Neutral 	2965 	3775
Indian Institute of Technology Hyderabad	Industrial Chemistry (4 Years, Bachelor of Technology) 	AI 	OBC-NCL 	Female-only (including Supernumerary) 	5968 	6337
Indian Institute of Technology Hyderabad	Materials Science and Metallurgical Engineering (4 Years, Bachelor of Technology) 	AI 	OBC-NCL 	Gender-Neutral 	2630 	3293
Indian Institute of Technology Hyderabad	Materials Science and Metallurgical Engineering (4 Years, Bachelor of Technology) 	AI 	OBC-NCL 	Female-only (including Supernumerary) 	6227 	6304
Indian Institute of Technology Hyderabad	Mathematics and Computing (4 Years, Bachelor of Technology) 	AI 	OBC-NCL 	Gender-Neutral 	387 	437
Indian Institute of Technology Hyderabad	Mathematics and Computing (4 Years, Bachelor of Technology) 	AI 	OBC-NCL 	Female-only (including Supernumerary) 	1397 	1451
Indian Institute of Technology Hyderabad	Mechanical Engineering (4 Years, Bachelor of Technology) 	AI 	OBC-NCL 	Gender-Neutral 	1570 	1866
Indian Institute of Technology Hyderabad	Mechanical Engineering (4 Years, Bachelor of Technology) 	AI 	OBC-NCL 	Female-only (including Supernumerary) 	2483 	4253
Indian Institute of Technology Jodhpur	Artificial Intelligence and Data Science (4 Years, Bachelor of Technology) 	AI 	OBC-NCL 	Gender-Neutral 	1597 	1819
Indian Institute of Technology Jodhpur	Artificial Intelligence and Data Science (4 Years, Bachelor of Technology) 	AI 	OBC-NCL 	Female-only (including Supernumerary) 	4156 	4556
Indian Institute of Technology Jodhpur	Bio Engineering (4 Years, Bachelor of Technology) 	AI 	OBC-NCL 	Gender-Neutral 	4605 	5424
Indian Institute of Technology Jodhpur	Bio Engineering (4 Years, Bachelor of Technology) 	AI 	OBC-NCL 	Female-only (including Supernumerary) 	8693 	9098
Indian Institute of Technology Jodhpur	Chemical Engineering (4 Years, Bachelor of Technology) 	AI 	OBC-NCL 	Gender-Neutral 	3950 	4264
Indian Institute of Technology Jodhpur	Chemical Engineering (4 Years, Bachelor of Technology) 	AI 	OBC-NCL 	Female-only (including Supernumerary) 	7281 	7927
Indian Institute of Technology Jodhpur	Chemistry with Specialization (4 Years, Bachelor of Science) 	AI 	OBC-NCL 	Gender-Neutral 	4913 	5699
Indian Institute of Technology Jodhpur	Chemistry with Specialization (4 Years, Bachelor of Science) 	AI 	OBC-NCL 	Female-only (including Supernumerary) 	9061 	9061
Indian Institute of Technology Jodhpur	Civil and Infrastructure Engineering (4 Years, Bachelor of Technology) 	AI 	OBC-NCL 	Gender-Neutral 	3793 	4590
Indian Institute of Technology Jodhpur	Civil and Infrastructure Engineering (4 Years, Bachelor of Technology) 	AI 	OBC-NCL 	Female-only (including Supernumerary) 	7675 	8284
Indian Institute of Technology Jodhpur	Computer Science and Engineering (4 Years, Bachelor of Technology) 	AI 	OBC-NCL 	Gender-Neutral 	809 	1352
Indian Institute of Technology Jodhpur	Computer Science and Engineering (4 Years, Bachelor of Technology) 	AI 	OBC-NCL 	Female-only (including Supernumerary) 	2805 	3317
Indian Institute of Technology Jodhpur	Electrical Engineering (4 Years, Bachelor of Technology) 	AI 	OBC-NCL 	Gender-Neutral 	2328 	2925
Indian Institute of Technology Jodhpur	Electrical Engineering (4 Years, Bachelor of Technology) 	AI 	OBC-NCL 	Female-only (including Supernumerary) 	4853 	6186
Indian Institute of Technology Jodhpur	Electronics Engineering (4 Years, Bachelor of Technology) 	AI 	OBC-NCL 	Gender-Neutral 	1963 	2647
Indian Institute of Technology Jodhpur	Electronics Engineering (4 Years, Bachelor of Technology) 	AI 	OBC-NCL 	Female-only (including Supernumerary) 	6029 	6356
Indian Institute of Technology Jodhpur	Materials Engineering (4 Years, Bachelor of Technology) 	AI 	OBC-NCL 	Gender-Neutral 	4926 	5222
Indian Institute of Technology Jodhpur	Materials Engineering (4 Years, Bachelor of Technology) 	AI 	OBC-NCL 	Female-only (including Supernumerary) 	9308 	9511
Indian Institute of Technology Jodhpur	Mechanical Engineering (4 Years, Bachelor of Technology) 	AI 	OBC-NCL 	Gender-Neutral 	3065 	3875
Indian Institute of Technology Jodhpur	Mechanical Engineering (4 Years, Bachelor of Technology) 	AI 	OBC-NCL 	Female-only (including Supernumerary) 	6306 	7890
Indian Institute of Technology Jodhpur	Physics with Specialization (4 Years, Bachelor of Science) 	AI 	OBC-NCL 	Gender-Neutral 	4816 	5307
Indian Institute of Technology Jodhpur	Physics with Specialization (4 Years, Bachelor of Science) 	AI 	OBC-NCL 	Female-only (including Supernumerary) 	9285 	9285
Indian Institute of Technology Kanpur	Aerospace Engineering (4 Years, Bachelor of Technology) 	AI 	OBC-NCL 	Gender-Neutral 	1323 	1840
Indian Institute of Technology Kanpur	Aerospace Engineering (4 Years, Bachelor of Technology) 	AI 	OBC-NCL 	Female-only (including Supernumerary) 	2848 	3865
Indian Institute of Technology Kanpur	Biological Sciences and Bioengineering (4 Years, Bachelor of Technology) 	AI 	OBC-NCL 	Gender-Neutral 	1969 	3345
Indian Institute of Technology Kanpur	Biological Sciences and Bioengineering (4 Years, Bachelor of Technology) 	AI 	OBC-NCL 	Female-only (including Supernumerary) 	5899 	7120
Indian Institute of Technology Kanpur	Chemical Engineering (4 Years, Bachelor of Technology) 	AI 	OBC-NCL 	Gender-Neutral 	1300 	1860
Indian Institute of Technology Kanpur	Chemical Engineering (4 Years, Bachelor of Technology) 	AI 	OBC-NCL 	Female-only (including Supernumerary) 	4038 	4961
Indian Institute of Technology Kanpur	Chemistry (4 Years, Bachelor of Science) 	AI 	OBC-NCL 	Gender-Neutral 	3415 	4286
Indian Institute of Technology Kanpur	Chemistry (4 Years, Bachelor of Science) 	AI 	OBC-NCL 	Female-only (including Supernumerary) 	6920 	8390
Indian Institute of Technology Kanpur	Civil Engineering (4 Years, Bachelor of Technology) 	AI 	OBC-NCL 	Gender-Neutral 	1966 	2610
Indian Institute of Technology Kanpur	Civil Engineering (4 Years, Bachelor of Technology) 	AI 	OBC-NCL 	Female-only (including Supernumerary) 	4877 	5741
Indian Institute of Technology Kanpur	Computer Science and Engineering (4 Years, Bachelor of Technology) 	AI 	OBC-NCL 	Gender-Neutral 	88 	142
Indian Institute of Technology Kanpur	Computer Science and Engineering (4 Years, Bachelor of Technology) 	AI 	OBC-NCL 	Female-only (including Supernumerary) 	561 	661
Indian Institute of Technology Kanpur	Earth Sciences (4 Years, Bachelor of Science) 	AI 	OBC-NCL 	Gender-Neutral 	3649 	4489
Indian Institute of Technology Kanpur	Earth Sciences (4 Years, Bachelor of Science) 	AI 	OBC-NCL 	Female-only (including Supernumerary) 	8106 	8187
Indian Institute of Technology Kanpur	Economics (4 Years, Bachelor of Science) 	AI 	OBC-NCL 	Gender-Neutral 	1325 	1928
Indian Institute of Technology Kanpur	Economics (4 Years, Bachelor of Science) 	AI 	OBC-NCL 	Female-only (including Supernumerary) 	3843 	4453
Indian Institute of Technology Kanpur	Electrical Engineering (4 Years, Bachelor of Technology) 	AI 	OBC-NCL 	Gender-Neutral 	280 	713
Indian Institute of Technology Kanpur	Electrical Engineering (4 Years, Bachelor of Technology) 	AI 	OBC-NCL 	Female-only (including Supernumerary) 	1545 	2161
Indian Institute of Technology Kanpur	Materials Science and Engineering (4 Years, Bachelor of Technology) 	AI 	OBC-NCL 	Gender-Neutral 	2539 	2950
Indian Institute of Technology Kanpur	Materials Science and Engineering (4 Years, Bachelor of Technology) 	AI 	OBC-NCL 	Female-only (including Supernumerary) 	5978 	6716
Indian Institute of Technology Kanpur	Mathematics and Scientific Computing (4 Years, Bachelor of Science) 	AI 	OBC-NCL 	Gender-Neutral 	359 	635
Indian Institute of Technology Kanpur	Mathematics and Scientific Computing (4 Years, Bachelor of Science) 	AI 	OBC-NCL 	Female-only (including Supernumerary) 	1947 	2415
Indian Institute of Technology Kanpur	Mechanical Engineering (4 Years, Bachelor of Technology) 	AI 	OBC-NCL 	Gender-Neutral 	980 	1306
Indian Institute of Technology Kanpur	Mechanical Engineering (4 Years, Bachelor of Technology) 	AI 	OBC-NCL 	Female-only (including Supernumerary) 	3359 	4056
Indian Institute of Technology Kanpur	Physics (4 Years, Bachelor of Science) 	AI 	OBC-NCL 	Gender-Neutral 	1797 	3707
Indian Institute of Technology Kanpur	Physics (4 Years, Bachelor of Science) 	AI 	OBC-NCL 	Female-only (including Supernumerary) 	7155 	7919
Indian Institute of Technology Kanpur	Statistics and Data Science (4 Years, Bachelor of Science) 	AI 	OBC-NCL 	Gender-Neutral 	638 	704
Indian Institute of Technology Kanpur	Statistics and Data Science (4 Years, Bachelor of Science) 	AI 	OBC-NCL 	Female-only (including Supernumerary) 	1714 	1871
Indian Institute of Technology Madras	Aerospace Engineering (4 Years, Bachelor of Technology) 	AI 	OBC-NCL 	Gender-Neutral 	968 	1507
Indian Institute of Technology Madras	Aerospace Engineering (4 Years, Bachelor of Technology) 	AI 	OBC-NCL 	Female-only (including Supernumerary) 	1543 	2517
Indian Institute of Technology Madras	Aerospace Engineering (5 Years, Bachelor and Master of Technology (Dual Degree)) 	AI 	OBC-NCL 	Gender-Neutral 	785 	1290
Indian Institute of Technology Madras	Aerospace Engineering (5 Years, Bachelor and Master of Technology (Dual Degree)) 	AI 	OBC-NCL 	Female-only (including Supernumerary) 	3023 	3023
Indian Institute of Technology Madras	Artificial Intelligence and Data Analytics (4 Years, Bachelor of Technology) 	AI 	OBC-NCL 	Gender-Neutral 	98 	164
Indian Institute of Technology Madras	Artificial Intelligence and Data Analytics (4 Years, Bachelor of Technology) 	AI 	OBC-NCL 	Female-only (including Supernumerary) 	500 	590
Indian Institute of Technology Madras	Biological Engineering (4 Years, Bachelor of Technology) 	AI 	OBC-NCL 	Gender-Neutral 	2567 	3128
Indian Institute of Technology Madras	Biological Engineering (4 Years, Bachelor of Technology) 	AI 	OBC-NCL 	Female-only (including Supernumerary) 	4681 	4681
Indian Institute of Technology Madras	Biological Science (4 Years, Bachelor of Science) 	AI 	OBC-NCL 	Gender-Neutral 	2882 	3891
Indian Institute of Technology Madras	Biological Science (4 Years, Bachelor of Science) 	AI 	OBC-NCL 	Female-only (including Supernumerary) 	6299 	6299
Indian Institute of Technology Madras	Chemical Engineering (4 Years, Bachelor of Technology) 	AI 	OBC-NCL 	Gender-Neutral 	1341 	1827
Indian Institute of Technology Madras	Chemical Engineering (4 Years, Bachelor of Technology) 	AI 	OBC-NCL 	Female-only (including Supernumerary) 	2717 	3755
Indian Institute of Technology Madras	Civil Engineering (4 Years, Bachelor of Technology) 	AI 	OBC-NCL 	Gender-Neutral 	1334 	2308
Indian Institute of Technology Madras	Civil Engineering (4 Years, Bachelor of Technology) 	AI 	OBC-NCL 	Female-only (including Supernumerary) 	3594 	4270
Indian Institute of Technology Madras	Computational Engineering and Mechanics (4 Years, Bachelor of Technology) 	AI 	OBC-NCL 	Gender-Neutral 	397 	741
Indian Institute of Technology Madras	Computational Engineering and Mechanics (4 Years, Bachelor of Technology) 	AI 	OBC-NCL 	Female-only (including Supernumerary) 	1749 	1874
Indian Institute of Technology Madras	Computer Science and Engineering (4 Years, Bachelor of Technology) 	AI 	OBC-NCL 	Gender-Neutral 	26 	87
Indian Institute of Technology Madras	Computer Science and Engineering (4 Years, Bachelor of Technology) 	AI 	OBC-NCL 	Female-only (including Supernumerary) 	176 	465
Indian Institute of Technology Madras	Electrical Engineering (4 Years, Bachelor of Technology) 	AI 	OBC-NCL 	Gender-Neutral 	132 	393
Indian Institute of Technology Madras	Electrical Engineering (4 Years, Bachelor of Technology) 	AI 	OBC-NCL 	Female-only (including Supernumerary) 	566 	1392
Indian Institute of Technology Madras	Engineering Design (5 Years, Bachelor and Master of Technology (Dual Degree)) 	AI 	OBC-NCL 	Gender-Neutral 	1070 	1439
Indian Institute of Technology Madras	Engineering Design (5 Years, Bachelor and Master of Technology (Dual Degree)) 	AI 	OBC-NCL 	Female-only (including Supernumerary) 	2276 	3216
Indian Institute of Technology Madras	Engineering Physics (4 Years, Bachelor of Technology) 	AI 	OBC-NCL 	Gender-Neutral 	464 	1011
Indian Institute of Technology Madras	Engineering Physics (4 Years, Bachelor of Technology) 	AI 	OBC-NCL 	Female-only (including Supernumerary) 	1386 	2841
Indian Institute of Technology Madras	Instrumentation and Biomedical Engineering (4 Years, Bachelor of Technology) 	AI 	OBC-NCL 	Gender-Neutral 	1548 	2163
Indian Institute of Technology Madras	Instrumentation and Biomedical Engineering (4 Years, Bachelor of Technology) 	AI 	OBC-NCL 	Female-only (including Supernumerary) 	2911 	3943
Indian Institute of Technology Madras	Mechanical Engineering (4 Years, Bachelor of Technology) 	AI 	OBC-NCL 	Gender-Neutral 	421 	1049
Indian Institute of Technology Madras	Mechanical Engineering (4 Years, Bachelor of Technology) 	AI 	OBC-NCL 	Female-only (including Supernumerary) 	1555 	3101
Indian Institute of Technology Madras	Metallurgical and Materials Engineering (4 Years, Bachelor of Technology) 	AI 	OBC-NCL 	Gender-Neutral 	1815 	2343
Indian Institute of Technology Madras	Metallurgical and Materials Engineering (4 Years, Bachelor of Technology) 	AI 	OBC-NCL 	Female-only (including Supernumerary) 	3910 	4822
Indian Institute of Technology Madras	Naval Architecture and Ocean Engineering (4 Years, Bachelor of Technology) 	AI 	OBC-NCL 	Gender-Neutral 	1483 	3017
Indian Institute of Technology Madras	Naval Architecture and Ocean Engineering (4 Years, Bachelor of Technology) 	AI 	OBC-NCL 	Female-only (including Supernumerary) 	4075 	6399
Indian Institute of Technology Madras	Physics (4 Years, Bachelor of Science) 	AI 	OBC-NCL 	Gender-Neutral 	1534 	2189
Indian Institute of Technology Madras	Physics (4 Years, Bachelor of Science) 	AI 	OBC-NCL 	Female-only (including Supernumerary) 	5549 	5549
Indian Institute of Technology Gandhinagar	Artificial Intelligence (4 Years, Bachelor of Technology) 	AI 	OBC-NCL 	Gender-Neutral 	633 	1128
Indian Institute of Technology Gandhinagar	Artificial Intelligence (4 Years, Bachelor of Technology) 	AI 	OBC-NCL 	Female-only (including Supernumerary) 	2512 	2632
Indian Institute of Technology Gandhinagar	Chemical Engineering (4 Years, Bachelor of Technology) 	AI 	OBC-NCL 	Gender-Neutral 	3229 	3564
Indian Institute of Technology Gandhinagar	Chemical Engineering (4 Years, Bachelor of Technology) 	AI 	OBC-NCL 	Female-only (including Supernumerary) 	5327 	6911
Indian Institute of Technology Gandhinagar	Civil Engineering (4 Years, Bachelor of Technology) 	AI 	OBC-NCL 	Gender-Neutral 	3734 	3937
Indian Institute of Technology Gandhinagar	Civil Engineering (4 Years, Bachelor of Technology) 	AI 	OBC-NCL 	Female-only (including Supernumerary) 	7261 	7922
Indian Institute of Technology Gandhinagar	Computer Science and Engineering (4 Years, Bachelor of Technology) 	AI 	OBC-NCL 	Gender-Neutral 	581 	791
Indian Institute of Technology Gandhinagar	Computer Science and Engineering (4 Years, Bachelor of Technology) 	AI 	OBC-NCL 	Female-only (including Supernumerary) 	1696 	2106
Indian Institute of Technology Gandhinagar	Electrical Engineering (4 Years, Bachelor of Technology) 	AI 	OBC-NCL 	Gender-Neutral 	1639 	1884
Indian Institute of Technology Gandhinagar	Electrical Engineering (4 Years, Bachelor of Technology) 	AI 	OBC-NCL 	Female-only (including Supernumerary) 	4441 	4655
Indian Institute of Technology Gandhinagar	Integrated Circuit Design & Technology (4 Years, Bachelor of Technology) 	AI 	OBC-NCL 	Gender-Neutral 	1391 	2178
Indian Institute of Technology Gandhinagar	Integrated Circuit Design & Technology (4 Years, Bachelor of Technology) 	AI 	OBC-NCL 	Female-only (including Supernumerary) 	4946 	4946
Indian Institute of Technology Gandhinagar	Materials Engineering (4 Years, Bachelor of Technology) 	AI 	OBC-NCL 	Gender-Neutral 	3601 	4588
Indian Institute of Technology Gandhinagar	Materials Engineering (4 Years, Bachelor of Technology) 	AI 	OBC-NCL 	Female-only (including Supernumerary) 	8438 	8528
Indian Institute of Technology Gandhinagar	Mechanical Engineering (4 Years, Bachelor of Technology) 	AI 	OBC-NCL 	Gender-Neutral 	2376 	2968
Indian Institute of Technology Gandhinagar	Mechanical Engineering (4 Years, Bachelor of Technology) 	AI 	OBC-NCL 	Female-only (including Supernumerary) 	6297 	7110
Indian Institute of Technology Patna	Artificial Intelligence and Data Science (4 Years, Bachelor of Technology) 	AI 	OBC-NCL 	Gender-Neutral 	1287 	1711
Indian Institute of Technology Patna	Artificial Intelligence and Data Science (4 Years, Bachelor of Technology) 	AI 	OBC-NCL 	Female-only (including Supernumerary) 	3742 	3917
Indian Institute of Technology Patna	B. Tech in CE. - M. Tech. in Geotechnical Engineering (5 Years, B.Tech. + M.Tech./MS (Dual Degree)) 	AI 	OBC-NCL 	Gender-Neutral 	4920 	5164
Indian Institute of Technology Patna	B. Tech in CE. - M. Tech. in Geotechnical Engineering (5 Years, B.Tech. + M.Tech./MS (Dual Degree)) 	AI 	OBC-NCL 	Female-only (including Supernumerary) 	9578 	9578
Indian Institute of Technology Patna	B. Tech in CE. - M. Tech. in Structural Engineering (5 Years, B.Tech. + M.Tech./MS (Dual Degree)) 	AI 	OBC-NCL 	Gender-Neutral 	4953 	5100
Indian Institute of Technology Patna	B. Tech in CE. - M. Tech. in Structural Engineering (5 Years, B.Tech. + M.Tech./MS (Dual Degree)) 	AI 	OBC-NCL 	Female-only (including Supernumerary) 	9278 	9278
Indian Institute of Technology Patna	B. Tech. (CSE) and M.Tech in CSE (5 Years, B.Tech. + M.Tech./MS (Dual Degree)) 	AI 	OBC-NCL 	Gender-Neutral 	1606 	1657
Indian Institute of Technology Patna	B. Tech. (ECE) -M. Tech. in VLSI (5 Years, B.Tech. + M.Tech./MS (Dual Degree)) 	AI 	OBC-NCL 	Gender-Neutral 	2469 	2673
Indian Institute of Technology Patna	B. Tech. (ECE) -M. Tech. in VLSI (5 Years, B.Tech. + M.Tech./MS (Dual Degree)) 	AI 	OBC-NCL 	Female-only (including Supernumerary) 	6345 	6345
Indian Institute of Technology Patna	B. Tech. (EEE)-M. Tech. in (Power &. Control) (5 Years, B.Tech. + M.Tech./MS (Dual Degree)) 	AI 	OBC-NCL 	Gender-Neutral 	2808 	3187
Indian Institute of Technology Patna	B. Tech. (EEE)-M. Tech. in (Power &. Control) (5 Years, B.Tech. + M.Tech./MS (Dual Degree)) 	AI 	OBC-NCL 	Female-only (including Supernumerary) 	6627 	6627
Indian Institute of Technology Patna	B. Tech. (Mathematics & Computing) M. Tech. in (Mathematics & Computing) (5 Years, B.Tech. + M.Tech./MS (Dual Degree)) 	AI 	OBC-NCL 	Gender-Neutral 	2029 	2074
Indian Institute of Technology Patna	B. Tech. (Mathematics & Computing) M. Tech. in (Mathematics & Computing) (5 Years, B.Tech. + M.Tech./MS (Dual Degree)) 	AI 	OBC-NCL 	Female-only (including Supernumerary) 	5873 	5873
Indian Institute of Technology Patna	B. Tech. (ME) - M. Tech. in Mechatronics (5 Years, B.Tech. + M.Tech./MS (Dual Degree)) 	AI 	OBC-NCL 	Gender-Neutral 	3985 	4212
Indian Institute of Technology Patna	B. Tech. (ME) - M. Tech. in Mechatronics (5 Years, B.Tech. + M.Tech./MS (Dual Degree)) 	AI 	OBC-NCL 	Female-only (including Supernumerary) 	8205 	8205
Indian Institute of Technology Patna	B.Tech (Artificial Intelligence and Data Science) - MBA in Digital Business Management (IIM Bodh Gaya) (5 Years, Bachelor of Technology and MBA (Dual Degree)) 	AI 	OBC-NCL 	Gender-Neutral 	2201 	2201
Indian Institute of Technology Patna	B.Tech (Artificial Intelligence and Data Science) - MBA in Digital Business Management (IIM Bodh Gaya) (5 Years, Bachelor of Technology and MBA (Dual Degree)) 	AI 	OBC-NCL 	Female-only (including Supernumerary) 	4773 	4773
Indian Institute of Technology Patna	B.Tech (Chemical Engineering) - MBA in Hospital and Health Care Management (IIM Bodh Gaya) (5 Years, Bachelor of Technology and MBA (Dual Degree)) 	AI 	OBC-NCL 	Gender-Neutral 	4419 	4419
Indian Institute of Technology Patna	B.Tech (Chemical Engineering) - MBA in Hospital and Health Care Management (IIM Bodh Gaya) (5 Years, Bachelor of Technology and MBA (Dual Degree)) 	AI 	OBC-NCL 	Female-only (including Supernumerary) 	9451 	9451
Indian Institute of Technology Patna	B.Tech (Chemical Science and Technology) - MBA in Hospital and Health Care Management (IIM Bodh Gaya) (5 Years, Bachelor of Technology and MBA (Dual Degree)) 	AI 	OBC-NCL 	Gender-Neutral 	4725 	4725
Indian Institute of Technology Patna	B.Tech (Civil Engineering) - MBA (IIM Bodh Gaya) (5 Years, Bachelor of Technology and MBA (Dual Degree)) 	AI 	OBC-NCL 	Gender-Neutral 	4242 	4242
Indian Institute of Technology Patna	B.Tech (Civil Engineering) - MBA (IIM Bodh Gaya) (5 Years, Bachelor of Technology and MBA (Dual Degree)) 	AI 	OBC-NCL 	Female-only (including Supernumerary) 	9686 	9686
Indian Institute of Technology Patna	B.Tech (Computer Science and Engineering) - MBA in Digital Business Management (IIM Bodh Gaya) (5 Years, Bachelor of Technology and MBA (Dual Degree)) 	AI 	OBC-NCL 	Gender-Neutral 	1885 	1885
Indian Institute of Technology Patna	B.Tech (Electrical and Electronics Engineering) - MBA (IIM Bodh Gaya) (5 Years, Bachelor of Technology and MBA (Dual Degree)) 	AI 	OBC-NCL 	Gender-Neutral 	3255 	3255
Indian Institute of Technology Patna	B.Tech (Electronics and Communication Engineering) - MBA in Hospital and Healthcare Management (IIM Bodh Gaya) (5 Years, Bachelor of Technology and MBA (Dual Degree)) 	AI 	OBC-NCL 	Gender-Neutral 	2877 	2877
Indian Institute of Technology Patna	B.Tech (Engineering Physics) - MBA (IIM Bodh Gaya) (5 Years, Bachelor of Technology and MBA (Dual Degree)) 	AI 	OBC-NCL 	Gender-Neutral 	4854 	4854
Indian Institute of Technology Patna	B.Tech (Engineering Physics) - MBA (IIM Bodh Gaya) (5 Years, Bachelor of Technology and MBA (Dual Degree)) 	AI 	OBC-NCL 	Female-only (including Supernumerary) 	9054 	9054
Indian Institute of Technology Patna	B.Tech (Mathematics and Computing) - MBA in Digital Business Management (IIM Bodh Gaya) (5 Years, Bachelor of Technology and MBA (Dual Degree)) 	AI 	OBC-NCL 	Gender-Neutral 	2212 	2212
Indian Institute of Technology Patna	B.Tech (Mathematics and Computing) - MBA in Digital Business Management (IIM Bodh Gaya) (5 Years, Bachelor of Technology and MBA (Dual Degree)) 	AI 	OBC-NCL 	Female-only (including Supernumerary) 	5361 	5361
Indian Institute of Technology Patna	B.Tech (Mechanical Engineering) - MBA (IIM Mumbai) (5 Years, Bachelor of Technology and MBA (Dual Degree)) 	AI 	OBC-NCL 	Gender-Neutral 	3288 	3720
Indian Institute of Technology Patna	B.Tech (Mechanical Engineering) - MBA (IIM Mumbai) (5 Years, Bachelor of Technology and MBA (Dual Degree)) 	AI 	OBC-NCL 	Female-only (including Supernumerary) 	8365 	8365
Indian Institute of Technology Patna	B.Tech (Metallurgical and Materials Engineering) - MBA (IIM Bodh Gaya) (5 Years, Bachelor of Technology and MBA (Dual Degree)) 	AI 	OBC-NCL 	Gender-Neutral 	5085 	5085
Indian Institute of Technology Patna	B.Tech. in Electronics and Communication Engineering and M.Tech. in Communication Systems (5 Years, Bachelor and Master of Technology (Dual Degree)) 	AI 	OBC-NCL 	Gender-Neutral 	2459 	2712
Indian Institute of Technology Patna	BS in Economics with MBA (IIM Bodh Gaya) (5 Years, Bachelor of Science and MBA (Dual Degree)) 	AI 	OBC-NCL 	Gender-Neutral 	4287 	4287
Indian Institute of Technology Patna	Chemical Engineering (4 Years, Bachelor of Technology) 	AI 	OBC-NCL 	Gender-Neutral 	2817 	4636
Indian Institute of Technology Patna	Chemical Engineering (4 Years, Bachelor of Technology) 	AI 	OBC-NCL 	Female-only (including Supernumerary) 	7942 	8452
Indian Institute of Technology Patna	Chemical Science and Technology (4 Years, Bachelor of Technology) 	AI 	OBC-NCL 	Gender-Neutral 	3625 	5042
Indian Institute of Technology Patna	Chemical Science and Technology (4 Years, Bachelor of Technology) 	AI 	OBC-NCL 	Female-only (including Supernumerary) 	8475 	8942
Indian Institute of Technology Patna	Civil Engineering (4 Years, Bachelor of Technology) 	AI 	OBC-NCL 	Gender-Neutral 	3773 	4809
Indian Institute of Technology Patna	Civil Engineering (4 Years, Bachelor of Technology) 	AI 	OBC-NCL 	Female-only (including Supernumerary) 	8238 	8909
Indian Institute of Technology Patna	Computer Science and Engineering (4 Years, Bachelor of Technology) 	AI 	OBC-NCL 	Gender-Neutral 	689 	1242
Indian Institute of Technology Patna	Computer Science and Engineering (4 Years, Bachelor of Technology) 	AI 	OBC-NCL 	Female-only (including Supernumerary) 	2944 	3274
Indian Institute of Technology Patna	Economics (4 Years, Bachelor of Science) 	AI 	OBC-NCL 	Gender-Neutral 	4239 	4707
Indian Institute of Technology Patna	Economics (4 Years, Bachelor of Science) 	AI 	OBC-NCL 	Female-only (including Supernumerary) 	7282 	7282
Indian Institute of Technology Patna	Electrical and Electronics Engineering (4 Years, Bachelor of Technology) 	AI 	OBC-NCL 	Gender-Neutral 	2195 	2807
Indian Institute of Technology Patna	Electrical and Electronics Engineering (4 Years, Bachelor of Technology) 	AI 	OBC-NCL 	Female-only (including Supernumerary) 	4967 	5440
Indian Institute of Technology Patna	Electronics and Communication Engineering (4 Years, Bachelor of Technology) 	AI 	OBC-NCL 	Gender-Neutral 	1651 	2182
Indian Institute of Technology Patna	Electronics and Communication Engineering (4 Years, Bachelor of Technology) 	AI 	OBC-NCL 	Female-only (including Supernumerary) 	4634 	4959
Indian Institute of Technology Patna	Engineering Physics (4 Years, Bachelor of Technology) 	AI 	OBC-NCL 	Gender-Neutral 	4434 	4796
Indian Institute of Technology Patna	Engineering Physics (4 Years, Bachelor of Technology) 	AI 	OBC-NCL 	Female-only (including Supernumerary) 	8224 	8601
Indian Institute of Technology Patna	Mathematics and Computing (4 Years, Bachelor of Technology) 	AI 	OBC-NCL 	Gender-Neutral 	1353 	1920
Indian Institute of Technology Patna	Mathematics and Computing (4 Years, Bachelor of Technology) 	AI 	OBC-NCL 	Female-only (including Supernumerary) 	4233 	4606
Indian Institute of Technology Patna	Mechanical Engineering (4 Years, Bachelor of Technology) 	AI 	OBC-NCL 	Gender-Neutral 	3396 	4033
Indian Institute of Technology Patna	Mechanical Engineering (4 Years, Bachelor of Technology) 	AI 	OBC-NCL 	Female-only (including Supernumerary) 	6895 	8262
Indian Institute of Technology Patna	Metallurgical and Materials Engineering (4 Years, Bachelor of Technology) 	AI 	OBC-NCL 	Gender-Neutral 	5029 	5338
Indian Institute of Technology Patna	Metallurgical and Materials Engineering (4 Years, Bachelor of Technology) 	AI 	OBC-NCL 	Female-only (including Supernumerary) 	9408 	9442
Indian Institute of Technology Roorkee	Architecture (5 Years, Bachelor of Architecture) 	AI 	OBC-NCL 	Gender-Neutral 	5425 	6237
Indian Institute of Technology Roorkee	Architecture (5 Years, Bachelor of Architecture) 	AI 	OBC-NCL 	Female-only (including Supernumerary) 	10955 	12609
Indian Institute of Technology Roorkee	Biosciences and Bioengineering (4 Years, Bachelor of Technology) 	AI 	OBC-NCL 	Gender-Neutral 	3350 	3505
Indian Institute of Technology Roorkee	Biosciences and Bioengineering (4 Years, Bachelor of Technology) 	AI 	OBC-NCL 	Female-only (including Supernumerary) 	6261 	7210
Indian Institute of Technology Roorkee	Chemical Engineering (4 Years, Bachelor of Technology) 	AI 	OBC-NCL 	Gender-Neutral 	1847 	2181
Indian Institute of Technology Roorkee	Chemical Engineering (4 Years, Bachelor of Technology) 	AI 	OBC-NCL 	Female-only (including Supernumerary) 	4055 	5240
Indian Institute of Technology Roorkee	Chemical Sciences (5 Years, Bachelor of Science and Master of Science (Dual Degree)) 	AI 	OBC-NCL 	Gender-Neutral 	4251 	4586
Indian Institute of Technology Roorkee	Chemical Sciences (5 Years, Bachelor of Science and Master of Science (Dual Degree)) 	AI 	OBC-NCL 	Female-only (including Supernumerary) 	8526 	8773
Indian Institute of Technology Roorkee	Civil Engineering (4 Years, Bachelor of Technology) 	AI 	OBC-NCL 	Gender-Neutral 	2300 	2861
Indian Institute of Technology Roorkee	Civil Engineering (4 Years, Bachelor of Technology) 	AI 	OBC-NCL 	Female-only (including Supernumerary) 	3485 	6078
Indian Institute of Technology Roorkee	Computer Science and Engineering (4 Years, Bachelor of Technology) 	AI 	OBC-NCL 	Gender-Neutral 	157 	244
Indian Institute of Technology Roorkee	Computer Science and Engineering (4 Years, Bachelor of Technology) 	AI 	OBC-NCL 	Female-only (including Supernumerary) 	792 	986
Indian Institute of Technology Roorkee	Data Science and Artificial Intelligence (4 Years, Bachelor of Technology) 	AI 	OBC-NCL 	Gender-Neutral 	268 	371
Indian Institute of Technology Roorkee	Data Science and Artificial Intelligence (4 Years, Bachelor of Technology) 	AI 	OBC-NCL 	Female-only (including Supernumerary) 	1302 	1319
Indian Institute of Technology Roorkee	Economics (5 Years, Bachelor of Science and Master of Science (Dual Degree)) 	AI 	OBC-NCL 	Gender-Neutral 	2000 	2745
Indian Institute of Technology Roorkee	Economics (5 Years, Bachelor of Science and Master of Science (Dual Degree)) 	AI 	OBC-NCL 	Female-only (including Supernumerary) 	5298 	5911
Indian Institute of Technology Roorkee	Electrical Engineering (4 Years, Bachelor of Technology) 	AI 	OBC-NCL 	Gender-Neutral 	740 	938
Indian Institute of Technology Roorkee	Electrical Engineering (4 Years, Bachelor of Technology) 	AI 	OBC-NCL 	Female-only (including Supernumerary) 	2460 	2694
Indian Institute of Technology Roorkee	Electronics and Communication Engineering (4 Years, Bachelor of Technology) 	AI 	OBC-NCL 	Gender-Neutral 	366 	699
Indian Institute of Technology Roorkee	Electronics and Communication Engineering (4 Years, Bachelor of Technology) 	AI 	OBC-NCL 	Female-only (including Supernumerary) 	1759 	2068
Indian Institute of Technology Roorkee	Energy Engineering (4 Years, Bachelor of Technology) 	AI 	OBC-NCL 	Gender-Neutral 	1768 	2424
Indian Institute of Technology Roorkee	Energy Engineering (4 Years, Bachelor of Technology) 	AI 	OBC-NCL 	Female-only (including Supernumerary) 	5506 	5506
Indian Institute of Technology Roorkee	Engineering Physics (4 Years, Bachelor of Technology) 	AI 	OBC-NCL 	Gender-Neutral 	1872 	2344
Indian Institute of Technology Roorkee	Engineering Physics (4 Years, Bachelor of Technology) 	AI 	OBC-NCL 	Female-only (including Supernumerary) 	5296 	6251
Indian Institute of Technology Roorkee	Geological Technology (5 Years, Integrated Master of Technology) 	AI 	OBC-NCL 	Gender-Neutral 	4074 	4232
Indian Institute of Technology Roorkee	Geological Technology (5 Years, Integrated Master of Technology) 	AI 	OBC-NCL 	Female-only (including Supernumerary) 	8207 	8510
Indian Institute of Technology Roorkee	Geophysical Technology (5 Years, Integrated Master of Technology) 	AI 	OBC-NCL 	Gender-Neutral 	3482 	3990
Indian Institute of Technology Roorkee	Geophysical Technology (5 Years, Integrated Master of Technology) 	AI 	OBC-NCL 	Female-only (including Supernumerary) 	7127 	7221
Indian Institute of Technology Roorkee	Mathematics & Computing (5 Years, Bachelor of Science and Master of Science (Dual Degree)) 	AI 	OBC-NCL 	Gender-Neutral 	683 	806
Indian Institute of Technology Roorkee	Mathematics & Computing (5 Years, Bachelor of Science and Master of Science (Dual Degree)) 	AI 	OBC-NCL 	Female-only (including Supernumerary) 	2115 	2575
Indian Institute of Technology Roorkee	Mechanical Engineering (4 Years, Bachelor of Technology) 	AI 	OBC-NCL 	Gender-Neutral 	1180 	1700
Indian Institute of Technology Roorkee	Mechanical Engineering (4 Years, Bachelor of Technology) 	AI 	OBC-NCL 	Female-only (including Supernumerary) 	4178 	4993
Indian Institute of Technology Roorkee	Metallurgical and Materials Engineering (4 Years, Bachelor of Technology) 	AI 	OBC-NCL 	Gender-Neutral 	2880 	3302
Indian Institute of Technology Roorkee	Metallurgical and Materials Engineering (4 Years, Bachelor of Technology) 	AI 	OBC-NCL 	Female-only (including Supernumerary) 	5692 	7029
Indian Institute of Technology Roorkee	Physics (5 Years, Bachelor of Science and Master of Science (Dual Degree)) 	AI 	OBC-NCL 	Gender-Neutral 	2284 	4336
Indian Institute of Technology Roorkee	Physics (5 Years, Bachelor of Science and Master of Science (Dual Degree)) 	AI 	OBC-NCL 	Female-only (including Supernumerary) 	6839 	8214
Indian Institute of Technology Roorkee	Production and Industrial Engineering (4 Years, Bachelor of Technology) 	AI 	OBC-NCL 	Gender-Neutral 	2365 	2735
Indian Institute of Technology Roorkee	Production and Industrial Engineering (4 Years, Bachelor of Technology) 	AI 	OBC-NCL 	Female-only (including Supernumerary) 	5548 	5849
Indian Institute of Technology (ISM) Dhanbad	Applied Geology (5 Years, Integrated Master of Technology) 	AI 	OBC-NCL 	Gender-Neutral 	5400 	5627
Indian Institute of Technology (ISM) Dhanbad	Applied Geology (5 Years, Integrated Master of Technology) 	AI 	OBC-NCL 	Female-only (including Supernumerary) 	9574 	9574
Indian Institute of Technology (ISM) Dhanbad	Applied Geophysics (5 Years, Integrated Master of Technology) 	AI 	OBC-NCL 	Gender-Neutral 	5332 	5546
Indian Institute of Technology (ISM) Dhanbad	Applied Geophysics (5 Years, Integrated Master of Technology) 	AI 	OBC-NCL 	Female-only (including Supernumerary) 	9844 	9844
Indian Institute of Technology (ISM) Dhanbad	B.Tech Mining Engineering and MBA in Logistic and Supply Chain Management (IIM Mumbai) (5 Years, Integrated B. Tech. and MBA) 	AI 	OBC-NCL 	Gender-Neutral 	5093 	5572
Indian Institute of Technology (ISM) Dhanbad	B.Tech Mining Engineering and MBA in Logistic and Supply Chain Management (IIM Mumbai) (5 Years, Integrated B. Tech. and MBA) 	AI 	OBC-NCL 	Female-only (including Supernumerary) 	9644 	9877
Indian Institute of Technology (ISM) Dhanbad	Chemical Science (5 Years, Integrated Bachelor of Science-Master of Science) 	AI 	OBC-NCL 	Gender-Neutral 	5388 	5768
Indian Institute of Technology (ISM) Dhanbad	Chemical Science (5 Years, Integrated Bachelor of Science-Master of Science) 	AI 	OBC-NCL 	Female-only (including Supernumerary) 	9547 	9547
Indian Institute of Technology (ISM) Dhanbad	Chemical Engineering (4 Years, Bachelor of Technology) 	AI 	OBC-NCL 	Gender-Neutral 	3207 	3701
Indian Institute of Technology (ISM) Dhanbad	Chemical Engineering (4 Years, Bachelor of Technology) 	AI 	OBC-NCL 	Female-only (including Supernumerary) 	7152 	7260
Indian Institute of Technology (ISM) Dhanbad	Civil Engineering (4 Years, Bachelor of Technology) 	AI 	OBC-NCL 	Gender-Neutral 	3863 	4376
Indian Institute of Technology (ISM) Dhanbad	Civil Engineering (4 Years, Bachelor of Technology) 	AI 	OBC-NCL 	Female-only (including Supernumerary) 	7613 	7788
Indian Institute of Technology (ISM) Dhanbad	Computer Science and Engineering (4 Years, Bachelor of Technology) 	AI 	OBC-NCL 	Gender-Neutral 	733 	1228
Indian Institute of Technology (ISM) Dhanbad	Computer Science and Engineering (4 Years, Bachelor of Technology) 	AI 	OBC-NCL 	Female-only (including Supernumerary) 	2032 	2744
Indian Institute of Technology (ISM) Dhanbad	Electrical Engineering (4 Years, Bachelor of Technology) 	AI 	OBC-NCL 	Gender-Neutral 	1995 	2583
Indian Institute of Technology (ISM) Dhanbad	Electrical Engineering (4 Years, Bachelor of Technology) 	AI 	OBC-NCL 	Female-only (including Supernumerary) 	5088 	6260
Indian Institute of Technology (ISM) Dhanbad	Electronics and Communication Engineering (4 Years, Bachelor of Technology) 	AI 	OBC-NCL 	Gender-Neutral 	1420 	2036
Indian Institute of Technology (ISM) Dhanbad	Electronics and Communication Engineering (4 Years, Bachelor of Technology) 	AI 	OBC-NCL 	Female-only (including Supernumerary) 	3059 	4281
Indian Institute of Technology (ISM) Dhanbad	Engineering Physics (4 Years, Bachelor of Technology) 	AI 	OBC-NCL 	Gender-Neutral 	4107 	4146
Indian Institute of Technology (ISM) Dhanbad	Engineering Physics (4 Years, Bachelor of Technology) 	AI 	OBC-NCL 	Female-only (including Supernumerary) 	7945 	8279
Indian Institute of Technology (ISM) Dhanbad	Environmental Engineering (4 Years, Bachelor of Technology) 	AI 	OBC-NCL 	Gender-Neutral 	4705 	5408
Indian Institute of Technology (ISM) Dhanbad	Environmental Engineering (4 Years, Bachelor of Technology) 	AI 	OBC-NCL 	Female-only (including Supernumerary) 	9024 	9407
Indian Institute of Technology (ISM) Dhanbad	Mathematics and Computing (4 Years, Bachelor of Technology) 	AI 	OBC-NCL 	Gender-Neutral 	914 	1566
Indian Institute of Technology (ISM) Dhanbad	Mathematics and Computing (4 Years, Bachelor of Technology) 	AI 	OBC-NCL 	Female-only (including Supernumerary) 	3264 	3824
Indian Institute of Technology (ISM) Dhanbad	Mechanical Engineering (4 Years, Bachelor of Technology) 	AI 	OBC-NCL 	Gender-Neutral 	2834 	3459
Indian Institute of Technology (ISM) Dhanbad	Mechanical Engineering (4 Years, Bachelor of Technology) 	AI 	OBC-NCL 	Female-only (including Supernumerary) 	6926 	7412
Indian Institute of Technology (ISM) Dhanbad	Mineral and Metallurgical Engineering (4 Years, Bachelor of Technology) 	AI 	OBC-NCL 	Gender-Neutral 	4385 	5035
Indian Institute of Technology (ISM) Dhanbad	Mineral and Metallurgical Engineering (4 Years, Bachelor of Technology) 	AI 	OBC-NCL 	Female-only (including Supernumerary) 	7501 	8428
Indian Institute of Technology (ISM) Dhanbad	Mining Engineering (4 Years, Bachelor of Technology) 	AI 	OBC-NCL 	Gender-Neutral 	3679 	5052
Indian Institute of Technology (ISM) Dhanbad	Mining Engineering (4 Years, Bachelor of Technology) 	AI 	OBC-NCL 	Female-only (including Supernumerary) 	8249 	9328
Indian Institute of Technology (ISM) Dhanbad	Mining Machinery Engineering (4 Years, Bachelor of Technology) 	AI 	OBC-NCL 	Gender-Neutral 	4580 	5299
Indian Institute of Technology (ISM) Dhanbad	Mining Machinery Engineering (4 Years, Bachelor of Technology) 	AI 	OBC-NCL 	Female-only (including Supernumerary) 	9593 	9604
Indian Institute of Technology (ISM) Dhanbad	Petroleum Engineering (4 Years, Bachelor of Technology) 	AI 	OBC-NCL 	Gender-Neutral 	3377 	4530
Indian Institute of Technology (ISM) Dhanbad	Petroleum Engineering (4 Years, Bachelor of Technology) 	AI 	OBC-NCL 	Female-only (including Supernumerary) 	6991 	8807
Indian Institute of Technology (ISM) Dhanbad	Physical Science (5 Years, Integrated Bachelor of Science-Master of Science) 	AI 	OBC-NCL 	Gender-Neutral 	5291 	5856
Indian Institute of Technology (ISM) Dhanbad	Physical Science (5 Years, Integrated Bachelor of Science-Master of Science) 	AI 	OBC-NCL 	Female-only (including Supernumerary) 	9750 	9750
Indian Institute of Technology Ropar	Artificial Intelligence and Data Engineering (4 Years, Bachelor of Technology) 	AI 	OBC-NCL 	Gender-Neutral 	1120 	1510
Indian Institute of Technology Ropar	Artificial Intelligence and Data Engineering (4 Years, Bachelor of Technology) 	AI 	OBC-NCL 	Female-only (including Supernumerary) 	3557 	4194
Indian Institute of Technology Ropar	Chemical Engineering (4 Years, Bachelor of Technology) 	AI 	OBC-NCL 	Gender-Neutral 	3095 	3715
Indian Institute of Technology Ropar	Chemical Engineering (4 Years, Bachelor of Technology) 	AI 	OBC-NCL 	Female-only (including Supernumerary) 	6970 	7036
Indian Institute of Technology Ropar	Civil Engineering (4 Years, Bachelor of Technology) 	AI 	OBC-NCL 	Gender-Neutral 	4103 	4236
Indian Institute of Technology Ropar	Civil Engineering (4 Years, Bachelor of Technology) 	AI 	OBC-NCL 	Female-only (including Supernumerary) 	8080 	8246
Indian Institute of Technology Ropar	Computer Science and Engineering (4 Years, Bachelor of Technology) 	AI 	OBC-NCL 	Gender-Neutral 	696 	1154
Indian Institute of Technology Ropar	Computer Science and Engineering (4 Years, Bachelor of Technology) 	AI 	OBC-NCL 	Female-only (including Supernumerary) 	2668 	3550
Indian Institute of Technology Ropar	Digital Agriculture (4 Years, Bachelor of Technology) 	AI 	OBC-NCL 	Gender-Neutral 	3904 	5486
Indian Institute of Technology Ropar	Digital Agriculture (4 Years, Bachelor of Technology) 	AI 	OBC-NCL 	Female-only (including Supernumerary) 	9118 	9118
Indian Institute of Technology Ropar	Electrical Engineering (4 Years, Bachelor of Technology) 	AI 	OBC-NCL 	Gender-Neutral 	1552 	2727
Indian Institute of Technology Ropar	Electrical Engineering (4 Years, Bachelor of Technology) 	AI 	OBC-NCL 	Female-only (including Supernumerary) 	5137 	6343
Indian Institute of Technology Ropar	Electrical Engineering (Integrated Circuit Design and Technology) (4 Years, Bachelor of Technology) 	AI 	OBC-NCL 	Gender-Neutral 	2168 	2487
Indian Institute of Technology Ropar	Electrical Engineering (Integrated Circuit Design and Technology) (4 Years, Bachelor of Technology) 	AI 	OBC-NCL 	Female-only (including Supernumerary) 	6307 	6307
Indian Institute of Technology Ropar	Engineering Physics (4 Years, Bachelor of Technology) 	AI 	OBC-NCL 	Gender-Neutral 	3179 	4138
Indian Institute of Technology Ropar	Engineering Physics (4 Years, Bachelor of Technology) 	AI 	OBC-NCL 	Female-only (including Supernumerary) 	7907 	7907
Indian Institute of Technology Ropar	Mathematics and Computing (4 Years, Bachelor of Technology) 	AI 	OBC-NCL 	Gender-Neutral 	1229 	1873
Indian Institute of Technology Ropar	Mathematics and Computing (4 Years, Bachelor of Technology) 	AI 	OBC-NCL 	Female-only (including Supernumerary) 	3766 	4915
Indian Institute of Technology Ropar	Mechanical Engineering (4 Years, Bachelor of Technology) 	AI 	OBC-NCL 	Gender-Neutral 	3039 	3593
Indian Institute of Technology Ropar	Mechanical Engineering (4 Years, Bachelor of Technology) 	AI 	OBC-NCL 	Female-only (including Supernumerary) 	7504 	8103
Indian Institute of Technology Ropar	Metallurgical and Materials Engineering (4 Years, Bachelor of Technology) 	AI 	OBC-NCL 	Gender-Neutral 	4386 	4731
Indian Institute of Technology Ropar	Metallurgical and Materials Engineering (4 Years, Bachelor of Technology) 	AI 	OBC-NCL 	Female-only (including Supernumerary) 	8709 	8829
Indian Institute of Technology (BHU) Varanasi	Architecture (5 Years, Bachelor of Architecture) 	AI 	OBC-NCL 	Gender-Neutral 	6273 	6811
Indian Institute of Technology (BHU) Varanasi	Biochemical Engineering (4 Years, Bachelor of Technology) 	AI 	OBC-NCL 	Gender-Neutral 	3827 	4859
Indian Institute of Technology (BHU) Varanasi	Biochemical Engineering (4 Years, Bachelor of Technology) 	AI 	OBC-NCL 	Female-only (including Supernumerary) 	7996 	7996
Indian Institute of Technology (BHU) Varanasi	Bioengineering (4 Years, Bachelor of Technology) 	AI 	OBC-NCL 	Gender-Neutral 	4128 	4598
Indian Institute of Technology (BHU) Varanasi	Bioengineering (4 Years, Bachelor of Technology) 	AI 	OBC-NCL 	Female-only (including Supernumerary) 	8108 	8108
Indian Institute of Technology (BHU) Varanasi	Ceramic Engineering (4 Years, Bachelor of Technology) 	AI 	OBC-NCL 	Gender-Neutral 	3765 	4872
Indian Institute of Technology (BHU) Varanasi	Ceramic Engineering (4 Years, Bachelor of Technology) 	AI 	OBC-NCL 	Female-only (including Supernumerary) 	9063 	9454
Indian Institute of Technology (BHU) Varanasi	Chemical Engineering (4 Years, Bachelor of Technology) 	AI 	OBC-NCL 	Gender-Neutral 	2230 	3239
Indian Institute of Technology (BHU) Varanasi	Chemical Engineering (4 Years, Bachelor of Technology) 	AI 	OBC-NCL 	Female-only (including Supernumerary) 	4271 	6943
Indian Institute of Technology (BHU) Varanasi	Civil Engineering (4 Years, Bachelor of Technology) 	AI 	OBC-NCL 	Gender-Neutral 	3200 	3699
Indian Institute of Technology (BHU) Varanasi	Civil Engineering (4 Years, Bachelor of Technology) 	AI 	OBC-NCL 	Female-only (including Supernumerary) 	6609 	7511
Indian Institute of Technology (BHU) Varanasi	Computer Science and Engineering (4 Years, Bachelor of Technology) 	AI 	OBC-NCL 	Gender-Neutral 	334 	494
Indian Institute of Technology (BHU) Varanasi	Computer Science and Engineering (4 Years, Bachelor of Technology) 	AI 	OBC-NCL 	Female-only (including Supernumerary) 	1097 	1613
Indian Institute of Technology (BHU) Varanasi	Electrical Engineering (4 Years, Bachelor of Technology) 	AI 	OBC-NCL 	Gender-Neutral 	1061 	1431
Indian Institute of Technology (BHU) Varanasi	Electrical Engineering (4 Years, Bachelor of Technology) 	AI 	OBC-NCL 	Female-only (including Supernumerary) 	2528 	3995
Indian Institute of Technology (BHU) Varanasi	Electronics Engineering (4 Years, Bachelor of Technology) 	AI 	OBC-NCL 	Gender-Neutral 	816 	1186
Indian Institute of Technology (BHU) Varanasi	Electronics Engineering (4 Years, Bachelor of Technology) 	AI 	OBC-NCL 	Female-only (including Supernumerary) 	2555 	3392
Indian Institute of Technology (BHU) Varanasi	Engineering Physics (4 Years, Bachelor of Technology) 	AI 	OBC-NCL 	Gender-Neutral 	2571 	3629
Indian Institute of Technology (BHU) Varanasi	Engineering Physics (4 Years, Bachelor of Technology) 	AI 	OBC-NCL 	Female-only (including Supernumerary) 	7005 	7012
Indian Institute of Technology (BHU) Varanasi	Industrial Chemistry (4 Years, Bachelor of Technology) 	AI 	OBC-NCL 	Gender-Neutral 	3992 	4485
Indian Institute of Technology (BHU) Varanasi	Industrial Chemistry (4 Years, Bachelor of Technology) 	AI 	OBC-NCL 	Female-only (including Supernumerary) 	7816 	8751
Indian Institute of Technology (BHU) Varanasi	Materials Science and Technology (4 Years, Bachelor of Technology) 	AI 	OBC-NCL 	Gender-Neutral 	3759 	4382
Indian Institute of Technology (BHU) Varanasi	Materials Science and Technology (4 Years, Bachelor of Technology) 	AI 	OBC-NCL 	Female-only (including Supernumerary) 	7513 	7657
Indian Institute of Technology (BHU) Varanasi	Mathematics and Computing (4 Years, Bachelor of Technology) 	AI 	OBC-NCL 	Gender-Neutral 	556 	865
Indian Institute of Technology (BHU) Varanasi	Mathematics and Computing (4 Years, Bachelor of Technology) 	AI 	OBC-NCL 	Female-only (including Supernumerary) 	2137 	2664
Indian Institute of Technology (BHU) Varanasi	Mechanical Engineering (4 Years, Bachelor of Technology) 	AI 	OBC-NCL 	Gender-Neutral 	2045 	2665
Indian Institute of Technology (BHU) Varanasi	Mechanical Engineering (4 Years, Bachelor of Technology) 	AI 	OBC-NCL 	Female-only (including Supernumerary) 	4396 	6648
Indian Institute of Technology (BHU) Varanasi	Metallurgical Engineering (4 Years, Bachelor of Technology) 	AI 	OBC-NCL 	Gender-Neutral 	3410 	4370
Indian Institute of Technology (BHU) Varanasi	Metallurgical Engineering (4 Years, Bachelor of Technology) 	AI 	OBC-NCL 	Female-only (including Supernumerary) 	7240 	8175
Indian Institute of Technology (BHU) Varanasi	Mining Engineering (4 Years, Bachelor of Technology) 	AI 	OBC-NCL 	Gender-Neutral 	4119 	4919
Indian Institute of Technology (BHU) Varanasi	Mining Engineering (4 Years, Bachelor of Technology) 	AI 	OBC-NCL 	Female-only (including Supernumerary) 	8188 	9271
Indian Institute of Technology (BHU) Varanasi	Pharmaceutical Engineering & Technology (4 Years, Bachelor of Technology) 	AI 	OBC-NCL 	Gender-Neutral 	4560 	5200
Indian Institute of Technology (BHU) Varanasi	Pharmaceutical Engineering & Technology (4 Years, Bachelor of Technology) 	AI 	OBC-NCL 	Female-only (including Supernumerary) 	8973 	9314
Indian Institute of Technology Guwahati	Biosciences and Bioengineering (4 Years, Bachelor of Technology) 	AI 	OBC-NCL 	Gender-Neutral 	3465 	4064
Indian Institute of Technology Guwahati	Biosciences and Bioengineering (4 Years, Bachelor of Technology) 	AI 	OBC-NCL 	Female-only (including Supernumerary) 	6479 	7857
Indian Institute of Technology Guwahati	Chemical Engineering (4 Years, Bachelor of Technology) 	AI 	OBC-NCL 	Gender-Neutral 	2009 	2395
Indian Institute of Technology Guwahati	Chemical Engineering (4 Years, Bachelor of Technology) 	AI 	OBC-NCL 	Female-only (including Supernumerary) 	4936 	5638
Indian Institute of Technology Guwahati	Chemical Science and Technology (4 Years, Bachelor of Technology) 	AI 	OBC-NCL 	Gender-Neutral 	2355 	3092
Indian Institute of Technology Guwahati	Chemical Science and Technology (4 Years, Bachelor of Technology) 	AI 	OBC-NCL 	Female-only (including Supernumerary) 	6462 	6793
Indian Institute of Technology Guwahati	Civil Engineering (4 Years, Bachelor of Technology) 	AI 	OBC-NCL 	Gender-Neutral 	2689 	3157
Indian Institute of Technology Guwahati	Civil Engineering (4 Years, Bachelor of Technology) 	AI 	OBC-NCL 	Female-only (including Supernumerary) 	6219 	6458
Indian Institute of Technology Guwahati	Computer Science and Engineering (4 Years, Bachelor of Technology) 	AI 	OBC-NCL 	Gender-Neutral 	253 	324
Indian Institute of Technology Guwahati	Computer Science and Engineering (4 Years, Bachelor of Technology) 	AI 	OBC-NCL 	Female-only (including Supernumerary) 	918 	1197
Indian Institute of Technology Guwahati	Data Science and Artificial Intelligence (4 Years, Bachelor of Technology) 	AI 	OBC-NCL 	Gender-Neutral 	377 	439
Indian Institute of Technology Guwahati	Data Science and Artificial Intelligence (4 Years, Bachelor of Technology) 	AI 	OBC-NCL 	Female-only (including Supernumerary) 	1490 	1604
Indian Institute of Technology Guwahati	Electronics and Communication Engineering (4 Years, Bachelor of Technology) 	AI 	OBC-NCL 	Gender-Neutral 	686 	782
Indian Institute of Technology Guwahati	Electronics and Communication Engineering (4 Years, Bachelor of Technology) 	AI 	OBC-NCL 	Female-only (including Supernumerary) 	2099 	2381
Indian Institute of Technology Guwahati	Electronics and Electrical Engineering (4 Years, Bachelor of Technology) 	AI 	OBC-NCL 	Gender-Neutral 	383 	958
Indian Institute of Technology Guwahati	Electronics and Electrical Engineering (4 Years, Bachelor of Technology) 	AI 	OBC-NCL 	Female-only (including Supernumerary) 	2663 	3025
Indian Institute of Technology Guwahati	Energy Engineering (4 Years, Bachelor of Technology) 	AI 	OBC-NCL 	Gender-Neutral 	2442 	2704
Indian Institute of Technology Guwahati	Energy Engineering (4 Years, Bachelor of Technology) 	AI 	OBC-NCL 	Female-only (including Supernumerary) 	6346 	6346
Indian Institute of Technology Guwahati	Engineering Physics (4 Years, Bachelor of Technology) 	AI 	OBC-NCL 	Gender-Neutral 	2572 	3129
Indian Institute of Technology Guwahati	Engineering Physics (4 Years, Bachelor of Technology) 	AI 	OBC-NCL 	Female-only (including Supernumerary) 	6381 	6859
Indian Institute of Technology Guwahati	Mathematics and Computing (4 Years, Bachelor of Technology) 	AI 	OBC-NCL 	Gender-Neutral 	440 	532
Indian Institute of Technology Guwahati	Mathematics and Computing (4 Years, Bachelor of Technology) 	AI 	OBC-NCL 	Female-only (including Supernumerary) 	1858 	2250
Indian Institute of Technology Guwahati	Mechanical Engineering (4 Years, Bachelor of Technology) 	AI 	OBC-NCL 	Gender-Neutral 	1594 	2005
Indian Institute of Technology Guwahati	Mechanical Engineering (4 Years, Bachelor of Technology) 	AI 	OBC-NCL 	Female-only (including Supernumerary) 	5110 	5390
Indian Institute of Technology Bhilai	Computer Science and Engineering (4 Years, Bachelor of Technology) 	AI 	OBC-NCL 	Gender-Neutral 	1937 	2591
Indian Institute of Technology Bhilai	Computer Science and Engineering (4 Years, Bachelor of Technology) 	AI 	OBC-NCL 	Female-only (including Supernumerary) 	3819 	4045
Indian Institute of Technology Bhilai	Data Science and Artificial Intelligence (4 Years, Bachelor of Technology) 	AI 	OBC-NCL 	Gender-Neutral 	2272 	3026
Indian Institute of Technology Bhilai	Data Science and Artificial Intelligence (4 Years, Bachelor of Technology) 	AI 	OBC-NCL 	Female-only (including Supernumerary) 	4962 	5097
Indian Institute of Technology Bhilai	Electrical Engineering (4 Years, Bachelor of Technology) 	AI 	OBC-NCL 	Gender-Neutral 	3551 	3906
Indian Institute of Technology Bhilai	Electrical Engineering (4 Years, Bachelor of Technology) 	AI 	OBC-NCL 	Female-only (including Supernumerary) 	6279 	6665
Indian Institute of Technology Bhilai	Electronics and Communication Engineering (4 Years, Bachelor of Technology) 	AI 	OBC-NCL 	Gender-Neutral 	2878 	3375
Indian Institute of Technology Bhilai	Electronics and Communication Engineering (4 Years, Bachelor of Technology) 	AI 	OBC-NCL 	Female-only (including Supernumerary) 	4668 	6277
Indian Institute of Technology Bhilai	Materials Science and Metallurgical Engineering (4 Years, Bachelor of Technology) 	AI 	OBC-NCL 	Gender-Neutral 	5183 	5489
Indian Institute of Technology Bhilai	Materials Science and Metallurgical Engineering (4 Years, Bachelor of Technology) 	AI 	OBC-NCL 	Female-only (including Supernumerary) 	9349 	9349
Indian Institute of Technology Bhilai	Mechanical Engineering (4 Years, Bachelor of Technology) 	AI 	OBC-NCL 	Gender-Neutral 	4179 	4543
Indian Institute of Technology Bhilai	Mechanical Engineering (4 Years, Bachelor of Technology) 	AI 	OBC-NCL 	Female-only (including Supernumerary) 	8309 	8507
Indian Institute of Technology Bhilai	Mechatronics Engineering (4 Years, Bachelor of Technology) 	AI 	OBC-NCL 	Gender-Neutral 	3062 	4491
Indian Institute of Technology Bhilai	Mechatronics Engineering (4 Years, Bachelor of Technology) 	AI 	OBC-NCL 	Female-only (including Supernumerary) 	7087 	8018
Indian Institute of Technology Goa	Computer Science and Engineering (4 Years, Bachelor of Technology) 	AI 	OBC-NCL 	Gender-Neutral 	1497 	2101
Indian Institute of Technology Goa	Computer Science and Engineering (4 Years, Bachelor of Technology) 	AI 	OBC-NCL 	Female-only (including Supernumerary) 	4193 	4459
Indian Institute of Technology Goa	Electrical Engineering (4 Years, Bachelor of Technology) 	AI 	OBC-NCL 	Gender-Neutral 	3371 	3588
Indian Institute of Technology Goa	Electrical Engineering (4 Years, Bachelor of Technology) 	AI 	OBC-NCL 	Female-only (including Supernumerary) 	6540 	6634
Indian Institute of Technology Goa	Mathematics and Computing (4 Years, Bachelor of Technology) 	AI 	OBC-NCL 	Gender-Neutral 	2373 	2904
Indian Institute of Technology Goa	Mathematics and Computing (4 Years, Bachelor of Technology) 	AI 	OBC-NCL 	Female-only (including Supernumerary) 	4604 	4821
Indian Institute of Technology Goa	Mechanical Engineering (4 Years, Bachelor of Technology) 	AI 	OBC-NCL 	Gender-Neutral 	3437 	4230
Indian Institute of Technology Goa	Mechanical Engineering (4 Years, Bachelor of Technology) 	AI 	OBC-NCL 	Female-only (including Supernumerary) 	7998 	8071
Indian Institute of Technology Palakkad	Civil Engineering (4 Years, Bachelor of Technology) 	AI 	OBC-NCL 	Gender-Neutral 	4573 	5167
Indian Institute of Technology Palakkad	Civil Engineering (4 Years, Bachelor of Technology) 	AI 	OBC-NCL 	Female-only (including Supernumerary) 	8013 	8600
Indian Institute of Technology Palakkad	Computer Science and Engineering (4 Years, Bachelor of Technology) 	AI 	OBC-NCL 	Gender-Neutral 	1942 	2229
Indian Institute of Technology Palakkad	Computer Science and Engineering (4 Years, Bachelor of Technology) 	AI 	OBC-NCL 	Female-only (including Supernumerary) 	3301 	3301
Indian Institute of Technology Palakkad	Data Science and Engineering (4 Years, Bachelor of Technology) 	AI 	OBC-NCL 	Gender-Neutral 	2369 	2883
Indian Institute of Technology Palakkad	Data Science and Engineering (4 Years, Bachelor of Technology) 	AI 	OBC-NCL 	Female-only (including Supernumerary) 	4673 	4673
Indian Institute of Technology Palakkad	Electrical Engineering (4 Years, Bachelor of Technology) 	AI 	OBC-NCL 	Gender-Neutral 	2293 	3524
Indian Institute of Technology Palakkad	Electrical Engineering (4 Years, Bachelor of Technology) 	AI 	OBC-NCL 	Female-only (including Supernumerary) 	6407 	6637
Indian Institute of Technology Palakkad	Mechanical Engineering (4 Years, Bachelor of Technology) 	AI 	OBC-NCL 	Gender-Neutral 	3145 	4144
Indian Institute of Technology Palakkad	Mechanical Engineering (4 Years, Bachelor of Technology) 	AI 	OBC-NCL 	Female-only (including Supernumerary) 	7603 	7860
Indian Institute of Technology Tirupati	Chemical Engineering (4 Years, Bachelor of Technology) 	AI 	OBC-NCL 	Gender-Neutral 	4450 	4810
Indian Institute of Technology Tirupati	Chemical Engineering (4 Years, Bachelor of Technology) 	AI 	OBC-NCL 	Female-only (including Supernumerary) 	7450 	7524
Indian Institute of Technology Tirupati	Civil Engineering (4 Years, Bachelor of Technology) 	AI 	OBC-NCL 	Gender-Neutral 	4627 	5063
Indian Institute of Technology Tirupati	Civil Engineering (4 Years, Bachelor of Technology) 	AI 	OBC-NCL 	Female-only (including Supernumerary) 	7654 	7664
Indian Institute of Technology Tirupati	Computer Science and Engineering (4 Years, Bachelor of Technology) 	AI 	OBC-NCL 	Gender-Neutral 	1579 	1891
Indian Institute of Technology Tirupati	Computer Science and Engineering (4 Years, Bachelor of Technology) 	AI 	OBC-NCL 	Female-only (including Supernumerary) 	2134 	2675
Indian Institute of Technology Tirupati	Electrical Engineering (4 Years, Bachelor of Technology) 	AI 	OBC-NCL 	Gender-Neutral 	2420 	3423
Indian Institute of Technology Tirupati	Electrical Engineering (4 Years, Bachelor of Technology) 	AI 	OBC-NCL 	Female-only (including Supernumerary) 	5141 	6080
Indian Institute of Technology Tirupati	Engineering Physics (4 Years, Bachelor of Technology) 	AI 	OBC-NCL 	Gender-Neutral 	4576 	4689
Indian Institute of Technology Tirupati	Mechanical Engineering (4 Years, Bachelor of Technology) 	AI 	OBC-NCL 	Gender-Neutral 	3657 	4111
Indian Institute of Technology Tirupati	Mechanical Engineering (4 Years, Bachelor of Technology) 	AI 	OBC-NCL 	Female-only (including Supernumerary) 	6401 	7032
Indian Institute of Technology Jammu	Chemical Engineering (4 Years, Bachelor of Technology) 	AI 	OBC-NCL 	Gender-Neutral 	4515 	5346
Indian Institute of Technology Jammu	Chemical Engineering (4 Years, Bachelor of Technology) 	AI 	OBC-NCL 	Female-only (including Supernumerary) 	9151 	9381
Indian Institute of Technology Jammu	Civil Engineering (4 Years, Bachelor of Technology) 	AI 	OBC-NCL 	Gender-Neutral 	5135 	5339
Indian Institute of Technology Jammu	Civil Engineering (4 Years, Bachelor of Technology) 	AI 	OBC-NCL 	Female-only (including Supernumerary) 	9084 	9664
Indian Institute of Technology Jammu	Computer Science and Engineering (4 Years, Bachelor of Technology) 	AI 	OBC-NCL 	Gender-Neutral 	1991 	2594
Indian Institute of Technology Jammu	Computer Science and Engineering (4 Years, Bachelor of Technology) 	AI 	OBC-NCL 	Female-only (including Supernumerary) 	4981 	5096
Indian Institute of Technology Jammu	Electrical Engineering (4 Years, Bachelor of Technology) 	AI 	OBC-NCL 	Gender-Neutral 	3387 	3949
Indian Institute of Technology Jammu	Electrical Engineering (4 Years, Bachelor of Technology) 	AI 	OBC-NCL 	Female-only (including Supernumerary) 	6925 	7892
Indian Institute of Technology Jammu	Engineering Physics (4 Years, Bachelor of Technology) 	AI 	OBC-NCL 	Gender-Neutral 	5211 	5487
Indian Institute of Technology Jammu	Engineering Physics (4 Years, Bachelor of Technology) 	AI 	OBC-NCL 	Female-only (including Supernumerary) 	9469 	9469
Indian Institute of Technology Jammu	Materials Engineering (4 Years, Bachelor of Technology) 	AI 	OBC-NCL 	Gender-Neutral 	5351 	5606
Indian Institute of Technology Jammu	Materials Engineering (4 Years, Bachelor of Technology) 	AI 	OBC-NCL 	Female-only (including Supernumerary) 	9537 	9804
Indian Institute of Technology Jammu	Mathematics and Computing (4 Years, Bachelor of Technology) 	AI 	OBC-NCL 	Gender-Neutral 	2987 	3278
Indian Institute of Technology Jammu	Mathematics and Computing (4 Years, Bachelor of Technology) 	AI 	OBC-NCL 	Female-only (including Supernumerary) 	6284 	6915
Indian Institute of Technology Jammu	Mechanical Engineering (4 Years, Bachelor of Technology) 	AI 	OBC-NCL 	Gender-Neutral 	4225 	4685
Indian Institute of Technology Jammu	Mechanical Engineering (4 Years, Bachelor of Technology) 	AI 	OBC-NCL 	Female-only (including Supernumerary) 	8380 	8750
Indian Institute of Technology Dharwad	Chemical and Biochemical Engineering (4 Years, Bachelor of Technology) 	AI 	OBC-NCL 	Gender-Neutral 	5171 	5499
Indian Institute of Technology Dharwad	Chemical and Biochemical Engineering (4 Years, Bachelor of Technology) 	AI 	OBC-NCL 	Female-only (including Supernumerary) 	8761 	8910
Indian Institute of Technology Dharwad	Civil and Infrastructure Engineering (4 Years, Bachelor of Technology) 	AI 	OBC-NCL 	Gender-Neutral 	4525 	5274
Indian Institute of Technology Dharwad	Civil and Infrastructure Engineering (4 Years, Bachelor of Technology) 	AI 	OBC-NCL 	Female-only (including Supernumerary) 	8085 	8471
Indian Institute of Technology Dharwad	Computer Science and Engineering (4 Years, Bachelor of Technology) 	AI 	OBC-NCL 	Gender-Neutral 	2247 	2476
Indian Institute of Technology Dharwad	Computer Science and Engineering (4 Years, Bachelor of Technology) 	AI 	OBC-NCL 	Female-only (including Supernumerary) 	4021 	4431
Indian Institute of Technology Dharwad	Electrical and Electronics Engineering (4 Years, Bachelor of Technology) 	AI 	OBC-NCL 	Gender-Neutral 	3402 	3639
Indian Institute of Technology Dharwad	Electrical and Electronics Engineering (4 Years, Bachelor of Technology) 	AI 	OBC-NCL 	Female-only (including Supernumerary) 	5960 	6349
Indian Institute of Technology Dharwad	Electronics and Communication Engineering (4 Years, Bachelor of Technology) 	AI 	OBC-NCL 	Gender-Neutral 	2971 	3221
Indian Institute of Technology Dharwad	Electronics and Communication Engineering (4 Years, Bachelor of Technology) 	AI 	OBC-NCL 	Female-only (including Supernumerary) 	4582 	5384
Indian Institute of Technology Dharwad	Engineering Physics (4 Years, Bachelor of Technology) 	AI 	OBC-NCL 	Gender-Neutral 	3844 	5158
Indian Institute of Technology Dharwad	Engineering Physics (4 Years, Bachelor of Technology) 	AI 	OBC-NCL 	Female-only (including Supernumerary) 	8844 	8916
Indian Institute of Technology Dharwad	Interdisciplinary Sciences (5 Years, Bachelor of Science and Master of Science (Dual Degree)) 	AI 	OBC-NCL 	Gender-Neutral 	5564 	5988
Indian Institute of Technology Dharwad	Interdisciplinary Sciences (5 Years, Bachelor of Science and Master of Science (Dual Degree)) 	AI 	OBC-NCL 	Female-only (including Supernumerary) 	9345 	9938
Indian Institute of Technology Dharwad	Mathematics and Computing (4 Years, Bachelor of Technology) 	AI 	OBC-NCL 	Gender-Neutral 	2362 	3060
Indian Institute of Technology Dharwad	Mathematics and Computing (4 Years, Bachelor of Technology) 	AI 	OBC-NCL 	Female-only (including Supernumerary) 	5225 	5463
Indian Institute of Technology Dharwad	Mechanical Engineering (4 Years, Bachelor of Technology) 	AI 	OBC-NCL 	Gender-Neutral 	3610 	4566
Indian Institute of Technology Dharwad	Mechanical Engineering (4 Years, Bachelor of Technology) 	AI 	OBC-NCL 	Female-only (including Supernumerary) 	7821 	8445
Dr. B R Ambedkar National Institute of Technology, Jalandhar	Bio Technology (4 Years, Bachelor of Technology) 	HS 	OBC-NCL 	Gender-Neutral 	33291 	52241
Dr. B R Ambedkar National Institute of Technology, Jalandhar	Bio Technology (4 Years, Bachelor of Technology) 	HS 	OBC-NCL 	Female-only (including Supernumerary) 	52894 	56151
Dr. B R Ambedkar National Institute of Technology, Jalandhar	Bio Technology (4 Years, Bachelor of Technology) 	OS 	OBC-NCL 	Gender-Neutral 	12903 	13478
Dr. B R Ambedkar National Institute of Technology, Jalandhar	Bio Technology (4 Years, Bachelor of Technology) 	OS 	OBC-NCL 	Female-only (including Supernumerary) 	16439 	17214
Dr. B R Ambedkar National Institute of Technology, Jalandhar	Chemical Engineering (4 Years, Bachelor of Technology) 	HS 	OBC-NCL 	Gender-Neutral 	24307 	42794
Dr. B R Ambedkar National Institute of Technology, Jalandhar	Chemical Engineering (4 Years, Bachelor of Technology) 	HS 	OBC-NCL 	Female-only (including Supernumerary) 	37359 	39672
Dr. B R Ambedkar National Institute of Technology, Jalandhar	Chemical Engineering (4 Years, Bachelor of Technology) 	OS 	OBC-NCL 	Gender-Neutral 	9743 	10647
Dr. B R Ambedkar National Institute of Technology, Jalandhar	Chemical Engineering (4 Years, Bachelor of Technology) 	OS 	OBC-NCL 	Female-only (including Supernumerary) 	16014 	16580
Dr. B R Ambedkar National Institute of Technology, Jalandhar	Civil Engineering (4 Years, Bachelor of Technology) 	HS 	OBC-NCL 	Gender-Neutral 	32011 	39530
Dr. B R Ambedkar National Institute of Technology, Jalandhar	Civil Engineering (4 Years, Bachelor of Technology) 	HS 	OBC-NCL 	Female-only (including Supernumerary) 	43683 	44470
Dr. B R Ambedkar National Institute of Technology, Jalandhar	Civil Engineering (4 Years, Bachelor of Technology) 	OS 	OBC-NCL 	Gender-Neutral 	10996 	12040
Dr. B R Ambedkar National Institute of Technology, Jalandhar	Civil Engineering (4 Years, Bachelor of Technology) 	OS 	OBC-NCL 	Female-only (including Supernumerary) 	18176 	18509
Dr. B R Ambedkar National Institute of Technology, Jalandhar	Computer Science and Engineering (4 Years, Bachelor of Technology) 	HS 	OBC-NCL 	Gender-Neutral 	3960 	7779
Dr. B R Ambedkar National Institute of Technology, Jalandhar	Computer Science and Engineering (4 Years, Bachelor of Technology) 	HS 	OBC-NCL 	Female-only (including Supernumerary) 	4979 	10562
Dr. B R Ambedkar National Institute of Technology, Jalandhar	Computer Science and Engineering (4 Years, Bachelor of Technology) 	OS 	OBC-NCL 	Gender-Neutral 	2600 	3642
Dr. B R Ambedkar National Institute of Technology, Jalandhar	Computer Science and Engineering (4 Years, Bachelor of Technology) 	OS 	OBC-NCL 	Female-only (including Supernumerary) 	4915 	6862
Dr. B R Ambedkar National Institute of Technology, Jalandhar	Data Science and Engineering (4 Years, Bachelor of Technology) 	HS 	OBC-NCL 	Gender-Neutral 	8634 	16759
Dr. B R Ambedkar National Institute of Technology, Jalandhar	Data Science and Engineering (4 Years, Bachelor of Technology) 	HS 	OBC-NCL 	Female-only (including Supernumerary) 	23221 	23221
Dr. B R Ambedkar National Institute of Technology, Jalandhar	Data Science and Engineering (4 Years, Bachelor of Technology) 	OS 	OBC-NCL 	Gender-Neutral 	4285 	5002
Dr. B R Ambedkar National Institute of Technology, Jalandhar	Data Science and Engineering (4 Years, Bachelor of Technology) 	OS 	OBC-NCL 	Female-only (including Supernumerary) 	8853 	8853
Dr. B R Ambedkar National Institute of Technology, Jalandhar	Electrical Engineering (4 Years, Bachelor of Technology) 	HS 	OBC-NCL 	Gender-Neutral 	7876 	24214
Dr. B R Ambedkar National Institute of Technology, Jalandhar	Electrical Engineering (4 Years, Bachelor of Technology) 	HS 	OBC-NCL 	Female-only (including Supernumerary) 	30017 	30017
Dr. B R Ambedkar National Institute of Technology, Jalandhar	Electrical Engineering (4 Years, Bachelor of Technology) 	OS 	OBC-NCL 	Gender-Neutral 	5877 	6442
Dr. B R Ambedkar National Institute of Technology, Jalandhar	Electrical Engineering (4 Years, Bachelor of Technology) 	OS 	OBC-NCL 	Female-only (including Supernumerary) 	12149 	12149
Dr. B R Ambedkar National Institute of Technology, Jalandhar	Electronics and Communication Engineering (4 Years, Bachelor of Technology) 	HS 	OBC-NCL 	Gender-Neutral 	9081 	20131
Dr. B R Ambedkar National Institute of Technology, Jalandhar	Electronics and Communication Engineering (4 Years, Bachelor of Technology) 	HS 	OBC-NCL 	Female-only (including Supernumerary) 	22397 	24627
Dr. B R Ambedkar National Institute of Technology, Jalandhar	Electronics and Communication Engineering (4 Years, Bachelor of Technology) 	OS 	OBC-NCL 	Gender-Neutral 	4728 	5213
Dr. B R Ambedkar National Institute of Technology, Jalandhar	Electronics and Communication Engineering (4 Years, Bachelor of Technology) 	OS 	OBC-NCL 	Female-only (including Supernumerary) 	8936 	8974
Dr. B R Ambedkar National Institute of Technology, Jalandhar	Electronics and VLSI Engineering (4 Years, Bachelor of Technology) 	HS 	OBC-NCL 	Gender-Neutral 	20926 	23520
Dr. B R Ambedkar National Institute of Technology, Jalandhar	Electronics and VLSI Engineering (4 Years, Bachelor of Technology) 	HS 	OBC-NCL 	Female-only (including Supernumerary) 	25671 	25671
Dr. B R Ambedkar National Institute of Technology, Jalandhar	Electronics and VLSI Engineering (4 Years, Bachelor of Technology) 	OS 	OBC-NCL 	Gender-Neutral 	5165 	5511
Dr. B R Ambedkar National Institute of Technology, Jalandhar	Electronics and VLSI Engineering (4 Years, Bachelor of Technology) 	OS 	OBC-NCL 	Female-only (including Supernumerary) 	10837 	10837
Dr. B R Ambedkar National Institute of Technology, Jalandhar	Industrial and Production Engineering (4 Years, Bachelor of Technology) 	HS 	OBC-NCL 	Gender-Neutral 	44379 	49771
Dr. B R Ambedkar National Institute of Technology, Jalandhar	Industrial and Production Engineering (4 Years, Bachelor of Technology) 	HS 	OBC-NCL 	Female-only (including Supernumerary) 	63114 	70716
Dr. B R Ambedkar National Institute of Technology, Jalandhar	Industrial and Production Engineering (4 Years, Bachelor of Technology) 	OS 	OBC-NCL 	Gender-Neutral 	11331 	13259
Dr. B R Ambedkar National Institute of Technology, Jalandhar	Industrial and Production Engineering (4 Years, Bachelor of Technology) 	OS 	OBC-NCL 	Female-only (including Supernumerary) 	18446 	18859
Dr. B R Ambedkar National Institute of Technology, Jalandhar	Information Technology (4 Years, Bachelor of Technology) 	HS 	OBC-NCL 	Gender-Neutral 	7892 	14397
Dr. B R Ambedkar National Institute of Technology, Jalandhar	Information Technology (4 Years, Bachelor of Technology) 	HS 	OBC-NCL 	Female-only (including Supernumerary) 	11219 	17441
Dr. B R Ambedkar National Institute of Technology, Jalandhar	Information Technology (4 Years, Bachelor of Technology) 	OS 	OBC-NCL 	Gender-Neutral 	3759 	4787
Dr. B R Ambedkar National Institute of Technology, Jalandhar	Information Technology (4 Years, Bachelor of Technology) 	OS 	OBC-NCL 	Female-only (including Supernumerary) 	7634 	8458
Dr. B R Ambedkar National Institute of Technology, Jalandhar	Instrumentation and Control Engineering (4 Years, Bachelor of Technology) 	HS 	OBC-NCL 	Gender-Neutral 	25114 	34615
Dr. B R Ambedkar National Institute of Technology, Jalandhar	Instrumentation and Control Engineering (4 Years, Bachelor of Technology) 	HS 	OBC-NCL 	Female-only (including Supernumerary) 	45649 	60462
Dr. B R Ambedkar National Institute of Technology, Jalandhar	Instrumentation and Control Engineering (4 Years, Bachelor of Technology) 	OS 	OBC-NCL 	Gender-Neutral 	7020 	8201
Dr. B R Ambedkar National Institute of Technology, Jalandhar	Instrumentation and Control Engineering (4 Years, Bachelor of Technology) 	OS 	OBC-NCL 	Female-only (including Supernumerary) 	15521 	15521
Dr. B R Ambedkar National Institute of Technology, Jalandhar	Mathematics and Computing (4 Years, Bachelor of Technology) 	HS 	OBC-NCL 	Gender-Neutral 	12994 	18525
Dr. B R Ambedkar National Institute of Technology, Jalandhar	Mathematics and Computing (4 Years, Bachelor of Technology) 	HS 	OBC-NCL 	Female-only (including Supernumerary) 	23380 	23380
Dr. B R Ambedkar National Institute of Technology, Jalandhar	Mathematics and Computing (4 Years, Bachelor of Technology) 	OS 	OBC-NCL 	Gender-Neutral 	4010 	4838
Dr. B R Ambedkar National Institute of Technology, Jalandhar	Mathematics and Computing (4 Years, Bachelor of Technology) 	OS 	OBC-NCL 	Female-only (including Supernumerary) 	9610 	9610
Dr. B R Ambedkar National Institute of Technology, Jalandhar	Mechanical Engineering (4 Years, Bachelor of Technology) 	HS 	OBC-NCL 	Gender-Neutral 	25447 	33874
Dr. B R Ambedkar National Institute of Technology, Jalandhar	Mechanical Engineering (4 Years, Bachelor of Technology) 	HS 	OBC-NCL 	Female-only (including Supernumerary) 	30929 	52625
Dr. B R Ambedkar National Institute of Technology, Jalandhar	Mechanical Engineering (4 Years, Bachelor of Technology) 	OS 	OBC-NCL 	Gender-Neutral 	8453 	9299
Dr. B R Ambedkar National Institute of Technology, Jalandhar	Mechanical Engineering (4 Years, Bachelor of Technology) 	OS 	OBC-NCL 	Female-only (including Supernumerary) 	16976 	17040
Dr. B R Ambedkar National Institute of Technology, Jalandhar	Textile Technology (4 Years, Bachelor of Technology) 	HS 	OBC-NCL 	Gender-Neutral 	44934 	51292
Dr. B R Ambedkar National Institute of Technology, Jalandhar	Textile Technology (4 Years, Bachelor of Technology) 	HS 	OBC-NCL 	Female-only (including Supernumerary) 	41751 	72072
Dr. B R Ambedkar National Institute of Technology, Jalandhar	Textile Technology (4 Years, Bachelor of Technology) 	OS 	OBC-NCL 	Gender-Neutral 	13353 	14878
Dr. B R Ambedkar National Institute of Technology, Jalandhar	Textile Technology (4 Years, Bachelor of Technology) 	OS 	OBC-NCL 	Female-only (including Supernumerary) 	19226 	19226
Malaviya National Institute of Technology Jaipur	Architecture (5 Years, Bachelor of Architecture) 	HS 	OBC-NCL 	Gender-Neutral 	427 	824
Malaviya National Institute of Technology Jaipur	Architecture (5 Years, Bachelor of Architecture) 	HS 	OBC-NCL 	Female-only (including Supernumerary) 	457 	648
Malaviya National Institute of Technology Jaipur	Architecture (5 Years, Bachelor of Architecture) 	OS 	OBC-NCL 	Gender-Neutral 	168 	337
Malaviya National Institute of Technology Jaipur	Architecture (5 Years, Bachelor of Architecture) 	OS 	OBC-NCL 	Female-only (including Supernumerary) 	260 	298
Malaviya National Institute of Technology Jaipur	Artificial Intelligence and Data Engineering (4 Years, Bachelor of Technology) 	HS 	OBC-NCL 	Gender-Neutral 	1512 	2228
Malaviya National Institute of Technology Jaipur	Artificial Intelligence and Data Engineering (4 Years, Bachelor of Technology) 	HS 	OBC-NCL 	Female-only (including Supernumerary) 	4556 	4556
Malaviya National Institute of Technology Jaipur	Artificial Intelligence and Data Engineering (4 Years, Bachelor of Technology) 	OS 	OBC-NCL 	Gender-Neutral 	1531 	2090
Malaviya National Institute of Technology Jaipur	Artificial Intelligence and Data Engineering (4 Years, Bachelor of Technology) 	OS 	OBC-NCL 	Female-only (including Supernumerary) 	3526 	3526
Malaviya National Institute of Technology Jaipur	Chemical Engineering (4 Years, Bachelor of Technology) 	HS 	OBC-NCL 	Gender-Neutral 	6425 	8302
Malaviya National Institute of Technology Jaipur	Chemical Engineering (4 Years, Bachelor of Technology) 	HS 	OBC-NCL 	Female-only (including Supernumerary) 	10050 	12470
Malaviya National Institute of Technology Jaipur	Chemical Engineering (4 Years, Bachelor of Technology) 	OS 	OBC-NCL 	Gender-Neutral 	6661 	8232
Malaviya National Institute of Technology Jaipur	Chemical Engineering (4 Years, Bachelor of Technology) 	OS 	OBC-NCL 	Female-only (including Supernumerary) 	13055 	14384
Malaviya National Institute of Technology Jaipur	Civil Engineering (4 Years, Bachelor of Technology) 	HS 	OBC-NCL 	Gender-Neutral 	7746 	9116
Malaviya National Institute of Technology Jaipur	Civil Engineering (4 Years, Bachelor of Technology) 	HS 	OBC-NCL 	Female-only (including Supernumerary) 	10248 	11657
Malaviya National Institute of Technology Jaipur	Civil Engineering (4 Years, Bachelor of Technology) 	OS 	OBC-NCL 	Gender-Neutral 	8905 	10202
Malaviya National Institute of Technology Jaipur	Civil Engineering (4 Years, Bachelor of Technology) 	OS 	OBC-NCL 	Female-only (including Supernumerary) 	14576 	15276
Malaviya National Institute of Technology Jaipur	Computer Science and Engineering (4 Years, Bachelor of Technology) 	HS 	OBC-NCL 	Gender-Neutral 	1311 	1820
Malaviya National Institute of Technology Jaipur	Computer Science and Engineering (4 Years, Bachelor of Technology) 	HS 	OBC-NCL 	Female-only (including Supernumerary) 	3361 	3752
Malaviya National Institute of Technology Jaipur	Computer Science and Engineering (4 Years, Bachelor of Technology) 	OS 	OBC-NCL 	Gender-Neutral 	1268 	1997
Malaviya National Institute of Technology Jaipur	Computer Science and Engineering (4 Years, Bachelor of Technology) 	OS 	OBC-NCL 	Female-only (including Supernumerary) 	2068 	3427
Malaviya National Institute of Technology Jaipur	Electrical Engineering (4 Years, Bachelor of Technology) 	HS 	OBC-NCL 	Gender-Neutral 	3554 	4438
Malaviya National Institute of Technology Jaipur	Electrical Engineering (4 Years, Bachelor of Technology) 	HS 	OBC-NCL 	Female-only (including Supernumerary) 	8761 	9442
Malaviya National Institute of Technology Jaipur	Electrical Engineering (4 Years, Bachelor of Technology) 	OS 	OBC-NCL 	Gender-Neutral 	3712 	4919
Malaviya National Institute of Technology Jaipur	Electrical Engineering (4 Years, Bachelor of Technology) 	OS 	OBC-NCL 	Female-only (including Supernumerary) 	8119 	9590
Malaviya National Institute of Technology Jaipur	Electronics and Communication Engineering (4 Years, Bachelor of Technology) 	HS 	OBC-NCL 	Gender-Neutral 	2648 	3446
Malaviya National Institute of Technology Jaipur	Electronics and Communication Engineering (4 Years, Bachelor of Technology) 	HS 	OBC-NCL 	Female-only (including Supernumerary) 	5722 	5997
Malaviya National Institute of Technology Jaipur	Electronics and Communication Engineering (4 Years, Bachelor of Technology) 	OS 	OBC-NCL 	Gender-Neutral 	2769 	3535
Malaviya National Institute of Technology Jaipur	Electronics and Communication Engineering (4 Years, Bachelor of Technology) 	OS 	OBC-NCL 	Female-only (including Supernumerary) 	5033 	6233
Malaviya National Institute of Technology Jaipur	Mechanical Engineering (4 Years, Bachelor of Technology) 	HS 	OBC-NCL 	Gender-Neutral 	5156 	7080
Malaviya National Institute of Technology Jaipur	Mechanical Engineering (4 Years, Bachelor of Technology) 	HS 	OBC-NCL 	Female-only (including Supernumerary) 	9455 	12497
Malaviya National Institute of Technology Jaipur	Mechanical Engineering (4 Years, Bachelor of Technology) 	OS 	OBC-NCL 	Gender-Neutral 	5097 	6869
Malaviya National Institute of Technology Jaipur	Mechanical Engineering (4 Years, Bachelor of Technology) 	OS 	OBC-NCL 	Female-only (including Supernumerary) 	8737 	14204
Malaviya National Institute of Technology Jaipur	Metallurgical and Materials Engineering (4 Years, Bachelor of Technology) 	HS 	OBC-NCL 	Gender-Neutral 	9488 	11163
Malaviya National Institute of Technology Jaipur	Metallurgical and Materials Engineering (4 Years, Bachelor of Technology) 	HS 	OBC-NCL 	Female-only (including Supernumerary) 	13575 	17339
Malaviya National Institute of Technology Jaipur	Metallurgical and Materials Engineering (4 Years, Bachelor of Technology) 	OS 	OBC-NCL 	Gender-Neutral 	10079 	11818
Malaviya National Institute of Technology Jaipur	Metallurgical and Materials Engineering (4 Years, Bachelor of Technology) 	OS 	OBC-NCL 	Female-only (including Supernumerary) 	15399 	16189
Maulana Azad National Institute of Technology Bhopal	Architecture (5 Years, Bachelor of Architecture) 	HS 	OBC-NCL 	Gender-Neutral 	669 	2482
Maulana Azad National Institute of Technology Bhopal	Architecture (5 Years, Bachelor of Architecture) 	HS 	OBC-NCL 	Female-only (including Supernumerary) 	597 	1035
Maulana Azad National Institute of Technology Bhopal	Architecture (5 Years, Bachelor of Architecture) 	OS 	OBC-NCL 	Gender-Neutral 	284 	415
Maulana Azad National Institute of Technology Bhopal	Architecture (5 Years, Bachelor of Architecture) 	OS 	OBC-NCL 	Female-only (including Supernumerary) 	364 	372
Maulana Azad National Institute of Technology Bhopal	B. Tech. and M. Tech. in Engineering and Computational Mechanics (Dual Degree) (5 Years, Bachelor and Master of Technology (Dual Degree)) 	HS 	OBC-NCL 	Gender-Neutral 	8311 	10498
Maulana Azad National Institute of Technology Bhopal	B. Tech. and M. Tech. in Engineering and Computational Mechanics (Dual Degree) (5 Years, Bachelor and Master of Technology (Dual Degree)) 	HS 	OBC-NCL 	Female-only (including Supernumerary) 	19518 	19518
Maulana Azad National Institute of Technology Bhopal	B. Tech. and M. Tech. in Engineering and Computational Mechanics (Dual Degree) (5 Years, Bachelor and Master of Technology (Dual Degree)) 	OS 	OBC-NCL 	Gender-Neutral 	6052 	7810
Maulana Azad National Institute of Technology Bhopal	B. Tech. and M. Tech. in Engineering and Computational Mechanics (Dual Degree) (5 Years, Bachelor and Master of Technology (Dual Degree)) 	OS 	OBC-NCL 	Female-only (including Supernumerary) 	10317 	10317
Maulana Azad National Institute of Technology Bhopal	Chemical Engineering (4 Years, Bachelor of Technology) 	HS 	OBC-NCL 	Gender-Neutral 	11033 	11716
Maulana Azad National Institute of Technology Bhopal	Chemical Engineering (4 Years, Bachelor of Technology) 	HS 	OBC-NCL 	Female-only (including Supernumerary) 	17222 	18713
Maulana Azad National Institute of Technology Bhopal	Chemical Engineering (4 Years, Bachelor of Technology) 	OS 	OBC-NCL 	Gender-Neutral 	9496 	10460
Maulana Azad National Institute of Technology Bhopal	Chemical Engineering (4 Years, Bachelor of Technology) 	OS 	OBC-NCL 	Female-only (including Supernumerary) 	15189 	15335
Maulana Azad National Institute of Technology Bhopal	Civil Engineering (4 Years, Bachelor of Technology) 	HS 	OBC-NCL 	Gender-Neutral 	11903 	13937
Maulana Azad National Institute of Technology Bhopal	Civil Engineering (4 Years, Bachelor of Technology) 	HS 	OBC-NCL 	Female-only (including Supernumerary) 	21935 	21987
Maulana Azad National Institute of Technology Bhopal	Civil Engineering (4 Years, Bachelor of Technology) 	OS 	OBC-NCL 	Gender-Neutral 	10173 	12013
Maulana Azad National Institute of Technology Bhopal	Civil Engineering (4 Years, Bachelor of Technology) 	OS 	OBC-NCL 	Female-only (including Supernumerary) 	18707 	19214
Maulana Azad National Institute of Technology Bhopal	Computer Science and Engineering (4 Years, Bachelor of Technology) 	HS 	OBC-NCL 	Gender-Neutral 	2629 	4015
Maulana Azad National Institute of Technology Bhopal	Computer Science and Engineering (4 Years, Bachelor of Technology) 	HS 	OBC-NCL 	Female-only (including Supernumerary) 	5431 	9029
Maulana Azad National Institute of Technology Bhopal	Computer Science and Engineering (4 Years, Bachelor of Technology) 	OS 	OBC-NCL 	Gender-Neutral 	2582 	3141
Maulana Azad National Institute of Technology Bhopal	Computer Science and Engineering (4 Years, Bachelor of Technology) 	OS 	OBC-NCL 	Female-only (including Supernumerary) 	4644 	6073
Maulana Azad National Institute of Technology Bhopal	Electrical Engineering (4 Years, Bachelor of Technology) 	HS 	OBC-NCL 	Gender-Neutral 	6138 	7565
Maulana Azad National Institute of Technology Bhopal	Electrical Engineering (4 Years, Bachelor of Technology) 	HS 	OBC-NCL 	Female-only (including Supernumerary) 	13340 	16088
Maulana Azad National Institute of Technology Bhopal	Electrical Engineering (4 Years, Bachelor of Technology) 	OS 	OBC-NCL 	Gender-Neutral 	5131 	6243
Maulana Azad National Institute of Technology Bhopal	Electrical Engineering (4 Years, Bachelor of Technology) 	OS 	OBC-NCL 	Female-only (including Supernumerary) 	11844 	12067
Maulana Azad National Institute of Technology Bhopal	Electronics and Communication Engineering (4 Years, Bachelor of Technology) 	HS 	OBC-NCL 	Gender-Neutral 	4083 	5488
Maulana Azad National Institute of Technology Bhopal	Electronics and Communication Engineering (4 Years, Bachelor of Technology) 	HS 	OBC-NCL 	Female-only (including Supernumerary) 	10185 	12127
Maulana Azad National Institute of Technology Bhopal	Electronics and Communication Engineering (4 Years, Bachelor of Technology) 	OS 	OBC-NCL 	Gender-Neutral 	3423 	4863
Maulana Azad National Institute of Technology Bhopal	Electronics and Communication Engineering (4 Years, Bachelor of Technology) 	OS 	OBC-NCL 	Female-only (including Supernumerary) 	6991 	7901
Maulana Azad National Institute of Technology Bhopal	Energy and Electrical Vehicle Engineering (4 Years, Bachelor of Technology) 	HS 	OBC-NCL 	Gender-Neutral 	10751 	12786
Maulana Azad National Institute of Technology Bhopal	Energy and Electrical Vehicle Engineering (4 Years, Bachelor of Technology) 	HS 	OBC-NCL 	Female-only (including Supernumerary) 	20798 	20798
Maulana Azad National Institute of Technology Bhopal	Energy and Electrical Vehicle Engineering (4 Years, Bachelor of Technology) 	OS 	OBC-NCL 	Gender-Neutral 	7225 	8270
Maulana Azad National Institute of Technology Bhopal	Energy and Electrical Vehicle Engineering (4 Years, Bachelor of Technology) 	OS 	OBC-NCL 	Female-only (including Supernumerary) 	14650 	14650
Maulana Azad National Institute of Technology Bhopal	Materials Science and Metallurgical Engineering (4 Years, Bachelor of Technology) 	HS 	OBC-NCL 	Gender-Neutral 	13406 	15625
Maulana Azad National Institute of Technology Bhopal	Materials Science and Metallurgical Engineering (4 Years, Bachelor of Technology) 	HS 	OBC-NCL 	Female-only (including Supernumerary) 	21779 	22328
Maulana Azad National Institute of Technology Bhopal	Materials Science and Metallurgical Engineering (4 Years, Bachelor of Technology) 	OS 	OBC-NCL 	Gender-Neutral 	12160 	13739
Maulana Azad National Institute of Technology Bhopal	Materials Science and Metallurgical Engineering (4 Years, Bachelor of Technology) 	OS 	OBC-NCL 	Female-only (including Supernumerary) 	18469 	18549
Maulana Azad National Institute of Technology Bhopal	Mathematics and Data Science (5 Years, Bachelor and Master of Technology (Dual Degree)) 	HS 	OBC-NCL 	Gender-Neutral 	4379 	5163
Maulana Azad National Institute of Technology Bhopal	Mathematics and Data Science (5 Years, Bachelor and Master of Technology (Dual Degree)) 	HS 	OBC-NCL 	Female-only (including Supernumerary) 	9804 	9804
Maulana Azad National Institute of Technology Bhopal	Mathematics and Data Science (5 Years, Bachelor and Master of Technology (Dual Degree)) 	OS 	OBC-NCL 	Gender-Neutral 	4616 	4969
Maulana Azad National Institute of Technology Bhopal	Mathematics and Data Science (5 Years, Bachelor and Master of Technology (Dual Degree)) 	OS 	OBC-NCL 	Female-only (including Supernumerary) 	5532 	5532
Maulana Azad National Institute of Technology Bhopal	Mechanical Engineering (4 Years, Bachelor of Technology) 	HS 	OBC-NCL 	Gender-Neutral 	8600 	10924
Maulana Azad National Institute of Technology Bhopal	Mechanical Engineering (4 Years, Bachelor of Technology) 	HS 	OBC-NCL 	Female-only (including Supernumerary) 	17171 	21435
Maulana Azad National Institute of Technology Bhopal	Mechanical Engineering (4 Years, Bachelor of Technology) 	OS 	OBC-NCL 	Gender-Neutral 	6851 	8723
Maulana Azad National Institute of Technology Bhopal	Mechanical Engineering (4 Years, Bachelor of Technology) 	OS 	OBC-NCL 	Female-only (including Supernumerary) 	13476 	16428
Maulana Azad National Institute of Technology Bhopal	Planning (4 Years, Bachelor of Planning) 	HS 	OBC-NCL 	Gender-Neutral 	708 	1561
Maulana Azad National Institute of Technology Bhopal	Planning (4 Years, Bachelor of Planning) 	HS 	OBC-NCL 	Female-only (including Supernumerary) 	826 	826
Maulana Azad National Institute of Technology Bhopal	Planning (4 Years, Bachelor of Planning) 	OS 	OBC-NCL 	Gender-Neutral 	122 	204
Maulana Azad National Institute of Technology Bhopal	Planning (4 Years, Bachelor of Planning) 	OS 	OBC-NCL 	Female-only (including Supernumerary) 	165 	174
Motilal Nehru National Institute of Technology Allahabad	Bio Technology (4 Years, Bachelor of Technology) 	HS 	OBC-NCL 	Gender-Neutral 	10169 	12894
Motilal Nehru National Institute of Technology Allahabad	Bio Technology (4 Years, Bachelor of Technology) 	OS 	OBC-NCL 	Gender-Neutral 	9012 	11102
Motilal Nehru National Institute of Technology Allahabad	Bio Technology (4 Years, Bachelor of Technology) 	OS 	OBC-NCL 	Female-only (including Supernumerary) 	16524 	16524
Motilal Nehru National Institute of Technology Allahabad	Chemical Engineering (4 Years, Bachelor of Technology) 	HS 	OBC-NCL 	Gender-Neutral 	5234 	7261
Motilal Nehru National Institute of Technology Allahabad	Chemical Engineering (4 Years, Bachelor of Technology) 	HS 	OBC-NCL 	Female-only (including Supernumerary) 	12503 	12503
Motilal Nehru National Institute of Technology Allahabad	Chemical Engineering (4 Years, Bachelor of Technology) 	OS 	OBC-NCL 	Gender-Neutral 	6502 	7223
Motilal Nehru National Institute of Technology Allahabad	Chemical Engineering (4 Years, Bachelor of Technology) 	OS 	OBC-NCL 	Female-only (including Supernumerary) 	11779 	11779
Motilal Nehru National Institute of Technology Allahabad	Civil Engineering (4 Years, Bachelor of Technology) 	HS 	OBC-NCL 	Gender-Neutral 	7009 	8653
Motilal Nehru National Institute of Technology Allahabad	Civil Engineering (4 Years, Bachelor of Technology) 	HS 	OBC-NCL 	Female-only (including Supernumerary) 	13432 	14784
Motilal Nehru National Institute of Technology Allahabad	Civil Engineering (4 Years, Bachelor of Technology) 	OS 	OBC-NCL 	Gender-Neutral 	8314 	9300
Motilal Nehru National Institute of Technology Allahabad	Civil Engineering (4 Years, Bachelor of Technology) 	OS 	OBC-NCL 	Female-only (including Supernumerary) 	13010 	15218
Motilal Nehru National Institute of Technology Allahabad	Computer Science and Engineering (4 Years, Bachelor of Technology) 	HS 	OBC-NCL 	Gender-Neutral 	1364 	2482
Motilal Nehru National Institute of Technology Allahabad	Computer Science and Engineering (4 Years, Bachelor of Technology) 	HS 	OBC-NCL 	Female-only (including Supernumerary) 	3013 	5467
Motilal Nehru National Institute of Technology Allahabad	Computer Science and Engineering (4 Years, Bachelor of Technology) 	OS 	OBC-NCL 	Gender-Neutral 	913 	1559
Motilal Nehru National Institute of Technology Allahabad	Computer Science and Engineering (4 Years, Bachelor of Technology) 	OS 	OBC-NCL 	Female-only (including Supernumerary) 	2200 	3601
Motilal Nehru National Institute of Technology Allahabad	Electrical Engineering (4 Years, Bachelor of Technology) 	HS 	OBC-NCL 	Gender-Neutral 	3655 	4528
Motilal Nehru National Institute of Technology Allahabad	Electrical Engineering (4 Years, Bachelor of Technology) 	HS 	OBC-NCL 	Female-only (including Supernumerary) 	8153 	9960
Motilal Nehru National Institute of Technology Allahabad	Electrical Engineering (4 Years, Bachelor of Technology) 	OS 	OBC-NCL 	Gender-Neutral 	2831 	4310
Motilal Nehru National Institute of Technology Allahabad	Electrical Engineering (4 Years, Bachelor of Technology) 	OS 	OBC-NCL 	Female-only (including Supernumerary) 	8125 	8562
Motilal Nehru National Institute of Technology Allahabad	Electronics and Communication Engineering (4 Years, Bachelor of Technology) 	HS 	OBC-NCL 	Gender-Neutral 	2514 	3471
Motilal Nehru National Institute of Technology Allahabad	Electronics and Communication Engineering (4 Years, Bachelor of Technology) 	HS 	OBC-NCL 	Female-only (including Supernumerary) 	6315 	6959
Motilal Nehru National Institute of Technology Allahabad	Electronics and Communication Engineering (4 Years, Bachelor of Technology) 	OS 	OBC-NCL 	Gender-Neutral 	1677 	2762
Motilal Nehru National Institute of Technology Allahabad	Electronics and Communication Engineering (4 Years, Bachelor of Technology) 	OS 	OBC-NCL 	Female-only (including Supernumerary) 	4930 	7121
Motilal Nehru National Institute of Technology Allahabad	Engineering and Computational Mechanics (4 Years, Bachelor of Technology) 	HS 	OBC-NCL 	Gender-Neutral 	4576 	4933
Motilal Nehru National Institute of Technology Allahabad	Engineering and Computational Mechanics (4 Years, Bachelor of Technology) 	HS 	OBC-NCL 	Female-only (including Supernumerary) 	10183 	10183
Motilal Nehru National Institute of Technology Allahabad	Engineering and Computational Mechanics (4 Years, Bachelor of Technology) 	OS 	OBC-NCL 	Gender-Neutral 	4377 	4399
Motilal Nehru National Institute of Technology Allahabad	Engineering and Computational Mechanics (4 Years, Bachelor of Technology) 	OS 	OBC-NCL 	Female-only (including Supernumerary) 	7920 	7920
Motilal Nehru National Institute of Technology Allahabad	Materials Engineering (4 Years, Bachelor of Technology) 	HS 	OBC-NCL 	Gender-Neutral 	10560 	11892
Motilal Nehru National Institute of Technology Allahabad	Materials Engineering (4 Years, Bachelor of Technology) 	HS 	OBC-NCL 	Female-only (including Supernumerary) 	15808 	15808
Motilal Nehru National Institute of Technology Allahabad	Materials Engineering (4 Years, Bachelor of Technology) 	OS 	OBC-NCL 	Gender-Neutral 	10094 	10473
Motilal Nehru National Institute of Technology Allahabad	Materials Engineering (4 Years, Bachelor of Technology) 	OS 	OBC-NCL 	Female-only (including Supernumerary) 	17884 	17884
Motilal Nehru National Institute of Technology Allahabad	Mechanical Engineering (4 Years, Bachelor of Technology) 	HS 	OBC-NCL 	Gender-Neutral 	5311 	6757
Motilal Nehru National Institute of Technology Allahabad	Mechanical Engineering (4 Years, Bachelor of Technology) 	HS 	OBC-NCL 	Female-only (including Supernumerary) 	10211 	13806
Motilal Nehru National Institute of Technology Allahabad	Mechanical Engineering (4 Years, Bachelor of Technology) 	OS 	OBC-NCL 	Gender-Neutral 	4464 	6488
Motilal Nehru National Institute of Technology Allahabad	Mechanical Engineering (4 Years, Bachelor of Technology) 	OS 	OBC-NCL 	Female-only (including Supernumerary) 	10385 	12914
Motilal Nehru National Institute of Technology Allahabad	Production and Industrial Engineering (4 Years, Bachelor of Technology) 	HS 	OBC-NCL 	Gender-Neutral 	10115 	12263
Motilal Nehru National Institute of Technology Allahabad	Production and Industrial Engineering (4 Years, Bachelor of Technology) 	OS 	OBC-NCL 	Gender-Neutral 	8834 	10994
Motilal Nehru National Institute of Technology Allahabad	Production and Industrial Engineering (4 Years, Bachelor of Technology) 	OS 	OBC-NCL 	Female-only (including Supernumerary) 	17795 	17795
National Institute of Technology Agartala	Biotechnology and Biochemical Engineering (4 Years, Bachelor of Technology) 	OS 	OBC-NCL 	Gender-Neutral 	15569 	16137
National Institute of Technology Agartala	Biotechnology and Biochemical Engineering (4 Years, Bachelor of Technology) 	OS 	OBC-NCL 	Female-only (including Supernumerary) 	21034 	21901
National Institute of Technology Agartala	Chemical Engineering (4 Years, Bachelor of Technology) 	OS 	OBC-NCL 	Gender-Neutral 	13544 	15155
National Institute of Technology Agartala	Chemical Engineering (4 Years, Bachelor of Technology) 	OS 	OBC-NCL 	Female-only (including Supernumerary) 	20255 	20801
National Institute of Technology Agartala	Chemistry (5 Years, Bachelor of Science and Master of Science (Dual Degree)) 	OS 	OBC-NCL 	Gender-Neutral 	16675 	17358
National Institute of Technology Agartala	Civil Engineering (4 Years, Bachelor of Technology) 	OS 	OBC-NCL 	Gender-Neutral 	14037 	15278
National Institute of Technology Agartala	Civil Engineering (4 Years, Bachelor of Technology) 	OS 	OBC-NCL 	Female-only (including Supernumerary) 	21636 	21717
National Institute of Technology Agartala	Computational Mathematics (5 Years, Bachelor and Master of Technology (Dual Degree)) 	OS 	OBC-NCL 	Gender-Neutral 	10214 	11574
National Institute of Technology Agartala	Computer Science and Engineering (4 Years, Bachelor of Technology) 	OS 	OBC-NCL 	Gender-Neutral 	5336 	6748
National Institute of Technology Agartala	Computer Science and Engineering (4 Years, Bachelor of Technology) 	OS 	OBC-NCL 	Female-only (including Supernumerary) 	8975 	12959
National Institute of Technology Agartala	Electrical Engineering (4 Years, Bachelor of Technology) 	OS 	OBC-NCL 	Gender-Neutral 	9287 	10828
National Institute of Technology Agartala	Electrical Engineering (4 Years, Bachelor of Technology) 	OS 	OBC-NCL 	Female-only (including Supernumerary) 	15167 	17540
National Institute of Technology Agartala	Electronics and Communication Engineering (4 Years, Bachelor of Technology) 	OS 	OBC-NCL 	Gender-Neutral 	6813 	8301
National Institute of Technology Agartala	Electronics and Communication Engineering (4 Years, Bachelor of Technology) 	OS 	OBC-NCL 	Female-only (including Supernumerary) 	14489 	15077
National Institute of Technology Agartala	Electronics and Instrumentation Engineering (4 Years, Bachelor of Technology) 	OS 	OBC-NCL 	Gender-Neutral 	9381 	11879
National Institute of Technology Agartala	Electronics and Instrumentation Engineering (4 Years, Bachelor of Technology) 	OS 	OBC-NCL 	Female-only (including Supernumerary) 	14941 	17229
National Institute of Technology Agartala	Engineering Physics (5 Years, Bachelor and Master of Technology (Dual Degree)) 	OS 	OBC-NCL 	Gender-Neutral 	15006 	16051
National Institute of Technology Agartala	Mathematics & Computing (5 Years, Bachelor of Science and Master of Science (Dual Degree)) 	OS 	OBC-NCL 	Gender-Neutral 	10136 	12201
National Institute of Technology Agartala	Mechanical Engineering (4 Years, Bachelor of Technology) 	OS 	OBC-NCL 	Gender-Neutral 	11233 	13398
National Institute of Technology Agartala	Mechanical Engineering (4 Years, Bachelor of Technology) 	OS 	OBC-NCL 	Female-only (including Supernumerary) 	18328 	19455
National Institute of Technology Agartala	Physics (5 Years, Bachelor of Science and Master of Science (Dual Degree)) 	OS 	OBC-NCL 	Gender-Neutral 	14494 	16480
National Institute of Technology Agartala	Production Engineering (4 Years, Bachelor of Technology) 	OS 	OBC-NCL 	Gender-Neutral 	15318 	16426
National Institute of Technology Agartala	Production Engineering (4 Years, Bachelor of Technology) 	OS 	OBC-NCL 	Female-only (including Supernumerary) 	20925 	22801
National Institute of Technology Calicut	Architecture (5 Years, Bachelor of Architecture) 	HS 	OBC-NCL 	Gender-Neutral 	50 	77
National Institute of Technology Calicut	Architecture (5 Years, Bachelor of Architecture) 	HS 	OBC-NCL 	Female-only (including Supernumerary) 	46 	46
National Institute of Technology Calicut	Architecture (5 Years, Bachelor of Architecture) 	OS 	OBC-NCL 	Gender-Neutral 	61 	160
National Institute of Technology Calicut	Architecture (5 Years, Bachelor of Architecture) 	OS 	OBC-NCL 	Female-only (including Supernumerary) 	128 	157
National Institute of Technology Calicut	Bio Technology (4 Years, Bachelor of Technology) 	HS 	OBC-NCL 	Gender-Neutral 	9160 	9355
National Institute of Technology Calicut	Bio Technology (4 Years, Bachelor of Technology) 	HS 	OBC-NCL 	Female-only (including Supernumerary) 	9097 	9097
National Institute of Technology Calicut	Bio Technology (4 Years, Bachelor of Technology) 	OS 	OBC-NCL 	Gender-Neutral 	8951 	10104
National Institute of Technology Calicut	Bio Technology (4 Years, Bachelor of Technology) 	OS 	OBC-NCL 	Female-only (including Supernumerary) 	11435 	11435
National Institute of Technology Calicut	Chemical Engineering (4 Years, Bachelor of Technology) 	HS 	OBC-NCL 	Gender-Neutral 	6481 	7343
National Institute of Technology Calicut	Chemical Engineering (4 Years, Bachelor of Technology) 	HS 	OBC-NCL 	Female-only (including Supernumerary) 	8468 	9305
National Institute of Technology Calicut	Chemical Engineering (4 Years, Bachelor of Technology) 	OS 	OBC-NCL 	Gender-Neutral 	6434 	7578
National Institute of Technology Calicut	Chemical Engineering (4 Years, Bachelor of Technology) 	OS 	OBC-NCL 	Female-only (including Supernumerary) 	9310 	12022
National Institute of Technology Calicut	Civil Engineering (4 Years, Bachelor of Technology) 	HS 	OBC-NCL 	Gender-Neutral 	9500 	11639
National Institute of Technology Calicut	Civil Engineering (4 Years, Bachelor of Technology) 	HS 	OBC-NCL 	Female-only (including Supernumerary) 	10112 	11325
National Institute of Technology Calicut	Civil Engineering (4 Years, Bachelor of Technology) 	OS 	OBC-NCL 	Gender-Neutral 	7991 	9388
National Institute of Technology Calicut	Civil Engineering (4 Years, Bachelor of Technology) 	OS 	OBC-NCL 	Female-only (including Supernumerary) 	12283 	13234
National Institute of Technology Calicut	Computer Science and Engineering (4 Years, Bachelor of Technology) 	HS 	OBC-NCL 	Gender-Neutral 	1734 	2793
National Institute of Technology Calicut	Computer Science and Engineering (4 Years, Bachelor of Technology) 	HS 	OBC-NCL 	Female-only (including Supernumerary) 	4023 	4445
National Institute of Technology Calicut	Computer Science and Engineering (4 Years, Bachelor of Technology) 	OS 	OBC-NCL 	Gender-Neutral 	1125 	1529
National Institute of Technology Calicut	Computer Science and Engineering (4 Years, Bachelor of Technology) 	OS 	OBC-NCL 	Female-only (including Supernumerary) 	2833 	3379
National Institute of Technology Calicut	Electrical and Electronics Engineering (4 Years, Bachelor of Technology) 	HS 	OBC-NCL 	Gender-Neutral 	4106 	4605
National Institute of Technology Calicut	Electrical and Electronics Engineering (4 Years, Bachelor of Technology) 	HS 	OBC-NCL 	Female-only (including Supernumerary) 	4745 	6290
National Institute of Technology Calicut	Electrical and Electronics Engineering (4 Years, Bachelor of Technology) 	OS 	OBC-NCL 	Gender-Neutral 	2584 	3913
National Institute of Technology Calicut	Electrical and Electronics Engineering (4 Years, Bachelor of Technology) 	OS 	OBC-NCL 	Female-only (including Supernumerary) 	6308 	6997
National Institute of Technology Calicut	Electronics and Communication Engineering (4 Years, Bachelor of Technology) 	HS 	OBC-NCL 	Gender-Neutral 	2841 	4115
National Institute of Technology Calicut	Electronics and Communication Engineering (4 Years, Bachelor of Technology) 	HS 	OBC-NCL 	Female-only (including Supernumerary) 	5707 	5864
National Institute of Technology Calicut	Electronics and Communication Engineering (4 Years, Bachelor of Technology) 	OS 	OBC-NCL 	Gender-Neutral 	1908 	2512
National Institute of Technology Calicut	Electronics and Communication Engineering (4 Years, Bachelor of Technology) 	OS 	OBC-NCL 	Female-only (including Supernumerary) 	4482 	5584
National Institute of Technology Calicut	Energy Engineering (4 Years, Bachelor of Technology) 	HS 	OBC-NCL 	Gender-Neutral 	8711 	9264
National Institute of Technology Calicut	Energy Engineering (4 Years, Bachelor of Technology) 	HS 	OBC-NCL 	Female-only (including Supernumerary) 	11658 	11658
National Institute of Technology Calicut	Energy Engineering (4 Years, Bachelor of Technology) 	OS 	OBC-NCL 	Gender-Neutral 	5053 	8362
National Institute of Technology Calicut	Energy Engineering (4 Years, Bachelor of Technology) 	OS 	OBC-NCL 	Female-only (including Supernumerary) 	13691 	13691
National Institute of Technology Calicut	Engineering Physics (4 Years, Bachelor of Technology) 	HS 	OBC-NCL 	Gender-Neutral 	7751 	8659
National Institute of Technology Calicut	Engineering Physics (4 Years, Bachelor of Technology) 	HS 	OBC-NCL 	Female-only (including Supernumerary) 	8599 	8599
National Institute of Technology Calicut	Engineering Physics (4 Years, Bachelor of Technology) 	OS 	OBC-NCL 	Gender-Neutral 	5113 	5963
National Institute of Technology Calicut	Engineering Physics (4 Years, Bachelor of Technology) 	OS 	OBC-NCL 	Female-only (including Supernumerary) 	13244 	13244
National Institute of Technology Calicut	Materials Science and Engineering (4 Years, Bachelor of Technology) 	HS 	OBC-NCL 	Gender-Neutral 	9797 	10432
National Institute of Technology Calicut	Materials Science and Engineering (4 Years, Bachelor of Technology) 	HS 	OBC-NCL 	Female-only (including Supernumerary) 	11314 	11314
National Institute of Technology Calicut	Materials Science and Engineering (4 Years, Bachelor of Technology) 	OS 	OBC-NCL 	Gender-Neutral 	9128 	9215
National Institute of Technology Calicut	Materials Science and Engineering (4 Years, Bachelor of Technology) 	OS 	OBC-NCL 	Female-only (including Supernumerary) 	12480 	12480
National Institute of Technology Calicut	Mechanical Engineering (4 Years, Bachelor of Technology) 	HS 	OBC-NCL 	Gender-Neutral 	4714 	5764
National Institute of Technology Calicut	Mechanical Engineering (4 Years, Bachelor of Technology) 	HS 	OBC-NCL 	Female-only (including Supernumerary) 	8635 	10425
National Institute of Technology Calicut	Mechanical Engineering (4 Years, Bachelor of Technology) 	OS 	OBC-NCL 	Gender-Neutral 	4468 	5891
National Institute of Technology Calicut	Mechanical Engineering (4 Years, Bachelor of Technology) 	OS 	OBC-NCL 	Female-only (including Supernumerary) 	9673 	11595
National Institute of Technology Calicut	Production Engineering (4 Years, Bachelor of Technology) 	HS 	OBC-NCL 	Gender-Neutral 	9207 	10822
National Institute of Technology Calicut	Production Engineering (4 Years, Bachelor of Technology) 	HS 	OBC-NCL 	Female-only (including Supernumerary) 	10315 	10315
National Institute of Technology Calicut	Production Engineering (4 Years, Bachelor of Technology) 	OS 	OBC-NCL 	Gender-Neutral 	8019 	9598
National Institute of Technology Calicut	Production Engineering (4 Years, Bachelor of Technology) 	OS 	OBC-NCL 	Female-only (including Supernumerary) 	11157 	12065
National Institute of Technology Delhi	Aerospace Engineering (4 Years, Bachelor of Technology) 	HS 	OBC-NCL 	Gender-Neutral 	7026 	9622
National Institute of Technology Delhi	Aerospace Engineering (4 Years, Bachelor of Technology) 	OS 	OBC-NCL 	Gender-Neutral 	3955 	4388
National Institute of Technology Delhi	Artificial Intelligence and Data Science (4 Years, Bachelor of Technology) 	HS 	OBC-NCL 	Gender-Neutral 	4827 	4835
National Institute of Technology Delhi	Artificial Intelligence and Data Science (4 Years, Bachelor of Technology) 	HS 	OBC-NCL 	Female-only (including Supernumerary) 	9726 	9726
National Institute of Technology Delhi	Artificial Intelligence and Data Science (4 Years, Bachelor of Technology) 	OS 	OBC-NCL 	Gender-Neutral 	2220 	2371
National Institute of Technology Delhi	Artificial Intelligence and Data Science (4 Years, Bachelor of Technology) 	OS 	OBC-NCL 	Female-only (including Supernumerary) 	4822 	4822
National Institute of Technology Delhi	Civil Engineering (4 Years, Bachelor of Technology) 	HS 	OBC-NCL 	Gender-Neutral 	9825 	11444
National Institute of Technology Delhi	Civil Engineering (4 Years, Bachelor of Technology) 	HS 	OBC-NCL 	Female-only (including Supernumerary) 	12289 	12289
National Institute of Technology Delhi	Civil Engineering (4 Years, Bachelor of Technology) 	OS 	OBC-NCL 	Gender-Neutral 	7402 	8056
National Institute of Technology Delhi	Computer Science and Engineering (4 Years, Bachelor of Technology) 	HS 	OBC-NCL 	Gender-Neutral 	2272 	4773
National Institute of Technology Delhi	Computer Science and Engineering (4 Years, Bachelor of Technology) 	HS 	OBC-NCL 	Female-only (including Supernumerary) 	6699 	8671
National Institute of Technology Delhi	Computer Science and Engineering (4 Years, Bachelor of Technology) 	OS 	OBC-NCL 	Gender-Neutral 	2518 	2903
National Institute of Technology Delhi	Computer Science and Engineering (4 Years, Bachelor of Technology) 	OS 	OBC-NCL 	Female-only (including Supernumerary) 	3739 	4216
National Institute of Technology Delhi	Electrical Engineering (4 Years, Bachelor of Technology) 	HS 	OBC-NCL 	Gender-Neutral 	6268 	8026
National Institute of Technology Delhi	Electrical Engineering (4 Years, Bachelor of Technology) 	HS 	OBC-NCL 	Female-only (including Supernumerary) 	16340 	21447
National Institute of Technology Delhi	Electrical Engineering (4 Years, Bachelor of Technology) 	OS 	OBC-NCL 	Gender-Neutral 	3997 	4705
National Institute of Technology Delhi	Electrical Engineering (4 Years, Bachelor of Technology) 	OS 	OBC-NCL 	Female-only (including Supernumerary) 	8057 	8057
National Institute of Technology Delhi	Electronics and Communication Engineering (4 Years, Bachelor of Technology) 	HS 	OBC-NCL 	Gender-Neutral 	4391 	5553
National Institute of Technology Delhi	Electronics and Communication Engineering (4 Years, Bachelor of Technology) 	HS 	OBC-NCL 	Female-only (including Supernumerary) 	10637 	14443
National Institute of Technology Delhi	Electronics and Communication Engineering (4 Years, Bachelor of Technology) 	OS 	OBC-NCL 	Gender-Neutral 	3619 	3963
National Institute of Technology Delhi	Mechanical Engineering (4 Years, Bachelor of Technology) 	HS 	OBC-NCL 	Gender-Neutral 	10025 	10988
National Institute of Technology Delhi	Mechanical Engineering (4 Years, Bachelor of Technology) 	HS 	OBC-NCL 	Female-only (including Supernumerary) 	19260 	19260
National Institute of Technology Delhi	Mechanical Engineering (4 Years, Bachelor of Technology) 	OS 	OBC-NCL 	Gender-Neutral 	6095 	6788
National Institute of Technology Delhi	Mechanical Engineering (4 Years, Bachelor of Technology) 	OS 	OBC-NCL 	Female-only (including Supernumerary) 	9466 	11918
National Institute of Technology Delhi	VLSI Design and Technology (4 Years, Bachelor of Technology) 	HS 	OBC-NCL 	Gender-Neutral 	5505 	6448
National Institute of Technology Delhi	VLSI Design and Technology (4 Years, Bachelor of Technology) 	HS 	OBC-NCL 	Female-only (including Supernumerary) 	19541 	19541
National Institute of Technology Delhi	VLSI Design and Technology (4 Years, Bachelor of Technology) 	OS 	OBC-NCL 	Gender-Neutral 	4527 	4993
National Institute of Technology Durgapur	B.Tech in Mathematics and Computing (4 Years, Bachelor of Technology) 	HS 	OBC-NCL 	Gender-Neutral 	7745 	12452
National Institute of Technology Durgapur	B.Tech in Mathematics and Computing (4 Years, Bachelor of Technology) 	HS 	OBC-NCL 	Female-only (including Supernumerary) 	9266 	12922
National Institute of Technology Durgapur	B.Tech in Mathematics and Computing (4 Years, Bachelor of Technology) 	OS 	OBC-NCL 	Gender-Neutral 	2976 	3948
National Institute of Technology Durgapur	B.Tech in Mathematics and Computing (4 Years, Bachelor of Technology) 	OS 	OBC-NCL 	Female-only (including Supernumerary) 	8751 	8962
National Institute of Technology Durgapur	Bio Technology (4 Years, Bachelor of Technology) 	HS 	OBC-NCL 	Gender-Neutral 	17252 	29331
National Institute of Technology Durgapur	Bio Technology (4 Years, Bachelor of Technology) 	HS 	OBC-NCL 	Female-only (including Supernumerary) 	17485 	24572
National Institute of Technology Durgapur	Bio Technology (4 Years, Bachelor of Technology) 	OS 	OBC-NCL 	Gender-Neutral 	11824 	13608
National Institute of Technology Durgapur	Bio Technology (4 Years, Bachelor of Technology) 	OS 	OBC-NCL 	Female-only (including Supernumerary) 	12539 	16241
National Institute of Technology Durgapur	Biotechnology (5 Years, Bachelor and Master of Technology (Dual Degree)) 	HS 	OBC-NCL 	Gender-Neutral 	16208 	16208
National Institute of Technology Durgapur	Chemical Engineering (4 Years, Bachelor of Technology) 	HS 	OBC-NCL 	Gender-Neutral 	14345 	22321
National Institute of Technology Durgapur	Chemical Engineering (4 Years, Bachelor of Technology) 	HS 	OBC-NCL 	Female-only (including Supernumerary) 	19741 	24204
National Institute of Technology Durgapur	Chemical Engineering (4 Years, Bachelor of Technology) 	OS 	OBC-NCL 	Gender-Neutral 	8649 	9942
National Institute of Technology Durgapur	Chemical Engineering (4 Years, Bachelor of Technology) 	OS 	OBC-NCL 	Female-only (including Supernumerary) 	14832 	15392
National Institute of Technology Durgapur	Chemical Engineering (5 Years, Bachelor and Master of Technology (Dual Degree)) 	HS 	OBC-NCL 	Gender-Neutral 	24115 	24115
National Institute of Technology Durgapur	Chemical Engineering (5 Years, Bachelor and Master of Technology (Dual Degree)) 	OS 	OBC-NCL 	Gender-Neutral 	11299 	11299
National Institute of Technology Durgapur	Chemistry (5 Years, Integrated Master of Science) 	HS 	OBC-NCL 	Gender-Neutral 	27782 	30441
National Institute of Technology Durgapur	Chemistry (5 Years, Integrated Master of Science) 	OS 	OBC-NCL 	Gender-Neutral 	13765 	14652
National Institute of Technology Durgapur	Chemistry (5 Years, Integrated Master of Science) 	OS 	OBC-NCL 	Female-only (including Supernumerary) 	17415 	17415
National Institute of Technology Durgapur	Civil Engineering (4 Years, Bachelor of Technology) 	HS 	OBC-NCL 	Gender-Neutral 	15544 	24735
National Institute of Technology Durgapur	Civil Engineering (4 Years, Bachelor of Technology) 	HS 	OBC-NCL 	Female-only (including Supernumerary) 	28096 	30636
National Institute of Technology Durgapur	Civil Engineering (4 Years, Bachelor of Technology) 	OS 	OBC-NCL 	Gender-Neutral 	10674 	11354
National Institute of Technology Durgapur	Civil Engineering (4 Years, Bachelor of Technology) 	OS 	OBC-NCL 	Female-only (including Supernumerary) 	15502 	16996
National Institute of Technology Durgapur	Computer Science and Engineering (4 Years, Bachelor of Technology) 	HS 	OBC-NCL 	Gender-Neutral 	2922 	6364
National Institute of Technology Durgapur	Computer Science and Engineering (4 Years, Bachelor of Technology) 	HS 	OBC-NCL 	Female-only (including Supernumerary) 	10551 	14371
National Institute of Technology Durgapur	Computer Science and Engineering (4 Years, Bachelor of Technology) 	OS 	OBC-NCL 	Gender-Neutral 	1970 	2945
National Institute of Technology Durgapur	Computer Science and Engineering (4 Years, Bachelor of Technology) 	OS 	OBC-NCL 	Female-only (including Supernumerary) 	5494 	6424
National Institute of Technology Durgapur	Electrical Engineering (4 Years, Bachelor of Technology) 	HS 	OBC-NCL 	Gender-Neutral 	6646 	13669
National Institute of Technology Durgapur	Electrical Engineering (4 Years, Bachelor of Technology) 	HS 	OBC-NCL 	Female-only (including Supernumerary) 	17099 	20961
National Institute of Technology Durgapur	Electrical Engineering (4 Years, Bachelor of Technology) 	OS 	OBC-NCL 	Gender-Neutral 	4836 	5548
National Institute of Technology Durgapur	Electrical Engineering (4 Years, Bachelor of Technology) 	OS 	OBC-NCL 	Female-only (including Supernumerary) 	8379 	9803
National Institute of Technology Durgapur	Electronics and Communication Engineering (4 Years, Bachelor of Technology) 	HS 	OBC-NCL 	Gender-Neutral 	7586 	10960
National Institute of Technology Durgapur	Electronics and Communication Engineering (4 Years, Bachelor of Technology) 	HS 	OBC-NCL 	Female-only (including Supernumerary) 	15002 	19153
National Institute of Technology Durgapur	Electronics and Communication Engineering (4 Years, Bachelor of Technology) 	OS 	OBC-NCL 	Gender-Neutral 	3156 	4300
National Institute of Technology Durgapur	Electronics and Communication Engineering (4 Years, Bachelor of Technology) 	OS 	OBC-NCL 	Female-only (including Supernumerary) 	6965 	8166
National Institute of Technology Durgapur	Mechanical Engineering (4 Years, Bachelor of Technology) 	HS 	OBC-NCL 	Gender-Neutral 	14137 	19448
National Institute of Technology Durgapur	Mechanical Engineering (4 Years, Bachelor of Technology) 	HS 	OBC-NCL 	Female-only (including Supernumerary) 	26630 	29103
National Institute of Technology Durgapur	Mechanical Engineering (4 Years, Bachelor of Technology) 	OS 	OBC-NCL 	Gender-Neutral 	6725 	8114
National Institute of Technology Durgapur	Mechanical Engineering (4 Years, Bachelor of Technology) 	OS 	OBC-NCL 	Female-only (including Supernumerary) 	13390 	16169
National Institute of Technology Durgapur	Metallurgical and Materials Engineering (4 Years, Bachelor of Technology) 	HS 	OBC-NCL 	Gender-Neutral 	23942 	26505
National Institute of Technology Durgapur	Metallurgical and Materials Engineering (4 Years, Bachelor of Technology) 	HS 	OBC-NCL 	Female-only (including Supernumerary) 	26056 	26056
National Institute of Technology Durgapur	Metallurgical and Materials Engineering (4 Years, Bachelor of Technology) 	OS 	OBC-NCL 	Gender-Neutral 	11811 	13053
National Institute of Technology Durgapur	Metallurgical and Materials Engineering (4 Years, Bachelor of Technology) 	OS 	OBC-NCL 	Female-only (including Supernumerary) 	18254 	18254
National Institute of Technology Goa	Civil Engineering (4 Years, Bachelor of Technology) 	GO 	OBC-NCL 	Gender-Neutral 	74228 	118055
National Institute of Technology Goa	Civil Engineering (4 Years, Bachelor of Technology) 	GO 	OBC-NCL 	Female-only (including Supernumerary) 	97605 	97605
National Institute of Technology Goa	Civil Engineering (4 Years, Bachelor of Technology) 	HS 	OBC-NCL 	Gender-Neutral 	34891 	34891
National Institute of Technology Goa	Civil Engineering (4 Years, Bachelor of Technology) 	OS 	OBC-NCL 	Gender-Neutral 	11365 	12710
National Institute of Technology Goa	Civil Engineering (4 Years, Bachelor of Technology) 	OS 	OBC-NCL 	Female-only (including Supernumerary) 	17067 	17067
National Institute of Technology Goa	Computer Science and Engineering (4 Years, Bachelor of Technology) 	GO 	OBC-NCL 	Gender-Neutral 	10509 	33729
National Institute of Technology Goa	Computer Science and Engineering (4 Years, Bachelor of Technology) 	GO 	OBC-NCL 	Female-only (including Supernumerary) 	22500 	22500
National Institute of Technology Goa	Computer Science and Engineering (4 Years, Bachelor of Technology) 	HS 	OBC-NCL 	Gender-Neutral 	12567 	12567
National Institute of Technology Goa	Computer Science and Engineering (4 Years, Bachelor of Technology) 	OS 	OBC-NCL 	Gender-Neutral 	3085 	4244
National Institute of Technology Goa	Computer Science and Engineering (4 Years, Bachelor of Technology) 	OS 	OBC-NCL 	Female-only (including Supernumerary) 	5734 	5734
National Institute of Technology Goa	Electrical and Electronics Engineering (4 Years, Bachelor of Technology) 	GO 	OBC-NCL 	Gender-Neutral 	66862 	93072
National Institute of Technology Goa	Electrical and Electronics Engineering (4 Years, Bachelor of Technology) 	GO 	OBC-NCL 	Female-only (including Supernumerary) 	94815 	94815
National Institute of Technology Goa	Electrical and Electronics Engineering (4 Years, Bachelor of Technology) 	HS 	OBC-NCL 	Gender-Neutral 	27441 	27441
National Institute of Technology Goa	Electrical and Electronics Engineering (4 Years, Bachelor of Technology) 	OS 	OBC-NCL 	Gender-Neutral 	6148 	7538
National Institute of Technology Goa	Electrical and Electronics Engineering (4 Years, Bachelor of Technology) 	OS 	OBC-NCL 	Female-only (including Supernumerary) 	11408 	11519
National Institute of Technology Goa	Electronics and Communication Engineering (4 Years, Bachelor of Technology) 	GO 	OBC-NCL 	Gender-Neutral 	33807 	56604
National Institute of Technology Goa	Electronics and Communication Engineering (4 Years, Bachelor of Technology) 	HS 	OBC-NCL 	Gender-Neutral 	20787 	20787
National Institute of Technology Goa	Electronics and Communication Engineering (4 Years, Bachelor of Technology) 	OS 	OBC-NCL 	Gender-Neutral 	5218 	5958
National Institute of Technology Goa	Electronics and Communication Engineering (4 Years, Bachelor of Technology) 	OS 	OBC-NCL 	Female-only (including Supernumerary) 	9834 	9834
National Institute of Technology Goa	Mechanical Engineering (4 Years, Bachelor of Technology) 	GO 	OBC-NCL 	Gender-Neutral 	101156 	110256
National Institute of Technology Goa	Mechanical Engineering (4 Years, Bachelor of Technology) 	GO 	OBC-NCL 	Female-only (including Supernumerary) 	94870 	94870
National Institute of Technology Goa	Mechanical Engineering (4 Years, Bachelor of Technology) 	HS 	OBC-NCL 	Female-only (including Supernumerary) 	43297 	43297
National Institute of Technology Goa	Mechanical Engineering (4 Years, Bachelor of Technology) 	OS 	OBC-NCL 	Gender-Neutral 	8754 	10033
National Institute of Technology Goa	Mechanical Engineering (4 Years, Bachelor of Technology) 	OS 	OBC-NCL 	Female-only (including Supernumerary) 	16309 	16309
National Institute of Technology Hamirpur	Architecture (5 Years, Bachelor of Architecture) 	HS 	OBC-NCL 	Gender-Neutral 	2384 	10497
National Institute of Technology Hamirpur	Architecture (5 Years, Bachelor of Architecture) 	HS 	OBC-NCL 	Female-only (including Supernumerary) 	2800 	3966
National Institute of Technology Hamirpur	Architecture (5 Years, Bachelor of Architecture) 	OS 	OBC-NCL 	Gender-Neutral 	207 	452
National Institute of Technology Hamirpur	Architecture (5 Years, Bachelor of Architecture) 	OS 	OBC-NCL 	Female-only (including Supernumerary) 	451 	451
National Institute of Technology Hamirpur	Chemical Engineering (4 Years, Bachelor of Technology) 	HS 	OBC-NCL 	Gender-Neutral 	78983 	98149
National Institute of Technology Hamirpur	Chemical Engineering (4 Years, Bachelor of Technology) 	HS 	OBC-NCL 	Female-only (including Supernumerary) 	161753 	208658
National Institute of Technology Hamirpur	Chemical Engineering (4 Years, Bachelor of Technology) 	OS 	OBC-NCL 	Gender-Neutral 	10446 	12052
National Institute of Technology Hamirpur	Chemical Engineering (4 Years, Bachelor of Technology) 	OS 	OBC-NCL 	Female-only (including Supernumerary) 	15292 	18919
National Institute of Technology Hamirpur	Civil Engineering (4 Years, Bachelor of Technology) 	HS 	OBC-NCL 	Gender-Neutral 	68670 	119454
National Institute of Technology Hamirpur	Civil Engineering (4 Years, Bachelor of Technology) 	HS 	OBC-NCL 	Female-only (including Supernumerary) 	122105 	147378
National Institute of Technology Hamirpur	Civil Engineering (4 Years, Bachelor of Technology) 	OS 	OBC-NCL 	Gender-Neutral 	12041 	12644
National Institute of Technology Hamirpur	Civil Engineering (4 Years, Bachelor of Technology) 	OS 	OBC-NCL 	Female-only (including Supernumerary) 	19374 	19632
National Institute of Technology Hamirpur	Computer Science and Engineering (4 Years, Bachelor of Technology) 	HS 	OBC-NCL 	Gender-Neutral 	10492 	28037
National Institute of Technology Hamirpur	Computer Science and Engineering (4 Years, Bachelor of Technology) 	HS 	OBC-NCL 	Female-only (including Supernumerary) 	11531 	32905
National Institute of Technology Hamirpur	Computer Science and Engineering (4 Years, Bachelor of Technology) 	OS 	OBC-NCL 	Gender-Neutral 	2587 	3880
National Institute of Technology Hamirpur	Computer Science and Engineering (4 Years, Bachelor of Technology) 	OS 	OBC-NCL 	Female-only (including Supernumerary) 	6070 	8739
National Institute of Technology Hamirpur	Computer Science and Engineering (5 Years, Bachelor and Master of Technology (Dual Degree)) 	HS 	OBC-NCL 	Gender-Neutral 	14429 	29030
National Institute of Technology Hamirpur	Computer Science and Engineering (5 Years, Bachelor and Master of Technology (Dual Degree)) 	HS 	OBC-NCL 	Female-only (including Supernumerary) 	47848 	57596
National Institute of Technology Hamirpur	Computer Science and Engineering (5 Years, Bachelor and Master of Technology (Dual Degree)) 	OS 	OBC-NCL 	Gender-Neutral 	4103 	4250
National Institute of Technology Hamirpur	Computer Science and Engineering (5 Years, Bachelor and Master of Technology (Dual Degree)) 	OS 	OBC-NCL 	Female-only (including Supernumerary) 	8779 	8779
National Institute of Technology Hamirpur	Electrical Engineering (4 Years, Bachelor of Technology) 	HS 	OBC-NCL 	Gender-Neutral 	33470 	59777
National Institute of Technology Hamirpur	Electrical Engineering (4 Years, Bachelor of Technology) 	HS 	OBC-NCL 	Female-only (including Supernumerary) 	83660 	136776
National Institute of Technology Hamirpur	Electrical Engineering (4 Years, Bachelor of Technology) 	OS 	OBC-NCL 	Gender-Neutral 	6743 	8146
National Institute of Technology Hamirpur	Electrical Engineering (4 Years, Bachelor of Technology) 	OS 	OBC-NCL 	Female-only (including Supernumerary) 	11832 	12987
National Institute of Technology Hamirpur	Electronics and Communication Engineering (4 Years, Bachelor of Technology) 	HS 	OBC-NCL 	Gender-Neutral 	36550 	47651
National Institute of Technology Hamirpur	Electronics and Communication Engineering (4 Years, Bachelor of Technology) 	HS 	OBC-NCL 	Female-only (including Supernumerary) 	39345 	57741
National Institute of Technology Hamirpur	Electronics and Communication Engineering (4 Years, Bachelor of Technology) 	OS 	OBC-NCL 	Gender-Neutral 	4729 	5926
National Institute of Technology Hamirpur	Electronics and Communication Engineering (4 Years, Bachelor of Technology) 	OS 	OBC-NCL 	Female-only (including Supernumerary) 	10501 	11737
National Institute of Technology Hamirpur	Electronics and Communication Engineering (5 Years, Bachelor and Master of Technology (Dual Degree)) 	HS 	OBC-NCL 	Gender-Neutral 	40895 	49875
National Institute of Technology Hamirpur	Electronics and Communication Engineering (5 Years, Bachelor and Master of Technology (Dual Degree)) 	HS 	OBC-NCL 	Female-only (including Supernumerary) 	80625 	80625
National Institute of Technology Hamirpur	Electronics and Communication Engineering (5 Years, Bachelor and Master of Technology (Dual Degree)) 	OS 	OBC-NCL 	Gender-Neutral 	5582 	5925
National Institute of Technology Hamirpur	Electronics and Communication Engineering (5 Years, Bachelor and Master of Technology (Dual Degree)) 	OS 	OBC-NCL 	Female-only (including Supernumerary) 	12471 	12511
National Institute of Technology Hamirpur	Engineering Physics (4 Years, Bachelor of Technology) 	HS 	OBC-NCL 	Gender-Neutral 	66888 	115574
National Institute of Technology Hamirpur	Engineering Physics (4 Years, Bachelor of Technology) 	HS 	OBC-NCL 	Female-only (including Supernumerary) 	141711 	141711
National Institute of Technology Hamirpur	Engineering Physics (4 Years, Bachelor of Technology) 	OS 	OBC-NCL 	Gender-Neutral 	10285 	12113
National Institute of Technology Hamirpur	Engineering Physics (4 Years, Bachelor of Technology) 	OS 	OBC-NCL 	Female-only (including Supernumerary) 	19143 	19626
National Institute of Technology Hamirpur	Materials Science and Engineering (4 Years, Bachelor of Technology) 	HS 	OBC-NCL 	Gender-Neutral 	120782 	131347
National Institute of Technology Hamirpur	Materials Science and Engineering (4 Years, Bachelor of Technology) 	HS 	OBC-NCL 	Female-only (including Supernumerary) 	145028 	145028
National Institute of Technology Hamirpur	Materials Science and Engineering (4 Years, Bachelor of Technology) 	OS 	OBC-NCL 	Gender-Neutral 	13751 	13908
National Institute of Technology Hamirpur	Materials Science and Engineering (4 Years, Bachelor of Technology) 	OS 	OBC-NCL 	Female-only (including Supernumerary) 	19066 	19066
National Institute of Technology Hamirpur	Mathematics and Computing (4 Years, Bachelor of Technology) 	HS 	OBC-NCL 	Gender-Neutral 	31081 	39224
National Institute of Technology Hamirpur	Mathematics and Computing (4 Years, Bachelor of Technology) 	HS 	OBC-NCL 	Female-only (including Supernumerary) 	83244 	86994
National Institute of Technology Hamirpur	Mathematics and Computing (4 Years, Bachelor of Technology) 	OS 	OBC-NCL 	Gender-Neutral 	4363 	5120
National Institute of Technology Hamirpur	Mathematics and Computing (4 Years, Bachelor of Technology) 	OS 	OBC-NCL 	Female-only (including Supernumerary) 	10617 	10617
National Institute of Technology Hamirpur	Mechanical Engineering (4 Years, Bachelor of Technology) 	HS 	OBC-NCL 	Gender-Neutral 	24435 	94161
National Institute of Technology Hamirpur	Mechanical Engineering (4 Years, Bachelor of Technology) 	HS 	OBC-NCL 	Female-only (including Supernumerary) 	101498 	171453
National Institute of Technology Hamirpur	Mechanical Engineering (4 Years, Bachelor of Technology) 	OS 	OBC-NCL 	Gender-Neutral 	8700 	10132
National Institute of Technology Hamirpur	Mechanical Engineering (4 Years, Bachelor of Technology) 	OS 	OBC-NCL 	Female-only (including Supernumerary) 	14828 	15970
National Institute of Technology Karnataka, Surathkal	Artificial Intelligence (4 Years, Bachelor of Technology) 	HS 	OBC-NCL 	Gender-Neutral 	1301 	2274
National Institute of Technology Karnataka, Surathkal	Artificial Intelligence (4 Years, Bachelor of Technology) 	HS 	OBC-NCL 	Female-only (including Supernumerary) 	3171 	3171
National Institute of Technology Karnataka, Surathkal	Artificial Intelligence (4 Years, Bachelor of Technology) 	OS 	OBC-NCL 	Gender-Neutral 	540 	723
National Institute of Technology Karnataka, Surathkal	Artificial Intelligence (4 Years, Bachelor of Technology) 	OS 	OBC-NCL 	Female-only (including Supernumerary) 	1792 	1792
National Institute of Technology Karnataka, Surathkal	Chemical Engineering (4 Years, Bachelor of Technology) 	HS 	OBC-NCL 	Gender-Neutral 	6099 	7536
National Institute of Technology Karnataka, Surathkal	Chemical Engineering (4 Years, Bachelor of Technology) 	HS 	OBC-NCL 	Female-only (including Supernumerary) 	6407 	9493
National Institute of Technology Karnataka, Surathkal	Chemical Engineering (4 Years, Bachelor of Technology) 	OS 	OBC-NCL 	Gender-Neutral 	2853 	5176
National Institute of Technology Karnataka, Surathkal	Chemical Engineering (4 Years, Bachelor of Technology) 	OS 	OBC-NCL 	Female-only (including Supernumerary) 	5344 	8556
National Institute of Technology Karnataka, Surathkal	Civil Engineering (4 Years, Bachelor of Technology) 	HS 	OBC-NCL 	Gender-Neutral 	6742 	8757
National Institute of Technology Karnataka, Surathkal	Civil Engineering (4 Years, Bachelor of Technology) 	HS 	OBC-NCL 	Female-only (including Supernumerary) 	10898 	13506
National Institute of Technology Karnataka, Surathkal	Civil Engineering (4 Years, Bachelor of Technology) 	OS 	OBC-NCL 	Gender-Neutral 	5623 	6463
National Institute of Technology Karnataka, Surathkal	Civil Engineering (4 Years, Bachelor of Technology) 	OS 	OBC-NCL 	Female-only (including Supernumerary) 	10703 	11801
National Institute of Technology Karnataka, Surathkal	Computational and Data Science (4 Years, Bachelor of Technology) 	HS 	OBC-NCL 	Gender-Neutral 	2350 	3286
National Institute of Technology Karnataka, Surathkal	Computational and Data Science (4 Years, Bachelor of Technology) 	HS 	OBC-NCL 	Female-only (including Supernumerary) 	5518 	5518
National Institute of Technology Karnataka, Surathkal	Computational and Data Science (4 Years, Bachelor of Technology) 	OS 	OBC-NCL 	Gender-Neutral 	1167 	1273
National Institute of Technology Karnataka, Surathkal	Computational and Data Science (4 Years, Bachelor of Technology) 	OS 	OBC-NCL 	Female-only (including Supernumerary) 	2459 	2459
National Institute of Technology Karnataka, Surathkal	Computer Science and Engineering (4 Years, Bachelor of Technology) 	HS 	OBC-NCL 	Gender-Neutral 	638 	1761
National Institute of Technology Karnataka, Surathkal	Computer Science and Engineering (4 Years, Bachelor of Technology) 	HS 	OBC-NCL 	Female-only (including Supernumerary) 	1783 	2665
National Institute of Technology Karnataka, Surathkal	Computer Science and Engineering (4 Years, Bachelor of Technology) 	OS 	OBC-NCL 	Gender-Neutral 	342 	495
National Institute of Technology Karnataka, Surathkal	Computer Science and Engineering (4 Years, Bachelor of Technology) 	OS 	OBC-NCL 	Female-only (including Supernumerary) 	1486 	1723
National Institute of Technology Karnataka, Surathkal	Electrical and Electronics Engineering (4 Years, Bachelor of Technology) 	HS 	OBC-NCL 	Gender-Neutral 	3627 	4210
National Institute of Technology Karnataka, Surathkal	Electrical and Electronics Engineering (4 Years, Bachelor of Technology) 	HS 	OBC-NCL 	Female-only (including Supernumerary) 	5742 	6139
National Institute of Technology Karnataka, Surathkal	Electrical and Electronics Engineering (4 Years, Bachelor of Technology) 	OS 	OBC-NCL 	Gender-Neutral 	2122 	2372
National Institute of Technology Karnataka, Surathkal	Electrical and Electronics Engineering (4 Years, Bachelor of Technology) 	OS 	OBC-NCL 	Female-only (including Supernumerary) 	5068 	5773
National Institute of Technology Karnataka, Surathkal	Electronics and Communication Engineering (4 Years, Bachelor of Technology) 	HS 	OBC-NCL 	Gender-Neutral 	2491 	3623
National Institute of Technology Karnataka, Surathkal	Electronics and Communication Engineering (4 Years, Bachelor of Technology) 	HS 	OBC-NCL 	Female-only (including Supernumerary) 	3457 	4943
National Institute of Technology Karnataka, Surathkal	Electronics and Communication Engineering (4 Years, Bachelor of Technology) 	OS 	OBC-NCL 	Gender-Neutral 	1240 	1687
National Institute of Technology Karnataka, Surathkal	Electronics and Communication Engineering (4 Years, Bachelor of Technology) 	OS 	OBC-NCL 	Female-only (including Supernumerary) 	3275 	3589
National Institute of Technology Karnataka, Surathkal	Information Technology (4 Years, Bachelor of Technology) 	HS 	OBC-NCL 	Gender-Neutral 	1999 	3057
National Institute of Technology Karnataka, Surathkal	Information Technology (4 Years, Bachelor of Technology) 	HS 	OBC-NCL 	Female-only (including Supernumerary) 	4693 	5078
National Institute of Technology Karnataka, Surathkal	Information Technology (4 Years, Bachelor of Technology) 	OS 	OBC-NCL 	Gender-Neutral 	735 	1142
National Institute of Technology Karnataka, Surathkal	Information Technology (4 Years, Bachelor of Technology) 	OS 	OBC-NCL 	Female-only (including Supernumerary) 	2367 	2950
National Institute of Technology Karnataka, Surathkal	Mechanical Engineering (4 Years, Bachelor of Technology) 	HS 	OBC-NCL 	Gender-Neutral 	4401 	6091
National Institute of Technology Karnataka, Surathkal	Mechanical Engineering (4 Years, Bachelor of Technology) 	HS 	OBC-NCL 	Female-only (including Supernumerary) 	7884 	11507
National Institute of Technology Karnataka, Surathkal	Mechanical Engineering (4 Years, Bachelor of Technology) 	OS 	OBC-NCL 	Gender-Neutral 	3111 	4022
National Institute of Technology Karnataka, Surathkal	Mechanical Engineering (4 Years, Bachelor of Technology) 	OS 	OBC-NCL 	Female-only (including Supernumerary) 	7446 	8703
National Institute of Technology Karnataka, Surathkal	Metallurgical and Materials Engineering (4 Years, Bachelor of Technology) 	HS 	OBC-NCL 	Gender-Neutral 	8111 	12438
National Institute of Technology Karnataka, Surathkal	Metallurgical and Materials Engineering (4 Years, Bachelor of Technology) 	HS 	OBC-NCL 	Female-only (including Supernumerary) 	13849 	13849
National Institute of Technology Karnataka, Surathkal	Metallurgical and Materials Engineering (4 Years, Bachelor of Technology) 	OS 	OBC-NCL 	Gender-Neutral 	6450 	7718
National Institute of Technology Karnataka, Surathkal	Metallurgical and Materials Engineering (4 Years, Bachelor of Technology) 	OS 	OBC-NCL 	Female-only (including Supernumerary) 	10497 	10704
National Institute of Technology Karnataka, Surathkal	Mining Engineering (4 Years, Bachelor of Technology) 	HS 	OBC-NCL 	Gender-Neutral 	9158 	13210
National Institute of Technology Karnataka, Surathkal	Mining Engineering (4 Years, Bachelor of Technology) 	HS 	OBC-NCL 	Female-only (including Supernumerary) 	16382 	16382
National Institute of Technology Karnataka, Surathkal	Mining Engineering (4 Years, Bachelor of Technology) 	OS 	OBC-NCL 	Gender-Neutral 	7768 	8994
National Institute of Technology Karnataka, Surathkal	Mining Engineering (4 Years, Bachelor of Technology) 	OS 	OBC-NCL 	Female-only (including Supernumerary) 	12771 	12771
National Institute of Technology Meghalaya	Civil Engineering (4 Years, Bachelor of Technology) 	OS 	OBC-NCL 	Gender-Neutral 	14133 	14765
National Institute of Technology Meghalaya	Civil Engineering (4 Years, Bachelor of Technology) 	OS 	OBC-NCL 	Female-only (including Supernumerary) 	21724 	21724
National Institute of Technology Meghalaya	Computer Science and Engineering (4 Years, Bachelor of Technology) 	OS 	OBC-NCL 	Gender-Neutral 	6111 	6270
National Institute of Technology Meghalaya	Computer Science and Engineering (4 Years, Bachelor of Technology) 	OS 	OBC-NCL 	Female-only (including Supernumerary) 	10781 	10781
National Institute of Technology Meghalaya	Electrical and Electronics Engineering (4 Years, Bachelor of Technology) 	OS 	OBC-NCL 	Gender-Neutral 	10859 	11494
National Institute of Technology Meghalaya	Electrical and Electronics Engineering (4 Years, Bachelor of Technology) 	OS 	OBC-NCL 	Female-only (including Supernumerary) 	18680 	18680
National Institute of Technology Meghalaya	Electronics and Communication Engineering (4 Years, Bachelor of Technology) 	OS 	OBC-NCL 	Gender-Neutral 	9138 	9282
National Institute of Technology Meghalaya	Electronics and Communication Engineering (4 Years, Bachelor of Technology) 	OS 	OBC-NCL 	Female-only (including Supernumerary) 	13482 	13482
National Institute of Technology Meghalaya	Mechanical Engineering (4 Years, Bachelor of Technology) 	OS 	OBC-NCL 	Gender-Neutral 	11983 	12047
National Institute of Technology Meghalaya	Mechanical Engineering (4 Years, Bachelor of Technology) 	OS 	OBC-NCL 	Female-only (including Supernumerary) 	19902 	19902
National Institute of Technology Nagaland	Civil Engineering (4 Years, Bachelor of Technology) 	OS 	OBC-NCL 	Gender-Neutral 	15577 	15994
National Institute of Technology Nagaland	Civil Engineering (4 Years, Bachelor of Technology) 	OS 	OBC-NCL 	Female-only (including Supernumerary) 	22970 	22970
National Institute of Technology Nagaland	Computer Science and Engineering (4 Years, Bachelor of Technology) 	OS 	OBC-NCL 	Gender-Neutral 	9023 	10142
National Institute of Technology Nagaland	Computer Science and Engineering (4 Years, Bachelor of Technology) 	OS 	OBC-NCL 	Female-only (including Supernumerary) 	15259 	15259
National Institute of Technology Nagaland	Electrical and Electronics Engineering (4 Years, Bachelor of Technology) 	OS 	OBC-NCL 	Gender-Neutral 	12806 	14024
National Institute of Technology Nagaland	Electrical and Electronics Engineering (4 Years, Bachelor of Technology) 	OS 	OBC-NCL 	Female-only (including Supernumerary) 	20876 	20876
National Institute of Technology Nagaland	Electronics and Communication Engineering (4 Years, Bachelor of Technology) 	OS 	OBC-NCL 	Gender-Neutral 	11889 	12174
National Institute of Technology Nagaland	Electronics and Communication Engineering (4 Years, Bachelor of Technology) 	OS 	OBC-NCL 	Female-only (including Supernumerary) 	18885 	18885
National Institute of Technology Nagaland	Electronics and Instrumentation Engineering (4 Years, Bachelor of Technology) 	OS 	OBC-NCL 	Gender-Neutral 	13601 	13933
National Institute of Technology Nagaland	Electronics and Instrumentation Engineering (4 Years, Bachelor of Technology) 	OS 	OBC-NCL 	Female-only (including Supernumerary) 	19046 	19046
National Institute of Technology Nagaland	Mechanical Engineering (4 Years, Bachelor of Technology) 	OS 	OBC-NCL 	Gender-Neutral 	13897 	15460
National Institute of Technology Nagaland	Mechanical Engineering (4 Years, Bachelor of Technology) 	OS 	OBC-NCL 	Female-only (including Supernumerary) 	23009 	23009
National Institute of Technology Patna	Architecture (5 Years, Bachelor of Architecture) 	HS 	OBC-NCL 	Gender-Neutral 	1039 	1363
National Institute of Technology Patna	Architecture (5 Years, Bachelor of Architecture) 	HS 	OBC-NCL 	Female-only (including Supernumerary) 	1028 	1028
National Institute of Technology Patna	Architecture (5 Years, Bachelor of Architecture) 	OS 	OBC-NCL 	Gender-Neutral 	309 	417
National Institute of Technology Patna	Architecture (5 Years, Bachelor of Architecture) 	OS 	OBC-NCL 	Female-only (including Supernumerary) 	346 	346
National Institute of Technology Patna	Artificial Intelligence and Data Science (4 Years, Bachelor of Technology) 	HS 	OBC-NCL 	Gender-Neutral 	5385 	6285
National Institute of Technology Patna	Artificial Intelligence and Data Science (4 Years, Bachelor of Technology) 	HS 	OBC-NCL 	Female-only (including Supernumerary) 	10918 	10941
National Institute of Technology Patna	Artificial Intelligence and Data Science (4 Years, Bachelor of Technology) 	OS 	OBC-NCL 	Gender-Neutral 	4469 	5313
National Institute of Technology Patna	Artificial Intelligence and Data Science (4 Years, Bachelor of Technology) 	OS 	OBC-NCL 	Female-only (including Supernumerary) 	9760 	9814
National Institute of Technology Patna	Chemical Technology (5 Years, Bachelor and Master of Technology (Dual Degree)) 	HS 	OBC-NCL 	Gender-Neutral 	13931 	13931
National Institute of Technology Patna	Chemical Technology (5 Years, Bachelor and Master of Technology (Dual Degree)) 	OS 	OBC-NCL 	Gender-Neutral 	12697 	12697
National Institute of Technology Patna	Civil Engineering (4 Years, Bachelor of Technology) 	HS 	OBC-NCL 	Gender-Neutral 	12467 	13680
National Institute of Technology Patna	Civil Engineering (4 Years, Bachelor of Technology) 	HS 	OBC-NCL 	Female-only (including Supernumerary) 	19593 	19994
National Institute of Technology Patna	Civil Engineering (4 Years, Bachelor of Technology) 	OS 	OBC-NCL 	Gender-Neutral 	12104 	13341
National Institute of Technology Patna	Civil Engineering (4 Years, Bachelor of Technology) 	OS 	OBC-NCL 	Female-only (including Supernumerary) 	18614 	19120
National Institute of Technology Patna	Civil Engineering with Specialization in Construction Technology and Management (5 Years, Bachelor and Master of Technology (Dual Degree)) 	HS 	OBC-NCL 	Gender-Neutral 	13949 	13949
National Institute of Technology Patna	Civil Engineering with Specialization in Construction Technology and Management (5 Years, Bachelor and Master of Technology (Dual Degree)) 	OS 	OBC-NCL 	Gender-Neutral 	13392 	13392
National Institute of Technology Patna	Computer Science and Engineering (4 Years, Bachelor of Technology) 	HS 	OBC-NCL 	Gender-Neutral 	4035 	4647
National Institute of Technology Patna	Computer Science and Engineering (4 Years, Bachelor of Technology) 	HS 	OBC-NCL 	Female-only (including Supernumerary) 	7770 	9093
National Institute of Technology Patna	Computer Science and Engineering (4 Years, Bachelor of Technology) 	OS 	OBC-NCL 	Gender-Neutral 	3137 	4303
National Institute of Technology Patna	Computer Science and Engineering (4 Years, Bachelor of Technology) 	OS 	OBC-NCL 	Female-only (including Supernumerary) 	5760 	8837
National Institute of Technology Patna	Computer Science and Engineering with Specialization in Cyber Security (5 Years, Bachelor and Master of Technology (Dual Degree)) 	HS 	OBC-NCL 	Gender-Neutral 	6241 	6321
National Institute of Technology Patna	Computer Science and Engineering with Specialization in Cyber Security (5 Years, Bachelor and Master of Technology (Dual Degree)) 	HS 	OBC-NCL 	Female-only (including Supernumerary) 	11334 	11334
National Institute of Technology Patna	Computer Science and Engineering with Specialization in Cyber Security (5 Years, Bachelor and Master of Technology (Dual Degree)) 	OS 	OBC-NCL 	Gender-Neutral 	4148 	5044
National Institute of Technology Patna	Computer Science and Engineering with Specialization in Cyber Security (5 Years, Bachelor and Master of Technology (Dual Degree)) 	OS 	OBC-NCL 	Female-only (including Supernumerary) 	11896 	11896
National Institute of Technology Patna	Computer Science and Engineering with Specialization in Data Science (5 Years, Bachelor and Master of Technology (Dual Degree)) 	HS 	OBC-NCL 	Gender-Neutral 	5844 	6302
National Institute of Technology Patna	Computer Science and Engineering with Specialization in Data Science (5 Years, Bachelor and Master of Technology (Dual Degree)) 	OS 	OBC-NCL 	Gender-Neutral 	5080 	5381
National Institute of Technology Patna	Electrical Engineering (4 Years, Bachelor of Technology) 	HS 	OBC-NCL 	Gender-Neutral 	7977 	8984
National Institute of Technology Patna	Electrical Engineering (4 Years, Bachelor of Technology) 	HS 	OBC-NCL 	Female-only (including Supernumerary) 	14066 	14677
National Institute of Technology Patna	Electrical Engineering (4 Years, Bachelor of Technology) 	OS 	OBC-NCL 	Gender-Neutral 	6573 	7743
National Institute of Technology Patna	Electrical Engineering (4 Years, Bachelor of Technology) 	OS 	OBC-NCL 	Female-only (including Supernumerary) 	13283 	14020
National Institute of Technology Patna	Electrical Engineering with Specialization In Power System Engineering (5 Years, Bachelor and Master of Technology (Dual Degree)) 	HS 	OBC-NCL 	Gender-Neutral 	9462 	9944
National Institute of Technology Patna	Electrical Engineering with Specialization In Power System Engineering (5 Years, Bachelor and Master of Technology (Dual Degree)) 	OS 	OBC-NCL 	Gender-Neutral 	8295 	8423
National Institute of Technology Patna	Electrical Engineering with Specialization In Power System Engineering (5 Years, Bachelor and Master of Technology (Dual Degree)) 	OS 	OBC-NCL 	Female-only (including Supernumerary) 	15032 	15032
National Institute of Technology Patna	Electronics and Communication Engineering (4 Years, Bachelor of Technology) 	HS 	OBC-NCL 	Gender-Neutral 	6277 	6737
National Institute of Technology Patna	Electronics and Communication Engineering (4 Years, Bachelor of Technology) 	HS 	OBC-NCL 	Female-only (including Supernumerary) 	11095 	11981
National Institute of Technology Patna	Electronics and Communication Engineering (4 Years, Bachelor of Technology) 	OS 	OBC-NCL 	Gender-Neutral 	4905 	6165
National Institute of Technology Patna	Electronics and Communication Engineering (4 Years, Bachelor of Technology) 	OS 	OBC-NCL 	Female-only (including Supernumerary) 	10860 	12597
National Institute of Technology Patna	Electronics and Communication Engineering with Specialization in Microelectronics and VLSI System Design (5 Years, Bachelor and Master of Technology (Dual Degree)) 	HS 	OBC-NCL 	Gender-Neutral 	8461 	8502
National Institute of Technology Patna	Electronics and Communication Engineering with Specialization in Microelectronics and VLSI System Design (5 Years, Bachelor and Master of Technology (Dual Degree)) 	HS 	OBC-NCL 	Female-only (including Supernumerary) 	12974 	12974
National Institute of Technology Patna	Electronics and Communication Engineering with Specialization in Microelectronics and VLSI System Design (5 Years, Bachelor and Master of Technology (Dual Degree)) 	OS 	OBC-NCL 	Gender-Neutral 	6790 	6884
National Institute of Technology Patna	Electronics and Communication Engineering with Specialization in Microelectronics and VLSI System Design (5 Years, Bachelor and Master of Technology (Dual Degree)) 	OS 	OBC-NCL 	Female-only (including Supernumerary) 	13827 	13827
National Institute of Technology Patna	Electronics Engineering (VLSI Design and Technology) (4 Years, Bachelor of Technology) 	HS 	OBC-NCL 	Gender-Neutral 	7577 	8606
National Institute of Technology Patna	Electronics Engineering (VLSI Design and Technology) (4 Years, Bachelor of Technology) 	HS 	OBC-NCL 	Female-only (including Supernumerary) 	14387 	14724
National Institute of Technology Patna	Electronics Engineering (VLSI Design and Technology) (4 Years, Bachelor of Technology) 	OS 	OBC-NCL 	Gender-Neutral 	6498 	7545
National Institute of Technology Patna	Electronics Engineering (VLSI Design and Technology) (4 Years, Bachelor of Technology) 	OS 	OBC-NCL 	Female-only (including Supernumerary) 	13139 	13573
National Institute of Technology Patna	Material Science and Engineering (5 Years, Bachelor and Master of Technology (Dual Degree)) 	HS 	OBC-NCL 	Gender-Neutral 	13976 	13976
National Institute of Technology Patna	Material Science and Engineering (5 Years, Bachelor and Master of Technology (Dual Degree)) 	OS 	OBC-NCL 	Gender-Neutral 	13039 	13039
National Institute of Technology Patna	Mathematics and Computing Technology (5 Years, Bachelor and Master of Technology (Dual Degree)) 	HS 	OBC-NCL 	Gender-Neutral 	6403 	6403
National Institute of Technology Patna	Mathematics and Computing Technology (5 Years, Bachelor and Master of Technology (Dual Degree)) 	OS 	OBC-NCL 	Gender-Neutral 	4774 	4774
National Institute of Technology Patna	Mechanical Engineering (4 Years, Bachelor of Technology) 	HS 	OBC-NCL 	Gender-Neutral 	9886 	10962
National Institute of Technology Patna	Mechanical Engineering (4 Years, Bachelor of Technology) 	HS 	OBC-NCL 	Female-only (including Supernumerary) 	17020 	19562
National Institute of Technology Patna	Mechanical Engineering (4 Years, Bachelor of Technology) 	OS 	OBC-NCL 	Gender-Neutral 	8519 	10681
National Institute of Technology Patna	Mechanical Engineering (4 Years, Bachelor of Technology) 	OS 	OBC-NCL 	Female-only (including Supernumerary) 	17414 	18232
National Institute of Technology Patna	Mechanical Engineering with Specialization in Manufacturing and Industrial Engineering (5 Years, Bachelor and Master of Technology (Dual Degree)) 	HS 	OBC-NCL 	Gender-Neutral 	11656 	13752
National Institute of Technology Patna	Mechanical Engineering with Specialization in Manufacturing and Industrial Engineering (5 Years, Bachelor and Master of Technology (Dual Degree)) 	HS 	OBC-NCL 	Female-only (including Supernumerary) 	21700 	21700
National Institute of Technology Patna	Mechanical Engineering with Specialization in Manufacturing and Industrial Engineering (5 Years, Bachelor and Master of Technology (Dual Degree)) 	OS 	OBC-NCL 	Gender-Neutral 	10058 	11234
National Institute of Technology Patna	Mechanical Engineering with Specialization in Manufacturing and Industrial Engineering (5 Years, Bachelor and Master of Technology (Dual Degree)) 	OS 	OBC-NCL 	Female-only (including Supernumerary) 	18722 	18722
National Institute of Technology Patna	Mechatronics and Automation Engineering (4 Years, Bachelor of Technology) 	HS 	OBC-NCL 	Gender-Neutral 	8768 	9267
National Institute of Technology Patna	Mechatronics and Automation Engineering (4 Years, Bachelor of Technology) 	HS 	OBC-NCL 	Female-only (including Supernumerary) 	18987 	18987
National Institute of Technology Patna	Mechatronics and Automation Engineering (4 Years, Bachelor of Technology) 	OS 	OBC-NCL 	Gender-Neutral 	7935 	8103
National Institute of Technology Patna	Mechatronics and Automation Engineering (4 Years, Bachelor of Technology) 	OS 	OBC-NCL 	Female-only (including Supernumerary) 	14915 	14915
National Institute of Technology Puducherry	Civil Engineering (4 Years, Bachelor of Technology) 	HS 	OBC-NCL 	Gender-Neutral 	53799 	57213
National Institute of Technology Puducherry	Civil Engineering (4 Years, Bachelor of Technology) 	OS 	OBC-NCL 	Gender-Neutral 	13037 	13552
National Institute of Technology Puducherry	Civil Engineering (4 Years, Bachelor of Technology) 	OS 	OBC-NCL 	Female-only (including Supernumerary) 	15796 	15796
National Institute of Technology Puducherry	Computer Science and Engineering (4 Years, Bachelor of Technology) 	HS 	OBC-NCL 	Gender-Neutral 	15612 	20207
National Institute of Technology Puducherry	Computer Science and Engineering (4 Years, Bachelor of Technology) 	HS 	OBC-NCL 	Female-only (including Supernumerary) 	24211 	24211
National Institute of Technology Puducherry	Computer Science and Engineering (4 Years, Bachelor of Technology) 	OS 	OBC-NCL 	Gender-Neutral 	3691 	5686
National Institute of Technology Puducherry	Computer Science and Engineering (4 Years, Bachelor of Technology) 	OS 	OBC-NCL 	Female-only (including Supernumerary) 	8776 	8947
National Institute of Technology Puducherry	Electrical and Electronics Engineering (4 Years, Bachelor of Technology) 	HS 	OBC-NCL 	Gender-Neutral 	29932 	35815
National Institute of Technology Puducherry	Electrical and Electronics Engineering (4 Years, Bachelor of Technology) 	HS 	OBC-NCL 	Female-only (including Supernumerary) 	31128 	31128
National Institute of Technology Puducherry	Electrical and Electronics Engineering (4 Years, Bachelor of Technology) 	OS 	OBC-NCL 	Gender-Neutral 	7460 	8553
National Institute of Technology Puducherry	Electrical and Electronics Engineering (4 Years, Bachelor of Technology) 	OS 	OBC-NCL 	Female-only (including Supernumerary) 	9970 	13088
National Institute of Technology Puducherry	Electronics and Communication Engineering (4 Years, Bachelor of Technology) 	HS 	OBC-NCL 	Gender-Neutral 	21045 	24651
National Institute of Technology Puducherry	Electronics and Communication Engineering (4 Years, Bachelor of Technology) 	HS 	OBC-NCL 	Female-only (including Supernumerary) 	28405 	30069
National Institute of Technology Puducherry	Electronics and Communication Engineering (4 Years, Bachelor of Technology) 	OS 	OBC-NCL 	Gender-Neutral 	5750 	7031
National Institute of Technology Puducherry	Electronics and Communication Engineering (4 Years, Bachelor of Technology) 	OS 	OBC-NCL 	Female-only (including Supernumerary) 	10152 	10152
National Institute of Technology Puducherry	Mechanical Engineering (4 Years, Bachelor of Technology) 	HS 	OBC-NCL 	Gender-Neutral 	39284 	50115
National Institute of Technology Puducherry	Mechanical Engineering (4 Years, Bachelor of Technology) 	HS 	OBC-NCL 	Female-only (including Supernumerary) 	44483 	44483
National Institute of Technology Puducherry	Mechanical Engineering (4 Years, Bachelor of Technology) 	OS 	OBC-NCL 	Gender-Neutral 	10596 	11540
National Institute of Technology Puducherry	Mechanical Engineering (4 Years, Bachelor of Technology) 	OS 	OBC-NCL 	Female-only (including Supernumerary) 	15835 	16201
National Institute of Technology Raipur	Architecture (5 Years, Bachelor of Architecture) 	HS 	OBC-NCL 	Gender-Neutral 	1168 	2280
National Institute of Technology Raipur	Architecture (5 Years, Bachelor of Architecture) 	HS 	OBC-NCL 	Female-only (including Supernumerary) 	998 	998
National Institute of Technology Raipur	Architecture (5 Years, Bachelor of Architecture) 	OS 	OBC-NCL 	Gender-Neutral 	405 	450
National Institute of Technology Raipur	Architecture (5 Years, Bachelor of Architecture) 	OS 	OBC-NCL 	Female-only (including Supernumerary) 	311 	311
National Institute of Technology Raipur	Bio Medical Engineering (4 Years, Bachelor of Technology) 	HS 	OBC-NCL 	Gender-Neutral 	34624 	36484
National Institute of Technology Raipur	Bio Medical Engineering (4 Years, Bachelor of Technology) 	HS 	OBC-NCL 	Female-only (including Supernumerary) 	36574 	38492
National Institute of Technology Raipur	Bio Medical Engineering (4 Years, Bachelor of Technology) 	OS 	OBC-NCL 	Gender-Neutral 	13471 	15603
National Institute of Technology Raipur	Bio Medical Engineering (4 Years, Bachelor of Technology) 	OS 	OBC-NCL 	Female-only (including Supernumerary) 	19839 	21273
National Institute of Technology Raipur	Bio Technology (4 Years, Bachelor of Technology) 	HS 	OBC-NCL 	Gender-Neutral 	33623 	34589
National Institute of Technology Raipur	Bio Technology (4 Years, Bachelor of Technology) 	HS 	OBC-NCL 	Female-only (including Supernumerary) 	32709 	33438
National Institute of Technology Raipur	Bio Technology (4 Years, Bachelor of Technology) 	OS 	OBC-NCL 	Gender-Neutral 	13344 	15177
National Institute of Technology Raipur	Bio Technology (4 Years, Bachelor of Technology) 	OS 	OBC-NCL 	Female-only (including Supernumerary) 	17602 	18191
National Institute of Technology Raipur	Chemical Engineering (4 Years, Bachelor of Technology) 	HS 	OBC-NCL 	Gender-Neutral 	19072 	21407
National Institute of Technology Raipur	Chemical Engineering (4 Years, Bachelor of Technology) 	HS 	OBC-NCL 	Female-only (including Supernumerary) 	24887 	27187
National Institute of Technology Raipur	Chemical Engineering (4 Years, Bachelor of Technology) 	OS 	OBC-NCL 	Gender-Neutral 	10567 	11491
National Institute of Technology Raipur	Chemical Engineering (4 Years, Bachelor of Technology) 	OS 	OBC-NCL 	Female-only (including Supernumerary) 	14418 	14530
National Institute of Technology Raipur	Civil Engineering (4 Years, Bachelor of Technology) 	HS 	OBC-NCL 	Gender-Neutral 	21503 	26102
National Institute of Technology Raipur	Civil Engineering (4 Years, Bachelor of Technology) 	HS 	OBC-NCL 	Female-only (including Supernumerary) 	28731 	30007
National Institute of Technology Raipur	Civil Engineering (4 Years, Bachelor of Technology) 	OS 	OBC-NCL 	Gender-Neutral 	11878 	13187
National Institute of Technology Raipur	Civil Engineering (4 Years, Bachelor of Technology) 	OS 	OBC-NCL 	Female-only (including Supernumerary) 	18292 	19311
National Institute of Technology Raipur	Computer Science and Engineering (4 Years, Bachelor of Technology) 	HS 	OBC-NCL 	Gender-Neutral 	5609 	10054
National Institute of Technology Raipur	Computer Science and Engineering (4 Years, Bachelor of Technology) 	HS 	OBC-NCL 	Female-only (including Supernumerary) 	8313 	13279
National Institute of Technology Raipur	Computer Science and Engineering (4 Years, Bachelor of Technology) 	OS 	OBC-NCL 	Gender-Neutral 	2911 	3933
National Institute of Technology Raipur	Computer Science and Engineering (4 Years, Bachelor of Technology) 	OS 	OBC-NCL 	Female-only (including Supernumerary) 	6855 	7102
National Institute of Technology Raipur	Electrical Engineering (4 Years, Bachelor of Technology) 	HS 	OBC-NCL 	Gender-Neutral 	14447 	16944
National Institute of Technology Raipur	Electrical Engineering (4 Years, Bachelor of Technology) 	HS 	OBC-NCL 	Female-only (including Supernumerary) 	22880 	24048
National Institute of Technology Raipur	Electrical Engineering (4 Years, Bachelor of Technology) 	OS 	OBC-NCL 	Gender-Neutral 	6376 	7638
National Institute of Technology Raipur	Electrical Engineering (4 Years, Bachelor of Technology) 	OS 	OBC-NCL 	Female-only (including Supernumerary) 	11513 	12773
National Institute of Technology Raipur	Electronics and Communication Engineering (4 Years, Bachelor of Technology) 	HS 	OBC-NCL 	Gender-Neutral 	11284 	14386
National Institute of Technology Raipur	Electronics and Communication Engineering (4 Years, Bachelor of Technology) 	HS 	OBC-NCL 	Female-only (including Supernumerary) 	21052 	21481
National Institute of Technology Raipur	Electronics and Communication Engineering (4 Years, Bachelor of Technology) 	OS 	OBC-NCL 	Gender-Neutral 	5292 	5928
National Institute of Technology Raipur	Electronics and Communication Engineering (4 Years, Bachelor of Technology) 	OS 	OBC-NCL 	Female-only (including Supernumerary) 	9522 	10487
National Institute of Technology Raipur	Information Technology (4 Years, Bachelor of Technology) 	HS 	OBC-NCL 	Gender-Neutral 	8454 	11226
National Institute of Technology Raipur	Information Technology (4 Years, Bachelor of Technology) 	HS 	OBC-NCL 	Female-only (including Supernumerary) 	14837 	18555
National Institute of Technology Raipur	Information Technology (4 Years, Bachelor of Technology) 	OS 	OBC-NCL 	Gender-Neutral 	4052 	5252
National Institute of Technology Raipur	Information Technology (4 Years, Bachelor of Technology) 	OS 	OBC-NCL 	Female-only (including Supernumerary) 	8747 	9740
National Institute of Technology Raipur	Mechanical Engineering (4 Years, Bachelor of Technology) 	HS 	OBC-NCL 	Gender-Neutral 	17139 	18812
National Institute of Technology Raipur	Mechanical Engineering (4 Years, Bachelor of Technology) 	HS 	OBC-NCL 	Female-only (including Supernumerary) 	25746 	26875
National Institute of Technology Raipur	Mechanical Engineering (4 Years, Bachelor of Technology) 	OS 	OBC-NCL 	Gender-Neutral 	8283 	10026
National Institute of Technology Raipur	Mechanical Engineering (4 Years, Bachelor of Technology) 	OS 	OBC-NCL 	Female-only (including Supernumerary) 	15397 	17362
National Institute of Technology Raipur	Metallurgical and Materials Engineering (4 Years, Bachelor of Technology) 	HS 	OBC-NCL 	Gender-Neutral 	23871 	30395
National Institute of Technology Raipur	Metallurgical and Materials Engineering (4 Years, Bachelor of Technology) 	HS 	OBC-NCL 	Female-only (including Supernumerary) 	27337 	33012
National Institute of Technology Raipur	Metallurgical and Materials Engineering (4 Years, Bachelor of Technology) 	OS 	OBC-NCL 	Gender-Neutral 	13479 	14956
National Institute of Technology Raipur	Metallurgical and Materials Engineering (4 Years, Bachelor of Technology) 	OS 	OBC-NCL 	Female-only (including Supernumerary) 	19700 	19966
National Institute of Technology Raipur	Mining Engineering (4 Years, Bachelor of Technology) 	HS 	OBC-NCL 	Gender-Neutral 	30366 	33141
National Institute of Technology Raipur	Mining Engineering (4 Years, Bachelor of Technology) 	HS 	OBC-NCL 	Female-only (including Supernumerary) 	34133 	38765
National Institute of Technology Raipur	Mining Engineering (4 Years, Bachelor of Technology) 	OS 	OBC-NCL 	Gender-Neutral 	13997 	15390
National Institute of Technology Raipur	Mining Engineering (4 Years, Bachelor of Technology) 	OS 	OBC-NCL 	Female-only (including Supernumerary) 	20264 	21054
National Institute of Technology Sikkim	Artificial Intelligence and Machine Learning (4 Years, Bachelor of Technology) 	HS 	OBC-NCL 	Gender-Neutral 	107979 	131718
National Institute of Technology Sikkim	Artificial Intelligence and Machine Learning (4 Years, Bachelor of Technology) 	HS 	OBC-NCL 	Female-only (including Supernumerary) 	298345 	298345
National Institute of Technology Sikkim	Artificial Intelligence and Machine Learning (4 Years, Bachelor of Technology) 	OS 	OBC-NCL 	Gender-Neutral 	8239 	8716
National Institute of Technology Sikkim	Artificial Intelligence and Machine Learning (4 Years, Bachelor of Technology) 	OS 	OBC-NCL 	Female-only (including Supernumerary) 	15742 	15742
National Institute of Technology Sikkim	Civil Engineering (4 Years, Bachelor of Technology) 	HS 	OBC-NCL 	Gender-Neutral 	237210 	344903
National Institute of Technology Sikkim	Civil Engineering (4 Years, Bachelor of Technology) 	OS 	OBC-NCL 	Gender-Neutral 	14617 	15563
National Institute of Technology Sikkim	Civil Engineering (4 Years, Bachelor of Technology) 	OS 	OBC-NCL 	Female-only (including Supernumerary) 	21484 	21484
National Institute of Technology Sikkim	Computer Science and Engineering (4 Years, Bachelor of Technology) 	HS 	OBC-NCL 	Gender-Neutral 	62865 	129104
National Institute of Technology Sikkim	Computer Science and Engineering (4 Years, Bachelor of Technology) 	HS 	OBC-NCL 	Female-only (including Supernumerary) 	94632 	94632
National Institute of Technology Sikkim	Computer Science and Engineering (4 Years, Bachelor of Technology) 	OS 	OBC-NCL 	Gender-Neutral 	5464 	7236
National Institute of Technology Sikkim	Computer Science and Engineering (4 Years, Bachelor of Technology) 	OS 	OBC-NCL 	Female-only (including Supernumerary) 	7370 	7370
National Institute of Technology Sikkim	Electrical and Electronics Engineering (4 Years, Bachelor of Technology) 	HS 	OBC-NCL 	Gender-Neutral 	167627 	195516
National Institute of Technology Sikkim	Electrical and Electronics Engineering (4 Years, Bachelor of Technology) 	HS 	OBC-NCL 	Female-only (including Supernumerary) 	390856 	390856
National Institute of Technology Sikkim	Electrical and Electronics Engineering (4 Years, Bachelor of Technology) 	OS 	OBC-NCL 	Gender-Neutral 	11076 	11452
National Institute of Technology Sikkim	Electrical and Electronics Engineering (4 Years, Bachelor of Technology) 	OS 	OBC-NCL 	Female-only (including Supernumerary) 	19146 	19146
National Institute of Technology Sikkim	Electronics and Communication Engineering (4 Years, Bachelor of Technology) 	HS 	OBC-NCL 	Gender-Neutral 	132548 	149706
National Institute of Technology Sikkim	Electronics and Communication Engineering (4 Years, Bachelor of Technology) 	HS 	OBC-NCL 	Female-only (including Supernumerary) 	303584 	303584
National Institute of Technology Sikkim	Electronics and Communication Engineering (4 Years, Bachelor of Technology) 	OS 	OBC-NCL 	Gender-Neutral 	9549 	9634
National Institute of Technology Sikkim	Electronics and Communication Engineering (4 Years, Bachelor of Technology) 	OS 	OBC-NCL 	Female-only (including Supernumerary) 	18335 	18335
National Institute of Technology Sikkim	Mechanical Engineering (4 Years, Bachelor of Technology) 	HS 	OBC-NCL 	Gender-Neutral 	295354 	331218
National Institute of Technology Sikkim	Mechanical Engineering (4 Years, Bachelor of Technology) 	OS 	OBC-NCL 	Gender-Neutral 	12217 	12526
National Institute of Technology Sikkim	Mechanical Engineering (4 Years, Bachelor of Technology) 	OS 	OBC-NCL 	Female-only (including Supernumerary) 	20312 	20312
National Institute of Technology Arunachal Pradesh 	Biosciences and Bioengineering (4 Years, Bachelor of Technology) 	HS 	OBC-NCL 	Gender-Neutral 	156599 	156599
National Institute of Technology Arunachal Pradesh 	Biosciences and Bioengineering (4 Years, Bachelor of Technology) 	OS 	OBC-NCL 	Gender-Neutral 	15749 	15749
National Institute of Technology Arunachal Pradesh 	Biosciences and Bioengineering (4 Years, Bachelor of Technology) 	OS 	OBC-NCL 	Female-only (including Supernumerary) 	22333 	22333
National Institute of Technology Arunachal Pradesh 	Civil Engineering (4 Years, Bachelor of Technology) 	HS 	OBC-NCL 	Gender-Neutral 	121430 	121430
National Institute of Technology Arunachal Pradesh 	Civil Engineering (4 Years, Bachelor of Technology) 	OS 	OBC-NCL 	Gender-Neutral 	15163 	15622
National Institute of Technology Arunachal Pradesh 	Civil Engineering (4 Years, Bachelor of Technology) 	OS 	OBC-NCL 	Female-only (including Supernumerary) 	21804 	22505
National Institute of Technology Arunachal Pradesh 	Computer Science and Engineering (4 Years, Bachelor of Technology) 	HS 	OBC-NCL 	Gender-Neutral 	35124 	35124
National Institute of Technology Arunachal Pradesh 	Computer Science and Engineering (4 Years, Bachelor of Technology) 	OS 	OBC-NCL 	Gender-Neutral 	7258 	8938
National Institute of Technology Arunachal Pradesh 	Computer Science and Engineering (4 Years, Bachelor of Technology) 	OS 	OBC-NCL 	Female-only (including Supernumerary) 	15345 	15369
National Institute of Technology Arunachal Pradesh 	Electrical Engineering (4 Years, Bachelor of Technology) 	HS 	OBC-NCL 	Gender-Neutral 	68145 	68145
National Institute of Technology Arunachal Pradesh 	Electrical Engineering (4 Years, Bachelor of Technology) 	OS 	OBC-NCL 	Gender-Neutral 	12493 	12691
National Institute of Technology Arunachal Pradesh 	Electrical Engineering (4 Years, Bachelor of Technology) 	OS 	OBC-NCL 	Female-only (including Supernumerary) 	19475 	19475
National Institute of Technology Arunachal Pradesh 	Electronics and Communication Engineering (4 Years, Bachelor of Technology) 	HS 	OBC-NCL 	Gender-Neutral 	37684 	37684
National Institute of Technology Arunachal Pradesh 	Electronics and Communication Engineering (4 Years, Bachelor of Technology) 	OS 	OBC-NCL 	Gender-Neutral 	11136 	11577
National Institute of Technology Arunachal Pradesh 	Electronics and Communication Engineering (4 Years, Bachelor of Technology) 	OS 	OBC-NCL 	Female-only (including Supernumerary) 	17515 	17515
National Institute of Technology Arunachal Pradesh 	Mechanical Engineering (4 Years, Bachelor of Technology) 	HS 	OBC-NCL 	Gender-Neutral 	66207 	66207
National Institute of Technology Arunachal Pradesh 	Mechanical Engineering (4 Years, Bachelor of Technology) 	OS 	OBC-NCL 	Gender-Neutral 	13051 	14453
National Institute of Technology Arunachal Pradesh 	Mechanical Engineering (4 Years, Bachelor of Technology) 	OS 	OBC-NCL 	Female-only (including Supernumerary) 	20345 	20345
National Institute of Technology, Jamshedpur	Civil Engineering (4 Years, Bachelor of Technology) 	HS 	OBC-NCL 	Gender-Neutral 	12659 	14746
National Institute of Technology, Jamshedpur	Civil Engineering (4 Years, Bachelor of Technology) 	HS 	OBC-NCL 	Female-only (including Supernumerary) 	23836 	24476
National Institute of Technology, Jamshedpur	Civil Engineering (4 Years, Bachelor of Technology) 	OS 	OBC-NCL 	Gender-Neutral 	10421 	11628
National Institute of Technology, Jamshedpur	Civil Engineering (4 Years, Bachelor of Technology) 	OS 	OBC-NCL 	Female-only (including Supernumerary) 	18044 	18300
National Institute of Technology, Jamshedpur	Computer Science and Engineering (4 Years, Bachelor of Technology) 	HS 	OBC-NCL 	Gender-Neutral 	2562 	3917
National Institute of Technology, Jamshedpur	Computer Science and Engineering (4 Years, Bachelor of Technology) 	HS 	OBC-NCL 	Female-only (including Supernumerary) 	7823 	8264
National Institute of Technology, Jamshedpur	Computer Science and Engineering (4 Years, Bachelor of Technology) 	OS 	OBC-NCL 	Gender-Neutral 	2086 	2767
National Institute of Technology, Jamshedpur	Computer Science and Engineering (4 Years, Bachelor of Technology) 	OS 	OBC-NCL 	Female-only (including Supernumerary) 	4130 	5497
National Institute of Technology, Jamshedpur	Electrical Engineering (4 Years, Bachelor of Technology) 	HS 	OBC-NCL 	Gender-Neutral 	5502 	6771
National Institute of Technology, Jamshedpur	Electrical Engineering (4 Years, Bachelor of Technology) 	HS 	OBC-NCL 	Female-only (including Supernumerary) 	11638 	12112
National Institute of Technology, Jamshedpur	Electrical Engineering (4 Years, Bachelor of Technology) 	OS 	OBC-NCL 	Gender-Neutral 	4434 	5550
National Institute of Technology, Jamshedpur	Electrical Engineering (4 Years, Bachelor of Technology) 	OS 	OBC-NCL 	Female-only (including Supernumerary) 	10583 	12451
National Institute of Technology, Jamshedpur	Electronics and Communication Engineering (4 Years, Bachelor of Technology) 	HS 	OBC-NCL 	Gender-Neutral 	4345 	4888
National Institute of Technology, Jamshedpur	Electronics and Communication Engineering (4 Years, Bachelor of Technology) 	HS 	OBC-NCL 	Female-only (including Supernumerary) 	9604 	9837
National Institute of Technology, Jamshedpur	Electronics and Communication Engineering (4 Years, Bachelor of Technology) 	OS 	OBC-NCL 	Gender-Neutral 	3389 	4353
National Institute of Technology, Jamshedpur	Electronics and Communication Engineering (4 Years, Bachelor of Technology) 	OS 	OBC-NCL 	Female-only (including Supernumerary) 	7601 	7883
National Institute of Technology, Jamshedpur	Engineering and Computational Mechanics (4 Years, Bachelor of Technology) 	HS 	OBC-NCL 	Gender-Neutral 	7731 	8234
National Institute of Technology, Jamshedpur	Engineering and Computational Mechanics (4 Years, Bachelor of Technology) 	HS 	OBC-NCL 	Female-only (including Supernumerary) 	16074 	16074
National Institute of Technology, Jamshedpur	Engineering and Computational Mechanics (4 Years, Bachelor of Technology) 	OS 	OBC-NCL 	Gender-Neutral 	5779 	5832
National Institute of Technology, Jamshedpur	Engineering and Computational Mechanics (4 Years, Bachelor of Technology) 	OS 	OBC-NCL 	Female-only (including Supernumerary) 	12755 	12755
National Institute of Technology, Jamshedpur	Mechanical Engineering (4 Years, Bachelor of Technology) 	HS 	OBC-NCL 	Gender-Neutral 	9137 	10880
National Institute of Technology, Jamshedpur	Mechanical Engineering (4 Years, Bachelor of Technology) 	HS 	OBC-NCL 	Female-only (including Supernumerary) 	17917 	18042
National Institute of Technology, Jamshedpur	Mechanical Engineering (4 Years, Bachelor of Technology) 	OS 	OBC-NCL 	Gender-Neutral 	7524 	8727
National Institute of Technology, Jamshedpur	Mechanical Engineering (4 Years, Bachelor of Technology) 	OS 	OBC-NCL 	Female-only (including Supernumerary) 	15034 	16180
National Institute of Technology, Jamshedpur	Metallurgical and Materials Engineering (4 Years, Bachelor of Technology) 	HS 	OBC-NCL 	Gender-Neutral 	14209 	15561
National Institute of Technology, Jamshedpur	Metallurgical and Materials Engineering (4 Years, Bachelor of Technology) 	HS 	OBC-NCL 	Female-only (including Supernumerary) 	21716 	22549
National Institute of Technology, Jamshedpur	Metallurgical and Materials Engineering (4 Years, Bachelor of Technology) 	OS 	OBC-NCL 	Gender-Neutral 	11916 	13448
National Institute of Technology, Jamshedpur	Metallurgical and Materials Engineering (4 Years, Bachelor of Technology) 	OS 	OBC-NCL 	Female-only (including Supernumerary) 	19386 	19975
National Institute of Technology, Jamshedpur	Production and Industrial Engineering (4 Years, Bachelor of Technology) 	HS 	OBC-NCL 	Gender-Neutral 	15099 	15931
National Institute of Technology, Jamshedpur	Production and Industrial Engineering (4 Years, Bachelor of Technology) 	HS 	OBC-NCL 	Female-only (including Supernumerary) 	23224 	23691
National Institute of Technology, Jamshedpur	Production and Industrial Engineering (4 Years, Bachelor of Technology) 	OS 	OBC-NCL 	Gender-Neutral 	12280 	13237
National Institute of Technology, Jamshedpur	Production and Industrial Engineering (4 Years, Bachelor of Technology) 	OS 	OBC-NCL 	Female-only (including Supernumerary) 	16527 	16533
National Institute of Technology, Kurukshetra	Architecture (5 Years, Bachelor of Architecture) 	HS 	OBC-NCL 	Gender-Neutral 	456 	1190
National Institute of Technology, Kurukshetra	Architecture (5 Years, Bachelor of Architecture) 	HS 	OBC-NCL 	Female-only (including Supernumerary) 	567 	567
National Institute of Technology, Kurukshetra	Architecture (5 Years, Bachelor of Architecture) 	OS 	OBC-NCL 	Gender-Neutral 	360 	475
National Institute of Technology, Kurukshetra	Architecture (5 Years, Bachelor of Architecture) 	OS 	OBC-NCL 	Female-only (including Supernumerary) 	378 	378
National Institute of Technology, Kurukshetra	Artificial Intelligence and Data Science (4 Years, Bachelor of Technology) 	HS 	OBC-NCL 	Gender-Neutral 	2960 	4278
National Institute of Technology, Kurukshetra	Artificial Intelligence and Data Science (4 Years, Bachelor of Technology) 	HS 	OBC-NCL 	Female-only (including Supernumerary) 	10153 	10741
National Institute of Technology, Kurukshetra	Artificial Intelligence and Data Science (4 Years, Bachelor of Technology) 	OS 	OBC-NCL 	Gender-Neutral 	2585 	3074
National Institute of Technology, Kurukshetra	Artificial Intelligence and Data Science (4 Years, Bachelor of Technology) 	OS 	OBC-NCL 	Female-only (including Supernumerary) 	6400 	6400
National Institute of Technology, Kurukshetra	Artificial Intelligence and Machine Learning (4 Years, Bachelor of Technology) 	HS 	OBC-NCL 	Gender-Neutral 	3062 	4614
National Institute of Technology, Kurukshetra	Artificial Intelligence and Machine Learning (4 Years, Bachelor of Technology) 	HS 	OBC-NCL 	Female-only (including Supernumerary) 	10752 	11678
National Institute of Technology, Kurukshetra	Artificial Intelligence and Machine Learning (4 Years, Bachelor of Technology) 	OS 	OBC-NCL 	Gender-Neutral 	1878 	2850
National Institute of Technology, Kurukshetra	Artificial Intelligence and Machine Learning (4 Years, Bachelor of Technology) 	OS 	OBC-NCL 	Female-only (including Supernumerary) 	6261 	6707
National Institute of Technology, Kurukshetra	Civil Engineering (4 Years, Bachelor of Technology) 	HS 	OBC-NCL 	Gender-Neutral 	11243 	13675
National Institute of Technology, Kurukshetra	Civil Engineering (4 Years, Bachelor of Technology) 	HS 	OBC-NCL 	Female-only (including Supernumerary) 	16464 	18278
National Institute of Technology, Kurukshetra	Civil Engineering (4 Years, Bachelor of Technology) 	OS 	OBC-NCL 	Gender-Neutral 	8194 	10357
National Institute of Technology, Kurukshetra	Civil Engineering (4 Years, Bachelor of Technology) 	OS 	OBC-NCL 	Female-only (including Supernumerary) 	15230 	16187
National Institute of Technology, Kurukshetra	Civil Engineering (5 Years, Bachelor and Master of Technology (Dual Degree)) 	HS 	OBC-NCL 	Gender-Neutral 	15060 	15060
National Institute of Technology, Kurukshetra	Civil Engineering (5 Years, Bachelor and Master of Technology (Dual Degree)) 	OS 	OBC-NCL 	Gender-Neutral 	12097 	12175
National Institute of Technology, Kurukshetra	Computer Science and Engineering (4 Years, Bachelor of Technology) 	HS 	OBC-NCL 	Gender-Neutral 	2171 	2982
National Institute of Technology, Kurukshetra	Computer Science and Engineering (4 Years, Bachelor of Technology) 	HS 	OBC-NCL 	Female-only (including Supernumerary) 	4333 	6549
National Institute of Technology, Kurukshetra	Computer Science and Engineering (4 Years, Bachelor of Technology) 	OS 	OBC-NCL 	Gender-Neutral 	1618 	2318
National Institute of Technology, Kurukshetra	Computer Science and Engineering (4 Years, Bachelor of Technology) 	OS 	OBC-NCL 	Female-only (including Supernumerary) 	4017 	4563
National Institute of Technology, Kurukshetra	Computer Science and Engineering (5 Years, Bachelor and Master of Technology (Dual Degree)) 	HS 	OBC-NCL 	Gender-Neutral 	4123 	4123
National Institute of Technology, Kurukshetra	Computer Science and Engineering (5 Years, Bachelor and Master of Technology (Dual Degree)) 	HS 	OBC-NCL 	Female-only (including Supernumerary) 	5109 	5109
National Institute of Technology, Kurukshetra	Computer Science and Engineering (5 Years, Bachelor and Master of Technology (Dual Degree)) 	OS 	OBC-NCL 	Gender-Neutral 	2092 	2092
National Institute of Technology, Kurukshetra	Electrical Engineering (4 Years, Bachelor of Technology) 	HS 	OBC-NCL 	Gender-Neutral 	6469 	7952
National Institute of Technology, Kurukshetra	Electrical Engineering (4 Years, Bachelor of Technology) 	HS 	OBC-NCL 	Female-only (including Supernumerary) 	14113 	14266
National Institute of Technology, Kurukshetra	Electrical Engineering (4 Years, Bachelor of Technology) 	OS 	OBC-NCL 	Gender-Neutral 	4851 	5293
National Institute of Technology, Kurukshetra	Electrical Engineering (4 Years, Bachelor of Technology) 	OS 	OBC-NCL 	Female-only (including Supernumerary) 	9070 	10671
National Institute of Technology, Kurukshetra	Electrical Engineering (5 Years, Bachelor and Master of Technology (Dual Degree)) 	HS 	OBC-NCL 	Gender-Neutral 	8532 	8532
National Institute of Technology, Kurukshetra	Electrical Engineering (5 Years, Bachelor and Master of Technology (Dual Degree)) 	OS 	OBC-NCL 	Gender-Neutral 	5608 	5740
National Institute of Technology, Kurukshetra	Electronics and Communication Engineering (4 Years, Bachelor of Technology) 	HS 	OBC-NCL 	Gender-Neutral 	5312 	6423
National Institute of Technology, Kurukshetra	Electronics and Communication Engineering (4 Years, Bachelor of Technology) 	HS 	OBC-NCL 	Female-only (including Supernumerary) 	11250 	13236
National Institute of Technology, Kurukshetra	Electronics and Communication Engineering (4 Years, Bachelor of Technology) 	OS 	OBC-NCL 	Gender-Neutral 	3519 	4054
National Institute of Technology, Kurukshetra	Electronics and Communication Engineering (4 Years, Bachelor of Technology) 	OS 	OBC-NCL 	Female-only (including Supernumerary) 	6474 	8054
National Institute of Technology, Kurukshetra	Electronics and Communication Engineering (5 Years, Bachelor and Master of Technology (Dual Degree)) 	HS 	OBC-NCL 	Gender-Neutral 	6762 	6762
National Institute of Technology, Kurukshetra	Electronics and Communication Engineering (5 Years, Bachelor and Master of Technology (Dual Degree)) 	OS 	OBC-NCL 	Gender-Neutral 	4238 	4421
National Institute of Technology, Kurukshetra	Industrial Internet of Things (4 Years, Bachelor of Technology) 	HS 	OBC-NCL 	Gender-Neutral 	8016 	10341
National Institute of Technology, Kurukshetra	Industrial Internet of Things (4 Years, Bachelor of Technology) 	HS 	OBC-NCL 	Female-only (including Supernumerary) 	16124 	16124
National Institute of Technology, Kurukshetra	Industrial Internet of Things (4 Years, Bachelor of Technology) 	OS 	OBC-NCL 	Gender-Neutral 	3895 	5564
National Institute of Technology, Kurukshetra	Industrial Internet of Things (4 Years, Bachelor of Technology) 	OS 	OBC-NCL 	Female-only (including Supernumerary) 	11317 	11317
National Institute of Technology, Kurukshetra	Information Technology (4 Years, Bachelor of Technology) 	HS 	OBC-NCL 	Gender-Neutral 	3113 	4208
National Institute of Technology, Kurukshetra	Information Technology (4 Years, Bachelor of Technology) 	HS 	OBC-NCL 	Female-only (including Supernumerary) 	6724 	9430
National Institute of Technology, Kurukshetra	Information Technology (4 Years, Bachelor of Technology) 	OS 	OBC-NCL 	Gender-Neutral 	2534 	2709
National Institute of Technology, Kurukshetra	Information Technology (4 Years, Bachelor of Technology) 	OS 	OBC-NCL 	Female-only (including Supernumerary) 	7032 	7032
National Institute of Technology, Kurukshetra	Mathematics and Computing (4 Years, Bachelor of Technology) 	HS 	OBC-NCL 	Gender-Neutral 	4628 	5592
National Institute of Technology, Kurukshetra	Mathematics and Computing (4 Years, Bachelor of Technology) 	HS 	OBC-NCL 	Female-only (including Supernumerary) 	9181 	9181
National Institute of Technology, Kurukshetra	Mathematics and Computing (4 Years, Bachelor of Technology) 	OS 	OBC-NCL 	Gender-Neutral 	3157 	3503
National Institute of Technology, Kurukshetra	Mathematics and Computing (4 Years, Bachelor of Technology) 	OS 	OBC-NCL 	Female-only (including Supernumerary) 	5974 	5974
National Institute of Technology, Kurukshetra	Mechanical Engineering (4 Years, Bachelor of Technology) 	HS 	OBC-NCL 	Gender-Neutral 	8575 	11131
National Institute of Technology, Kurukshetra	Mechanical Engineering (4 Years, Bachelor of Technology) 	HS 	OBC-NCL 	Female-only (including Supernumerary) 	16915 	17698
National Institute of Technology, Kurukshetra	Mechanical Engineering (4 Years, Bachelor of Technology) 	OS 	OBC-NCL 	Gender-Neutral 	6472 	7461
National Institute of Technology, Kurukshetra	Mechanical Engineering (4 Years, Bachelor of Technology) 	OS 	OBC-NCL 	Female-only (including Supernumerary) 	10092 	14321
National Institute of Technology, Kurukshetra	Mechanical Engineering (5 Years, Bachelor and Master of Technology (Dual Degree)) 	HS 	OBC-NCL 	Gender-Neutral 	12144 	12144
National Institute of Technology, Kurukshetra	Mechanical Engineering (5 Years, Bachelor and Master of Technology (Dual Degree)) 	OS 	OBC-NCL 	Gender-Neutral 	7210 	7394
National Institute of Technology, Kurukshetra	Microelectronics & VLSI Engineering (4 Years, Bachelor of Technology) 	HS 	OBC-NCL 	Gender-Neutral 	6810 	9991
National Institute of Technology, Kurukshetra	Microelectronics & VLSI Engineering (4 Years, Bachelor of Technology) 	HS 	OBC-NCL 	Female-only (including Supernumerary) 	13985 	14845
National Institute of Technology, Kurukshetra	Microelectronics & VLSI Engineering (4 Years, Bachelor of Technology) 	OS 	OBC-NCL 	Gender-Neutral 	4459 	5124
National Institute of Technology, Kurukshetra	Microelectronics & VLSI Engineering (4 Years, Bachelor of Technology) 	OS 	OBC-NCL 	Female-only (including Supernumerary) 	10328 	10328
National Institute of Technology, Kurukshetra	Production and Industrial Engineering (4 Years, Bachelor of Technology) 	HS 	OBC-NCL 	Gender-Neutral 	10746 	14510
National Institute of Technology, Kurukshetra	Production and Industrial Engineering (4 Years, Bachelor of Technology) 	HS 	OBC-NCL 	Female-only (including Supernumerary) 	21179 	21179
National Institute of Technology, Kurukshetra	Production and Industrial Engineering (4 Years, Bachelor of Technology) 	OS 	OBC-NCL 	Gender-Neutral 	9303 	12164
National Institute of Technology, Kurukshetra	Production and Industrial Engineering (4 Years, Bachelor of Technology) 	OS 	OBC-NCL 	Female-only (including Supernumerary) 	18444 	18444
National Institute of Technology, Kurukshetra	ROBOTICS & AUTOMATION (4 Years, Bachelor of Technology) 	HS 	OBC-NCL 	Gender-Neutral 	5723 	8327
National Institute of Technology, Kurukshetra	ROBOTICS & AUTOMATION (4 Years, Bachelor of Technology) 	HS 	OBC-NCL 	Female-only (including Supernumerary) 	13614 	13614
National Institute of Technology, Kurukshetra	ROBOTICS & AUTOMATION (4 Years, Bachelor of Technology) 	OS 	OBC-NCL 	Gender-Neutral 	3860 	4366
National Institute of Technology, Kurukshetra	ROBOTICS & AUTOMATION (4 Years, Bachelor of Technology) 	OS 	OBC-NCL 	Female-only (including Supernumerary) 	9470 	9891
National Institute of Technology, Kurukshetra	SUSTAINABLE ENERGY TECHNOLOGIES (4 Years, Bachelor of Technology) 	HS 	OBC-NCL 	Gender-Neutral 	12679 	15804
National Institute of Technology, Kurukshetra	SUSTAINABLE ENERGY TECHNOLOGIES (4 Years, Bachelor of Technology) 	HS 	OBC-NCL 	Female-only (including Supernumerary) 	21099 	21099
National Institute of Technology, Kurukshetra	SUSTAINABLE ENERGY TECHNOLOGIES (4 Years, Bachelor of Technology) 	OS 	OBC-NCL 	Gender-Neutral 	9285 	9903
National Institute of Technology, Kurukshetra	SUSTAINABLE ENERGY TECHNOLOGIES (4 Years, Bachelor of Technology) 	OS 	OBC-NCL 	Female-only (including Supernumerary) 	16645 	16645
National Institute of Technology, Manipur	Civil Engineering (4 Years, Bachelor of Technology) 	HS 	OBC-NCL 	Gender-Neutral 	105813 	113539
National Institute of Technology, Manipur	Civil Engineering (4 Years, Bachelor of Technology) 	HS 	OBC-NCL 	Female-only (including Supernumerary) 	199827 	199827
National Institute of Technology, Manipur	Civil Engineering (4 Years, Bachelor of Technology) 	OS 	OBC-NCL 	Gender-Neutral 	15683 	15960
National Institute of Technology, Manipur	Civil Engineering (4 Years, Bachelor of Technology) 	OS 	OBC-NCL 	Female-only (including Supernumerary) 	20751 	20751
National Institute of Technology, Manipur	Computer Science and Engineering (4 Years, Bachelor of Technology) 	HS 	OBC-NCL 	Gender-Neutral 	60099 	77255
National Institute of Technology, Manipur	Computer Science and Engineering (4 Years, Bachelor of Technology) 	HS 	OBC-NCL 	Female-only (including Supernumerary) 	99987 	99987
National Institute of Technology, Manipur	Computer Science and Engineering (4 Years, Bachelor of Technology) 	OS 	OBC-NCL 	Gender-Neutral 	7793 	9699
National Institute of Technology, Manipur	Computer Science and Engineering (4 Years, Bachelor of Technology) 	OS 	OBC-NCL 	Female-only (including Supernumerary) 	13710 	16397
National Institute of Technology, Manipur	Electrical Engineering (4 Years, Bachelor of Technology) 	HS 	OBC-NCL 	Gender-Neutral 	120244 	123381
National Institute of Technology, Manipur	Electrical Engineering (4 Years, Bachelor of Technology) 	HS 	OBC-NCL 	Female-only (including Supernumerary) 	229423 	229423
National Institute of Technology, Manipur	Electrical Engineering (4 Years, Bachelor of Technology) 	OS 	OBC-NCL 	Gender-Neutral 	12370 	12796
National Institute of Technology, Manipur	Electrical Engineering (4 Years, Bachelor of Technology) 	OS 	OBC-NCL 	Female-only (including Supernumerary) 	18996 	18996
National Institute of Technology, Manipur	Electronics and Communication Engineering (4 Years, Bachelor of Technology) 	HS 	OBC-NCL 	Gender-Neutral 	81225 	87348
National Institute of Technology, Manipur	Electronics and Communication Engineering (4 Years, Bachelor of Technology) 	OS 	OBC-NCL 	Gender-Neutral 	10602 	11245
National Institute of Technology, Manipur	Electronics and Communication Engineering (4 Years, Bachelor of Technology) 	OS 	OBC-NCL 	Female-only (including Supernumerary) 	16695 	16695
National Institute of Technology, Manipur	Mechanical Engineering (4 Years, Bachelor of Technology) 	HS 	OBC-NCL 	Gender-Neutral 	149402 	190210
National Institute of Technology, Manipur	Mechanical Engineering (4 Years, Bachelor of Technology) 	OS 	OBC-NCL 	Gender-Neutral 	14187 	14492
National Institute of Technology, Manipur	Mechanical Engineering (4 Years, Bachelor of Technology) 	OS 	OBC-NCL 	Female-only (including Supernumerary) 	19768 	19768
National Institute of Technology, Mizoram	Chemical Science and Technology (4 Years, Bachelor of Technology) 	OS 	OBC-NCL 	Female-only (including Supernumerary) 	22196 	22196
National Institute of Technology, Mizoram	Civil Engineering (4 Years, Bachelor of Technology) 	OS 	OBC-NCL 	Gender-Neutral 	15467 	16248
National Institute of Technology, Mizoram	Civil Engineering (4 Years, Bachelor of Technology) 	OS 	OBC-NCL 	Female-only (including Supernumerary) 	22878 	22878
National Institute of Technology, Mizoram	Computer Science and Engineering (4 Years, Bachelor of Technology) 	HS 	OBC-NCL 	Gender-Neutral 	173405 	349722
National Institute of Technology, Mizoram	Computer Science and Engineering (4 Years, Bachelor of Technology) 	OS 	OBC-NCL 	Gender-Neutral 	8828 	10144
National Institute of Technology, Mizoram	Computer Science and Engineering (4 Years, Bachelor of Technology) 	OS 	OBC-NCL 	Female-only (including Supernumerary) 	14584 	14584
National Institute of Technology, Mizoram	Electrical Engineering (4 Years, Bachelor of Technology) 	OS 	OBC-NCL 	Gender-Neutral 	12862 	13865
National Institute of Technology, Mizoram	Electrical Engineering (4 Years, Bachelor of Technology) 	OS 	OBC-NCL 	Female-only (including Supernumerary) 	18060 	18060
National Institute of Technology, Mizoram	Electronics and Communication Engineering (4 Years, Bachelor of Technology) 	OS 	OBC-NCL 	Gender-Neutral 	11286 	11695
National Institute of Technology, Mizoram	Mathematics and Computing (4 Years, Bachelor of Technology) 	OS 	OBC-NCL 	Gender-Neutral 	10673 	10673
National Institute of Technology, Mizoram	Mathematics and Computing (4 Years, Bachelor of Technology) 	OS 	OBC-NCL 	Female-only (including Supernumerary) 	19899 	19899
National Institute of Technology, Mizoram	Mechanical Engineering (4 Years, Bachelor of Technology) 	OS 	OBC-NCL 	Gender-Neutral 	14474 	15170
National Institute of Technology, Rourkela	Architecture (5 Years, Bachelor of Architecture) 	HS 	OBC-NCL 	Gender-Neutral 	919 	923
National Institute of Technology, Rourkela	Architecture (5 Years, Bachelor of Architecture) 	HS 	OBC-NCL 	Female-only (including Supernumerary) 	729 	729
National Institute of Technology, Rourkela	Architecture (5 Years, Bachelor of Architecture) 	OS 	OBC-NCL 	Gender-Neutral 	172 	174
National Institute of Technology, Rourkela	Architecture (5 Years, Bachelor of Architecture) 	OS 	OBC-NCL 	Female-only (including Supernumerary) 	126 	126
National Institute of Technology, Rourkela	Artificial Intelligence (4 Years, Bachelor of Technology) 	HS 	OBC-NCL 	Gender-Neutral 	4092 	4506
National Institute of Technology, Rourkela	Artificial Intelligence (4 Years, Bachelor of Technology) 	HS 	OBC-NCL 	Female-only (including Supernumerary) 	11537 	11591
National Institute of Technology, Rourkela	Artificial Intelligence (4 Years, Bachelor of Technology) 	OS 	OBC-NCL 	Gender-Neutral 	1017 	1258
National Institute of Technology, Rourkela	Artificial Intelligence (4 Years, Bachelor of Technology) 	OS 	OBC-NCL 	Female-only (including Supernumerary) 	3140 	3284
National Institute of Technology, Rourkela	Bio Medical Engineering (4 Years, Bachelor of Technology) 	HS 	OBC-NCL 	Gender-Neutral 	15828 	19265
National Institute of Technology, Rourkela	Bio Medical Engineering (4 Years, Bachelor of Technology) 	HS 	OBC-NCL 	Female-only (including Supernumerary) 	23592 	23592
National Institute of Technology, Rourkela	Bio Medical Engineering (4 Years, Bachelor of Technology) 	OS 	OBC-NCL 	Gender-Neutral 	8680 	9577
National Institute of Technology, Rourkela	Bio Medical Engineering (4 Years, Bachelor of Technology) 	OS 	OBC-NCL 	Female-only (including Supernumerary) 	9557 	9557
National Institute of Technology, Rourkela	Bio Technology (4 Years, Bachelor of Technology) 	HS 	OBC-NCL 	Gender-Neutral 	9515 	14610
National Institute of Technology, Rourkela	Bio Technology (4 Years, Bachelor of Technology) 	HS 	OBC-NCL 	Female-only (including Supernumerary) 	18168 	18168
National Institute of Technology, Rourkela	Bio Technology (4 Years, Bachelor of Technology) 	OS 	OBC-NCL 	Gender-Neutral 	8850 	10504
National Institute of Technology, Rourkela	Bio Technology (4 Years, Bachelor of Technology) 	OS 	OBC-NCL 	Female-only (including Supernumerary) 	10790 	10790
National Institute of Technology, Rourkela	Ceramic Engineering (4 Years, Bachelor of Technology) 	HS 	OBC-NCL 	Gender-Neutral 	13152 	15313
National Institute of Technology, Rourkela	Ceramic Engineering (4 Years, Bachelor of Technology) 	HS 	OBC-NCL 	Female-only (including Supernumerary) 	29864 	29864
National Institute of Technology, Rourkela	Ceramic Engineering (4 Years, Bachelor of Technology) 	OS 	OBC-NCL 	Gender-Neutral 	7832 	9483
National Institute of Technology, Rourkela	Ceramic Engineering (4 Years, Bachelor of Technology) 	OS 	OBC-NCL 	Female-only (including Supernumerary) 	16135 	16135
National Institute of Technology, Rourkela	Ceramic Engineering and M.Tech Industrial Ceramic (5 Years, Bachelor and Master of Technology (Dual Degree)) 	HS 	OBC-NCL 	Gender-Neutral 	16240 	17654
National Institute of Technology, Rourkela	Ceramic Engineering and M.Tech Industrial Ceramic (5 Years, Bachelor and Master of Technology (Dual Degree)) 	OS 	OBC-NCL 	Gender-Neutral 	10593 	10733
National Institute of Technology, Rourkela	Chemical Engineering (4 Years, Bachelor of Technology) 	HS 	OBC-NCL 	Gender-Neutral 	9651 	11270
National Institute of Technology, Rourkela	Chemical Engineering (4 Years, Bachelor of Technology) 	HS 	OBC-NCL 	Female-only (including Supernumerary) 	21992 	21992
National Institute of Technology, Rourkela	Chemical Engineering (4 Years, Bachelor of Technology) 	OS 	OBC-NCL 	Gender-Neutral 	5416 	6340
National Institute of Technology, Rourkela	Chemical Engineering (4 Years, Bachelor of Technology) 	OS 	OBC-NCL 	Female-only (including Supernumerary) 	10408 	11568
National Institute of Technology, Rourkela	Chemical Engineering (5 Years, Bachelor and Master of Technology (Dual Degree)) 	HS 	OBC-NCL 	Gender-Neutral 	9919 	9919
National Institute of Technology, Rourkela	Chemical Engineering (5 Years, Bachelor and Master of Technology (Dual Degree)) 	HS 	OBC-NCL 	Female-only (including Supernumerary) 	22283 	22283
National Institute of Technology, Rourkela	Chemical Engineering (5 Years, Bachelor and Master of Technology (Dual Degree)) 	OS 	OBC-NCL 	Gender-Neutral 	6210 	6210
National Institute of Technology, Rourkela	Chemistry (5 Years, Integrated Master of Science) 	HS 	OBC-NCL 	Gender-Neutral 	20549 	20781
National Institute of Technology, Rourkela	Chemistry (5 Years, Integrated Master of Science) 	HS 	OBC-NCL 	Female-only (including Supernumerary) 	25049 	25049
National Institute of Technology, Rourkela	Chemistry (5 Years, Integrated Master of Science) 	OS 	OBC-NCL 	Gender-Neutral 	8538 	10799
National Institute of Technology, Rourkela	Chemistry (5 Years, Integrated Master of Science) 	OS 	OBC-NCL 	Female-only (including Supernumerary) 	13952 	13952
National Institute of Technology, Rourkela	Civil Engineering (4 Years, Bachelor of Technology) 	HS 	OBC-NCL 	Gender-Neutral 	10038 	11587
National Institute of Technology, Rourkela	Civil Engineering (4 Years, Bachelor of Technology) 	HS 	OBC-NCL 	Female-only (including Supernumerary) 	23559 	24402
National Institute of Technology, Rourkela	Civil Engineering (4 Years, Bachelor of Technology) 	OS 	OBC-NCL 	Gender-Neutral 	7124 	7960
National Institute of Technology, Rourkela	Civil Engineering (4 Years, Bachelor of Technology) 	OS 	OBC-NCL 	Female-only (including Supernumerary) 	13140 	13304
National Institute of Technology, Rourkela	Computer Science and Engineering (4 Years, Bachelor of Technology) 	HS 	OBC-NCL 	Gender-Neutral 	2170 	4182
National Institute of Technology, Rourkela	Computer Science and Engineering (4 Years, Bachelor of Technology) 	HS 	OBC-NCL 	Female-only (including Supernumerary) 	6327 	7654
National Institute of Technology, Rourkela	Computer Science and Engineering (4 Years, Bachelor of Technology) 	OS 	OBC-NCL 	Gender-Neutral 	637 	1011
National Institute of Technology, Rourkela	Computer Science and Engineering (4 Years, Bachelor of Technology) 	OS 	OBC-NCL 	Female-only (including Supernumerary) 	2196 	2807
National Institute of Technology, Rourkela	Electrical Engineering (4 Years, Bachelor of Technology) 	HS 	OBC-NCL 	Gender-Neutral 	5915 	7163
National Institute of Technology, Rourkela	Electrical Engineering (4 Years, Bachelor of Technology) 	HS 	OBC-NCL 	Female-only (including Supernumerary) 	11964 	16237
National Institute of Technology, Rourkela	Electrical Engineering (4 Years, Bachelor of Technology) 	OS 	OBC-NCL 	Gender-Neutral 	2212 	3473
National Institute of Technology, Rourkela	Electrical Engineering (4 Years, Bachelor of Technology) 	OS 	OBC-NCL 	Female-only (including Supernumerary) 	5461 	6056
National Institute of Technology, Rourkela	Electronics and Communication Engineering (4 Years, Bachelor of Technology) 	HS 	OBC-NCL 	Gender-Neutral 	4682 	5418
National Institute of Technology, Rourkela	Electronics and Communication Engineering (4 Years, Bachelor of Technology) 	HS 	OBC-NCL 	Female-only (including Supernumerary) 	11036 	11036
National Institute of Technology, Rourkela	Electronics and Communication Engineering (4 Years, Bachelor of Technology) 	OS 	OBC-NCL 	Gender-Neutral 	1253 	1902
National Institute of Technology, Rourkela	Electronics and Communication Engineering (4 Years, Bachelor of Technology) 	OS 	OBC-NCL 	Female-only (including Supernumerary) 	3678 	3678
National Institute of Technology, Rourkela	Electronics and Instrumentation Engineering (4 Years, Bachelor of Technology) 	HS 	OBC-NCL 	Gender-Neutral 	3868 	5912
National Institute of Technology, Rourkela	Electronics and Instrumentation Engineering (4 Years, Bachelor of Technology) 	HS 	OBC-NCL 	Female-only (including Supernumerary) 	12978 	12978
National Institute of Technology, Rourkela	Electronics and Instrumentation Engineering (4 Years, Bachelor of Technology) 	OS 	OBC-NCL 	Gender-Neutral 	2672 	3641
National Institute of Technology, Rourkela	Electronics and Instrumentation Engineering (4 Years, Bachelor of Technology) 	OS 	OBC-NCL 	Female-only (including Supernumerary) 	7054 	8335
National Institute of Technology, Rourkela	Food Process Engineering (4 Years, Bachelor of Technology) 	HS 	OBC-NCL 	Gender-Neutral 	16899 	19011
National Institute of Technology, Rourkela	Food Process Engineering (4 Years, Bachelor of Technology) 	HS 	OBC-NCL 	Female-only (including Supernumerary) 	31085 	31085
National Institute of Technology, Rourkela	Food Process Engineering (4 Years, Bachelor of Technology) 	OS 	OBC-NCL 	Gender-Neutral 	10238 	11208
National Institute of Technology, Rourkela	Food Process Engineering (4 Years, Bachelor of Technology) 	OS 	OBC-NCL 	Female-only (including Supernumerary) 	13486 	13486
National Institute of Technology, Rourkela	Industrial Design (4 Years, Bachelor of Technology) 	HS 	OBC-NCL 	Gender-Neutral 	13557 	13993
National Institute of Technology, Rourkela	Industrial Design (4 Years, Bachelor of Technology) 	HS 	OBC-NCL 	Female-only (including Supernumerary) 	30011 	30011
National Institute of Technology, Rourkela	Industrial Design (4 Years, Bachelor of Technology) 	OS 	OBC-NCL 	Gender-Neutral 	8310 	8482
National Institute of Technology, Rourkela	Industrial Design (4 Years, Bachelor of Technology) 	OS 	OBC-NCL 	Female-only (including Supernumerary) 	12831 	12831
National Institute of Technology, Rourkela	Life Science (5 Years, Integrated Master of Science) 	HS 	OBC-NCL 	Gender-Neutral 	21795 	23638
National Institute of Technology, Rourkela	Life Science (5 Years, Integrated Master of Science) 	HS 	OBC-NCL 	Female-only (including Supernumerary) 	26461 	26461
National Institute of Technology, Rourkela	Life Science (5 Years, Integrated Master of Science) 	OS 	OBC-NCL 	Gender-Neutral 	11608 	11814
National Institute of Technology, Rourkela	Life Science (5 Years, Integrated Master of Science) 	OS 	OBC-NCL 	Female-only (including Supernumerary) 	15616 	15616
National Institute of Technology, Rourkela	Mathematics (5 Years, Integrated Master of Science) 	HS 	OBC-NCL 	Gender-Neutral 	18108 	19653
National Institute of Technology, Rourkela	Mathematics (5 Years, Integrated Master of Science) 	OS 	OBC-NCL 	Gender-Neutral 	6259 	9201
National Institute of Technology, Rourkela	Mechanical Engineering (4 Years, Bachelor of Technology) 	HS 	OBC-NCL 	Gender-Neutral 	7218 	9365
National Institute of Technology, Rourkela	Mechanical Engineering (4 Years, Bachelor of Technology) 	HS 	OBC-NCL 	Female-only (including Supernumerary) 	20080 	21673
National Institute of Technology, Rourkela	Mechanical Engineering (4 Years, Bachelor of Technology) 	OS 	OBC-NCL 	Gender-Neutral 	3654 	4819
National Institute of Technology, Rourkela	Mechanical Engineering (4 Years, Bachelor of Technology) 	OS 	OBC-NCL 	Female-only (including Supernumerary) 	8134 	10436
National Institute of Technology, Rourkela	Metallurgical and Materials Engineering (4 Years, Bachelor of Technology) 	HS 	OBC-NCL 	Gender-Neutral 	12251 	13011
National Institute of Technology, Rourkela	Metallurgical and Materials Engineering (4 Years, Bachelor of Technology) 	HS 	OBC-NCL 	Female-only (including Supernumerary) 	24288 	29339
National Institute of Technology, Rourkela	Metallurgical and Materials Engineering (4 Years, Bachelor of Technology) 	OS 	OBC-NCL 	Gender-Neutral 	8182 	8827
National Institute of Technology, Rourkela	Metallurgical and Materials Engineering (4 Years, Bachelor of Technology) 	OS 	OBC-NCL 	Female-only (including Supernumerary) 	12343 	13142
National Institute of Technology, Rourkela	Metallurgical and Materials Engineering (5 Years, Bachelor and Master of Technology (Dual Degree)) 	HS 	OBC-NCL 	Gender-Neutral 	11922 	11922
National Institute of Technology, Rourkela	Metallurgical and Materials Engineering (5 Years, Bachelor and Master of Technology (Dual Degree)) 	HS 	OBC-NCL 	Female-only (including Supernumerary) 	26841 	26841
National Institute of Technology, Rourkela	Metallurgical and Materials Engineering (5 Years, Bachelor and Master of Technology (Dual Degree)) 	OS 	OBC-NCL 	Gender-Neutral 	9369 	10395
National Institute of Technology, Rourkela	Mining Engineering (4 Years, Bachelor of Technology) 	HS 	OBC-NCL 	Gender-Neutral 	12000 	13664
National Institute of Technology, Rourkela	Mining Engineering (4 Years, Bachelor of Technology) 	OS 	OBC-NCL 	Gender-Neutral 	9551 	10124
National Institute of Technology, Rourkela	Mining Engineering (4 Years, Bachelor of Technology) 	OS 	OBC-NCL 	Female-only (including Supernumerary) 	14781 	14781
National Institute of Technology, Rourkela	Mining Engineering (5 Years, Bachelor and Master of Technology (Dual Degree)) 	HS 	OBC-NCL 	Gender-Neutral 	14174 	14174
National Institute of Technology, Rourkela	Mining Engineering (5 Years, Bachelor and Master of Technology (Dual Degree)) 	HS 	OBC-NCL 	Female-only (including Supernumerary) 	29283 	29283
National Institute of Technology, Rourkela	Mining Engineering (5 Years, Bachelor and Master of Technology (Dual Degree)) 	OS 	OBC-NCL 	Female-only (including Supernumerary) 	15812 	15812
National Institute of Technology, Rourkela	Physics (5 Years, Integrated Master of Science) 	HS 	OBC-NCL 	Gender-Neutral 	16843 	18644
National Institute of Technology, Rourkela	Physics (5 Years, Integrated Master of Science) 	HS 	OBC-NCL 	Female-only (including Supernumerary) 	19614 	19614
National Institute of Technology, Rourkela	Physics (5 Years, Integrated Master of Science) 	OS 	OBC-NCL 	Gender-Neutral 	6838 	9958
National Institute of Technology, Silchar	Civil Engineering (4 Years, Bachelor of Technology) 	HS 	OBC-NCL 	Gender-Neutral 	24905 	38407
National Institute of Technology, Silchar	Civil Engineering (4 Years, Bachelor of Technology) 	HS 	OBC-NCL 	Female-only (including Supernumerary) 	45685 	64985
National Institute of Technology, Silchar	Civil Engineering (4 Years, Bachelor of Technology) 	OS 	OBC-NCL 	Gender-Neutral 	11652 	13218
National Institute of Technology, Silchar	Civil Engineering (4 Years, Bachelor of Technology) 	OS 	OBC-NCL 	Female-only (including Supernumerary) 	18502 	18938
National Institute of Technology, Silchar	Computer Science and Engineering (4 Years, Bachelor of Technology) 	HS 	OBC-NCL 	Gender-Neutral 	5952 	13541
National Institute of Technology, Silchar	Computer Science and Engineering (4 Years, Bachelor of Technology) 	HS 	OBC-NCL 	Female-only (including Supernumerary) 	22560 	29556
National Institute of Technology, Silchar	Computer Science and Engineering (4 Years, Bachelor of Technology) 	OS 	OBC-NCL 	Gender-Neutral 	2544 	3702
National Institute of Technology, Silchar	Computer Science and Engineering (4 Years, Bachelor of Technology) 	OS 	OBC-NCL 	Female-only (including Supernumerary) 	6568 	7677
National Institute of Technology, Silchar	Electrical Engineering (4 Years, Bachelor of Technology) 	HS 	OBC-NCL 	Gender-Neutral 	15777 	31028
National Institute of Technology, Silchar	Electrical Engineering (4 Years, Bachelor of Technology) 	HS 	OBC-NCL 	Female-only (including Supernumerary) 	29834 	54704
National Institute of Technology, Silchar	Electrical Engineering (4 Years, Bachelor of Technology) 	OS 	OBC-NCL 	Gender-Neutral 	5678 	7326
National Institute of Technology, Silchar	Electrical Engineering (4 Years, Bachelor of Technology) 	OS 	OBC-NCL 	Female-only (including Supernumerary) 	12356 	14649
National Institute of Technology, Silchar	Electronics and Communication Engineering (4 Years, Bachelor of Technology) 	HS 	OBC-NCL 	Gender-Neutral 	13553 	20901
National Institute of Technology, Silchar	Electronics and Communication Engineering (4 Years, Bachelor of Technology) 	HS 	OBC-NCL 	Female-only (including Supernumerary) 	32336 	37267
National Institute of Technology, Silchar	Electronics and Communication Engineering (4 Years, Bachelor of Technology) 	OS 	OBC-NCL 	Gender-Neutral 	3961 	5364
National Institute of Technology, Silchar	Electronics and Communication Engineering (4 Years, Bachelor of Technology) 	OS 	OBC-NCL 	Female-only (including Supernumerary) 	10489 	11806
National Institute of Technology, Silchar	Electronics and Instrumentation Engineering (4 Years, Bachelor of Technology) 	HS 	OBC-NCL 	Gender-Neutral 	14299 	23742
National Institute of Technology, Silchar	Electronics and Instrumentation Engineering (4 Years, Bachelor of Technology) 	HS 	OBC-NCL 	Female-only (including Supernumerary) 	42007 	49389
National Institute of Technology, Silchar	Electronics and Instrumentation Engineering (4 Years, Bachelor of Technology) 	OS 	OBC-NCL 	Gender-Neutral 	5698 	6657
National Institute of Technology, Silchar	Electronics and Instrumentation Engineering (4 Years, Bachelor of Technology) 	OS 	OBC-NCL 	Female-only (including Supernumerary) 	13387 	14657
National Institute of Technology, Silchar	Mechanical Engineering (4 Years, Bachelor of Technology) 	HS 	OBC-NCL 	Gender-Neutral 	25796 	33331
National Institute of Technology, Silchar	Mechanical Engineering (4 Years, Bachelor of Technology) 	HS 	OBC-NCL 	Female-only (including Supernumerary) 	56173 	65380
National Institute of Technology, Silchar	Mechanical Engineering (4 Years, Bachelor of Technology) 	OS 	OBC-NCL 	Gender-Neutral 	8084 	9844
National Institute of Technology, Silchar	Mechanical Engineering (4 Years, Bachelor of Technology) 	OS 	OBC-NCL 	Female-only (including Supernumerary) 	14401 	17590
National Institute of Technology, Srinagar	Chemical Engineering (4 Years, Bachelor of Technology) 	JK 	OBC-NCL 	Gender-Neutral 	158789 	437742
National Institute of Technology, Srinagar	Chemical Engineering (4 Years, Bachelor of Technology) 	OS 	OBC-NCL 	Gender-Neutral 	13988 	14994
National Institute of Technology, Srinagar	Chemical Engineering (4 Years, Bachelor of Technology) 	OS 	OBC-NCL 	Female-only (including Supernumerary) 	19802 	20422
National Institute of Technology, Srinagar	Civil Engineering (4 Years, Bachelor of Technology) 	JK 	OBC-NCL 	Gender-Neutral 	84776 	561381
National Institute of Technology, Srinagar	Civil Engineering (4 Years, Bachelor of Technology) 	JK 	OBC-NCL 	Female-only (including Supernumerary) 	58347 	119414
National Institute of Technology, Srinagar	Civil Engineering (4 Years, Bachelor of Technology) 	OS 	OBC-NCL 	Gender-Neutral 	14438 	15379
National Institute of Technology, Srinagar	Civil Engineering (4 Years, Bachelor of Technology) 	OS 	OBC-NCL 	Female-only (including Supernumerary) 	21173 	23070
National Institute of Technology, Srinagar	Computer Science and Engineering (4 Years, Bachelor of Technology) 	JK 	OBC-NCL 	Gender-Neutral 	17891 	45264
National Institute of Technology, Srinagar	Computer Science and Engineering (4 Years, Bachelor of Technology) 	JK 	OBC-NCL 	Female-only (including Supernumerary) 	22158 	47580
National Institute of Technology, Srinagar	Computer Science and Engineering (4 Years, Bachelor of Technology) 	OS 	OBC-NCL 	Gender-Neutral 	5690 	7170
National Institute of Technology, Srinagar	Computer Science and Engineering (4 Years, Bachelor of Technology) 	OS 	OBC-NCL 	Female-only (including Supernumerary) 	10951 	12814
National Institute of Technology, Srinagar	Electrical Engineering (4 Years, Bachelor of Technology) 	JK 	OBC-NCL 	Gender-Neutral 	60738 	157154
National Institute of Technology, Srinagar	Electrical Engineering (4 Years, Bachelor of Technology) 	OS 	OBC-NCL 	Gender-Neutral 	10711 	11617
National Institute of Technology, Srinagar	Electrical Engineering (4 Years, Bachelor of Technology) 	OS 	OBC-NCL 	Female-only (including Supernumerary) 	18664 	18868
National Institute of Technology, Srinagar	Electronics and Communication Engineering (4 Years, Bachelor of Technology) 	JK 	OBC-NCL 	Gender-Neutral 	48400 	111149
National Institute of Technology, Srinagar	Electronics and Communication Engineering (4 Years, Bachelor of Technology) 	JK 	OBC-NCL 	Female-only (including Supernumerary) 	59050 	178776
National Institute of Technology, Srinagar	Electronics and Communication Engineering (4 Years, Bachelor of Technology) 	OS 	OBC-NCL 	Gender-Neutral 	8916 	10270
National Institute of Technology, Srinagar	Electronics and Communication Engineering (4 Years, Bachelor of Technology) 	OS 	OBC-NCL 	Female-only (including Supernumerary) 	17379 	17702
National Institute of Technology, Srinagar	Information Technology (4 Years, Bachelor of Technology) 	JK 	OBC-NCL 	Gender-Neutral 	51495 	87765
National Institute of Technology, Srinagar	Information Technology (4 Years, Bachelor of Technology) 	JK 	OBC-NCL 	Female-only (including Supernumerary) 	152441 	334293
National Institute of Technology, Srinagar	Information Technology (4 Years, Bachelor of Technology) 	OS 	OBC-NCL 	Gender-Neutral 	7587 	9537
National Institute of Technology, Srinagar	Information Technology (4 Years, Bachelor of Technology) 	OS 	OBC-NCL 	Female-only (including Supernumerary) 	15141 	16166
National Institute of Technology, Srinagar	Mechanical Engineering (4 Years, Bachelor of Technology) 	JK 	OBC-NCL 	Gender-Neutral 	63002 	241593
National Institute of Technology, Srinagar	Mechanical Engineering (4 Years, Bachelor of Technology) 	OS 	OBC-NCL 	Gender-Neutral 	12406 	13728
National Institute of Technology, Srinagar	Mechanical Engineering (4 Years, Bachelor of Technology) 	OS 	OBC-NCL 	Female-only (including Supernumerary) 	19652 	20885
National Institute of Technology, Srinagar	Metallurgical and Materials Engineering (4 Years, Bachelor of Technology) 	JK 	OBC-NCL 	Gender-Neutral 	160250 	489968
National Institute of Technology, Srinagar	Metallurgical and Materials Engineering (4 Years, Bachelor of Technology) 	OS 	OBC-NCL 	Gender-Neutral 	14880 	16167
National Institute of Technology, Srinagar	Metallurgical and Materials Engineering (4 Years, Bachelor of Technology) 	OS 	OBC-NCL 	Female-only (including Supernumerary) 	20984 	23358
National Institute of Technology, Tiruchirappalli	Architecture (5 Years, Bachelor of Architecture) 	HS 	OBC-NCL 	Gender-Neutral 	114 	151
National Institute of Technology, Tiruchirappalli	Architecture (5 Years, Bachelor of Architecture) 	HS 	OBC-NCL 	Female-only (including Supernumerary) 	59 	104
National Institute of Technology, Tiruchirappalli	Architecture (5 Years, Bachelor of Architecture) 	OS 	OBC-NCL 	Gender-Neutral 	33 	119
National Institute of Technology, Tiruchirappalli	Architecture (5 Years, Bachelor of Architecture) 	OS 	OBC-NCL 	Female-only (including Supernumerary) 	62 	62
National Institute of Technology, Tiruchirappalli	Chemical Engineering (4 Years, Bachelor of Technology) 	HS 	OBC-NCL 	Gender-Neutral 	4312 	5154
National Institute of Technology, Tiruchirappalli	Chemical Engineering (4 Years, Bachelor of Technology) 	HS 	OBC-NCL 	Female-only (including Supernumerary) 	8456 	8547
National Institute of Technology, Tiruchirappalli	Chemical Engineering (4 Years, Bachelor of Technology) 	OS 	OBC-NCL 	Gender-Neutral 	3134 	5040
National Institute of Technology, Tiruchirappalli	Chemical Engineering (4 Years, Bachelor of Technology) 	OS 	OBC-NCL 	Female-only (including Supernumerary) 	4829 	4829
National Institute of Technology, Tiruchirappalli	Civil Engineering (4 Years, Bachelor of Technology) 	HS 	OBC-NCL 	Gender-Neutral 	7350 	8877
National Institute of Technology, Tiruchirappalli	Civil Engineering (4 Years, Bachelor of Technology) 	HS 	OBC-NCL 	Female-only (including Supernumerary) 	10542 	10708
National Institute of Technology, Tiruchirappalli	Civil Engineering (4 Years, Bachelor of Technology) 	OS 	OBC-NCL 	Gender-Neutral 	4050 	5771
National Institute of Technology, Tiruchirappalli	Civil Engineering (4 Years, Bachelor of Technology) 	OS 	OBC-NCL 	Female-only (including Supernumerary) 	9248 	10503
National Institute of Technology, Tiruchirappalli	Computer Science and Engineering (4 Years, Bachelor of Technology) 	HS 	OBC-NCL 	Gender-Neutral 	1007 	1620
National Institute of Technology, Tiruchirappalli	Computer Science and Engineering (4 Years, Bachelor of Technology) 	HS 	OBC-NCL 	Female-only (including Supernumerary) 	1708 	2089
National Institute of Technology, Tiruchirappalli	Computer Science and Engineering (4 Years, Bachelor of Technology) 	OS 	OBC-NCL 	Gender-Neutral 	192 	376
National Institute of Technology, Tiruchirappalli	Computer Science and Engineering (4 Years, Bachelor of Technology) 	OS 	OBC-NCL 	Female-only (including Supernumerary) 	741 	991
National Institute of Technology, Tiruchirappalli	Electrical and Electronics Engineering (4 Years, Bachelor of Technology) 	HS 	OBC-NCL 	Gender-Neutral 	2013 	2374
National Institute of Technology, Tiruchirappalli	Electrical and Electronics Engineering (4 Years, Bachelor of Technology) 	HS 	OBC-NCL 	Female-only (including Supernumerary) 	3903 	4783
National Institute of Technology, Tiruchirappalli	Electrical and Electronics Engineering (4 Years, Bachelor of Technology) 	OS 	OBC-NCL 	Gender-Neutral 	1192 	2058
National Institute of Technology, Tiruchirappalli	Electrical and Electronics Engineering (4 Years, Bachelor of Technology) 	OS 	OBC-NCL 	Female-only (including Supernumerary) 	3343 	3699
National Institute of Technology, Tiruchirappalli	Electronics and Communication Engineering (4 Years, Bachelor of Technology) 	HS 	OBC-NCL 	Gender-Neutral 	1523 	1995
National Institute of Technology, Tiruchirappalli	Electronics and Communication Engineering (4 Years, Bachelor of Technology) 	HS 	OBC-NCL 	Female-only (including Supernumerary) 	2714 	3010
National Institute of Technology, Tiruchirappalli	Electronics and Communication Engineering (4 Years, Bachelor of Technology) 	OS 	OBC-NCL 	Gender-Neutral 	639 	1178
National Institute of Technology, Tiruchirappalli	Electronics and Communication Engineering (4 Years, Bachelor of Technology) 	OS 	OBC-NCL 	Female-only (including Supernumerary) 	1649 	2763
National Institute of Technology, Tiruchirappalli	Instrumentation and Control Engineering (4 Years, Bachelor of Technology) 	HS 	OBC-NCL 	Gender-Neutral 	2908 	3499
National Institute of Technology, Tiruchirappalli	Instrumentation and Control Engineering (4 Years, Bachelor of Technology) 	HS 	OBC-NCL 	Female-only (including Supernumerary) 	5823 	6224
National Institute of Technology, Tiruchirappalli	Instrumentation and Control Engineering (4 Years, Bachelor of Technology) 	OS 	OBC-NCL 	Gender-Neutral 	2444 	3753
National Institute of Technology, Tiruchirappalli	Instrumentation and Control Engineering (4 Years, Bachelor of Technology) 	OS 	OBC-NCL 	Female-only (including Supernumerary) 	4914 	7355
National Institute of Technology, Tiruchirappalli	Mechanical Engineering (4 Years, Bachelor of Technology) 	HS 	OBC-NCL 	Gender-Neutral 	3208 	3839
National Institute of Technology, Tiruchirappalli	Mechanical Engineering (4 Years, Bachelor of Technology) 	HS 	OBC-NCL 	Female-only (including Supernumerary) 	7949 	8274
National Institute of Technology, Tiruchirappalli	Mechanical Engineering (4 Years, Bachelor of Technology) 	OS 	OBC-NCL 	Gender-Neutral 	1919 	3368
National Institute of Technology, Tiruchirappalli	Mechanical Engineering (4 Years, Bachelor of Technology) 	OS 	OBC-NCL 	Female-only (including Supernumerary) 	6356 	7085
National Institute of Technology, Tiruchirappalli	Metallurgical and Materials Engineering (4 Years, Bachelor of Technology) 	HS 	OBC-NCL 	Gender-Neutral 	6749 	7360
National Institute of Technology, Tiruchirappalli	Metallurgical and Materials Engineering (4 Years, Bachelor of Technology) 	HS 	OBC-NCL 	Female-only (including Supernumerary) 	8985 	8990
National Institute of Technology, Tiruchirappalli	Metallurgical and Materials Engineering (4 Years, Bachelor of Technology) 	OS 	OBC-NCL 	Gender-Neutral 	5862 	7573
National Institute of Technology, Tiruchirappalli	Metallurgical and Materials Engineering (4 Years, Bachelor of Technology) 	OS 	OBC-NCL 	Female-only (including Supernumerary) 	11622 	11622
National Institute of Technology, Tiruchirappalli	Production Engineering (4 Years, Bachelor of Technology) 	HS 	OBC-NCL 	Gender-Neutral 	6128 	6641
National Institute of Technology, Tiruchirappalli	Production Engineering (4 Years, Bachelor of Technology) 	HS 	OBC-NCL 	Female-only (including Supernumerary) 	8702 	8880
National Institute of Technology, Tiruchirappalli	Production Engineering (4 Years, Bachelor of Technology) 	OS 	OBC-NCL 	Gender-Neutral 	5278 	7579
National Institute of Technology, Tiruchirappalli	Production Engineering (4 Years, Bachelor of Technology) 	OS 	OBC-NCL 	Female-only (including Supernumerary) 	12483 	12587
National Institute of Technology, Uttarakhand	Civil Engineering (4 Years, Bachelor of Technology) 	HS 	OBC-NCL 	Gender-Neutral 	19587 	21307
National Institute of Technology, Uttarakhand	Civil Engineering (4 Years, Bachelor of Technology) 	HS 	OBC-NCL 	Female-only (including Supernumerary) 	37764 	37764
National Institute of Technology, Uttarakhand	Civil Engineering (4 Years, Bachelor of Technology) 	OS 	OBC-NCL 	Gender-Neutral 	12879 	13623
National Institute of Technology, Uttarakhand	Civil Engineering (4 Years, Bachelor of Technology) 	OS 	OBC-NCL 	Female-only (including Supernumerary) 	16920 	20092
National Institute of Technology, Uttarakhand	Computer Science and Engineering (4 Years, Bachelor of Technology) 	HS 	OBC-NCL 	Gender-Neutral 	12692 	16821
National Institute of Technology, Uttarakhand	Computer Science and Engineering (4 Years, Bachelor of Technology) 	OS 	OBC-NCL 	Gender-Neutral 	4885 	5792
National Institute of Technology, Uttarakhand	Computer Science and Engineering (4 Years, Bachelor of Technology) 	OS 	OBC-NCL 	Female-only (including Supernumerary) 	10525 	10607
National Institute of Technology, Uttarakhand	Electrical and Electronics Engineering (4 Years, Bachelor of Technology) 	HS 	OBC-NCL 	Gender-Neutral 	18302 	18732
National Institute of Technology, Uttarakhand	Electrical and Electronics Engineering (4 Years, Bachelor of Technology) 	HS 	OBC-NCL 	Female-only (including Supernumerary) 	18460 	18460
National Institute of Technology, Uttarakhand	Electrical and Electronics Engineering (4 Years, Bachelor of Technology) 	OS 	OBC-NCL 	Gender-Neutral 	7765 	9783
National Institute of Technology, Uttarakhand	Electrical and Electronics Engineering (4 Years, Bachelor of Technology) 	OS 	OBC-NCL 	Female-only (including Supernumerary) 	14748 	14748
National Institute of Technology, Uttarakhand	Electronics and Communication Engineering (4 Years, Bachelor of Technology) 	HS 	OBC-NCL 	Gender-Neutral 	13684 	18123
National Institute of Technology, Uttarakhand	Electronics and Communication Engineering (4 Years, Bachelor of Technology) 	HS 	OBC-NCL 	Female-only (including Supernumerary) 	28218 	28218
National Institute of Technology, Uttarakhand	Electronics and Communication Engineering (4 Years, Bachelor of Technology) 	OS 	OBC-NCL 	Gender-Neutral 	6473 	6945
National Institute of Technology, Uttarakhand	Electronics and Communication Engineering (4 Years, Bachelor of Technology) 	OS 	OBC-NCL 	Female-only (including Supernumerary) 	14161 	14161
National Institute of Technology, Uttarakhand	Mechanical Engineering (4 Years, Bachelor of Technology) 	HS 	OBC-NCL 	Gender-Neutral 	18764 	19591
National Institute of Technology, Uttarakhand	Mechanical Engineering (4 Years, Bachelor of Technology) 	HS 	OBC-NCL 	Female-only (including Supernumerary) 	36128 	37270
National Institute of Technology, Uttarakhand	Mechanical Engineering (4 Years, Bachelor of Technology) 	OS 	OBC-NCL 	Gender-Neutral 	10293 	11816
National Institute of Technology, Warangal	Bio Technology (4 Years, Bachelor of Technology) 	HS 	OBC-NCL 	Gender-Neutral 	10938 	12770
National Institute of Technology, Warangal	Bio Technology (4 Years, Bachelor of Technology) 	HS 	OBC-NCL 	Female-only (including Supernumerary) 	13832 	13832
National Institute of Technology, Warangal	Bio Technology (4 Years, Bachelor of Technology) 	OS 	OBC-NCL 	Gender-Neutral 	7269 	9587
National Institute of Technology, Warangal	Bio Technology (4 Years, Bachelor of Technology) 	OS 	OBC-NCL 	Female-only (including Supernumerary) 	9747 	11001
National Institute of Technology, Warangal	Chemical Engineering (4 Years, Bachelor of Technology) 	HS 	OBC-NCL 	Gender-Neutral 	5895 	7749
National Institute of Technology, Warangal	Chemical Engineering (4 Years, Bachelor of Technology) 	HS 	OBC-NCL 	Female-only (including Supernumerary) 	10579 	10643
National Institute of Technology, Warangal	Chemical Engineering (4 Years, Bachelor of Technology) 	OS 	OBC-NCL 	Gender-Neutral 	5077 	5908
National Institute of Technology, Warangal	Chemical Engineering (4 Years, Bachelor of Technology) 	OS 	OBC-NCL 	Female-only (including Supernumerary) 	8866 	9791
National Institute of Technology, Warangal	Chemical Engineering (5 Years, Bachelor and Master of Technology (Dual Degree)) 	HS 	OBC-NCL 	Gender-Neutral 	8101 	8101
National Institute of Technology, Warangal	Chemical Engineering (5 Years, Bachelor and Master of Technology (Dual Degree)) 	OS 	OBC-NCL 	Gender-Neutral 	6105 	6105
National Institute of Technology, Warangal	Chemical Engineering (5 Years, Bachelor and Master of Technology (Dual Degree)) 	OS 	OBC-NCL 	Female-only (including Supernumerary) 	10614 	10614
National Institute of Technology, Warangal	Chemistry (5 Years, Integrated Master of Science) 	HS 	OBC-NCL 	Gender-Neutral 	14126 	14265
National Institute of Technology, Warangal	Chemistry (5 Years, Integrated Master of Science) 	HS 	OBC-NCL 	Female-only (including Supernumerary) 	19835 	19835
National Institute of Technology, Warangal	Chemistry (5 Years, Integrated Master of Science) 	OS 	OBC-NCL 	Gender-Neutral 	11558 	11777
National Institute of Technology, Warangal	Civil Engineering (4 Years, Bachelor of Technology) 	HS 	OBC-NCL 	Gender-Neutral 	8151 	9851
National Institute of Technology, Warangal	Civil Engineering (4 Years, Bachelor of Technology) 	HS 	OBC-NCL 	Female-only (including Supernumerary) 	9400 	10604
National Institute of Technology, Warangal	Civil Engineering (4 Years, Bachelor of Technology) 	OS 	OBC-NCL 	Gender-Neutral 	6043 	7452
National Institute of Technology, Warangal	Civil Engineering (4 Years, Bachelor of Technology) 	OS 	OBC-NCL 	Female-only (including Supernumerary) 	12450 	12462
National Institute of Technology, Warangal	Computer Science and Engineering ( Artificial Intelligence & Data Science) (4 Years, Bachelor of Technology) 	HS 	OBC-NCL 	Gender-Neutral 	864 	1270
National Institute of Technology, Warangal	Computer Science and Engineering ( Artificial Intelligence & Data Science) (4 Years, Bachelor of Technology) 	HS 	OBC-NCL 	Female-only (including Supernumerary) 	2054 	2054
National Institute of Technology, Warangal	Computer Science and Engineering ( Artificial Intelligence & Data Science) (4 Years, Bachelor of Technology) 	OS 	OBC-NCL 	Gender-Neutral 	547 	911
National Institute of Technology, Warangal	Computer Science and Engineering ( Artificial Intelligence & Data Science) (4 Years, Bachelor of Technology) 	OS 	OBC-NCL 	Female-only (including Supernumerary) 	2155 	2155
National Institute of Technology, Warangal	Computer Science and Engineering (4 Years, Bachelor of Technology) 	HS 	OBC-NCL 	Gender-Neutral 	676 	1241
National Institute of Technology, Warangal	Computer Science and Engineering (4 Years, Bachelor of Technology) 	HS 	OBC-NCL 	Female-only (including Supernumerary) 	1305 	2112
National Institute of Technology, Warangal	Computer Science and Engineering (4 Years, Bachelor of Technology) 	OS 	OBC-NCL 	Gender-Neutral 	388 	632
National Institute of Technology, Warangal	Computer Science and Engineering (4 Years, Bachelor of Technology) 	OS 	OBC-NCL 	Female-only (including Supernumerary) 	1080 	1932
National Institute of Technology, Warangal	Electrical and Electronics Engineering (4 Years, Bachelor of Technology) 	HS 	OBC-NCL 	Gender-Neutral 	2342 	3477
National Institute of Technology, Warangal	Electrical and Electronics Engineering (4 Years, Bachelor of Technology) 	HS 	OBC-NCL 	Female-only (including Supernumerary) 	4635 	5354
National Institute of Technology, Warangal	Electrical and Electronics Engineering (4 Years, Bachelor of Technology) 	OS 	OBC-NCL 	Gender-Neutral 	2076 	2539
National Institute of Technology, Warangal	Electrical and Electronics Engineering (4 Years, Bachelor of Technology) 	OS 	OBC-NCL 	Female-only (including Supernumerary) 	5149 	5855
National Institute of Technology, Warangal	Electronics and Communication Engineering (4 Years, Bachelor of Technology) 	HS 	OBC-NCL 	Gender-Neutral 	1637 	2125
National Institute of Technology, Warangal	Electronics and Communication Engineering (4 Years, Bachelor of Technology) 	HS 	OBC-NCL 	Female-only (including Supernumerary) 	3151 	3172
National Institute of Technology, Warangal	Electronics and Communication Engineering (4 Years, Bachelor of Technology) 	OS 	OBC-NCL 	Gender-Neutral 	1213 	1727
National Institute of Technology, Warangal	Electronics and Communication Engineering (4 Years, Bachelor of Technology) 	OS 	OBC-NCL 	Female-only (including Supernumerary) 	3008 	3309
National Institute of Technology, Warangal	Electronics and Communication Engineering (VLSI Design and Technology) (4 Years, Bachelor of Technology) 	HS 	OBC-NCL 	Gender-Neutral 	1784 	2282
National Institute of Technology, Warangal	Electronics and Communication Engineering (VLSI Design and Technology) (4 Years, Bachelor of Technology) 	HS 	OBC-NCL 	Female-only (including Supernumerary) 	2739 	2739
National Institute of Technology, Warangal	Electronics and Communication Engineering (VLSI Design and Technology) (4 Years, Bachelor of Technology) 	OS 	OBC-NCL 	Gender-Neutral 	1738 	1773
National Institute of Technology, Warangal	Electronics and Communication Engineering (VLSI Design and Technology) (4 Years, Bachelor of Technology) 	OS 	OBC-NCL 	Female-only (including Supernumerary) 	3037 	3037
National Institute of Technology, Warangal	Mathematics (5 Years, Integrated Master of Science) 	HS 	OBC-NCL 	Gender-Neutral 	14038 	14038
National Institute of Technology, Warangal	Mathematics (5 Years, Integrated Master of Science) 	OS 	OBC-NCL 	Gender-Neutral 	4740 	4758
National Institute of Technology, Warangal	Mathematics (5 Years, Integrated Master of Science) 	OS 	OBC-NCL 	Female-only (including Supernumerary) 	10292 	10292
National Institute of Technology, Warangal	Mathematics and Computing (4 Years, Bachelor of Technology) 	HS 	OBC-NCL 	Gender-Neutral 	1508 	1771
National Institute of Technology, Warangal	Mathematics and Computing (4 Years, Bachelor of Technology) 	HS 	OBC-NCL 	Female-only (including Supernumerary) 	2414 	2414
National Institute of Technology, Warangal	Mathematics and Computing (4 Years, Bachelor of Technology) 	OS 	OBC-NCL 	Gender-Neutral 	1049 	1100
National Institute of Technology, Warangal	Mathematics and Computing (4 Years, Bachelor of Technology) 	OS 	OBC-NCL 	Female-only (including Supernumerary) 	2236 	2236
National Institute of Technology, Warangal	Mechanical Engineering (4 Years, Bachelor of Technology) 	HS 	OBC-NCL 	Gender-Neutral 	4096 	5613
National Institute of Technology, Warangal	Mechanical Engineering (4 Years, Bachelor of Technology) 	HS 	OBC-NCL 	Female-only (including Supernumerary) 	8536 	10156
National Institute of Technology, Warangal	Mechanical Engineering (4 Years, Bachelor of Technology) 	OS 	OBC-NCL 	Gender-Neutral 	3387 	4518
National Institute of Technology, Warangal	Mechanical Engineering (4 Years, Bachelor of Technology) 	OS 	OBC-NCL 	Female-only (including Supernumerary) 	6806 	9996
National Institute of Technology, Warangal	Metallurgical and Materials Engineering (4 Years, Bachelor of Technology) 	HS 	OBC-NCL 	Gender-Neutral 	9528 	11864
National Institute of Technology, Warangal	Metallurgical and Materials Engineering (4 Years, Bachelor of Technology) 	HS 	OBC-NCL 	Female-only (including Supernumerary) 	12009 	14143
National Institute of Technology, Warangal	Metallurgical and Materials Engineering (4 Years, Bachelor of Technology) 	OS 	OBC-NCL 	Gender-Neutral 	7617 	8920
National Institute of Technology, Warangal	Metallurgical and Materials Engineering (4 Years, Bachelor of Technology) 	OS 	OBC-NCL 	Female-only (including Supernumerary) 	11827 	11827
National Institute of Technology, Warangal	Metallurgical and Materials Engineering (5 Years, Bachelor and Master of Technology (Dual Degree)) 	HS 	OBC-NCL 	Gender-Neutral 	13242 	13242
National Institute of Technology, Warangal	Metallurgical and Materials Engineering (5 Years, Bachelor and Master of Technology (Dual Degree)) 	OS 	OBC-NCL 	Gender-Neutral 	8272 	8272
National Institute of Technology, Warangal	Metallurgical and Materials Engineering (5 Years, Bachelor and Master of Technology (Dual Degree)) 	OS 	OBC-NCL 	Female-only (including Supernumerary) 	12737 	12737
National Institute of Technology, Warangal	Physics (5 Years, Integrated Master of Science) 	HS 	OBC-NCL 	Gender-Neutral 	10990 	14092
National Institute of Technology, Warangal	Physics (5 Years, Integrated Master of Science) 	OS 	OBC-NCL 	Gender-Neutral 	6993 	9104
National Institute of Technology, Warangal	Physics (5 Years, Integrated Master of Science) 	OS 	OBC-NCL 	Female-only (including Supernumerary) 	10417 	10417
Sardar Vallabhbhai National Institute of Technology, Surat	Artificial Intelligence (4 Years, Bachelor of Technology) 	HS 	OBC-NCL 	Gender-Neutral 	3204 	5008
Sardar Vallabhbhai National Institute of Technology, Surat	Artificial Intelligence (4 Years, Bachelor of Technology) 	HS 	OBC-NCL 	Female-only (including Supernumerary) 	7958 	9169
Sardar Vallabhbhai National Institute of Technology, Surat	Artificial Intelligence (4 Years, Bachelor of Technology) 	OS 	OBC-NCL 	Gender-Neutral 	2885 	3493
Sardar Vallabhbhai National Institute of Technology, Surat	Artificial Intelligence (4 Years, Bachelor of Technology) 	OS 	OBC-NCL 	Female-only (including Supernumerary) 	5870 	6949
Sardar Vallabhbhai National Institute of Technology, Surat	Artificial Intelligence (5 Years, Integrated B. Tech. and M. Tech.) 	HS 	OBC-NCL 	Gender-Neutral 	5036 	6535
Sardar Vallabhbhai National Institute of Technology, Surat	Artificial Intelligence (5 Years, Integrated B. Tech. and M. Tech.) 	HS 	OBC-NCL 	Female-only (including Supernumerary) 	12472 	12472
Sardar Vallabhbhai National Institute of Technology, Surat	Artificial Intelligence (5 Years, Integrated B. Tech. and M. Tech.) 	OS 	OBC-NCL 	Gender-Neutral 	3658 	4478
Sardar Vallabhbhai National Institute of Technology, Surat	Artificial Intelligence (5 Years, Integrated B. Tech. and M. Tech.) 	OS 	OBC-NCL 	Female-only (including Supernumerary) 	8960 	8960
Sardar Vallabhbhai National Institute of Technology, Surat	Chemical Engineering (4 Years, Bachelor of Technology) 	HS 	OBC-NCL 	Gender-Neutral 	11214 	16905
Sardar Vallabhbhai National Institute of Technology, Surat	Chemical Engineering (4 Years, Bachelor of Technology) 	HS 	OBC-NCL 	Female-only (including Supernumerary) 	24154 	30284
Sardar Vallabhbhai National Institute of Technology, Surat	Chemical Engineering (4 Years, Bachelor of Technology) 	OS 	OBC-NCL 	Gender-Neutral 	8298 	9868
Sardar Vallabhbhai National Institute of Technology, Surat	Chemical Engineering (4 Years, Bachelor of Technology) 	OS 	OBC-NCL 	Female-only (including Supernumerary) 	14339 	17056
Sardar Vallabhbhai National Institute of Technology, Surat	Chemistry (5 Years, Integrated Master of Science) 	HS 	OBC-NCL 	Gender-Neutral 	28332 	33572
Sardar Vallabhbhai National Institute of Technology, Surat	Chemistry (5 Years, Integrated Master of Science) 	OS 	OBC-NCL 	Gender-Neutral 	14262 	17289
Sardar Vallabhbhai National Institute of Technology, Surat	Civil Engineering (4 Years, Bachelor of Technology) 	HS 	OBC-NCL 	Gender-Neutral 	13346 	19507
Sardar Vallabhbhai National Institute of Technology, Surat	Civil Engineering (4 Years, Bachelor of Technology) 	HS 	OBC-NCL 	Female-only (including Supernumerary) 	20438 	37234
Sardar Vallabhbhai National Institute of Technology, Surat	Civil Engineering (4 Years, Bachelor of Technology) 	OS 	OBC-NCL 	Gender-Neutral 	10506 	11615
Sardar Vallabhbhai National Institute of Technology, Surat	Civil Engineering (4 Years, Bachelor of Technology) 	OS 	OBC-NCL 	Female-only (including Supernumerary) 	15364 	17522
Sardar Vallabhbhai National Institute of Technology, Surat	Computer Science and Engineering (4 Years, Bachelor of Technology) 	HS 	OBC-NCL 	Gender-Neutral 	1776 	3201
Sardar Vallabhbhai National Institute of Technology, Surat	Computer Science and Engineering (4 Years, Bachelor of Technology) 	HS 	OBC-NCL 	Female-only (including Supernumerary) 	2742 	7107
Sardar Vallabhbhai National Institute of Technology, Surat	Computer Science and Engineering (4 Years, Bachelor of Technology) 	OS 	OBC-NCL 	Gender-Neutral 	2085 	2599
Sardar Vallabhbhai National Institute of Technology, Surat	Computer Science and Engineering (4 Years, Bachelor of Technology) 	OS 	OBC-NCL 	Female-only (including Supernumerary) 	4768 	5629
Sardar Vallabhbhai National Institute of Technology, Surat	Electrical Engineering (4 Years, Bachelor of Technology) 	HS 	OBC-NCL 	Gender-Neutral 	5981 	10823
Sardar Vallabhbhai National Institute of Technology, Surat	Electrical Engineering (4 Years, Bachelor of Technology) 	HS 	OBC-NCL 	Female-only (including Supernumerary) 	10167 	19686
Sardar Vallabhbhai National Institute of Technology, Surat	Electrical Engineering (4 Years, Bachelor of Technology) 	OS 	OBC-NCL 	Gender-Neutral 	5173 	6202
Sardar Vallabhbhai National Institute of Technology, Surat	Electrical Engineering (4 Years, Bachelor of Technology) 	OS 	OBC-NCL 	Female-only (including Supernumerary) 	9553 	11783
Sardar Vallabhbhai National Institute of Technology, Surat	Electronics and Communication Engineering (4 Years, Bachelor of Technology) 	HS 	OBC-NCL 	Gender-Neutral 	4343 	6030
Sardar Vallabhbhai National Institute of Technology, Surat	Electronics and Communication Engineering (4 Years, Bachelor of Technology) 	HS 	OBC-NCL 	Female-only (including Supernumerary) 	8392 	14590
Sardar Vallabhbhai National Institute of Technology, Surat	Electronics and Communication Engineering (4 Years, Bachelor of Technology) 	OS 	OBC-NCL 	Gender-Neutral 	3863 	4719
Sardar Vallabhbhai National Institute of Technology, Surat	Electronics and Communication Engineering (4 Years, Bachelor of Technology) 	OS 	OBC-NCL 	Female-only (including Supernumerary) 	7458 	8661
Sardar Vallabhbhai National Institute of Technology, Surat	Electronics and VLSI Engineering (4 Years, Bachelor of Technology) 	HS 	OBC-NCL 	Gender-Neutral 	5287 	7862
Sardar Vallabhbhai National Institute of Technology, Surat	Electronics and VLSI Engineering (4 Years, Bachelor of Technology) 	HS 	OBC-NCL 	Female-only (including Supernumerary) 	14908 	14908
Sardar Vallabhbhai National Institute of Technology, Surat	Electronics and VLSI Engineering (4 Years, Bachelor of Technology) 	OS 	OBC-NCL 	Gender-Neutral 	4894 	5374
Sardar Vallabhbhai National Institute of Technology, Surat	Electronics and VLSI Engineering (4 Years, Bachelor of Technology) 	OS 	OBC-NCL 	Female-only (including Supernumerary) 	9986 	9986
Sardar Vallabhbhai National Institute of Technology, Surat	Engineering Physics (4 Years, Bachelor of Technology) 	HS 	OBC-NCL 	Gender-Neutral 	16354 	17976
Sardar Vallabhbhai National Institute of Technology, Surat	Engineering Physics (4 Years, Bachelor of Technology) 	HS 	OBC-NCL 	Female-only (including Supernumerary) 	29370 	29370
Sardar Vallabhbhai National Institute of Technology, Surat	Engineering Physics (4 Years, Bachelor of Technology) 	OS 	OBC-NCL 	Gender-Neutral 	7646 	8276
Sardar Vallabhbhai National Institute of Technology, Surat	Engineering Physics (4 Years, Bachelor of Technology) 	OS 	OBC-NCL 	Female-only (including Supernumerary) 	14231 	14231
Sardar Vallabhbhai National Institute of Technology, Surat	Industrial Chemistry (4 Years, Bachelor of Technology) 	HS 	OBC-NCL 	Gender-Neutral 	21028 	23970
Sardar Vallabhbhai National Institute of Technology, Surat	Industrial Chemistry (4 Years, Bachelor of Technology) 	HS 	OBC-NCL 	Female-only (including Supernumerary) 	33172 	33172
Sardar Vallabhbhai National Institute of Technology, Surat	Industrial Chemistry (4 Years, Bachelor of Technology) 	OS 	OBC-NCL 	Gender-Neutral 	12223 	13923
Sardar Vallabhbhai National Institute of Technology, Surat	Industrial Chemistry (4 Years, Bachelor of Technology) 	OS 	OBC-NCL 	Female-only (including Supernumerary) 	20293 	20293
Sardar Vallabhbhai National Institute of Technology, Surat	Mathematics (5 Years, Integrated Master of Science) 	HS 	OBC-NCL 	Gender-Neutral 	19241 	30326
Sardar Vallabhbhai National Institute of Technology, Surat	Mathematics (5 Years, Integrated Master of Science) 	OS 	OBC-NCL 	Gender-Neutral 	10768 	13892
Sardar Vallabhbhai National Institute of Technology, Surat	Mathematics and Computing (4 Years, Bachelor of Technology) 	HS 	OBC-NCL 	Gender-Neutral 	3459 	4645
Sardar Vallabhbhai National Institute of Technology, Surat	Mathematics and Computing (4 Years, Bachelor of Technology) 	HS 	OBC-NCL 	Female-only (including Supernumerary) 	8469 	8469
Sardar Vallabhbhai National Institute of Technology, Surat	Mathematics and Computing (4 Years, Bachelor of Technology) 	OS 	OBC-NCL 	Gender-Neutral 	3213 	3692
Sardar Vallabhbhai National Institute of Technology, Surat	Mathematics and Computing (4 Years, Bachelor of Technology) 	OS 	OBC-NCL 	Female-only (including Supernumerary) 	8259 	8259
Sardar Vallabhbhai National Institute of Technology, Surat	Mechanical Engineering (4 Years, Bachelor of Technology) 	HS 	OBC-NCL 	Gender-Neutral 	9083 	15991
Sardar Vallabhbhai National Institute of Technology, Surat	Mechanical Engineering (4 Years, Bachelor of Technology) 	HS 	OBC-NCL 	Female-only (including Supernumerary) 	28078 	40136
Sardar Vallabhbhai National Institute of Technology, Surat	Mechanical Engineering (4 Years, Bachelor of Technology) 	OS 	OBC-NCL 	Gender-Neutral 	6322 	8500
Sardar Vallabhbhai National Institute of Technology, Surat	Mechanical Engineering (4 Years, Bachelor of Technology) 	OS 	OBC-NCL 	Female-only (including Supernumerary) 	13320 	16025
Sardar Vallabhbhai National Institute of Technology, Surat	Physics (5 Years, Integrated Master of Science) 	HS 	OBC-NCL 	Gender-Neutral 	22015 	32177
Sardar Vallabhbhai National Institute of Technology, Surat	Physics (5 Years, Integrated Master of Science) 	OS 	OBC-NCL 	Gender-Neutral 	12221 	13999
Visvesvaraya National Institute of Technology, Nagpur	Architecture (5 Years, Bachelor of Architecture) 	HS 	OBC-NCL 	Gender-Neutral 	299 	397
Visvesvaraya National Institute of Technology, Nagpur	Architecture (5 Years, Bachelor of Architecture) 	HS 	OBC-NCL 	Female-only (including Supernumerary) 	278 	289
Visvesvaraya National Institute of Technology, Nagpur	Architecture (5 Years, Bachelor of Architecture) 	OS 	OBC-NCL 	Gender-Neutral 	205 	315
Visvesvaraya National Institute of Technology, Nagpur	Architecture (5 Years, Bachelor of Architecture) 	OS 	OBC-NCL 	Female-only (including Supernumerary) 	162 	175
Visvesvaraya National Institute of Technology, Nagpur	Chemical Engineering (4 Years, Bachelor of Technology) 	HS 	OBC-NCL 	Gender-Neutral 	7664 	9469
Visvesvaraya National Institute of Technology, Nagpur	Chemical Engineering (4 Years, Bachelor of Technology) 	HS 	OBC-NCL 	Female-only (including Supernumerary) 	11940 	14540
Visvesvaraya National Institute of Technology, Nagpur	Chemical Engineering (4 Years, Bachelor of Technology) 	OS 	OBC-NCL 	Gender-Neutral 	7845 	8995
Visvesvaraya National Institute of Technology, Nagpur	Chemical Engineering (4 Years, Bachelor of Technology) 	OS 	OBC-NCL 	Female-only (including Supernumerary) 	11939 	13268
Visvesvaraya National Institute of Technology, Nagpur	Civil Engineering (4 Years, Bachelor of Technology) 	HS 	OBC-NCL 	Gender-Neutral 	10580 	12081
Visvesvaraya National Institute of Technology, Nagpur	Civil Engineering (4 Years, Bachelor of Technology) 	HS 	OBC-NCL 	Female-only (including Supernumerary) 	16192 	17452
Visvesvaraya National Institute of Technology, Nagpur	Civil Engineering (4 Years, Bachelor of Technology) 	OS 	OBC-NCL 	Gender-Neutral 	9417 	10439
Visvesvaraya National Institute of Technology, Nagpur	Civil Engineering (4 Years, Bachelor of Technology) 	OS 	OBC-NCL 	Female-only (including Supernumerary) 	13733 	14737
Visvesvaraya National Institute of Technology, Nagpur	Computer Science and Engineering (4 Years, Bachelor of Technology) 	HS 	OBC-NCL 	Gender-Neutral 	1371 	2161
Visvesvaraya National Institute of Technology, Nagpur	Computer Science and Engineering (4 Years, Bachelor of Technology) 	HS 	OBC-NCL 	Female-only (including Supernumerary) 	3656 	4202
Visvesvaraya National Institute of Technology, Nagpur	Computer Science and Engineering (4 Years, Bachelor of Technology) 	OS 	OBC-NCL 	Gender-Neutral 	1260 	2102
Visvesvaraya National Institute of Technology, Nagpur	Computer Science and Engineering (4 Years, Bachelor of Technology) 	OS 	OBC-NCL 	Female-only (including Supernumerary) 	3617 	3985
Visvesvaraya National Institute of Technology, Nagpur	Electrical and Electronics Engineering (4 Years, Bachelor of Technology) 	HS 	OBC-NCL 	Gender-Neutral 	4134 	5166
Visvesvaraya National Institute of Technology, Nagpur	Electrical and Electronics Engineering (4 Years, Bachelor of Technology) 	HS 	OBC-NCL 	Female-only (including Supernumerary) 	7733 	9690
Visvesvaraya National Institute of Technology, Nagpur	Electrical and Electronics Engineering (4 Years, Bachelor of Technology) 	OS 	OBC-NCL 	Gender-Neutral 	3956 	4738
Visvesvaraya National Institute of Technology, Nagpur	Electrical and Electronics Engineering (4 Years, Bachelor of Technology) 	OS 	OBC-NCL 	Female-only (including Supernumerary) 	8438 	9176
Visvesvaraya National Institute of Technology, Nagpur	Electronics and Communication Engineering (4 Years, Bachelor of Technology) 	HS 	OBC-NCL 	Gender-Neutral 	2385 	4063
Visvesvaraya National Institute of Technology, Nagpur	Electronics and Communication Engineering (4 Years, Bachelor of Technology) 	HS 	OBC-NCL 	Female-only (including Supernumerary) 	4432 	6933
Visvesvaraya National Institute of Technology, Nagpur	Electronics and Communication Engineering (4 Years, Bachelor of Technology) 	OS 	OBC-NCL 	Gender-Neutral 	2724 	3628
Visvesvaraya National Institute of Technology, Nagpur	Electronics and Communication Engineering (4 Years, Bachelor of Technology) 	OS 	OBC-NCL 	Female-only (including Supernumerary) 	5658 	6687
Visvesvaraya National Institute of Technology, Nagpur	Mechanical Engineering (4 Years, Bachelor of Technology) 	HS 	OBC-NCL 	Gender-Neutral 	5737 	7499
Visvesvaraya National Institute of Technology, Nagpur	Mechanical Engineering (4 Years, Bachelor of Technology) 	HS 	OBC-NCL 	Female-only (including Supernumerary) 	12007 	13349
Visvesvaraya National Institute of Technology, Nagpur	Mechanical Engineering (4 Years, Bachelor of Technology) 	OS 	OBC-NCL 	Gender-Neutral 	6142 	6885
Visvesvaraya National Institute of Technology, Nagpur	Mechanical Engineering (4 Years, Bachelor of Technology) 	OS 	OBC-NCL 	Female-only (including Supernumerary) 	10676 	13276
Visvesvaraya National Institute of Technology, Nagpur	Metallurgical and Materials Engineering (4 Years, Bachelor of Technology) 	HS 	OBC-NCL 	Gender-Neutral 	12276 	14906
Visvesvaraya National Institute of Technology, Nagpur	Metallurgical and Materials Engineering (4 Years, Bachelor of Technology) 	HS 	OBC-NCL 	Female-only (including Supernumerary) 	16726 	19563
Visvesvaraya National Institute of Technology, Nagpur	Metallurgical and Materials Engineering (4 Years, Bachelor of Technology) 	OS 	OBC-NCL 	Gender-Neutral 	10241 	12163
Visvesvaraya National Institute of Technology, Nagpur	Metallurgical and Materials Engineering (4 Years, Bachelor of Technology) 	OS 	OBC-NCL 	Female-only (including Supernumerary) 	15430 	16212
Visvesvaraya National Institute of Technology, Nagpur	Mining Engineering (4 Years, Bachelor of Technology) 	HS 	OBC-NCL 	Gender-Neutral 	15741 	15905
Visvesvaraya National Institute of Technology, Nagpur	Mining Engineering (4 Years, Bachelor of Technology) 	HS 	OBC-NCL 	Female-only (including Supernumerary) 	20249 	20457
Visvesvaraya National Institute of Technology, Nagpur	Mining Engineering (4 Years, Bachelor of Technology) 	OS 	OBC-NCL 	Gender-Neutral 	12074 	12701
Visvesvaraya National Institute of Technology, Nagpur	Mining Engineering (4 Years, Bachelor of Technology) 	OS 	OBC-NCL 	Female-only (including Supernumerary) 	16975 	17103
National Institute of Technology, Andhra Pradesh	Bio Technology (4 Years, Bachelor of Technology) 	HS 	OBC-NCL 	Gender-Neutral 	17208 	17681
National Institute of Technology, Andhra Pradesh	Bio Technology (4 Years, Bachelor of Technology) 	HS 	OBC-NCL 	Female-only (including Supernumerary) 	20598 	20598
National Institute of Technology, Andhra Pradesh	Bio Technology (4 Years, Bachelor of Technology) 	OS 	OBC-NCL 	Gender-Neutral 	13878 	14191
National Institute of Technology, Andhra Pradesh	Bio Technology (4 Years, Bachelor of Technology) 	OS 	OBC-NCL 	Female-only (including Supernumerary) 	13133 	13133
National Institute of Technology, Andhra Pradesh	Chemical Engineering (4 Years, Bachelor of Technology) 	HS 	OBC-NCL 	Gender-Neutral 	14215 	15956
National Institute of Technology, Andhra Pradesh	Chemical Engineering (4 Years, Bachelor of Technology) 	HS 	OBC-NCL 	Female-only (including Supernumerary) 	16136 	16136
National Institute of Technology, Andhra Pradesh	Chemical Engineering (4 Years, Bachelor of Technology) 	OS 	OBC-NCL 	Gender-Neutral 	11980 	13555
National Institute of Technology, Andhra Pradesh	Chemical Engineering (4 Years, Bachelor of Technology) 	OS 	OBC-NCL 	Female-only (including Supernumerary) 	15129 	15129
National Institute of Technology, Andhra Pradesh	Civil Engineering (4 Years, Bachelor of Technology) 	HS 	OBC-NCL 	Gender-Neutral 	15606 	16384
National Institute of Technology, Andhra Pradesh	Civil Engineering (4 Years, Bachelor of Technology) 	HS 	OBC-NCL 	Female-only (including Supernumerary) 	17913 	17913
National Institute of Technology, Andhra Pradesh	Civil Engineering (4 Years, Bachelor of Technology) 	OS 	OBC-NCL 	Gender-Neutral 	13137 	14452
National Institute of Technology, Andhra Pradesh	Civil Engineering (4 Years, Bachelor of Technology) 	OS 	OBC-NCL 	Female-only (including Supernumerary) 	15765 	15765
National Institute of Technology, Andhra Pradesh	Computer Science and Engineering (4 Years, Bachelor of Technology) 	HS 	OBC-NCL 	Gender-Neutral 	4607 	6630
National Institute of Technology, Andhra Pradesh	Computer Science and Engineering (4 Years, Bachelor of Technology) 	HS 	OBC-NCL 	Female-only (including Supernumerary) 	7063 	7736
National Institute of Technology, Andhra Pradesh	Computer Science and Engineering (4 Years, Bachelor of Technology) 	OS 	OBC-NCL 	Gender-Neutral 	4712 	5741
National Institute of Technology, Andhra Pradesh	Computer Science and Engineering (4 Years, Bachelor of Technology) 	OS 	OBC-NCL 	Female-only (including Supernumerary) 	7987 	8539
National Institute of Technology, Andhra Pradesh	Electrical and Electronics Engineering (4 Years, Bachelor of Technology) 	HS 	OBC-NCL 	Gender-Neutral 	9134 	11339
National Institute of Technology, Andhra Pradesh	Electrical and Electronics Engineering (4 Years, Bachelor of Technology) 	HS 	OBC-NCL 	Female-only (including Supernumerary) 	12602 	12652
National Institute of Technology, Andhra Pradesh	Electrical and Electronics Engineering (4 Years, Bachelor of Technology) 	OS 	OBC-NCL 	Gender-Neutral 	9346 	10155
National Institute of Technology, Andhra Pradesh	Electrical and Electronics Engineering (4 Years, Bachelor of Technology) 	OS 	OBC-NCL 	Female-only (including Supernumerary) 	11796 	13445
National Institute of Technology, Andhra Pradesh	Electronics and Communication Engineering (4 Years, Bachelor of Technology) 	HS 	OBC-NCL 	Gender-Neutral 	6907 	8391
National Institute of Technology, Andhra Pradesh	Electronics and Communication Engineering (4 Years, Bachelor of Technology) 	HS 	OBC-NCL 	Female-only (including Supernumerary) 	10807 	11213
National Institute of Technology, Andhra Pradesh	Electronics and Communication Engineering (4 Years, Bachelor of Technology) 	OS 	OBC-NCL 	Gender-Neutral 	6237 	7400
National Institute of Technology, Andhra Pradesh	Electronics and Communication Engineering (4 Years, Bachelor of Technology) 	OS 	OBC-NCL 	Female-only (including Supernumerary) 	10251 	11292
National Institute of Technology, Andhra Pradesh	Mechanical Engineering (4 Years, Bachelor of Technology) 	HS 	OBC-NCL 	Gender-Neutral 	11516 	12177
National Institute of Technology, Andhra Pradesh	Mechanical Engineering (4 Years, Bachelor of Technology) 	HS 	OBC-NCL 	Female-only (including Supernumerary) 	16075 	16075
National Institute of Technology, Andhra Pradesh	Mechanical Engineering (4 Years, Bachelor of Technology) 	OS 	OBC-NCL 	Gender-Neutral 	10268 	12259
National Institute of Technology, Andhra Pradesh	Mechanical Engineering (4 Years, Bachelor of Technology) 	OS 	OBC-NCL 	Female-only (including Supernumerary) 	16408 	16408
National Institute of Technology, Andhra Pradesh	Metallurgical and Materials Engineering (4 Years, Bachelor of Technology) 	HS 	OBC-NCL 	Gender-Neutral 	16674 	16879
National Institute of Technology, Andhra Pradesh	Metallurgical and Materials Engineering (4 Years, Bachelor of Technology) 	HS 	OBC-NCL 	Female-only (including Supernumerary) 	18620 	18620
National Institute of Technology, Andhra Pradesh	Metallurgical and Materials Engineering (4 Years, Bachelor of Technology) 	OS 	OBC-NCL 	Gender-Neutral 	13449 	14368
National Institute of Technology, Andhra Pradesh	Metallurgical and Materials Engineering (4 Years, Bachelor of Technology) 	OS 	OBC-NCL 	Female-only (including Supernumerary) 	14774 	14774
Indian Institute of Engineering Science and Technology, Shibpur	Aerospace Engineering (4 Years, Bachelor of Technology) 	HS 	OBC-NCL 	Gender-Neutral 	13215 	21940
Indian Institute of Engineering Science and Technology, Shibpur	Aerospace Engineering (4 Years, Bachelor of Technology) 	HS 	OBC-NCL 	Female-only (including Supernumerary) 	20447 	20447
Indian Institute of Engineering Science and Technology, Shibpur	Aerospace Engineering (4 Years, Bachelor of Technology) 	OS 	OBC-NCL 	Gender-Neutral 	5476 	8097
Indian Institute of Engineering Science and Technology, Shibpur	Aerospace Engineering (4 Years, Bachelor of Technology) 	OS 	OBC-NCL 	Female-only (including Supernumerary) 	14825 	14825
Indian Institute of Engineering Science and Technology, Shibpur	Architecture (5 Years, Bachelor of Architecture) 	HS 	OBC-NCL 	Gender-Neutral 	516 	781
Indian Institute of Engineering Science and Technology, Shibpur	Architecture (5 Years, Bachelor of Architecture) 	HS 	OBC-NCL 	Female-only (including Supernumerary) 	426 	426
Indian Institute of Engineering Science and Technology, Shibpur	Architecture (5 Years, Bachelor of Architecture) 	OS 	OBC-NCL 	Gender-Neutral 	219 	324
Indian Institute of Engineering Science and Technology, Shibpur	Architecture (5 Years, Bachelor of Architecture) 	OS 	OBC-NCL 	Female-only (including Supernumerary) 	184 	184
Indian Institute of Engineering Science and Technology, Shibpur	Civil Engineering (4 Years, Bachelor of Technology) 	HS 	OBC-NCL 	Gender-Neutral 	14011 	28602
Indian Institute of Engineering Science and Technology, Shibpur	Civil Engineering (4 Years, Bachelor of Technology) 	HS 	OBC-NCL 	Female-only (including Supernumerary) 	30708 	34910
Indian Institute of Engineering Science and Technology, Shibpur	Civil Engineering (4 Years, Bachelor of Technology) 	OS 	OBC-NCL 	Gender-Neutral 	13523 	15003
Indian Institute of Engineering Science and Technology, Shibpur	Civil Engineering (4 Years, Bachelor of Technology) 	OS 	OBC-NCL 	Female-only (including Supernumerary) 	17107 	19990
Indian Institute of Engineering Science and Technology, Shibpur	Computer Science and Engineering (4 Years, Bachelor of Technology) 	HS 	OBC-NCL 	Gender-Neutral 	5652 	8426
Indian Institute of Engineering Science and Technology, Shibpur	Computer Science and Engineering (4 Years, Bachelor of Technology) 	HS 	OBC-NCL 	Female-only (including Supernumerary) 	12805 	14611
Indian Institute of Engineering Science and Technology, Shibpur	Computer Science and Engineering (4 Years, Bachelor of Technology) 	OS 	OBC-NCL 	Gender-Neutral 	4242 	5356
Indian Institute of Engineering Science and Technology, Shibpur	Computer Science and Engineering (4 Years, Bachelor of Technology) 	OS 	OBC-NCL 	Female-only (including Supernumerary) 	9156 	10045
Indian Institute of Engineering Science and Technology, Shibpur	Electrical Engineering (4 Years, Bachelor of Technology) 	HS 	OBC-NCL 	Gender-Neutral 	6025 	17777
Indian Institute of Engineering Science and Technology, Shibpur	Electrical Engineering (4 Years, Bachelor of Technology) 	HS 	OBC-NCL 	Female-only (including Supernumerary) 	21731 	22306
Indian Institute of Engineering Science and Technology, Shibpur	Electrical Engineering (4 Years, Bachelor of Technology) 	OS 	OBC-NCL 	Gender-Neutral 	7535 	8910
Indian Institute of Engineering Science and Technology, Shibpur	Electrical Engineering (4 Years, Bachelor of Technology) 	OS 	OBC-NCL 	Female-only (including Supernumerary) 	13579 	15115
Indian Institute of Engineering Science and Technology, Shibpur	Electronics and Telecommunication Engineering (4 Years, Bachelor of Technology) 	HS 	OBC-NCL 	Gender-Neutral 	12764 	15339
Indian Institute of Engineering Science and Technology, Shibpur	Electronics and Telecommunication Engineering (4 Years, Bachelor of Technology) 	HS 	OBC-NCL 	Female-only (including Supernumerary) 	10128 	10128
Indian Institute of Engineering Science and Technology, Shibpur	Electronics and Telecommunication Engineering (4 Years, Bachelor of Technology) 	OS 	OBC-NCL 	Gender-Neutral 	6823 	7405
Indian Institute of Engineering Science and Technology, Shibpur	Electronics and Telecommunication Engineering (4 Years, Bachelor of Technology) 	OS 	OBC-NCL 	Female-only (including Supernumerary) 	12375 	14575
Indian Institute of Engineering Science and Technology, Shibpur	Information Technology (4 Years, Bachelor of Technology) 	HS 	OBC-NCL 	Gender-Neutral 	12667 	15008
Indian Institute of Engineering Science and Technology, Shibpur	Information Technology (4 Years, Bachelor of Technology) 	HS 	OBC-NCL 	Female-only (including Supernumerary) 	19337 	20269
Indian Institute of Engineering Science and Technology, Shibpur	Information Technology (4 Years, Bachelor of Technology) 	OS 	OBC-NCL 	Gender-Neutral 	5445 	6080
Indian Institute of Engineering Science and Technology, Shibpur	Information Technology (4 Years, Bachelor of Technology) 	OS 	OBC-NCL 	Female-only (including Supernumerary) 	11308 	11392
Indian Institute of Engineering Science and Technology, Shibpur	Mechanical Engineering (4 Years, Bachelor of Technology) 	HS 	OBC-NCL 	Gender-Neutral 	18673 	23102
Indian Institute of Engineering Science and Technology, Shibpur	Mechanical Engineering (4 Years, Bachelor of Technology) 	HS 	OBC-NCL 	Female-only (including Supernumerary) 	19135 	26660
Indian Institute of Engineering Science and Technology, Shibpur	Mechanical Engineering (4 Years, Bachelor of Technology) 	OS 	OBC-NCL 	Gender-Neutral 	10500 	11345
Indian Institute of Engineering Science and Technology, Shibpur	Mechanical Engineering (4 Years, Bachelor of Technology) 	OS 	OBC-NCL 	Female-only (including Supernumerary) 	17949 	18767
Indian Institute of Engineering Science and Technology, Shibpur	Metallurgy and Materials Engineering (4 Years, Bachelor of Technology) 	HS 	OBC-NCL 	Gender-Neutral 	26822 	29047
Indian Institute of Engineering Science and Technology, Shibpur	Metallurgy and Materials Engineering (4 Years, Bachelor of Technology) 	HS 	OBC-NCL 	Female-only (including Supernumerary) 	28038 	28038
Indian Institute of Engineering Science and Technology, Shibpur	Metallurgy and Materials Engineering (4 Years, Bachelor of Technology) 	OS 	OBC-NCL 	Gender-Neutral 	14267 	15507
Indian Institute of Engineering Science and Technology, Shibpur	Metallurgy and Materials Engineering (4 Years, Bachelor of Technology) 	OS 	OBC-NCL 	Female-only (including Supernumerary) 	20717 	20717
Indian Institute of Engineering Science and Technology, Shibpur	Mining Engineering (4 Years, Bachelor of Technology) 	HS 	OBC-NCL 	Gender-Neutral 	28186 	30258
Indian Institute of Engineering Science and Technology, Shibpur	Mining Engineering (4 Years, Bachelor of Technology) 	HS 	OBC-NCL 	Female-only (including Supernumerary) 	31241 	31241
Indian Institute of Engineering Science and Technology, Shibpur	Mining Engineering (4 Years, Bachelor of Technology) 	OS 	OBC-NCL 	Gender-Neutral 	14319 	16179
Indian Institute of Engineering Science and Technology, Shibpur	Mining Engineering (4 Years, Bachelor of Technology) 	OS 	OBC-NCL 	Female-only (including Supernumerary) 	21133 	21343
Atal Bihari Vajpayee Indian Institute of Information Technology & Management Gwalior	Computer Science and Engineering (4 Years, Bachelor of Technology) 	AI 	OBC-NCL 	Gender-Neutral 	2538 	3233
Atal Bihari Vajpayee Indian Institute of Information Technology & Management Gwalior	Computer Science and Engineering (4 Years, Bachelor of Technology) 	AI 	OBC-NCL 	Female-only (including Supernumerary) 	4902 	6583
Atal Bihari Vajpayee Indian Institute of Information Technology & Management Gwalior	Electrical and Electronics Engineering (4 Years, Bachelor of Technology) 	AI 	OBC-NCL 	Gender-Neutral 	4044 	5946
Atal Bihari Vajpayee Indian Institute of Information Technology & Management Gwalior	Electrical and Electronics Engineering (4 Years, Bachelor of Technology) 	AI 	OBC-NCL 	Female-only (including Supernumerary) 	12961 	13366
Atal Bihari Vajpayee Indian Institute of Information Technology & Management Gwalior	Integrated B. Tech.(IT) and M. Tech (IT) (5 Years, Integrated B. Tech. and M. Tech.) 	AI 	OBC-NCL 	Gender-Neutral 	3300 	5055
Atal Bihari Vajpayee Indian Institute of Information Technology & Management Gwalior	Integrated B. Tech.(IT) and M. Tech (IT) (5 Years, Integrated B. Tech. and M. Tech.) 	AI 	OBC-NCL 	Female-only (including Supernumerary) 	9391 	9676
Atal Bihari Vajpayee Indian Institute of Information Technology & Management Gwalior	Integrated B. Tech.(IT) and MBA (5 Years, Integrated B. Tech. and MBA) 	AI 	OBC-NCL 	Gender-Neutral 	4996 	5745
Atal Bihari Vajpayee Indian Institute of Information Technology & Management Gwalior	Integrated B. Tech.(IT) and MBA (5 Years, Integrated B. Tech. and MBA) 	AI 	OBC-NCL 	Female-only (including Supernumerary) 	9756 	10281
Atal Bihari Vajpayee Indian Institute of Information Technology & Management Gwalior	Mathematics and Scientific Computing (4 Years, Bachelor of Technology) 	AI 	OBC-NCL 	Gender-Neutral 	3438 	4475
Atal Bihari Vajpayee Indian Institute of Information Technology & Management Gwalior	Mathematics and Scientific Computing (4 Years, Bachelor of Technology) 	AI 	OBC-NCL 	Female-only (including Supernumerary) 	7325 	8474
Indian Institute of Information Technology (IIIT)Kota, Rajasthan	Artificial Intelligence and Data Engineering (4 Years, Bachelor of Technology) 	AI 	OBC-NCL 	Gender-Neutral 	8874 	10485
Indian Institute of Information Technology (IIIT)Kota, Rajasthan	Artificial Intelligence and Data Engineering (4 Years, Bachelor of Technology) 	AI 	OBC-NCL 	Female-only (including Supernumerary) 	13205 	14939
Indian Institute of Information Technology (IIIT)Kota, Rajasthan	Computer Science and Engineering (4 Years, Bachelor of Technology) 	AI 	OBC-NCL 	Gender-Neutral 	6766 	9992
Indian Institute of Information Technology (IIIT)Kota, Rajasthan	Computer Science and Engineering (4 Years, Bachelor of Technology) 	AI 	OBC-NCL 	Female-only (including Supernumerary) 	12749 	15304
Indian Institute of Information Technology (IIIT)Kota, Rajasthan	Electronics and Communication Engineering (4 Years, Bachelor of Technology) 	AI 	OBC-NCL 	Gender-Neutral 	10401 	12674
Indian Institute of Information Technology (IIIT)Kota, Rajasthan	Electronics and Communication Engineering (4 Years, Bachelor of Technology) 	AI 	OBC-NCL 	Female-only (including Supernumerary) 	16402 	17834
Indian Institute of Information Technology Guwahati	Computer Science and Engineering (4 Years, Bachelor of Technology) 	AI 	OBC-NCL 	Gender-Neutral 	5147 	7560
Indian Institute of Information Technology Guwahati	Computer Science and Engineering (4 Years, Bachelor of Technology) 	AI 	OBC-NCL 	Female-only (including Supernumerary) 	10171 	13143
Indian Institute of Information Technology Guwahati	Electronics and Communication Engineering (4 Years, Bachelor of Technology) 	AI 	OBC-NCL 	Gender-Neutral 	7830 	10305
Indian Institute of Information Technology Guwahati	Electronics and Communication Engineering (4 Years, Bachelor of Technology) 	AI 	OBC-NCL 	Female-only (including Supernumerary) 	15474 	16454
Indian Institute of Information Technology(IIIT) Kalyani, West Bengal	Computer Science and Engineering ( Artificial Intelligence & Data Science) (4 Years, Bachelor of Technology) 	AI 	OBC-NCL 	Gender-Neutral 	12304 	14046
Indian Institute of Information Technology(IIIT) Kalyani, West Bengal	Computer Science and Engineering ( Artificial Intelligence & Data Science) (4 Years, Bachelor of Technology) 	AI 	OBC-NCL 	Female-only (including Supernumerary) 	18179 	18179
Indian Institute of Information Technology(IIIT) Kalyani, West Bengal	Computer Science and Engineering (4 Years, Bachelor of Technology) 	AI 	OBC-NCL 	Gender-Neutral 	11134 	14582
Indian Institute of Information Technology(IIIT) Kalyani, West Bengal	Computer Science and Engineering (4 Years, Bachelor of Technology) 	AI 	OBC-NCL 	Female-only (including Supernumerary) 	17365 	17885
Indian Institute of Information Technology(IIIT) Kalyani, West Bengal	Computer Science and Engineering (Cyber Security) (4 Years, Bachelor of Technology) 	AI 	OBC-NCL 	Gender-Neutral 	14516 	14705
Indian Institute of Information Technology(IIIT) Kalyani, West Bengal	Computer Science and Engineering (Cyber Security) (4 Years, Bachelor of Technology) 	AI 	OBC-NCL 	Female-only (including Supernumerary) 	18373 	18373
Indian Institute of Information Technology(IIIT) Kalyani, West Bengal	Electronics and Communication Engineering (4 Years, Bachelor of Technology) 	AI 	OBC-NCL 	Gender-Neutral 	12997 	15433
Indian Institute of Information Technology(IIIT) Kalyani, West Bengal	Electronics and Communication Engineering (4 Years, Bachelor of Technology) 	AI 	OBC-NCL 	Female-only (including Supernumerary) 	18618 	18618
Indian Institute of Information Technology(IIIT) Kilohrad, Sonepat, Haryana	Computer Science and Engineering (4 Years, Bachelor of Technology) 	AI 	OBC-NCL 	Gender-Neutral 	7783 	11745
Indian Institute of Information Technology(IIIT) Kilohrad, Sonepat, Haryana	CSE ( Data Science & Analytics) (4 Years, Bachelor of Technology) 	AI 	OBC-NCL 	Gender-Neutral 	11034 	12531
Indian Institute of Information Technology(IIIT) Kilohrad, Sonepat, Haryana	Information Technology (4 Years, Bachelor of Technology) 	AI 	OBC-NCL 	Gender-Neutral 	10522 	12699
Indian Institute of Information Technology(IIIT) Una, Himachal Pradesh	Computer Science and Engineering (4 Years, Bachelor of Technology) 	AI 	OBC-NCL 	Gender-Neutral 	8787 	11776
Indian Institute of Information Technology(IIIT) Una, Himachal Pradesh	Computer Science and Engineering (4 Years, Bachelor of Technology) 	AI 	OBC-NCL 	Female-only (including Supernumerary) 	10855 	13033
Indian Institute of Information Technology(IIIT) Una, Himachal Pradesh	Computer Science and Engineering (Cyber Security) (4 Years, Bachelor of Technology) 	AI 	OBC-NCL 	Gender-Neutral 	12103 	12868
Indian Institute of Information Technology(IIIT) Una, Himachal Pradesh	Computer Science and Engineering (Data Science) (4 Years, Bachelor of Technology) 	AI 	OBC-NCL 	Gender-Neutral 	11162 	12405
Indian Institute of Information Technology(IIIT) Una, Himachal Pradesh	Electronics and Communication Engineering (4 Years, Bachelor of Technology) 	AI 	OBC-NCL 	Gender-Neutral 	12908 	14238
Indian Institute of Information Technology(IIIT) Una, Himachal Pradesh	Electronics and Communication Engineering (4 Years, Bachelor of Technology) 	AI 	OBC-NCL 	Female-only (including Supernumerary) 	17723 	17723
Indian Institute of Information Technology (IIIT), Sri City, Chittoor	Artificial Intelligence and Data Science (4 Years, Bachelor of Technology) 	AI 	OBC-NCL 	Gender-Neutral 	7544 	10110
Indian Institute of Information Technology (IIIT), Sri City, Chittoor	Artificial Intelligence and Data Science (4 Years, Bachelor of Technology) 	AI 	OBC-NCL 	Female-only (including Supernumerary) 	10616 	13421
Indian Institute of Information Technology (IIIT), Sri City, Chittoor	Computer Science and Engineering (4 Years, Bachelor of Technology) 	AI 	OBC-NCL 	Gender-Neutral 	6416 	9854
Indian Institute of Information Technology (IIIT), Sri City, Chittoor	Computer Science and Engineering (4 Years, Bachelor of Technology) 	AI 	OBC-NCL 	Female-only (including Supernumerary) 	8526 	12578
Indian Institute of Information Technology (IIIT), Sri City, Chittoor	Electronics and Communication Engineering (4 Years, Bachelor of Technology) 	AI 	OBC-NCL 	Gender-Neutral 	9574 	11517
Indian Institute of Information Technology (IIIT), Sri City, Chittoor	Electronics and Communication Engineering (4 Years, Bachelor of Technology) 	AI 	OBC-NCL 	Female-only (including Supernumerary) 	13799 	15367
Indian Institute of Information Technology(IIIT), Vadodara, Gujrat	Artificial Intelligence (4 Years, Bachelor of Technology) 	AI 	OBC-NCL 	Gender-Neutral 	8503 	10344
Indian Institute of Information Technology(IIIT), Vadodara, Gujrat	Artificial Intelligence (4 Years, Bachelor of Technology) 	AI 	OBC-NCL 	Female-only (including Supernumerary) 	12800 	15285
Indian Institute of Information Technology(IIIT), Vadodara, Gujrat	Computer Science and Engineering (4 Years, Bachelor of Technology) 	AI 	OBC-NCL 	Gender-Neutral 	5465 	9585
Indian Institute of Information Technology(IIIT), Vadodara, Gujrat	Computer Science and Engineering (4 Years, Bachelor of Technology) 	AI 	OBC-NCL 	Female-only (including Supernumerary) 	10755 	15123
Indian Institute of Information Technology(IIIT), Vadodara, Gujrat	Electronics and Communication Engineering (4 Years, Bachelor of Technology) 	AI 	OBC-NCL 	Gender-Neutral 	10148 	13598
Indian Institute of Information Technology(IIIT), Vadodara, Gujrat	Electronics and Communication Engineering (4 Years, Bachelor of Technology) 	AI 	OBC-NCL 	Female-only (including Supernumerary) 	16198 	17815
Indian Institute of Information Technology(IIIT), Vadodara, Gujrat	Information Technology (4 Years, Bachelor of Technology) 	AI 	OBC-NCL 	Gender-Neutral 	8241 	10216
Indian Institute of Information Technology(IIIT), Vadodara, Gujrat	Information Technology (4 Years, Bachelor of Technology) 	AI 	OBC-NCL 	Female-only (including Supernumerary) 	15242 	15359
Indian Institute of Information Technology, Allahabad	Electronics and Communication Engineering (4 Years, Bachelor of Technology) 	AI 	OBC-NCL 	Gender-Neutral 	2293 	3175
Indian Institute of Information Technology, Allahabad	Electronics and Communication Engineering (4 Years, Bachelor of Technology) 	AI 	OBC-NCL 	Female-only (including Supernumerary) 	5713 	7806
Indian Institute of Information Technology, Allahabad	Information Technology (4 Years, Bachelor of Technology) 	AI 	OBC-NCL 	Gender-Neutral 	1073 	2409
Indian Institute of Information Technology, Allahabad	Information Technology (4 Years, Bachelor of Technology) 	AI 	OBC-NCL 	Female-only (including Supernumerary) 	3019 	4713
Indian Institute of Information Technology, Allahabad	Information Technology-Business Informatics (4 Years, Bachelor of Technology) 	AI 	OBC-NCL 	Gender-Neutral 	1635 	2458
Indian Institute of Information Technology, Allahabad	Information Technology-Business Informatics (4 Years, Bachelor of Technology) 	AI 	OBC-NCL 	Female-only (including Supernumerary) 	5102 	5325
Indian Institute of Information Technology, Design & Manufacturing, Kancheepuram	B.Tech in Mechanical Engineering and M.Tech in AI and Robotics (5 Years, B.Tech. + M.Tech./MS (Dual Degree)) 	AI 	OBC-NCL 	Gender-Neutral 	9973 	11439
Indian Institute of Information Technology, Design & Manufacturing, Kancheepuram	B.Tech in Mechanical Engineering and M.Tech in AI and Robotics (5 Years, B.Tech. + M.Tech./MS (Dual Degree)) 	AI 	OBC-NCL 	Female-only (including Supernumerary) 	14109 	16856
Indian Institute of Information Technology, Design & Manufacturing, Kancheepuram	B.Tech. in Electronics and Communication Engineering and M.Tech. in Communication Systems (5 Years, Bachelor and Master of Technology (Dual Degree)) 	AI 	OBC-NCL 	Gender-Neutral 	7632 	8559
Indian Institute of Information Technology, Design & Manufacturing, Kancheepuram	B.Tech. in Electronics and Communication Engineering and M.Tech. in Communication Systems (5 Years, Bachelor and Master of Technology (Dual Degree)) 	AI 	OBC-NCL 	Female-only (including Supernumerary) 	11338 	11338
Indian Institute of Information Technology, Design & Manufacturing, Kancheepuram	B.Tech. in Electronics and Communication Engineering and M.Tech. in Microelectronics and VLSI Systems (5 Years, Bachelor and Master of Technology (Dual Degree)) 	AI 	OBC-NCL 	Gender-Neutral 	6196 	8726
Indian Institute of Information Technology, Design & Manufacturing, Kancheepuram	B.Tech. in Electronics and Communication Engineering and M.Tech. in Microelectronics and VLSI Systems (5 Years, Bachelor and Master of Technology (Dual Degree)) 	AI 	OBC-NCL 	Female-only (including Supernumerary) 	10730 	10730
Indian Institute of Information Technology, Design & Manufacturing, Kancheepuram	Computer Science and Engineering (4 Years, Bachelor of Technology) 	AI 	OBC-NCL 	Gender-Neutral 	4167 	6002
Indian Institute of Information Technology, Design & Manufacturing, Kancheepuram	Computer Science and Engineering (4 Years, Bachelor of Technology) 	AI 	OBC-NCL 	Female-only (including Supernumerary) 	6104 	8899
Indian Institute of Information Technology, Design & Manufacturing, Kancheepuram	Computer Science and Engineering (5 Years, Bachelor and Master of Technology (Dual Degree)) 	AI 	OBC-NCL 	Gender-Neutral 	5650 	7427
Indian Institute of Information Technology, Design & Manufacturing, Kancheepuram	Computer Science and Engineering (5 Years, Bachelor and Master of Technology (Dual Degree)) 	AI 	OBC-NCL 	Female-only (including Supernumerary) 	7911 	10516
Indian Institute of Information Technology, Design & Manufacturing, Kancheepuram	Computer Science and Engineering with Major in Artificial Intelligence (4 Years, Bachelor of Technology) 	AI 	OBC-NCL 	Gender-Neutral 	4987 	6150
Indian Institute of Information Technology, Design & Manufacturing, Kancheepuram	Computer Science and Engineering with Major in Artificial Intelligence (4 Years, Bachelor of Technology) 	AI 	OBC-NCL 	Female-only (including Supernumerary) 	7540 	8172
Indian Institute of Information Technology, Design & Manufacturing, Kancheepuram	Design Engineering (4 Years, Bachelor of Technology) 	AI 	OBC-NCL 	Gender-Neutral 	13726 	14681
Indian Institute of Information Technology, Design & Manufacturing, Kancheepuram	Electronics and Communication Engineering (4 Years, Bachelor of Technology) 	AI 	OBC-NCL 	Gender-Neutral 	6422 	8028
Indian Institute of Information Technology, Design & Manufacturing, Kancheepuram	Electronics and Communication Engineering (4 Years, Bachelor of Technology) 	AI 	OBC-NCL 	Female-only (including Supernumerary) 	8928 	10405
Indian Institute of Information Technology, Design & Manufacturing, Kancheepuram	Engineering Physics (4 Years, Bachelor of Technology) 	AI 	OBC-NCL 	Gender-Neutral 	9286 	11589
Indian Institute of Information Technology, Design & Manufacturing, Kancheepuram	Mechanical Engineering (4 Years, Bachelor of Technology) 	AI 	OBC-NCL 	Gender-Neutral 	10610 	12492
Indian Institute of Information Technology, Design & Manufacturing, Kancheepuram	Mechanical Engineering (4 Years, Bachelor of Technology) 	AI 	OBC-NCL 	Female-only (including Supernumerary) 	14593 	17148
Indian Institute of Information Technology, Design & Manufacturing, Kancheepuram	Smart Manufacturing (4 Years, Bachelor of Technology) 	AI 	OBC-NCL 	Gender-Neutral 	12731 	14676
Indian Institute of Information Technology, Design & Manufacturing, Kancheepuram	Smart Manufacturing (4 Years, Bachelor of Technology) 	AI 	OBC-NCL 	Female-only (including Supernumerary) 	13790 	16667
Pt. Dwarka Prasad Mishra Indian Institute of Information Technology, Design & Manufacture Jabalpur	Computer Science and Engineering (4 Years, Bachelor of Technology) 	AI 	OBC-NCL 	Gender-Neutral 	3278 	4946
Pt. Dwarka Prasad Mishra Indian Institute of Information Technology, Design & Manufacture Jabalpur	Computer Science and Engineering (4 Years, Bachelor of Technology) 	AI 	OBC-NCL 	Female-only (including Supernumerary) 	6006 	9866
Pt. Dwarka Prasad Mishra Indian Institute of Information Technology, Design & Manufacture Jabalpur	Electronics and Communication Engineering (4 Years, Bachelor of Technology) 	AI 	OBC-NCL 	Gender-Neutral 	4990 	6667
Pt. Dwarka Prasad Mishra Indian Institute of Information Technology, Design & Manufacture Jabalpur	Electronics and Communication Engineering (4 Years, Bachelor of Technology) 	AI 	OBC-NCL 	Female-only (including Supernumerary) 	10444 	11108
Pt. Dwarka Prasad Mishra Indian Institute of Information Technology, Design & Manufacture Jabalpur	Mechanical Engineering (4 Years, Bachelor of Technology) 	AI 	OBC-NCL 	Gender-Neutral 	10558 	13777
Pt. Dwarka Prasad Mishra Indian Institute of Information Technology, Design & Manufacture Jabalpur	Mechanical Engineering (4 Years, Bachelor of Technology) 	AI 	OBC-NCL 	Female-only (including Supernumerary) 	14663 	18619
Pt. Dwarka Prasad Mishra Indian Institute of Information Technology, Design & Manufacture Jabalpur	Smart Manufacturing (4 Years, Bachelor of Technology) 	AI 	OBC-NCL 	Gender-Neutral 	12601 	15752
Pt. Dwarka Prasad Mishra Indian Institute of Information Technology, Design & Manufacture Jabalpur	Smart Manufacturing (4 Years, Bachelor of Technology) 	AI 	OBC-NCL 	Female-only (including Supernumerary) 	19281 	19620
INDIAN INSTITUTE OF INFORMATION TECHNOLOGY SENAPATI MANIPUR	Computer Science and Engineering (4 Years, Bachelor of Technology) 	AI 	OBC-NCL 	Gender-Neutral 	14637 	16048
INDIAN INSTITUTE OF INFORMATION TECHNOLOGY SENAPATI MANIPUR	Computer Science and Engineering (4 Years, Bachelor of Technology) 	AI 	OBC-NCL 	Female-only (including Supernumerary) 	18606 	20999
INDIAN INSTITUTE OF INFORMATION TECHNOLOGY SENAPATI MANIPUR	Computer Science and Engineering with specialization in Artificial Intelligence and Data Science (4 Years, Bachelor of Technology) 	AI 	OBC-NCL 	Gender-Neutral 	14548 	17033
INDIAN INSTITUTE OF INFORMATION TECHNOLOGY SENAPATI MANIPUR	Computer Science and Engineering with specialization in Artificial Intelligence and Data Science (4 Years, Bachelor of Technology) 	AI 	OBC-NCL 	Female-only (including Supernumerary) 	18439 	22222
INDIAN INSTITUTE OF INFORMATION TECHNOLOGY SENAPATI MANIPUR	Computer Science and Engineering with specialization in Cyber Security (4 Years, Bachelor of Technology) 	AI 	OBC-NCL 	Gender-Neutral 	15883 	17469
INDIAN INSTITUTE OF INFORMATION TECHNOLOGY SENAPATI MANIPUR	Computer Science and Engineering with specialization in Cyber Security (4 Years, Bachelor of Technology) 	AI 	OBC-NCL 	Female-only (including Supernumerary) 	21861 	22535
INDIAN INSTITUTE OF INFORMATION TECHNOLOGY SENAPATI MANIPUR	Computer Science and Engineering with specialization in Quantum Technologies (4 Years, Bachelor of Technology) 	AI 	OBC-NCL 	Gender-Neutral 	13566 	15760
INDIAN INSTITUTE OF INFORMATION TECHNOLOGY SENAPATI MANIPUR	Computer Science and Engineering with specialization in Quantum Technologies (4 Years, Bachelor of Technology) 	AI 	OBC-NCL 	Female-only (including Supernumerary) 	18194 	19582
INDIAN INSTITUTE OF INFORMATION TECHNOLOGY SENAPATI MANIPUR	Electronics and Communication Engineering (4 Years, Bachelor of Technology) 	AI 	OBC-NCL 	Gender-Neutral 	16080 	18045
INDIAN INSTITUTE OF INFORMATION TECHNOLOGY SENAPATI MANIPUR	Electronics and Communication Engineering (4 Years, Bachelor of Technology) 	AI 	OBC-NCL 	Female-only (including Supernumerary) 	19631 	23097
INDIAN INSTITUTE OF INFORMATION TECHNOLOGY SENAPATI MANIPUR	Electronics and Communication Engineering with specialization in VLSI and Embedded Systems (4 Years, Bachelor of Technology) 	AI 	OBC-NCL 	Gender-Neutral 	17098 	18735
INDIAN INSTITUTE OF INFORMATION TECHNOLOGY SENAPATI MANIPUR	Electronics and Communication Engineering with specialization in VLSI and Embedded Systems (4 Years, Bachelor of Technology) 	AI 	OBC-NCL 	Female-only (including Supernumerary) 	22336 	23699
Indian Institute of Information Technology Tiruchirappalli	Computer Science and Engineering ( Artificial Intelligence & Data Science) (4 Years, Bachelor of Technology) 	AI 	OBC-NCL 	Gender-Neutral 	5359 	9265
Indian Institute of Information Technology Tiruchirappalli	Computer Science and Engineering (4 Years, Bachelor of Technology) 	AI 	OBC-NCL 	Gender-Neutral 	6815 	9527
Indian Institute of Information Technology Tiruchirappalli	Computer Science and Engineering (4 Years, Bachelor of Technology) 	AI 	OBC-NCL 	Female-only (including Supernumerary) 	10691 	13155
Indian Institute of Information Technology Tiruchirappalli	Electronics and Communication Engineering (4 Years, Bachelor of Technology) 	AI 	OBC-NCL 	Gender-Neutral 	9572 	12132
Indian Institute of Information Technology Tiruchirappalli	Electronics and Communication Engineering (4 Years, Bachelor of Technology) 	AI 	OBC-NCL 	Female-only (including Supernumerary) 	12686 	15086
Indian Institute of Information Technology Tiruchirappalli	Electronics and Communication Engineering (VLSI Design) (4 Years, Bachelor of Technology) 	AI 	OBC-NCL 	Gender-Neutral 	7595 	10573
Indian Institute of Information Technology Lucknow	Computer Science (4 Years, Bachelor of Technology) 	AI 	OBC-NCL 	Gender-Neutral 	2468 	3480
Indian Institute of Information Technology Lucknow	Computer Science (4 Years, Bachelor of Technology) 	AI 	OBC-NCL 	Female-only (including Supernumerary) 	5695 	6178
Indian Institute of Information Technology Lucknow	Computer Science and Artificial Intelligence (4 Years, Bachelor of Technology) 	AI 	OBC-NCL 	Gender-Neutral 	2007 	3310
Indian Institute of Information Technology Lucknow	Computer Science and Artificial Intelligence (4 Years, Bachelor of Technology) 	AI 	OBC-NCL 	Female-only (including Supernumerary) 	5335 	7473
Indian Institute of Information Technology Lucknow	Computer Science and Business (4 Years, Bachelor of Technology) 	AI 	OBC-NCL 	Gender-Neutral 	3414 	4048
Indian Institute of Information Technology Lucknow	Computer Science and Business (4 Years, Bachelor of Technology) 	AI 	OBC-NCL 	Female-only (including Supernumerary) 	6850 	7506
Indian Institute of Information Technology Lucknow	Information Technology (4 Years, Bachelor of Technology) 	AI 	OBC-NCL 	Gender-Neutral 	3630 	4168
Indian Institute of Information Technology Lucknow	Information Technology (4 Years, Bachelor of Technology) 	AI 	OBC-NCL 	Female-only (including Supernumerary) 	7597 	8318
Indian Institute of Information Technology(IIIT) Dharwad 	Computer Science and Engineering (4 Years, Bachelor of Technology) 	AI 	OBC-NCL 	Gender-Neutral 	10253 	13682
Indian Institute of Information Technology(IIIT) Dharwad 	Computer Science and Engineering (4 Years, Bachelor of Technology) 	AI 	OBC-NCL 	Female-only (including Supernumerary) 	11374 	16670
Indian Institute of Information Technology(IIIT) Dharwad 	Data Science and Artificial Intelligence (4 Years, Bachelor of Technology) 	AI 	OBC-NCL 	Gender-Neutral 	10419 	14477
Indian Institute of Information Technology(IIIT) Dharwad 	Data Science and Artificial Intelligence (4 Years, Bachelor of Technology) 	AI 	OBC-NCL 	Female-only (including Supernumerary) 	12671 	17691
Indian Institute of Information Technology(IIIT) Dharwad 	Electronics and Communication Engineering (4 Years, Bachelor of Technology) 	AI 	OBC-NCL 	Gender-Neutral 	12198 	15131
Indian Institute of Information Technology(IIIT) Dharwad 	Electronics and Communication Engineering (4 Years, Bachelor of Technology) 	AI 	OBC-NCL 	Female-only (including Supernumerary) 	13129 	18064
Indian Institute of Information Technology Design & Manufacturing Kurnool, Andhra Pradesh	Artificial Intelligence and Data Science (4 Years, Bachelor of Technology) 	AI 	OBC-NCL 	Gender-Neutral 	11785 	12973
Indian Institute of Information Technology Design & Manufacturing Kurnool, Andhra Pradesh	Artificial Intelligence and Data Science (4 Years, Bachelor of Technology) 	AI 	OBC-NCL 	Female-only (including Supernumerary) 	13776 	15627
Indian Institute of Information Technology Design & Manufacturing Kurnool, Andhra Pradesh	Computer Science and Engineering (4 Years, Bachelor of Technology) 	AI 	OBC-NCL 	Gender-Neutral 	8269 	11442
Indian Institute of Information Technology Design & Manufacturing Kurnool, Andhra Pradesh	Computer Science and Engineering (4 Years, Bachelor of Technology) 	AI 	OBC-NCL 	Female-only (including Supernumerary) 	11606 	13020
Indian Institute of Information Technology Design & Manufacturing Kurnool, Andhra Pradesh	Computer Science and Engineering (5 Years, Bachelor and Master of Technology (Dual Degree)) 	AI 	OBC-NCL 	Gender-Neutral 	11080 	12062
Indian Institute of Information Technology Design & Manufacturing Kurnool, Andhra Pradesh	Computer Science and Engineering (5 Years, Bachelor and Master of Technology (Dual Degree)) 	AI 	OBC-NCL 	Female-only (including Supernumerary) 	15389 	15389
Indian Institute of Information Technology Design & Manufacturing Kurnool, Andhra Pradesh	Electronics and Communication Engineering (5 Years, Bachelor and Master of Technology (Dual Degree)) 	AI 	OBC-NCL 	Gender-Neutral 	11052 	14091
Indian Institute of Information Technology Design & Manufacturing Kurnool, Andhra Pradesh	Electronics and Communication Engineering (5 Years, Bachelor and Master of Technology (Dual Degree)) 	AI 	OBC-NCL 	Female-only (including Supernumerary) 	16959 	16959
Indian Institute of Information Technology Design & Manufacturing Kurnool, Andhra Pradesh	Electronics and Communication Engineering with specialization in Design and Manufacturing (4 Years, Bachelor of Technology) 	AI 	OBC-NCL 	Gender-Neutral 	11106 	13689
Indian Institute of Information Technology Design & Manufacturing Kurnool, Andhra Pradesh	Electronics and Communication Engineering with specialization in Design and Manufacturing (4 Years, Bachelor of Technology) 	AI 	OBC-NCL 	Female-only (including Supernumerary) 	16355 	17629
Indian Institute of Information Technology Design & Manufacturing Kurnool, Andhra Pradesh	Mechanical Engineering (5 Years, Bachelor and Master of Technology (Dual Degree)) 	AI 	OBC-NCL 	Gender-Neutral 	15303 	16275
Indian Institute of Information Technology Design & Manufacturing Kurnool, Andhra Pradesh	Mechanical Engineering (5 Years, Bachelor and Master of Technology (Dual Degree)) 	AI 	OBC-NCL 	Female-only (including Supernumerary) 	20034 	20248
Indian Institute of Information Technology Design & Manufacturing Kurnool, Andhra Pradesh	Mechanical Engineering with specialization in Design and Manufacturing (4 Years, Bachelor of Technology) 	AI 	OBC-NCL 	Gender-Neutral 	14920 	16027
Indian Institute of Information Technology Design & Manufacturing Kurnool, Andhra Pradesh	Mechanical Engineering with specialization in Design and Manufacturing (4 Years, Bachelor of Technology) 	AI 	OBC-NCL 	Female-only (including Supernumerary) 	17841 	20243
Indian Institute of Information Technology(IIIT) Kottayam	Computer Science and Engineering (4 Years, Bachelor of Technology) 	AI 	OBC-NCL 	Gender-Neutral 	10024 	12621
Indian Institute of Information Technology(IIIT) Kottayam	Computer Science and Engineering (4 Years, Bachelor of Technology) 	AI 	OBC-NCL 	Female-only (including Supernumerary) 	11888 	15357
Indian Institute of Information Technology(IIIT) Kottayam	Computer Science and Engineering with specialization in Artificial Intelligence and Data Science (4 Years, Bachelor of Technology) 	AI 	OBC-NCL 	Gender-Neutral 	8129 	11253
Indian Institute of Information Technology(IIIT) Kottayam	Computer Science and Engineering with specialization in Artificial Intelligence and Data Science (4 Years, Bachelor of Technology) 	AI 	OBC-NCL 	Female-only (including Supernumerary) 	10433 	11989
Indian Institute of Information Technology(IIIT) Kottayam	Computer Science and Engineering with specialization in Cyber Security (4 Years, Bachelor of Technology) 	AI 	OBC-NCL 	Gender-Neutral 	9737 	12646
Indian Institute of Information Technology(IIIT) Kottayam	Computer Science and Engineering with specialization in Cyber Security (4 Years, Bachelor of Technology) 	AI 	OBC-NCL 	Female-only (including Supernumerary) 	13260 	14308
Indian Institute of Information Technology(IIIT) Kottayam	Electronics and Communication Engineering (4 Years, Bachelor of Technology) 	AI 	OBC-NCL 	Gender-Neutral 	10949 	12986
Indian Institute of Information Technology(IIIT) Kottayam	Electronics and Communication Engineering (4 Years, Bachelor of Technology) 	AI 	OBC-NCL 	Female-only (including Supernumerary) 	12142 	16243
Indian Institute of Information Technology (IIIT) Ranchi	B.Tech in Mathematics and Computing (4 Years, Bachelor of Technology) 	AI 	OBC-NCL 	Gender-Neutral 	12995 	14515
Indian Institute of Information Technology (IIIT) Ranchi	Computer Science and Engineering (4 Years, Bachelor of Technology) 	AI 	OBC-NCL 	Gender-Neutral 	10203 	12777
Indian Institute of Information Technology (IIIT) Ranchi	Computer Science and Engineering (with Specialization of Data Science and Artificial Intelligence) (4 Years, B. Tech / B. Tech (Hons.)) 	AI 	OBC-NCL 	Gender-Neutral 	11337 	12675
Indian Institute of Information Technology (IIIT) Ranchi	Electronics and Communication Engineering (4 Years, Bachelor of Technology) 	AI 	OBC-NCL 	Gender-Neutral 	13261 	15091
Indian Institute of Information Technology (IIIT) Ranchi	Electronics and Communication Engineering (with Specialization of Embedded Systems and Internet of Things) (4 Years, B. Tech / B. Tech (Hons.)) 	AI 	OBC-NCL 	Gender-Neutral 	11153 	14493
Indian Institute of Information Technology (IIIT) Nagpur	Computer Science and Engineering (4 Years, Bachelor of Technology) 	AI 	OBC-NCL 	Gender-Neutral 	6977 	9982
Indian Institute of Information Technology (IIIT) Nagpur	Computer Science Engineering (Artificial lntelligence and Machine Learning) (4 Years, Bachelor of Technology) 	AI 	OBC-NCL 	Gender-Neutral 	7177 	9961
Indian Institute of Information Technology (IIIT) Nagpur	Computer Science Engineering (Data Science and Analytics) (4 Years, Bachelor of Technology) 	AI 	OBC-NCL 	Gender-Neutral 	8478 	10702
Indian Institute of Information Technology (IIIT) Nagpur	Computer Science Engineering (Human Computer lnteraction and Gaming Technology) (4 Years, Bachelor of Technology) 	AI 	OBC-NCL 	Gender-Neutral 	9807 	11389
Indian Institute of Information Technology (IIIT) Nagpur	Electronics and Communication Engineering (4 Years, Bachelor of Technology) 	AI 	OBC-NCL 	Gender-Neutral 	10308 	13452
Indian Institute of Information Technology (IIIT) Nagpur	Electronics and Communication Engineering (Internet of Things) (4 Years, Bachelor of Technology) 	AI 	OBC-NCL 	Gender-Neutral 	10403 	13469
Indian Institute of Information Technology (IIIT) Pune	Computer Science and Engineering (4 Years, Bachelor of Technology) 	AI 	OBC-NCL 	Gender-Neutral 	5122 	7411
Indian Institute of Information Technology (IIIT) Pune	Computer Science and Engineering (4 Years, Bachelor of Technology) 	AI 	OBC-NCL 	Female-only (including Supernumerary) 	9175 	12784
Indian Institute of Information Technology (IIIT) Pune	Electronics and Communication Engineering (4 Years, Bachelor of Technology) 	AI 	OBC-NCL 	Gender-Neutral 	6859 	10070
Indian Institute of Information Technology (IIIT) Pune	Electronics and Communication Engineering (4 Years, Bachelor of Technology) 	AI 	OBC-NCL 	Female-only (including Supernumerary) 	11627 	14200
Indian Institute of Information Technology Bhagalpur	Computer Science and Engineering (4 Years, Bachelor of Technology) 	AI 	OBC-NCL 	Gender-Neutral 	10861 	14488
Indian Institute of Information Technology Bhagalpur	Computer Science and Engineering (4 Years, Bachelor of Technology) 	AI 	OBC-NCL 	Female-only (including Supernumerary) 	14896 	18314
Indian Institute of Information Technology Bhagalpur	Electronics and Communication Engineering (4 Years, Bachelor of Technology) 	AI 	OBC-NCL 	Gender-Neutral 	13838 	15417
Indian Institute of Information Technology Bhagalpur	Electronics and Communication Engineering (4 Years, Bachelor of Technology) 	AI 	OBC-NCL 	Female-only (including Supernumerary) 	18957 	18957
Indian Institute of Information Technology Bhagalpur	Mathematics and Computing (4 Years, Bachelor of Technology) 	AI 	OBC-NCL 	Gender-Neutral 	14587 	15023
Indian Institute of Information Technology Bhagalpur	Mathematics and Computing (4 Years, Bachelor of Technology) 	AI 	OBC-NCL 	Female-only (including Supernumerary) 	18967 	18967
Indian Institute of Information Technology Bhagalpur	Mechatronics and Automation Engineering (4 Years, Bachelor of Technology) 	AI 	OBC-NCL 	Gender-Neutral 	15260 	16593
Indian Institute of Information Technology Bhagalpur	Mechatronics and Automation Engineering (4 Years, Bachelor of Technology) 	AI 	OBC-NCL 	Female-only (including Supernumerary) 	20439 	20799
Indian Institute of Information Technology Bhopal	B.Tech in Mathematics and Computing (4 Years, Bachelor of Technology) 	AI 	OBC-NCL 	Gender-Neutral 	10257 	11396
Indian Institute of Information Technology Bhopal	Computer Science and Engineering (4 Years, Bachelor of Technology) 	AI 	OBC-NCL 	Gender-Neutral 	6334 	10027
Indian Institute of Information Technology Bhopal	Computer Science and Engineering (Artificial Intelligence) (4 Years, Bachelor of Technology) 	AI 	OBC-NCL 	Gender-Neutral 	7359 	9857
Indian Institute of Information Technology Bhopal	Computer Science and Engineering (Cyber Physical System) (4 Years, Bachelor of Technology) 	AI 	OBC-NCL 	Gender-Neutral 	9064 	12148
Indian Institute of Information Technology Bhopal	Computer Science and Engineering (Cyber Security) (4 Years, Bachelor of Technology) 	AI 	OBC-NCL 	Gender-Neutral 	7861 	10953
Indian Institute of Information Technology Bhopal	Computer Science and Engineering (Data Science) (4 Years, Bachelor of Technology) 	AI 	OBC-NCL 	Gender-Neutral 	6925 	9364
Indian Institute of Information Technology Bhopal	Electronics and Communication Engineering (4 Years, Bachelor of Technology) 	AI 	OBC-NCL 	Gender-Neutral 	9178 	12881
Indian Institute of Information Technology Bhopal	Information Technology (4 Years, Bachelor of Technology) 	AI 	OBC-NCL 	Gender-Neutral 	9206 	12095
Indian Institute of Information Technology Bhopal	Physics and Computational Engineering (4 Years, Bachelor of Technology) 	AI 	OBC-NCL 	Gender-Neutral 	13308 	15436
Indian Institute of Information Technology Surat	Computer Science and Engineering (4 Years, Bachelor of Technology) 	AI 	OBC-NCL 	Gender-Neutral 	6458 	9880
Indian Institute of Information Technology Surat	Computer Science and Engineering (4 Years, Bachelor of Technology) 	AI 	OBC-NCL 	Female-only (including Supernumerary) 	13169 	15250
Indian Institute of Information Technology Surat	Computer Science and Engineering (Artificial Intelligence and Machine Learning) (4 Years, Bachelor of Technology) 	AI 	OBC-NCL 	Gender-Neutral 	7215 	10304
Indian Institute of Information Technology Surat	Computer Science and Engineering (Artificial Intelligence and Machine Learning) (4 Years, Bachelor of Technology) 	AI 	OBC-NCL 	Female-only (including Supernumerary) 	10881 	11350
Indian Institute of Information Technology Surat	Computer Science and Engineering (Cyber Security) (4 Years, Bachelor of Technology) 	AI 	OBC-NCL 	Gender-Neutral 	6220 	10010
Indian Institute of Information Technology Surat	Computer Science and Engineering (Cyber Security) (4 Years, Bachelor of Technology) 	AI 	OBC-NCL 	Female-only (including Supernumerary) 	14797 	14986
Indian Institute of Information Technology Surat	Electronics and Communication Engineering (4 Years, Bachelor of Technology) 	AI 	OBC-NCL 	Gender-Neutral 	8846 	13356
Indian Institute of Information Technology Surat	Electronics and Communication Engineering (4 Years, Bachelor of Technology) 	AI 	OBC-NCL 	Female-only (including Supernumerary) 	15703 	17165
Indian Institute of Information Technology, Agartala	Computer Science and Engineering (4 Years, Bachelor of Technology) 	AI 	OBC-NCL 	Gender-Neutral 	10886 	14416
Indian Institute of Information Technology, Agartala	Computer Science and Engineering (4 Years, Bachelor of Technology) 	AI 	OBC-NCL 	Female-only (including Supernumerary) 	15610 	18645
Indian institute of information technology, Raichur, Karnataka	Artificial Intelligence and Data Science (4 Years, Bachelor of Technology) 	AI 	OBC-NCL 	Gender-Neutral 	9848 	13633
Indian institute of information technology, Raichur, Karnataka	Artificial Intelligence and Data Science (4 Years, Bachelor of Technology) 	AI 	OBC-NCL 	Female-only (including Supernumerary) 	12560 	16687
Indian institute of information technology, Raichur, Karnataka	Computer Science and Engineering (4 Years, Bachelor of Technology) 	AI 	OBC-NCL 	Gender-Neutral 	9076 	12624
Indian institute of information technology, Raichur, Karnataka	Computer Science and Engineering (4 Years, Bachelor of Technology) 	AI 	OBC-NCL 	Female-only (including Supernumerary) 	14412 	15440
Indian institute of information technology, Raichur, Karnataka	Mathematics and Computing (4 Years, Bachelor of Technology) 	AI 	OBC-NCL 	Gender-Neutral 	12811 	14571
Indian institute of information technology, Raichur, Karnataka	Mathematics and Computing (4 Years, Bachelor of Technology) 	AI 	OBC-NCL 	Female-only (including Supernumerary) 	16451 	18462
Indian Institute of Information Technology, Vadodara International Campus Diu (IIITVICD)	Artificial Intelligence (4 Years, Bachelor of Technology) 	AI 	OBC-NCL 	Gender-Neutral 	11296 	14306
Indian Institute of Information Technology, Vadodara International Campus Diu (IIITVICD)	Artificial Intelligence (4 Years, Bachelor of Technology) 	AI 	OBC-NCL 	Female-only (including Supernumerary) 	17695 	17870
Indian Institute of Information Technology, Vadodara International Campus Diu (IIITVICD)	Computer Science and Engineering (4 Years, Bachelor of Technology) 	AI 	OBC-NCL 	Gender-Neutral 	8669 	13412
Indian Institute of Information Technology, Vadodara International Campus Diu (IIITVICD)	Computer Science and Engineering (4 Years, Bachelor of Technology) 	AI 	OBC-NCL 	Female-only (including Supernumerary) 	15185 	16773
Indian Institute of Information Technology, Vadodara International Campus Diu (IIITVICD)	Electronics and Communication Engineering (4 Years, Bachelor of Technology) 	AI 	OBC-NCL 	Gender-Neutral 	12397 	15555
Indian Institute of Information Technology, Vadodara International Campus Diu (IIITVICD)	Electronics and Communication Engineering (4 Years, Bachelor of Technology) 	AI 	OBC-NCL 	Female-only (including Supernumerary) 	17934 	18816
Assam University, Silchar	Agricultural Engineering (4 Years, Bachelor of Technology) 	AI 	OBC-NCL 	Gender-Neutral 	21209 	23389
Assam University, Silchar	Agricultural Engineering (4 Years, Bachelor of Technology) 	AI 	OBC-NCL 	Female-only (including Supernumerary) 	24871 	24871
Assam University, Silchar	Agricultural Engineering (4 Years, Bachelor of Technology) 	HS 	OBC-NCL 	Gender-Neutral 	52108 	69612
Assam University, Silchar	Agricultural Engineering (4 Years, Bachelor of Technology) 	HS 	OBC-NCL 	Female-only (including Supernumerary) 	70635 	70635
Assam University, Silchar	Computer Science and Engineering (4 Years, Bachelor of Technology) 	AI 	OBC-NCL 	Gender-Neutral 	14713 	17023
Assam University, Silchar	Computer Science and Engineering (4 Years, Bachelor of Technology) 	AI 	OBC-NCL 	Female-only (including Supernumerary) 	16458 	16458
Assam University, Silchar	Computer Science and Engineering (4 Years, Bachelor of Technology) 	HS 	OBC-NCL 	Gender-Neutral 	38787 	46885
Assam University, Silchar	Computer Science and Engineering (4 Years, Bachelor of Technology) 	HS 	OBC-NCL 	Female-only (including Supernumerary) 	65659 	65659
Assam University, Silchar	Electronics and Communication Engineering (4 Years, Bachelor of Technology) 	AI 	OBC-NCL 	Gender-Neutral 	15405 	17790
Assam University, Silchar	Electronics and Communication Engineering (4 Years, Bachelor of Technology) 	AI 	OBC-NCL 	Female-only (including Supernumerary) 	17591 	17591
Assam University, Silchar	Electronics and Communication Engineering (4 Years, Bachelor of Technology) 	HS 	OBC-NCL 	Gender-Neutral 	47586 	54835
Assam University, Silchar	Electronics and Communication Engineering (4 Years, Bachelor of Technology) 	HS 	OBC-NCL 	Female-only (including Supernumerary) 	70503 	70503
Birla Institute of Technology, Mesra, Ranchi	Architecture (5 Years, Bachelor of Architecture) 	AI 	OBC-NCL 	Gender-Neutral 	371 	438
Birla Institute of Technology, Mesra, Ranchi	Artificial Intelligence and Machine Learning (4 Years, Bachelor of Technology) 	AI 	OBC-NCL 	Gender-Neutral 	7324 	8080
Birla Institute of Technology, Mesra, Ranchi	Bio Technology (4 Years, Bachelor of Technology) 	AI 	OBC-NCL 	Gender-Neutral 	14569 	15947
Birla Institute of Technology, Mesra, Ranchi	Chemical Engineering (4 Years, Bachelor of Technology) 	AI 	OBC-NCL 	Gender-Neutral 	13947 	17577
Birla Institute of Technology, Mesra, Ranchi	Civil Engineering (4 Years, Bachelor of Technology) 	AI 	OBC-NCL 	Gender-Neutral 	15365 	17267
Birla Institute of Technology, Mesra, Ranchi	Computer Science and Engineering (4 Years, Bachelor of Technology) 	AI 	OBC-NCL 	Gender-Neutral 	4483 	7238
Birla Institute of Technology, Mesra, Ranchi	Electrical and Electronics Engineering (4 Years, Bachelor of Technology) 	AI 	OBC-NCL 	Gender-Neutral 	8708 	13978
Birla Institute of Technology, Mesra, Ranchi	Electronics and Communication Engineering (4 Years, Bachelor of Technology) 	AI 	OBC-NCL 	Gender-Neutral 	7341 	11481
Birla Institute of Technology, Mesra, Ranchi	Food Engineering and Technology (4 Years, Bachelor of Technology) 	AI 	OBC-NCL 	Gender-Neutral 	18548 	18921
Birla Institute of Technology, Mesra, Ranchi	Mathematics and Computing (5 Years, Integrated Master of Science) 	AI 	OBC-NCL 	Gender-Neutral 	8528 	14002
Birla Institute of Technology, Mesra, Ranchi	Mechanical Engineering (4 Years, Bachelor of Technology) 	AI 	OBC-NCL 	Gender-Neutral 	12872 	16233
Birla Institute of Technology, Mesra, Ranchi	Physics (5 Years, Integrated Master of Science) 	AI 	OBC-NCL 	Gender-Neutral 	17586 	19203
Birla Institute of Technology, Mesra, Ranchi	Production and Industrial Engineering (4 Years, Bachelor of Technology) 	AI 	OBC-NCL 	Gender-Neutral 	16868 	18309
Birla Institute of Technology, Mesra, Ranchi	Quantitative Economics & Data Science (5 Years, Integrated Master of Science) 	AI 	OBC-NCL 	Gender-Neutral 	12629 	14819
Gurukula Kangri Vishwavidyalaya, Haridwar	Computer Science and Engineering (4 Years, Bachelor of Technology) 	AI 	OBC-NCL 	Gender-Neutral 	18771 	22087
Gurukula Kangri Vishwavidyalaya, Haridwar	Electrical Engineering (4 Years, Bachelor of Technology) 	AI 	OBC-NCL 	Gender-Neutral 	19131 	22782
Gurukula Kangri Vishwavidyalaya, Haridwar	Electronics and Communication Engineering (4 Years, Bachelor of Technology) 	AI 	OBC-NCL 	Gender-Neutral 	22159 	24664
Gurukula Kangri Vishwavidyalaya, Haridwar	Mechanical Engineering (4 Years, Bachelor of Technology) 	AI 	OBC-NCL 	Gender-Neutral 	24775 	27821
Indian Institute of Carpet Technology, Bhadohi	Carpet and Textile Technology (4 Years, Bachelor of Technology) 	AI 	OBC-NCL 	Gender-Neutral 	27152 	29315
Indian Institute of Carpet Technology, Bhadohi	Carpet and Textile Technology (4 Years, Bachelor of Technology) 	AI 	OBC-NCL 	Female-only (including Supernumerary) 	28842 	29182
Institute of Infrastructure, Technology, Research and Management-Ahmedabad	Civil Engineering (4 Years, Bachelor of Technology) 	AI 	OBC-NCL 	Gender-Neutral 	19997 	22633
Institute of Infrastructure, Technology, Research and Management-Ahmedabad	Computer Engineering (4 Years, Bachelor of Technology) 	AI 	OBC-NCL 	Gender-Neutral 	11132 	15423
Institute of Infrastructure, Technology, Research and Management-Ahmedabad	Electrical Engineering (4 Years, Bachelor of Technology) 	AI 	OBC-NCL 	Gender-Neutral 	15183 	19369
Institute of Infrastructure, Technology, Research and Management-Ahmedabad	Mechanical Engineering (4 Years, Bachelor of Technology) 	AI 	OBC-NCL 	Gender-Neutral 	17384 	20681
School of Studies of Engineering and Technology, Guru Ghasidas Vishwavidyalaya, Bilaspur	Animation and VFX (4 Years, Bachelor of Technology) 	AI 	OBC-NCL 	Gender-Neutral 	20846 	23530
School of Studies of Engineering and Technology, Guru Ghasidas Vishwavidyalaya, Bilaspur	Artificial Intelligence and Data Science (4 Years, Bachelor of Technology) 	AI 	OBC-NCL 	Gender-Neutral 	19638 	21765
School of Studies of Engineering and Technology, Guru Ghasidas Vishwavidyalaya, Bilaspur	Chemical Engineering (4 Years, Bachelor of Technology) 	AI 	OBC-NCL 	Gender-Neutral 	27116 	28702
School of Studies of Engineering and Technology, Guru Ghasidas Vishwavidyalaya, Bilaspur	Civil Engineering (4 Years, Bachelor of Technology) 	AI 	OBC-NCL 	Gender-Neutral 	24446 	27538
School of Studies of Engineering and Technology, Guru Ghasidas Vishwavidyalaya, Bilaspur	Computer Science and Engineering (4 Years, Bachelor of Technology) 	AI 	OBC-NCL 	Gender-Neutral 	19655 	21324
School of Studies of Engineering and Technology, Guru Ghasidas Vishwavidyalaya, Bilaspur	Electrical Engineering (4 Years, Bachelor of Technology) 	AI 	OBC-NCL 	Gender-Neutral 	23872 	25466
School of Studies of Engineering and Technology, Guru Ghasidas Vishwavidyalaya, Bilaspur	Electronics and Communication Engineering (4 Years, Bachelor of Technology) 	AI 	OBC-NCL 	Gender-Neutral 	20512 	23189
School of Studies of Engineering and Technology, Guru Ghasidas Vishwavidyalaya, Bilaspur	Industrial and Production Engineering (4 Years, Bachelor of Technology) 	AI 	OBC-NCL 	Gender-Neutral 	28376 	29546
School of Studies of Engineering and Technology, Guru Ghasidas Vishwavidyalaya, Bilaspur	Information Technology (4 Years, Bachelor of Technology) 	AI 	OBC-NCL 	Gender-Neutral 	21807 	23717
School of Studies of Engineering and Technology, Guru Ghasidas Vishwavidyalaya, Bilaspur	Mechanical Engineering (4 Years, Bachelor of Technology) 	AI 	OBC-NCL 	Gender-Neutral 	24755 	27882
J.K. Institute of Applied Physics & Technology, Department of Electronics & Communication, University of Allahabad- Allahabad	Computer Science and Engineering with Major in Artificial Intelligence (4 Years, Bachelor of Technology) 	AI 	OBC-NCL 	Gender-Neutral 	12489 	16393
J.K. Institute of Applied Physics & Technology, Department of Electronics & Communication, University of Allahabad- Allahabad	Electronics and Communication Engineering (4 Years, Bachelor of Technology) 	AI 	OBC-NCL 	Gender-Neutral 	15488 	19309
National Institute of Electronics and Information Technology, Aurangabad (Maharashtra)	Computer Science and Engineering (4 Years, Bachelor of Technology) 	AI 	OBC-NCL 	Gender-Neutral 	12292 	15522
National Institute of Electronics and Information Technology, Aurangabad (Maharashtra)	Electronic Engineering (4 Years, Bachelor of Technology) 	AI 	OBC-NCL 	Gender-Neutral 	15396 	18150
National Institute of Advanced Manufacturing Technology, Ranchi	Computer Engineering (4 Years, Bachelor of Technology) 	AI 	OBC-NCL 	Gender-Neutral 	15511 	17225
National Institute of Advanced Manufacturing Technology, Ranchi	Computer Engineering (4 Years, Bachelor of Technology) 	AI 	OBC-NCL 	Female-only (including Supernumerary) 	17678 	20476
National Institute of Advanced Manufacturing Technology, Ranchi	Mechanical Engineering (4 Years, Bachelor of Technology) 	AI 	OBC-NCL 	Gender-Neutral 	17805 	20286
National Institute of Advanced Manufacturing Technology, Ranchi	Mechanical Engineering (4 Years, Bachelor of Technology) 	AI 	OBC-NCL 	Female-only (including Supernumerary) 	22870 	23762
National Institute of Advanced Manufacturing Technology, Ranchi	Metallurgy and Materials Engineering (4 Years, Bachelor of Technology) 	AI 	OBC-NCL 	Gender-Neutral 	21524 	25645
National Institute of Advanced Manufacturing Technology, Ranchi	Metallurgy and Materials Engineering (4 Years, Bachelor of Technology) 	AI 	OBC-NCL 	Female-only (including Supernumerary) 	24616 	26785
National Institute of Advanced Manufacturing Technology, Ranchi	Production and Industrial Engineering (4 Years, Bachelor of Technology) 	AI 	OBC-NCL 	Gender-Neutral 	22144 	26181
National Institute of Advanced Manufacturing Technology, Ranchi	Production and Industrial Engineering (4 Years, Bachelor of Technology) 	AI 	OBC-NCL 	Female-only (including Supernumerary) 	23619 	27983
Sant Longowal Institute of Engineering and Technology	Artificial Intelligence and Data Science (4 Years, Bachelor of Technology) 	AI 	OBC-NCL 	Gender-Neutral 	16584 	19456
Sant Longowal Institute of Engineering and Technology	Chemical Engineering (4 Years, Bachelor of Technology) 	AI 	OBC-NCL 	Gender-Neutral 	23894 	27346
Sant Longowal Institute of Engineering and Technology	Chemistry (5 Years, Integrated Master of Science) 	AI 	OBC-NCL 	Gender-Neutral 	24438 	25669
Sant Longowal Institute of Engineering and Technology	Civil Engineering (4 Years, Bachelor of Technology) 	AI 	OBC-NCL 	Gender-Neutral 	24975 	27060
Sant Longowal Institute of Engineering and Technology	Computer Science and Engineering (4 Years, Bachelor of Technology) 	AI 	OBC-NCL 	Gender-Neutral 	15670 	19539
Sant Longowal Institute of Engineering and Technology	Computer Science and Engineering (5 Years, Bachelor and Master of Technology (Dual Degree)) 	AI 	OBC-NCL 	Gender-Neutral 	17505 	20429
Sant Longowal Institute of Engineering and Technology	Electrical Engineering (4 Years, Bachelor of Technology) 	AI 	OBC-NCL 	Gender-Neutral 	20139 	23164
Sant Longowal Institute of Engineering and Technology	Electrical Engineering (5 Years, Bachelor and Master of Technology (Dual Degree)) 	AI 	OBC-NCL 	Gender-Neutral 	23414 	24885
Sant Longowal Institute of Engineering and Technology	Electronics and Communication Engineering (4 Years, Bachelor of Technology) 	AI 	OBC-NCL 	Gender-Neutral 	16965 	20415
Sant Longowal Institute of Engineering and Technology	Food Technology (4 Years, Bachelor of Technology) 	AI 	OBC-NCL 	Gender-Neutral 	28465 	30103
Sant Longowal Institute of Engineering and Technology	Instrumentation and Control Engineering (4 Years, Bachelor of Technology) 	AI 	OBC-NCL 	Gender-Neutral 	24570 	27764
Sant Longowal Institute of Engineering and Technology	Mathematics (5 Years, Integrated Master of Science) 	AI 	OBC-NCL 	Gender-Neutral 	24407 	25148
Sant Longowal Institute of Engineering and Technology	Mechanical Engineering (4 Years, Bachelor of Technology) 	AI 	OBC-NCL 	Gender-Neutral 	23802 	26885
Sant Longowal Institute of Engineering and Technology	Mechanical Engineering (5 Years, Bachelor and Master of Technology (Dual Degree)) 	AI 	OBC-NCL 	Gender-Neutral 	25438 	26938
Sant Longowal Institute of Engineering and Technology	Physics (5 Years, Integrated Master of Science) 	AI 	OBC-NCL 	Gender-Neutral 	20750 	25778
School of Engineering, Tezpur University, Napaam, Tezpur	B.Tech. (Civil Engineering) - MBA (5 Years, Bachelor of Technology and MBA (Dual Degree)) 	AI 	OBC-NCL 	Gender-Neutral 	28112 	28112
School of Engineering, Tezpur University, Napaam, Tezpur	B.Tech. (Computer Science and Engineering) - MBA (5 Years, Bachelor of Technology and MBA (Dual Degree)) 	AI 	OBC-NCL 	Gender-Neutral 	14937 	14937
School of Engineering, Tezpur University, Napaam, Tezpur	B.Tech. (Elctrical Engineering) - MBA (5 Years, Bachelor of Technology and MBA (Dual Degree)) 	AI 	OBC-NCL 	Gender-Neutral 	24581 	24581
School of Engineering, Tezpur University, Napaam, Tezpur	B.Tech. (Electronics and Communication Engineering) - MBA (5 Years, Bachelor of Technology and MBA (Dual Degree)) 	AI 	OBC-NCL 	Gender-Neutral 	19950 	19950
School of Engineering, Tezpur University, Napaam, Tezpur	B.Tech. (Food Engineering and Technology) - MBA (5 Years, Bachelor of Technology and MBA (Dual Degree)) 	AI 	OBC-NCL 	Gender-Neutral 	22483 	23266
School of Engineering, Tezpur University, Napaam, Tezpur	B.Tech. (Mechanical Engineering) - MBA (5 Years, Bachelor of Technology and MBA (Dual Degree)) 	AI 	OBC-NCL 	Gender-Neutral 	18642 	18642
School of Engineering, Tezpur University, Napaam, Tezpur	Bachelor of Design (4 Years, Bachelor of Design) 	AI 	OBC-NCL 	Gender-Neutral 	26753 	26753
School of Engineering, Tezpur University, Napaam, Tezpur	Civil Engineering (4 Years, Bachelor of Technology) 	AI 	OBC-NCL 	Gender-Neutral 	24872 	28050
School of Engineering, Tezpur University, Napaam, Tezpur	Computer Science and Engineering (4 Years, Bachelor of Technology) 	AI 	OBC-NCL 	Gender-Neutral 	18136 	19206
School of Engineering, Tezpur University, Napaam, Tezpur	Electrical Engineering (4 Years, Bachelor of Technology) 	AI 	OBC-NCL 	Gender-Neutral 	22112 	23680
School of Engineering, Tezpur University, Napaam, Tezpur	Electronics and Communication Engineering (4 Years, Bachelor of Technology) 	AI 	OBC-NCL 	Gender-Neutral 	18594 	21967
School of Engineering, Tezpur University, Napaam, Tezpur	Food Engineering and Technology (4 Years, Bachelor of Technology) 	AI 	OBC-NCL 	Gender-Neutral 	26353 	28951
School of Engineering, Tezpur University, Napaam, Tezpur	Mechanical Engineering (4 Years, Bachelor of Technology) 	AI 	OBC-NCL 	Gender-Neutral 	22267 	24078
School of Planning & Architecture, Bhopal	Architecture (5 Years, Bachelor of Architecture) 	AI 	OBC-NCL 	Gender-Neutral 	115 	352
School of Planning & Architecture, Bhopal	Planning (4 Years, Bachelor of Planning) 	AI 	OBC-NCL 	Gender-Neutral 	127 	281
School of Planning & Architecture, New Delhi	Architecture (5 Years, Bachelor of Architecture) 	AI 	OBC-NCL 	Gender-Neutral 	38 	159
School of Planning & Architecture, New Delhi	Planning (4 Years, Bachelor of Planning) 	AI 	OBC-NCL 	Gender-Neutral 	43 	106
School of Planning & Architecture: Vijayawada	Architecture (5 Years, Bachelor of Architecture) 	AI 	OBC-NCL 	Gender-Neutral 	132 	281
School of Planning & Architecture: Vijayawada	Planning (4 Years, Bachelor of Planning) 	AI 	OBC-NCL 	Gender-Neutral 	161 	290
Shri Mata Vaishno Devi University, Katra, Jammu & Kashmir	Architecture (5 Years, Bachelor of Architecture) 	AI 	OBC-NCL 	Gender-Neutral 	517 	523
Shri Mata Vaishno Devi University, Katra, Jammu & Kashmir	B.Tech in Mathematics and Computing (4 Years, Bachelor of Technology) 	AI 	OBC-NCL 	Gender-Neutral 	20585 	22398
Shri Mata Vaishno Devi University, Katra, Jammu & Kashmir	Bio Technology (4 Years, Bachelor of Technology) 	AI 	OBC-NCL 	Gender-Neutral 	21148 	22242
Shri Mata Vaishno Devi University, Katra, Jammu & Kashmir	Civil Engineering (4 Years, Bachelor of Technology) 	AI 	OBC-NCL 	Gender-Neutral 	24269 	27078
Shri Mata Vaishno Devi University, Katra, Jammu & Kashmir	Computer Science and Engineering (4 Years, Bachelor of Technology) 	AI 	OBC-NCL 	Gender-Neutral 	17462 	20557
Shri Mata Vaishno Devi University, Katra, Jammu & Kashmir	Electrical Engineering (4 Years, Bachelor of Technology) 	AI 	OBC-NCL 	Gender-Neutral 	21947 	24071
Shri Mata Vaishno Devi University, Katra, Jammu & Kashmir	Electronics and Communication Engineering (4 Years, Bachelor of Technology) 	AI 	OBC-NCL 	Gender-Neutral 	21255 	24478
Shri Mata Vaishno Devi University, Katra, Jammu & Kashmir	Mechanical Engineering (4 Years, Bachelor of Technology) 	AI 	OBC-NCL 	Gender-Neutral 	24241 	24851
Shri Mata Vaishno Devi University, Katra, Jammu & Kashmir	Robotics and AI (4 Years, Bachelor of Technology) 	AI 	OBC-NCL 	Gender-Neutral 	19707 	21182
International Institute of Information Technology, Naya Raipur	Computer Science and Engineering (4 Years, Bachelor of Technology) 	AI 	OBC-NCL 	Gender-Neutral 	5123 	6465
International Institute of Information Technology, Naya Raipur	Computer Science and Engineering (4 Years, Bachelor of Technology) 	AI 	OBC-NCL 	Female-only (including Supernumerary) 	11850 	12282
International Institute of Information Technology, Naya Raipur	Data Science and Artificial Intelligence (4 Years, Bachelor of Technology) 	AI 	OBC-NCL 	Gender-Neutral 	5386 	7575
International Institute of Information Technology, Naya Raipur	Data Science and Artificial Intelligence (4 Years, Bachelor of Technology) 	AI 	OBC-NCL 	Female-only (including Supernumerary) 	14475 	14723
International Institute of Information Technology, Naya Raipur	Electronics and Communication Engineering (4 Years, Bachelor of Technology) 	AI 	OBC-NCL 	Gender-Neutral 	8378 	10449
International Institute of Information Technology, Naya Raipur	Electronics and Communication Engineering (4 Years, Bachelor of Technology) 	AI 	OBC-NCL 	Female-only (including Supernumerary) 	16012 	16782
University of Hyderabad	Computer Science and Engineering (5 Years, Bachelor and Master of Technology (Dual Degree)) 	AI 	OBC-NCL 	Gender-Neutral 	8211 	12108
University of Hyderabad	Materials Engineering (5 Years, Integrated Master of Technology) 	AI 	OBC-NCL 	Gender-Neutral 	18346 	20987
Jawaharlal Nehru University, Delhi	Computer Science and Engineering (4 Years, Bachelor of Technology) 	AI 	OBC-NCL 	Gender-Neutral 	7179 	10912
Jawaharlal Nehru University, Delhi	Electronics and Communication Engineering (4 Years, Bachelor of Technology) 	AI 	OBC-NCL 	Gender-Neutral 	11291 	13650
International Institute of Information Technology, Bhubaneswar	Computer Engineering (4 Years, Bachelor of Technology) 	AI 	OBC-NCL 	Gender-Neutral 	9873 	13746
International Institute of Information Technology, Bhubaneswar	Computer Science and Engineering (4 Years, Bachelor of Technology) 	AI 	OBC-NCL 	Gender-Neutral 	8784 	12418
International Institute of Information Technology, Bhubaneswar	Electrical and Electronics Engineering (4 Years, Bachelor of Technology) 	AI 	OBC-NCL 	Gender-Neutral 	11924 	14970
International Institute of Information Technology, Bhubaneswar	Electronics and Telecommunication Engineering (4 Years, Bachelor of Technology) 	AI 	OBC-NCL 	Gender-Neutral 	14351 	15096
International Institute of Information Technology, Bhubaneswar	Information Technology (4 Years, Bachelor of Technology) 	AI 	OBC-NCL 	Gender-Neutral 	12631 	13403
Central institute of Technology Kokrajar, Assam	Civil Engineering (4 Years, Bachelor of Technology) 	AI 	OBC-NCL 	Gender-Neutral 	23462 	23462
Central institute of Technology Kokrajar, Assam	Computer Science and Engineering (4 Years, Bachelor of Technology) 	AI 	OBC-NCL 	Gender-Neutral 	17703 	17703
Central institute of Technology Kokrajar, Assam	Electronics and Communication Engineering (4 Years, Bachelor of Technology) 	AI 	OBC-NCL 	Gender-Neutral 	20290 	20290
Central institute of Technology Kokrajar, Assam	Food Engineering and Technology (4 Years, Bachelor of Technology) 	AI 	OBC-NCL 	Gender-Neutral 	23374 	23374
Central institute of Technology Kokrajar, Assam	Instrumentation Engineering (4 Years, Bachelor of Technology) 	AI 	OBC-NCL 	Gender-Neutral 	22387 	22387
Puducherry Technological University, Puducherry	Chemical Engineering (4 Years, Bachelor of Technology) 	AI 	OBC-NCL 	Gender-Neutral 	16623 	16623
Puducherry Technological University, Puducherry	Civil Engineering (4 Years, Bachelor of Technology) 	AI 	OBC-NCL 	Gender-Neutral 	20630 	24432
Puducherry Technological University, Puducherry	Civil Engineering (4 Years, Bachelor of Technology) 	HS 	OBC-NCL 	Gender-Neutral 	87168 	93702
Puducherry Technological University, Puducherry	Computer Science and Engineering (4 Years, Bachelor of Technology) 	AI 	OBC-NCL 	Gender-Neutral 	13454 	16353
Puducherry Technological University, Puducherry	Computer Science and Engineering (4 Years, Bachelor of Technology) 	HS 	OBC-NCL 	Gender-Neutral 	47548 	53555
Puducherry Technological University, Puducherry	Electrical and Electronics Engineering (4 Years, Bachelor of Technology) 	AI 	OBC-NCL 	Gender-Neutral 	14976 	15821
Puducherry Technological University, Puducherry	Electronics and Communication Engineering (4 Years, Bachelor of Technology) 	AI 	OBC-NCL 	Gender-Neutral 	14996 	17641
Puducherry Technological University, Puducherry	Electronics and Communication Engineering (4 Years, Bachelor of Technology) 	HS 	OBC-NCL 	Gender-Neutral 	59935 	65316
Puducherry Technological University, Puducherry	Electronics and Instrumentation Engineering (4 Years, Bachelor of Technology) 	AI 	OBC-NCL 	Gender-Neutral 	17882 	17882
Puducherry Technological University, Puducherry	Information Technology (4 Years, Bachelor of Technology) 	AI 	OBC-NCL 	Gender-Neutral 	16425 	16450
Puducherry Technological University, Puducherry	Mechanical Engineering (4 Years, Bachelor of Technology) 	AI 	OBC-NCL 	Gender-Neutral 	18718 	20522
Puducherry Technological University, Puducherry	Mechanical Engineering (4 Years, Bachelor of Technology) 	HS 	OBC-NCL 	Gender-Neutral 	77367 	79135
Puducherry Technological University, Puducherry	Mechatronics Engineering (4 Years, Bachelor of Technology) 	AI 	OBC-NCL 	Gender-Neutral 	17948 	18821
Puducherry Technological University, Puducherry	Mechatronics Engineering (4 Years, Bachelor of Technology) 	HS 	OBC-NCL 	Gender-Neutral 	70230 	75737
Ghani Khan Choudhary Institute of Engineering and Technology, Malda, West Bengal	Civil and Environmental Engineering (4 Years, Bachelor of Technology) 	HS 	OBC-NCL 	Gender-Neutral 	72306 	94100
Ghani Khan Choudhary Institute of Engineering and Technology, Malda, West Bengal	Civil and Environmental Engineering (4 Years, Bachelor of Technology) 	HS 	OBC-NCL 	Female-only (including Supernumerary) 	94650 	94650
Ghani Khan Choudhary Institute of Engineering and Technology, Malda, West Bengal	Civil and Environmental Engineering (4 Years, Bachelor of Technology) 	OS 	OBC-NCL 	Gender-Neutral 	25331 	27279
Ghani Khan Choudhary Institute of Engineering and Technology, Malda, West Bengal	Civil and Environmental Engineering (4 Years, Bachelor of Technology) 	OS 	OBC-NCL 	Female-only (including Supernumerary) 	27718 	27718
Ghani Khan Choudhary Institute of Engineering and Technology, Malda, West Bengal	Computer Science Engineering (Artificial lntelligence and Machine Learning) (4 Years, Bachelor of Technology) 	HS 	OBC-NCL 	Gender-Neutral 	35940 	66750
Ghani Khan Choudhary Institute of Engineering and Technology, Malda, West Bengal	Computer Science Engineering (Artificial lntelligence and Machine Learning) (4 Years, Bachelor of Technology) 	OS 	OBC-NCL 	Gender-Neutral 	15696 	17722
Ghani Khan Choudhary Institute of Engineering and Technology, Malda, West Bengal	Electrical Engineering (4 Years, Bachelor of Technology) 	HS 	OBC-NCL 	Gender-Neutral 	60804 	81657
Ghani Khan Choudhary Institute of Engineering and Technology, Malda, West Bengal	Electrical Engineering (4 Years, Bachelor of Technology) 	OS 	OBC-NCL 	Gender-Neutral 	20934 	22234
Ghani Khan Choudhary Institute of Engineering and Technology, Malda, West Bengal	Food Technology (4 Years, Bachelor of Technology) 	HS 	OBC-NCL 	Gender-Neutral 	86844 	97484
Ghani Khan Choudhary Institute of Engineering and Technology, Malda, West Bengal	Food Technology (4 Years, Bachelor of Technology) 	OS 	OBC-NCL 	Gender-Neutral 	25958 	28756
Ghani Khan Choudhary Institute of Engineering and Technology, Malda, West Bengal	Mechanical Engineering (4 Years, Bachelor of Technology) 	HS 	OBC-NCL 	Gender-Neutral 	68401 	86438
Ghani Khan Choudhary Institute of Engineering and Technology, Malda, West Bengal	Mechanical Engineering (4 Years, Bachelor of Technology) 	OS 	OBC-NCL 	Gender-Neutral 	23967 	25587
Central University of Rajasthan, Rajasthan	Bio Medical Engineering (4 Years, Bachelor of Technology) 	AI 	OBC-NCL 	Gender-Neutral 	18998 	23288
Central University of Rajasthan, Rajasthan	Computer Science and Engineering (4 Years, Bachelor of Technology) 	AI 	OBC-NCL 	Gender-Neutral 	13724 	16866
Central University of Rajasthan, Rajasthan	Electronics and Communication Engineering (4 Years, Bachelor of Technology) 	AI 	OBC-NCL 	Gender-Neutral 	17534 	18956
National Institute of Food Technology Entrepreneurship and Management, Kundli	Food Technology and Management (4 Years, Bachelor of Technology) 	AI 	OBC-NCL 	Gender-Neutral 	25837 	28922
National Institute of Food Technology Entrepreneurship and Management, Thanjavur	Food Technology (4 Years, Bachelor of Technology) 	AI 	OBC-NCL 	Gender-Neutral 	20254 	25733
North Eastern Regional Institute of Science and Technology, Nirjuli-791109 (Itanagar),Arunachal Pradesh 	Civil Engineering (4 Years, Bachelor of Technology) 	AI 	OBC-NCL 	Gender-Neutral 	20982 	20982
North Eastern Regional Institute of Science and Technology, Nirjuli-791109 (Itanagar),Arunachal Pradesh 	Electronics and Communication Engineering (4 Years, Bachelor of Technology) 	AI 	OBC-NCL 	Gender-Neutral 	22709 	22709
Indian Institute of Handloom Technology(IIHT), Varanasi	Handloom and Textile Technology (4 Years, Bachelor of Technology) 	AI 	OBC-NCL 	Gender-Neutral 	25209 	28388
Chhattisgarh Swami Vivekanada Technical University, Bhilai (CSVTU Bhilai)	Civil Engineering (4 Years, Bachelor of Technology) 	AI 	OBC-NCL 	Gender-Neutral 	24474 	26693
Chhattisgarh Swami Vivekanada Technical University, Bhilai (CSVTU Bhilai)	Computer Science Engineering (Artificial Intelligence) (4 Years, B. Tech / B. Tech (Hons.)) 	AI 	OBC-NCL 	Gender-Neutral 	17828 	21229
Chhattisgarh Swami Vivekanada Technical University, Bhilai (CSVTU Bhilai)	Computer Science Engineering (Data Science) (4 Years, B. Tech / B. Tech (Hons.)) 	AI 	OBC-NCL 	Gender-Neutral 	17594 	21336
Institute of Chemical Technology, Mumbai: Indian Oil Odisha Campus, Bhubaneswar	Chemical Engineering (5 Years, Integrated Masters in Technology) 	AI 	OBC-NCL 	Gender-Neutral 	15642 	19759
Institute of Chemical Technology, Mumbai: Indian Oil Odisha Campus, Bhubaneswar	Chemical Engineering (5 Years, Integrated Masters in Technology) 	HS 	OBC-NCL 	Gender-Neutral 	21035 	31320
North-Eastern Hill University, Shillong	Biomedical Engineering (4 Years, Bachelor of Technology) 	AI 	OBC-NCL 	Gender-Neutral 	21431 	26026
North-Eastern Hill University, Shillong	Electronics and Communication Engineering (4 Years, Bachelor of Technology) 	AI 	OBC-NCL 	Gender-Neutral 	22937 	23517
North-Eastern Hill University, Shillong	Energy Engineering (4 Years, Bachelor of Technology) 	AI 	OBC-NCL 	Gender-Neutral 	23573 	24037
North-Eastern Hill University, Shillong	Information Technology (4 Years, Bachelor of Technology) 	AI 	OBC-NCL 	Gender-Neutral 	18898 	22634
Central University of Jammu	Computer Science and Engineering (4 Years, Bachelor of Technology) 	AI 	OBC-NCL 	Gender-Neutral 	19924 	22525
Central University of Jammu	Computer Science and Engineering with specialization in Cyber Security (4 Years, Bachelor of Technology) 	AI 	OBC-NCL 	Gender-Neutral 	21104 	23310
Central University of Jammu	Electronics and Communication Engineering (4 Years, Bachelor of Technology) 	AI 	OBC-NCL 	Gender-Neutral 	22270 	24535
Central University of Jammu	Electronics and Communication Engineering (Avionics) (4 Years, Bachelor of Technology) 	AI 	OBC-NCL 	Gender-Neutral 	24817 	25981
Central University of Jammu	Mathematics and Computing (4 Years, Bachelor of Technology) 	AI 	OBC-NCL 	Gender-Neutral 	21347 	24886
Institute of Engineering and Technology, Dr. H. S. Gour University. Sagar (A Central University)	Aeronautical Engineering (4 Years, Bachelor of Technology) 	AI 	OBC-NCL 	Gender-Neutral 	19798 	24138
Institute of Engineering and Technology, Dr. H. S. Gour University. Sagar (A Central University)	Computer Science and Engineering (4 Years, Bachelor of Technology) 	AI 	OBC-NCL 	Gender-Neutral 	16761 	20048
Institute of Engineering and Technology, Dr. H. S. Gour University. Sagar (A Central University)	Dairy Engineering (4 Years, Bachelor of Technology) 	AI 	OBC-NCL 	Gender-Neutral 	27501 	30409
Institute of Engineering and Technology, Dr. H. S. Gour University. Sagar (A Central University)	Electronics and Communication Engineering (4 Years, Bachelor of Technology) 	AI 	OBC-NCL 	Gender-Neutral 	21729 	24086
Institute of Engineering and Technology, Dr. H. S. Gour University. Sagar (A Central University)	Fashion and Apparel Engineering (4 Years, Bachelor of Technology) 	AI 	OBC-NCL 	Gender-Neutral 	27151 	29681
Institute of Engineering and Technology, Dr. H. S. Gour University. Sagar (A Central University)	Food Engineering and Technology (4 Years, Bachelor of Technology) 	AI 	OBC-NCL 	Gender-Neutral 	29679 	30777
Central University of Haryana	Civil Engineering (4 Years, Bachelor of Technology) 	AI 	OBC-NCL 	Gender-Neutral 	24066 	27674
Central University of Haryana	Computer Science and Engineering (4 Years, Bachelor of Technology) 	AI 	OBC-NCL 	Gender-Neutral 	16337 	19403
Central University of Haryana	Electrical Engineering (4 Years, Bachelor of Technology) 	AI 	OBC-NCL 	Gender-Neutral 	19571 	22851
Central University of Haryana	Printing and Packaging Technology (4 Years, Bachelor of Technology) 	AI 	OBC-NCL 	Gender-Neutral 	22869 	25284
Birla Institute of Technology, Deoghar Off-Campus	Computer Science and Engineering (4 Years, Bachelor of Technology) 	AI 	OBC-NCL 	Gender-Neutral 	15583 	17899
Birla Institute of Technology, Deoghar Off-Campus	Electrical and Electronics Engineering (4 Years, Bachelor of Technology) 	AI 	OBC-NCL 	Gender-Neutral 	17151 	19015
Birla Institute of Technology, Deoghar Off-Campus	Electronics and Communication Engineering (4 Years, Bachelor of Technology) 	AI 	OBC-NCL 	Gender-Neutral 	18775 	19756
Birla Institute of Technology, Deoghar Off-Campus	Mechanical Engineering (4 Years, Bachelor of Technology) 	AI 	OBC-NCL 	Gender-Neutral 	18312 	20910
Birla Institute of Technology, Patna Off-Campus	Artificial Intelligence and Machine Learning (4 Years, Bachelor of Technology) 	AI 	OBC-NCL 	Gender-Neutral 	14212 	17797
Birla Institute of Technology, Patna Off-Campus	Civil Engineering (4 Years, Bachelor of Technology) 	AI 	OBC-NCL 	Gender-Neutral 	19795 	22691
Birla Institute of Technology, Patna Off-Campus	Computer Science and Engineering (4 Years, Bachelor of Technology) 	AI 	OBC-NCL 	Gender-Neutral 	14933 	16949
Birla Institute of Technology, Patna Off-Campus	Electrical and Electronics Engineering (4 Years, Bachelor of Technology) 	AI 	OBC-NCL 	Gender-Neutral 	17079 	19564
Birla Institute of Technology, Patna Off-Campus	Electronics and Communication Engineering (4 Years, Bachelor of Technology) 	AI 	OBC-NCL 	Gender-Neutral 	14630 	18319
Birla Institute of Technology, Patna Off-Campus	Mathematics and Computing (5 Years, Integrated Master of Science) 	AI 	OBC-NCL 	Gender-Neutral 	15310 	19825
Birla Institute of Technology, Patna Off-Campus	Mechanical Engineering (4 Years, Bachelor of Technology) 	AI 	OBC-NCL 	Gender-Neutral 	21253 	22279
Indian Institute of Handloom Technology, Salem	Handloom and Textile Technology (4 Years, Bachelor of Technology) 	AI 	OBC-NCL 	Gender-Neutral 	22679 	25715
Gati Shakti Vishwavidyalaya, Vadodara	B.Tech in Artificial Intelligenece and Data Science (Transportation and Logistics) (4 Years, Bachelor of Technology) 	AI 	OBC-NCL 	Gender-Neutral 	16369 	18824
Gati Shakti Vishwavidyalaya, Vadodara	B.Tech in Artificial Intelligenece and Data Science (Transportation and Logistics) (4 Years, Bachelor of Technology) 	AI 	OBC-NCL 	Female-only (including Supernumerary) 	18492 	18492
Gati Shakti Vishwavidyalaya, Vadodara	B.Tech in Aviation Engineering (4 Years, Bachelor of Technology) 	AI 	OBC-NCL 	Gender-Neutral 	19390 	22479
Gati Shakti Vishwavidyalaya, Vadodara	B.Tech in Civil Engineering (Rail Engineering) (4 Years, Bachelor of Technology) 	AI 	OBC-NCL 	Gender-Neutral 	23068 	26258
Gati Shakti Vishwavidyalaya, Vadodara	B.Tech in Civil Engineering (Rail Engineering) (4 Years, Bachelor of Technology) 	AI 	OBC-NCL 	Female-only (including Supernumerary) 	24368 	24732
Gati Shakti Vishwavidyalaya, Vadodara	B.Tech in Electrical Engineering ( Rail Engineering) (4 Years, Bachelor of Technology) 	AI 	OBC-NCL 	Gender-Neutral 	19849 	23174
Gati Shakti Vishwavidyalaya, Vadodara	B.Tech in Electronics & Communication Engineering (Rail Engineering) (4 Years, Bachelor of Technology) 	AI 	OBC-NCL 	Gender-Neutral 	18203 	20771
Gati Shakti Vishwavidyalaya, Vadodara	B.Tech in Electronics & Communication Engineering (Rail Engineering) (4 Years, Bachelor of Technology) 	AI 	OBC-NCL 	Female-only (including Supernumerary) 	19674 	20537
Gati Shakti Vishwavidyalaya, Vadodara	B.Tech in Mechanical Engineering ( Rail Engineering) (4 Years, Bachelor of Technology) 	AI 	OBC-NCL 	Gender-Neutral 	18665 	23270
Gati Shakti Vishwavidyalaya, Vadodara	B.Tech in Mechanical Engineering ( Rail Engineering) (4 Years, Bachelor of Technology) 	AI 	OBC-NCL 	Female-only (including Supernumerary) 	19865 	19865
CU Jharkhand	Civil Engineering (4 Years, Bachelor of Technology) 	AI 	OBC-NCL 	Gender-Neutral 	21513 	23608
CU Jharkhand	Computer Science and Engineering (4 Years, Bachelor of Technology) 	AI 	OBC-NCL 	Gender-Neutral 	18035 	21677
CU Jharkhand	Electrical Engineering (4 Years, Bachelor of Technology) 	AI 	OBC-NCL 	Gender-Neutral 	22524 	24124
CU Jharkhand	Metallurgical and Materials Engineering (4 Years, Bachelor of Technology) 	AI 	OBC-NCL 	Gender-Neutral 	25139 	26157
National Institute of Electronics and Information Technology, Ropar (Punjab)	B.Tech in CSE (AI and ML) (4 Years, Bachelor of Technology) 	AI 	OBC-NCL 	Gender-Neutral 	12063 	17388
National Institute of Electronics and Information Technology, Patna (Bihar)	Computer Science and Engineering (4 Years, Bachelor of Technology) 	AI 	OBC-NCL 	Gender-Neutral 	15700 	18790
National Institute of Electronics and Information Technology, Ajmer (Rajasthan)	Computer Science and Engineering (Internet of Things, Cyber Security including Block Chain Technology ) (4 Years, Bachelor of Technology) 	AI 	OBC-NCL 	Gender-Neutral 	14100 	19063
National Institute of Electronics and Information Technology, Gorakhpur (UP)	B. Tech in Electronics and Communication Engineering with minor in Wearable Electronics (4 Years, Bachelor of Technology) 	AI 	OBC-NCL 	Gender-Neutral 	18942 	21822
National Institute of Electronics and Information Technology, Gorakhpur (UP)	Computer Science and Engineering with minor in AI and ML (4 Years, Bachelor of Technology) 	AI 	OBC-NCL 	Gender-Neutral 	16817 	19728
Rajiv Gandhi National Aviation University, Fursatganj, Amethi (UP)	Aerospace Engineering (4 Years, Bachelor of Technology) 	AI 	OBC-NCL 	Gender-Neutral 	15529 	20356
Rajiv Gandhi National Aviation University, Fursatganj, Amethi (UP)	Electronics and Communication Engineering (Avionics) (4 Years, Bachelor of Technology) 	AI 	OBC-NCL 	Gender-Neutral 	18410 	22401
Islamic University of Science and Technology Kashmir	Architecture (5 Years, Bachelor of Architecture) 	AI 	OBC-NCL 	Gender-Neutral 	512 	610
Islamic University of Science and Technology Kashmir	Architecture (5 Years, Bachelor of Architecture) 	HS 	OBC-NCL 	Gender-Neutral 	2258 	2258
